ply
format ascii 1.0
element vertex 14980
property float x
property float y
property float z
property uchar red
property uchar green
property uchar blue
end_header
-0.313762 -0.563919 -0.042788 114 114 116
-0.318905 -0.554391 -0.052547 180 174 172
-0.304968 -0.566619 -0.037947 133 136 138
-0.304676 -0.543164 -0.085126 94 99 100
-0.292388 -0.571027 -0.073443 72 73 71
-0.291058 -0.573752 -0.035174 118 122 123
-0.291494 -0.564383 -0.085959 56 59 60
-0.293297 -0.564908 -0.075831 46 48 48
-0.293782 -0.554076 -0.082879 76 80 79
-0.293539 -0.555458 -0.075540 38 42 42
-0.295106 -0.545802 -0.085222 101 106 105
-0.285464 -0.596738 -0.047341 130 136 138
-0.284034 -0.584407 -0.055342 83 88 88
-0.283455 -0.581430 -0.046673 144 150 152
-0.287269 -0.584159 -0.035065 100 100 104
-0.284808 -0.571645 -0.082999 92 91 90
-0.285047 -0.572540 -0.073416 74 74 72
-0.286271 -0.573947 -0.065746 82 83 82
-0.283786 -0.574926 -0.054123 86 88 88
-0.283654 -0.576013 -0.046207 147 151 152
-0.286314 -0.575044 -0.035363 130 130 134
-0.287304 -0.565694 -0.083020 48 50 50
-0.284231 -0.566561 -0.076637 48 50 50
-0.285729 -0.564747 -0.064426 34 38 38
-0.287716 -0.554722 -0.082042 68 71 70
-0.274766 -0.594977 -0.047212 42 45 46
-0.274384 -0.585433 -0.062727 84 84 85
-0.275349 -0.583664 -0.056431 78 81 81
-0.276974 -0.582003 -0.046557 98 104 104
-0.276216 -0.573570 -0.073188 91 90 90
-0.274717 -0.574507 -0.066719 83 82 83
-0.275250 -0.576431 -0.052739 92 94 94
-0.275458 -0.576852 -0.047021 108 112 112
-0.267763 -0.585840 -0.061160 88 89 91
-0.266183 -0.581932 -0.055006 119 120 122
-0.265262 -0.573825 -0.063471 102 103 104
-0.263917 -0.575973 -0.054318 108 108 110
-0.265537 -0.576420 -0.046630 98 100 102
-0.262960 -0.486108 -0.067072 28 32 32
-0.263874 -0.426692 -0.067320 33 37 37
-0.264374 -0.377830 -0.066345 38 43 42
-0.255337 -0.574755 -0.053677 132 134 136
-0.252338 -0.565408 -0.056166 122 126 128
-0.252379 -0.544800 -0.057337 143 147 148
-0.253340 -0.511396 -0.057017 132 136 136
-0.252378 -0.504016 -0.056616 139 143 144
-0.253629 -0.496154 -0.057222 123 127 127
-0.252777 -0.484314 -0.056037 115 118 118
-0.252676 -0.475800 -0.056203 130 134 134
-0.254498 -0.465362 -0.057860 132 136 136
-0.254064 -0.453758 -0.057099 136 138 139
-0.253951 -0.446004 -0.056652 120 124 124
-0.253649 -0.434833 -0.056966 139 142 144
-0.253142 -0.426675 -0.056098 144 148 148
-0.253462 -0.414354 -0.056444 142 145 146
-0.252702 -0.406241 -0.055686 143 144 146
-0.252810 -0.395930 -0.054989 128 130 132
-0.255457 -0.385437 -0.056913 100 103 105
-0.254132 -0.376438 -0.055888 149 152 152
-0.254570 -0.366874 -0.055714 106 106 108
-0.245174 -0.566648 -0.053129 151 155 156
-0.246376 -0.555941 -0.053575 152 157 160
-0.245916 -0.545315 -0.053636 158 162 164
-0.246153 -0.533947 -0.053970 154 159 162
-0.246311 -0.506416 -0.052769 158 162 165
-0.245483 -0.313315 -0.015067 176 176 180
-0.244542 -0.308085 -0.015262 174 174 176
-0.235541 -0.564897 -0.053459 130 136 138
-0.236605 -0.542939 -0.054774 126 132 134
-0.236379 -0.524771 -0.054796 132 138 140
-0.236652 -0.466290 -0.054689 133 137 140
-0.234445 -0.312748 -0.013821 193 194 196
-0.233909 -0.308087 -0.015308 190 190 192
-0.224845 -0.593649 -0.062866 140 137 134
-0.225923 -0.564121 -0.054194 138 145 148
-0.224580 -0.555473 -0.053988 147 152 156
-0.226148 -0.542886 -0.053620 132 138 140
-0.223590 -0.534903 -0.105567 61 62 60
-0.225685 -0.536898 -0.053860 136 142 146
-0.224680 -0.526925 -0.104821 58 59 58
-0.226179 -0.524600 -0.053752 147 152 155
-0.225194 -0.513689 -0.105120 62 63 62
-0.222258 -0.372711 -0.058386 124 124 124
-0.229591 -0.366712 -0.064400 128 129 126
-0.227390 -0.312750 -0.014140 198 199 202
-0.225516 -0.307328 -0.014243 192 192 196
-0.216900 -0.594664 -0.062699 124 118 116
-0.213250 -0.594063 -0.054750 132 130 128
-0.213638 -0.586076 -0.054486 104 104 104
-0.212145 -0.572926 -0.063939 60 62 61
-0.213816 -0.574031 -0.055192 123 128 131
-0.212064 -0.576228 -0.035525 113 117 118
-0.213683 -0.564194 -0.075051 70 73 70
-0.215000 -0.565056 -0.064490 90 94 94
-0.216241 -0.565799 -0.056004 138 145 148
-0.217636 -0.556295 -0.093431 54 56 54
-0.213802 -0.553891 -0.083325 64 66 64
-0.215460 -0.554788 -0.075364 63 66 66
-0.216718 -0.555359 -0.065027 86 92 93
-0.217288 -0.554654 -0.056011 146 154 156
-0.215325 -0.545451 -0.083812 70 72 72
-0.215838 -0.545064 -0.074879 64 68 68
-0.216909 -0.544332 -0.064728 86 92 93
-0.216798 -0.544839 -0.055544 144 152 155
-0.215682 -0.537116 -0.084143 70 74 72
-0.215968 -0.534870 -0.075363 64 68 68
-0.216772 -0.534508 -0.065318 78 84 86
-0.216652 -0.534955 -0.055909 138 146 148
-0.215744 -0.525028 -0.083542 70 72 72
-0.216117 -0.525679 -0.075424 66 70 71
-0.216309 -0.524807 -0.064399 89 94 96
-0.216477 -0.525218 -0.055755 134 142 144
-0.216403 -0.514914 -0.082854 70 72 72
-0.216524 -0.515082 -0.075006 66 70 72
-0.216466 -0.515357 -0.064820 84 89 91
-0.216885 -0.514707 -0.055705 134 142 144
-0.216480 -0.505095 -0.082993 71 72 73
-0.216664 -0.504847 -0.075434 78 82 82
-0.216549 -0.505498 -0.065169 76 80 82
-0.216507 -0.504443 -0.055494 146 155 158
-0.216382 -0.496181 -0.083994 72 73 74
-0.216395 -0.495373 -0.075335 73 76 76
-0.216291 -0.495088 -0.064089 84 89 90
-0.216508 -0.494739 -0.056111 136 143 145
-0.217211 -0.482686 -0.091268 60 62 62
-0.215749 -0.485296 -0.083967 76 78 79
-0.215946 -0.484314 -0.075963 74 78 80
-0.216179 -0.484765 -0.064664 72 80 80
-0.216900 -0.484631 -0.056183 138 146 148
-0.217916 -0.475005 -0.093214 60 62 62
-0.215011 -0.474416 -0.082255 76 79 80
-0.216481 -0.475368 -0.075824 66 70 71
-0.216666 -0.475185 -0.064654 74 80 81
-0.216606 -0.475294 -0.055229 143 152 154
-0.213780 -0.476161 -0.035417 111 116 118
-0.214779 -0.465267 -0.082885 70 72 72
-0.216032 -0.464875 -0.075064 64 68 69
-0.215868 -0.464743 -0.064422 68 75 76
-0.216191 -0.464726 -0.055103 138 148 149
-0.215302 -0.455591 -0.083406 70 73 73
-0.216178 -0.454796 -0.076196 66 70 72
-0.215592 -0.454833 -0.064857 83 90 91
-0.216443 -0.454669 -0.055669 131 140 141
-0.218315 -0.442859 -0.093588 60 62 62
-0.215031 -0.444871 -0.083113 75 76 78
-0.215275 -0.444958 -0.074935 62 66 66
-0.216137 -0.445209 -0.064733 80 87 87
-0.215395 -0.444151 -0.055561 118 126 128
-0.215551 -0.434745 -0.084364 74 76 78
-0.215277 -0.434916 -0.074858 67 71 72
-0.215689 -0.435193 -0.064957 70 76 76
-0.215976 -0.434662 -0.055838 120 128 128
-0.216470 -0.425902 -0.084125 72 74 76
-0.216184 -0.426013 -0.075294 65 70 70
-0.216716 -0.425022 -0.064496 76 82 82
-0.216208 -0.424855 -0.055817 122 130 130
-0.213327 -0.424747 -0.035257 112 116 120
-0.215213 -0.414309 -0.082424 72 74 74
-0.215540 -0.414915 -0.075703 63 67 67
-0.215856 -0.415539 -0.065695 70 76 76
-0.216430 -0.414760 -0.055645 128 134 136
-0.213092 -0.416757 -0.035492 114 118 122
-0.215073 -0.406103 -0.083392 72 74 74
-0.215361 -0.404802 -0.074856 66 70 70
-0.215586 -0.405421 -0.064453 84 88 90
-0.216473 -0.404704 -0.055913 128 134 135
-0.213993 -0.396675 -0.075011 59 62 62
-0.214918 -0.395280 -0.064238 70 75 76
-0.215378 -0.395154 -0.055964 124 130 131
-0.215155 -0.385316 -0.063157 69 75 74
-0.216249 -0.384960 -0.056624 124 130 131
-0.214484 -0.375560 -0.062634 76 82 82
-0.214217 -0.373857 -0.053993 104 106 106
-0.212550 -0.373906 -0.046143 102 105 106
-0.212962 -0.374065 -0.035739 113 117 120
-0.218249 -0.365719 -0.057705 124 126 124
-0.213110 -0.368207 -0.045400 103 105 106
-0.212856 -0.364877 -0.035874 108 112 116
-0.214194 -0.355387 -0.032939 94 97 102
-0.214221 -0.346024 -0.025382 97 100 104
-0.214032 -0.313049 -0.014649 184 184 189
-0.214910 -0.308149 -0.014438 200 200 205
-0.211678 -0.132873 0.025943 110 112 116
-0.207455 -0.595477 -0.064384 131 126 126
-0.206130 -0.595009 -0.055400 124 118 118
-0.203747 -0.593151 -0.045948 90 88 86
-0.204571 -0.584429 -0.061323 68 70 70
-0.205200 -0.581684 -0.057842 118 121 122
-0.205126 -0.584614 -0.043428 98 99 99
-0.204185 -0.571787 -0.073852 89 89 87
-0.204812 -0.573927 -0.065165 71 72 71
-0.205570 -0.576522 -0.054608 123 124 126
-0.203845 -0.575595 -0.042945 94 96 95
-0.204919 -0.567650 -0.076864 48 48 46
-0.206636 -0.365198 -0.044006 74 75 75
-0.207570 -0.362334 -0.037365 114 116 118
-0.205306 -0.355237 -0.034985 94 96 98
-0.206412 -0.344965 -0.024708 96 98 104
-0.204807 -0.312949 -0.014277 193 192 196
-0.205063 -0.307484 -0.014704 194 193 198
-0.206990 -0.282287 -0.013848 198 197 206
-0.206408 -0.276102 -0.013158 200 198 207
-0.205611 -0.142474 0.032965 106 108 112
-0.205679 -0.134434 0.026834 81 82 86
-0.204707 -0.135869 0.031432 98 100 103
-0.203397 -0.127206 0.032871 71 72 74
-0.201874 -0.115761 0.036275 124 120 122
-0.196622 -0.595328 -0.064888 121 122 123
-0.195148 -0.594998 -0.054774 127 126 126
-0.195499 -0.593567 -0.046328 104 102 100
-0.195281 -0.594686 -0.034304 121 122 123
-0.194392 -0.584609 -0.063033 92 94 94
-0.195138 -0.581825 -0.056830 126 128 128
-0.194774 -0.587098 -0.042728 106 104 104
-0.195326 -0.572754 -0.073958 94 94 92
-0.194744 -0.575250 -0.066238 105 106 104
-0.195174 -0.576987 -0.054033 128 128 128
-0.196571 -0.356354 -0.041126 55 57 56
-0.196701 -0.353581 -0.038028 60 60 60
-0.196485 -0.345976 -0.026953 89 91 94
-0.196180 -0.341896 -0.017150 98 100 106
-0.195133 -0.312327 -0.014102 192 191 196
-0.197467 -0.307905 -0.014613 202 201 206
-0.194125 -0.263768 -0.014636 188 188 190
-0.195625 -0.258847 -0.015969 218 217 220
-0.192317 -0.237253 0.035734 143 140 144
-0.196546 -0.133278 0.028587 84 87 90
-0.195772 -0.135724 0.034274 96 99 102
-0.196799 -0.126112 0.026895 67 70 71
-0.194472 -0.125000 0.034970 78 80 80
-0.192188 -0.124804 0.041533 85 86 89
-0.193988 -0.114270 0.042500 140 135 138
-0.193983 -0.105474 0.043340 161 154 160
-0.192879 -0.098654 0.043193 196 191 195
-0.186574 -0.594820 -0.054488 130 128 130
-0.184157 -0.594306 -0.049044 114 116 117
-0.186875 -0.595231 -0.035155 116 117 116
-0.184738 -0.584407 -0.063194 110 112 114
-0.185413 -0.581815 -0.057098 126 127 128
-0.184140 -0.586457 -0.043158 114 114 114
-0.184734 -0.572444 -0.074296 114 113 111
-0.184845 -0.574425 -0.067191 81 80 80
-0.184234 -0.577288 -0.054660 130 130 132
-0.186564 -0.568555 -0.075629 63 63 60
-0.186334 -0.343919 -0.023449 110 112 114
-0.183245 -0.312847 -0.014750 196 195 201
-0.183835 -0.308592 -0.014488 209 208 214
-0.185188 -0.263633 -0.015254 189 188 191
-0.183874 -0.258264 -0.015857 208 208 212
-0.183064 -0.234437 0.034293 138 137 140
-0.187450 -0.126305 0.042853 78 78 82
-0.184511 -0.114568 0.045095 163 158 162
-0.185278 -0.105077 0.044372 162 156 160
-0.184340 -0.096329 0.043969 164 158 160
-0.172154 -0.594674 -0.054251 130 128 130
-0.175502 -0.593091 -0.046494 106 106 108
-0.175286 -0.584552 -0.063849 109 110 112
-0.175277 -0.581650 -0.056549 126 128 130
-0.174284 -0.585919 -0.042788 120 120 120
-0.176882 -0.574856 -0.081646 91 84 84
-0.175686 -0.573878 -0.074961 112 108 108
-0.174269 -0.575007 -0.066850 98 97 98
-0.175494 -0.576880 -0.054316 126 126 128
-0.173962 -0.346775 -0.024912 82 82 82
-0.175515 -0.312929 -0.014333 201 200 206
-0.174708 -0.308083 -0.014808 204 204 210
-0.175137 -0.263509 -0.015418 192 192 196
-0.175786 -0.258173 -0.015906 212 211 214
-0.172698 -0.222801 0.027290 136 136 140
-0.175777 -0.227696 0.033066 120 120 122
-0.174721 -0.213114 -0.015343 192 191 196
-0.174218 -0.208384 -0.016308 212 210 216
-0.177407 -0.094247 0.045069 114 108 112
-0.164954 -0.592792 -0.045306 103 104 106
-0.164885 -0.594420 -0.035390 145 145 148
-0.165472 -0.584868 -0.064226 104 104 107
-0.166367 -0.581541 -0.058426 128 128 131
-0.165081 -0.587053 -0.042288 110 110 111
-0.164840 -0.572858 -0.074065 129 127 125
-0.164700 -0.574868 -0.066594 102 100 103
-0.164587 -0.576768 -0.054807 132 132 135
-0.164212 -0.312491 -0.014058 192 192 200
-0.165102 -0.308340 -0.014627 214 214 218
-0.164668 -0.262982 -0.014873 201 201 204
-0.164238 -0.257467 -0.015885 212 212 214
-0.164774 -0.223075 0.026759 165 164 168
-0.166187 -0.224681 0.036938 127 126 130
-0.167408 -0.213254 -0.014977 184 182 186
-0.163188 -0.216382 0.025609 134 133 136
-0.164404 -0.215362 0.034491 128 128 130
-0.162502 -0.214981 0.045552 122 120 124
-0.166648 -0.208063 -0.015389 210 208 216
-0.154807 -0.584313 -0.063796 115 115 118
-0.155123 -0.581377 -0.057619 128 129 130
-0.155984 -0.587757 -0.042944 116 116 114
-0.155249 -0.573223 -0.075225 126 122 121
-0.154861 -0.574408 -0.066203 94 92 93
-0.155093 -0.576260 -0.054553 130 130 133
-0.157094 -0.335405 -0.003644 192 193 199
-0.156055 -0.308124 -0.015107 212 212 217
-0.155232 -0.262829 -0.015865 200 198 201
-0.155168 -0.257502 -0.015762 214 214 216
-0.156355 -0.225241 0.035614 188 187 194
-0.155652 -0.215930 0.027322 140 138 142
-0.157005 -0.214655 0.033781 148 146 150
-0.156330 -0.212663 0.043092 135 134 138
-0.155661 -0.206757 -0.015485 214 212 219
-0.156720 -0.190811 -0.014575 206 204 213
-0.153548 -0.187967 -0.014911 200 196 206
-0.145488 -0.583960 -0.064092 113 112 116
-0.145984 -0.581300 -0.058823 129 128 130
-0.145850 -0.574195 -0.080414 78 76 74
-0.145009 -0.572954 -0.075542 134 132 132
-0.144773 -0.573925 -0.066226 96 94 96
-0.144420 -0.576687 -0.055360 132 132 134
-0.144765 -0.312762 -0.014395 198 198 203
-0.146598 -0.308284 -0.015002 218 218 224
-0.144480 -0.263277 -0.014929 202 201 206
-0.144720 -0.258007 -0.015895 218 217 222
-0.144898 -0.215826 0.034919 160 159 166
-0.147488 -0.214653 0.042669 188 187 194
-0.143922 -0.206026 0.045809 159 158 164
-0.146586 -0.165505 -0.016954 186 184 191
-0.143032 -0.145853 -0.014741 193 191 202
-0.134678 -0.583577 -0.062222 108 108 111
-0.135152 -0.573294 -0.074899 118 117 117
-0.134387 -0.574326 -0.065250 88 86 88
-0.134846 -0.575935 -0.055468 127 128 131
-0.134846 -0.313026 -0.014146 198 198 204
-0.134965 -0.308597 -0.014744 222 222 226
-0.135170 -0.262985 -0.014927 201 200 204
-0.136542 -0.257829 -0.016049 220 219 222
-0.139511 -0.214858 0.034127 133 132 138
-0.133929 -0.145125 -0.013620 158 156 166
-0.133402 -0.137578 -0.015170 142 140 150
-0.125387 -0.583894 -0.063175 111 111 114
-0.124801 -0.581345 -0.058404 128 129 133
-0.127048 -0.573618 -0.080601 84 84 82
-0.125315 -0.572372 -0.074380 129 128 128
-0.124547 -0.573739 -0.066337 83 83 84
-0.125136 -0.575877 -0.054468 130 132 135
-0.123462 -0.565815 -0.095519 132 134 137
-0.120930 -0.566546 -0.064283 90 90 90
-0.125183 -0.313056 -0.014581 200 201 207
-0.125194 -0.308135 -0.014846 214 214 219
-0.123817 -0.262860 -0.014545 204 204 208
-0.124912 -0.258442 -0.015697 220 220 224
-0.123462 -0.214056 -0.014959 188 188 192
-0.122827 -0.208534 -0.015681 218 219 223
-0.123145 -0.193686 -0.024664 156 158 163
-0.122628 -0.187154 -0.021874 228 228 236
-0.123205 -0.163416 -0.015213 170 168 176
-0.124974 -0.154807 -0.014716 159 158 164
-0.125549 -0.146777 -0.012797 156 155 166
-0.125362 -0.146133 -0.008862 182 180 190
-0.114303 -0.583851 -0.064180 110 112 112
-0.113132 -0.582126 -0.057588 130 136 138
-0.114883 -0.572717 -0.104856 112 114 120
-0.114957 -0.572920 -0.074518 138 138 137
-0.115874 -0.574045 -0.067712 95 96 96
-0.114158 -0.577439 -0.054919 143 145 149
-0.113878 -0.566481 -0.074599 102 102 104
-0.114687 -0.566690 -0.065354 97 98 98
-0.112073 -0.566609 -0.057996 100 102 102
-0.116139 -0.313461 -0.014635 202 202 208
-0.115220 -0.308511 -0.015255 214 214 218
-0.116366 -0.262989 -0.015195 198 198 200
-0.115785 -0.258025 -0.015783 220 220 224
-0.112538 -0.245611 -0.024206 147 152 154
-0.113277 -0.223769 -0.017813 234 234 241
-0.113555 -0.215363 -0.018183 230 230 236
-0.114565 -0.203355 -0.022734 222 222 226
-0.115697 -0.207522 -0.016098 217 218 223
-0.114708 -0.194254 -0.024643 152 156 158
-0.118526 -0.187945 -0.020929 210 212 216
-0.113804 -0.187088 -0.016791 142 142 146
-0.115229 -0.171727 -0.004708 216 216 222
-0.117160 -0.163397 -0.012373 190 190 196
-0.114266 -0.164315 -0.006158 215 215 222
-0.117615 -0.157189 -0.012901 204 202 209
-0.113550 -0.154801 -0.006230 120 120 127
-0.117689 -0.147133 -0.008011 131 130 138
-0.114736 -0.135529 -0.015030 198 196 210
-0.105188 -0.583477 -0.062371 114 116 118
-0.104660 -0.581818 -0.057702 128 130 133
-0.104548 -0.572531 -0.075476 134 134 134
-0.104857 -0.576846 -0.053377 146 149 153
-0.104904 -0.574265 -0.045181 152 156 161
-0.103665 -0.565519 -0.094836 128 129 132
-0.105362 -0.566598 -0.073590 85 86 86
-0.105080 -0.566538 -0.065469 94 95 96
-0.105107 -0.566805 -0.054718 82 82 84
-0.102654 -0.325747 -0.031998 74 75 76
-0.103673 -0.324752 -0.026175 70 72 74
-0.102637 -0.302638 -0.022026 188 190 194
-0.106216 -0.307856 -0.014779 214 214 218
-0.103477 -0.295491 -0.024551 144 148 151
-0.102880 -0.291628 -0.017679 222 222 229
-0.102792 -0.284819 -0.017002 220 220 226
-0.102327 -0.274462 -0.015596 228 228 234
-0.102785 -0.264449 -0.015292 226 225 230
-0.103280 -0.252565 -0.022452 212 214 216
-0.104239 -0.256957 -0.015387 216 217 221
-0.104924 -0.244738 -0.023778 152 156 160
-0.104407 -0.241222 -0.018131 225 228 233
-0.105517 -0.233822 -0.017221 232 232 238
-0.104339 -0.224288 -0.017386 234 234 241
-0.106168 -0.216045 -0.017987 230 230 236
-0.105364 -0.202922 -0.022851 216 217 221
-0.105327 -0.206971 -0.014556 201 202 207
-0.104878 -0.194351 -0.025499 144 145 147
-0.104827 -0.191022 -0.017512 131 132 133
-0.105515 -0.187525 -0.014401 80 80 80
-0.107195 -0.162972 -0.002443 200 202 208
-0.106009 -0.154454 -0.003219 130 131 136
-0.103843 -0.145185 -0.005414 165 165 175
-0.095601 -0.584092 -0.062030 105 107 110
-0.094977 -0.582347 -0.057486 134 136 140
-0.096127 -0.571348 -0.074413 128 128 126
-0.096271 -0.573209 -0.067698 90 89 90
-0.094980 -0.576204 -0.053791 149 151 156
-0.095338 -0.574487 -0.046046 156 159 164
-0.093934 -0.565574 -0.096125 128 130 133
-0.096095 -0.566267 -0.073471 104 106 105
-0.094820 -0.566333 -0.065830 100 102 102
-0.095273 -0.567458 -0.054917 105 106 109
-0.095937 -0.325536 -0.032287 71 71 72
-0.094756 -0.323983 -0.025746 87 88 91
-0.094348 -0.321707 -0.018183 205 206 212
-0.093084 -0.314357 -0.016995 220 220 226
-0.096181 -0.302269 -0.022988 190 192 196
-0.094518 -0.307394 -0.015352 214 215 220
-0.095116 -0.295496 -0.024801 146 150 154
-0.094921 -0.291252 -0.016867 220 220 227
-0.094732 -0.284910 -0.015767 223 223 229
-0.094625 -0.274986 -0.015737 228 228 235
-0.093603 -0.263676 -0.014003 209 209 214
-0.095402 -0.252410 -0.022800 214 214 217
-0.095041 -0.257729 -0.015803 221 221 226
-0.094939 -0.244731 -0.024741 152 154 158
-0.095295 -0.241062 -0.018130 227 230 236
-0.094671 -0.235952 -0.017358 229 230 236
-0.094904 -0.226016 -0.017462 234 236 242
-0.093674 -0.214205 -0.017518 229 230 236
-0.095436 -0.203308 -0.022534 217 218 222
-0.096051 -0.207202 -0.013745 205 206 210
-0.094766 -0.194566 -0.025689 124 126 130
-0.097997 -0.190773 -0.017695 100 102 102
-0.095135 -0.187972 -0.014603 56 58 60
-0.094959 -0.185088 -0.007535 139 140 142
-0.091763 -0.163681 0.004797 182 183 190
-0.095495 -0.144718 -0.004634 152 152 162
-0.095641 -0.064759 0.023606 151 164 176
-0.091155 -0.046224 0.026251 112 138 144
-0.083049 -0.592826 -0.045935 157 158 166
-0.084350 -0.584070 -0.062262 114 116 119
-0.085705 -0.582312 -0.057790 137 138 141
-0.084563 -0.587067 -0.046254 164 166 168
-0.085008 -0.572682 -0.074088 104 104 101
-0.084590 -0.575869 -0.054191 147 150 155
-0.085874 -0.573993 -0.046284 154 157 162
-0.083493 -0.565579 -0.072928 108 110 108
-0.084446 -0.566122 -0.064398 93 93 93
-0.085168 -0.567383 -0.054790 114 116 119
-0.085949 -0.323834 -0.023961 104 104 106
-0.084583 -0.322084 -0.017572 208 208 213
-0.084810 -0.314879 -0.017267 220 220 226
-0.084096 -0.302242 -0.022304 188 189 194
-0.085094 -0.307314 -0.015252 215 217 222
-0.085003 -0.295125 -0.024075 150 154 158
-0.085518 -0.290821 -0.017744 222 222 228
-0.084831 -0.285019 -0.016473 224 223 229
-0.084720 -0.275263 -0.016617 228 228 234
-0.086314 -0.263981 -0.014183 213 213 219
-0.085001 -0.251824 -0.022892 206 207 211
-0.084786 -0.257267 -0.015512 220 222 226
-0.084919 -0.244522 -0.024477 158 160 164
-0.087382 -0.240804 -0.018562 232 232 239
-0.084792 -0.235952 -0.021349 222 224 230
-0.085306 -0.235852 -0.017802 230 230 236
-0.084731 -0.225037 -0.017933 234 235 241
-0.085644 -0.215581 -0.017952 228 229 234
-0.085482 -0.203464 -0.022595 218 220 222
-0.084918 -0.207328 -0.014045 210 211 212
-0.085206 -0.194236 -0.025478 119 120 124
-0.084338 -0.190428 -0.017973 59 60 64
-0.082029 -0.194089 -0.004875 56 60 61
-0.083176 -0.189493 -0.021818 102 104 108
-0.085150 -0.187180 -0.014047 53 56 59
-0.085788 -0.184717 -0.006816 136 140 142
-0.082974 -0.177010 -0.006618 135 136 139
-0.084464 -0.055163 0.025613 148 162 172
-0.085257 -0.042535 0.034348 120 144 150
-0.083611 -0.036525 0.026144 110 137 141
-0.082394 -0.036202 0.034369 112 137 142
-0.071907 -0.631651 -0.053764 35 40 42
-0.074555 -0.593699 -0.045411 157 160 166
-0.075588 -0.583615 -0.062528 118 120 124
-0.075389 -0.583271 -0.057207 166 168 172
-0.074870 -0.587249 -0.046317 168 172 176
-0.075291 -0.575431 -0.054061 149 152 156
-0.074348 -0.573123 -0.046697 156 159 162
-0.073847 -0.564885 -0.093379 98 99 102
-0.075603 -0.565204 -0.084401 52 52 52
-0.074293 -0.565546 -0.074742 104 106 104
-0.075483 -0.566175 -0.065571 97 98 98
-0.074672 -0.567602 -0.055003 117 118 120
-0.074641 -0.323624 -0.022517 109 108 110
-0.075018 -0.322333 -0.017177 200 200 204
-0.076587 -0.315889 -0.024160 154 156 160
-0.074721 -0.315187 -0.016787 220 221 227
-0.074736 -0.306571 -0.015234 208 209 215
-0.075077 -0.295115 -0.024556 151 153 157
-0.075853 -0.290761 -0.018121 220 220 226
-0.075059 -0.284985 -0.017078 223 222 229
-0.074686 -0.274761 -0.017527 228 228 235
-0.075168 -0.265399 -0.016852 226 226 232
-0.075051 -0.252194 -0.022693 212 214 219
-0.075138 -0.257691 -0.015636 220 222 227
-0.074852 -0.244295 -0.024875 156 158 164
-0.075986 -0.240526 -0.019277 232 233 242
-0.076004 -0.235182 -0.017855 231 232 240
-0.074894 -0.227041 -0.018485 234 236 245
-0.073250 -0.213150 -0.018665 234 235 242
-0.074818 -0.203372 -0.023017 220 220 225
-0.074692 -0.206609 -0.013939 210 208 212
-0.074681 -0.194005 -0.026266 144 146 147
-0.075465 -0.192646 -0.004270 40 41 42
-0.073483 -0.186133 -0.021706 154 152 154
-0.077023 -0.184542 -0.016806 66 65 68
-0.075098 -0.185538 -0.003877 54 55 56
-0.072408 -0.176210 -0.021244 142 138 140
-0.076451 -0.174332 -0.016324 86 86 88
-0.074544 -0.177336 -0.005046 46 48 48
-0.071585 -0.168319 -0.020756 122 120 124
-0.073830 -0.166165 -0.017021 128 128 128
-0.075254 -0.166800 -0.004501 156 156 156
-0.075425 -0.155249 -0.006304 158 159 162
-0.078283 -0.033209 0.034880 112 137 140
-0.075533 -0.025269 0.035442 114 134 138
-0.064263 -0.622675 -0.047555 32 36 38
-0.063961 -0.614998 -0.046015 102 106 110
-0.065168 -0.593074 -0.053515 182 185 190
-0.064836 -0.594167 -0.045363 160 162 169
-0.064883 -0.586071 -0.062084 140 144 148
-0.064690 -0.583863 -0.057085 169 172 177
-0.066394 -0.586843 -0.046127 171 174 177
-0.065132 -0.574917 -0.054504 147 151 156
-0.064465 -0.573076 -0.046431 144 150 154
-0.065503 -0.564640 -0.094804 126 130 133
-0.065213 -0.566421 -0.074087 97 96 97
-0.064317 -0.567355 -0.066002 99 99 98
-0.065334 -0.567677 -0.055276 117 118 121
-0.065234 -0.323751 -0.023710 93 93 94
-0.064445 -0.322291 -0.017536 202 204 208
-0.064869 -0.315070 -0.016924 219 220 226
-0.064395 -0.306935 -0.017515 224 225 230
-0.065064 -0.294966 -0.024590 156 158 162
-0.066102 -0.290503 -0.018197 220 222 228
-0.063818 -0.286464 -0.020411 226 227 233
-0.064839 -0.285065 -0.017029 225 225 232
-0.064576 -0.274402 -0.017208 228 228 236
-0.064867 -0.264687 -0.017029 228 228 235
-0.065421 -0.252580 -0.022307 223 225 229
-0.064376 -0.256894 -0.015540 220 221 226
-0.064974 -0.244213 -0.024998 164 168 172
-0.064766 -0.237210 -0.021779 203 206 213
-0.062975 -0.214653 -0.021160 233 234 244
-0.064617 -0.203947 -0.022962 224 224 234
-0.065429 -0.207121 -0.014905 204 205 215
-0.065075 -0.194665 -0.026297 165 167 174
-0.065006 -0.185281 -0.023111 204 204 214
-0.065131 -0.174999 -0.023327 207 206 220
-0.064767 -0.164985 -0.022724 206 207 222
-0.069175 -0.165367 -0.019503 164 161 166
-0.064201 -0.156720 -0.023866 200 200 216
-0.054256 -0.623898 -0.094847 42 46 46
-0.057090 -0.622195 -0.088406 30 36 36
-0.053930 -0.617730 -0.084480 68 74 75
-0.054402 -0.614845 -0.076195 48 55 58
-0.054588 -0.593697 -0.053618 178 182 188
-0.054609 -0.595413 -0.045208 156 160 166
-0.054558 -0.597688 -0.038845 168 172 178
-0.055021 -0.586252 -0.062663 137 140 144
-0.055125 -0.584252 -0.056962 174 178 182
-0.054760 -0.574463 -0.054510 150 153 159
-0.056318 -0.564265 -0.094044 122 126 130
-0.055936 -0.565000 -0.073936 91 93 93
-0.054911 -0.566110 -0.065148 98 98 99
-0.055243 -0.567619 -0.054901 124 125 128
-0.055427 -0.323544 -0.022661 93 94 96
-0.055101 -0.322244 -0.017564 195 196 202
-0.052538 -0.325271 0.003244 156 154 158
-0.054777 -0.315046 -0.017303 220 221 226
-0.055635 -0.302001 -0.022921 209 211 215
-0.056013 -0.306948 -0.015562 220 221 226
-0.055498 -0.295072 -0.024331 154 155 160
-0.054400 -0.290911 -0.018113 220 222 229
-0.053296 -0.286938 -0.020471 225 228 234
-0.055066 -0.284855 -0.017257 224 226 232
-0.054665 -0.274754 -0.016656 227 229 236
-0.054837 -0.264794 -0.017058 226 228 234
-0.055554 -0.252409 -0.022019 220 223 227
-0.054323 -0.256630 -0.015420 219 222 227
-0.054889 -0.244484 -0.024508 161 164 169
-0.057378 -0.237314 -0.021486 216 219 228
-0.053515 -0.234757 -0.018434 233 236 246
-0.055517 -0.222897 -0.020900 236 237 248
-0.056239 -0.215897 -0.021305 234 235 246
-0.055123 -0.203346 -0.023262 224 227 238
-0.054907 -0.206937 -0.014926 202 204 218
-0.055086 -0.194473 -0.026047 158 161 170
-0.054949 -0.185334 -0.022694 205 207 224
-0.054749 -0.174760 -0.023367 219 222 243
-0.055030 -0.164955 -0.023113 220 223 245
-0.054631 -0.155464 -0.024009 212 216 236
-0.053446 -0.146332 -0.026817 193 196 212
-0.044553 -0.652025 -0.052256 42 47 45
-0.042679 -0.653162 -0.048532 42 48 46
-0.043228 -0.645623 -0.054575 36 42 38
-0.044815 -0.646195 -0.048205 38 44 42
-0.044653 -0.623847 -0.095566 50 53 56
-0.045420 -0.616241 -0.084855 88 93 98
-0.046178 -0.611200 -0.073812 101 106 111
-0.045326 -0.609231 -0.070743 86 89 96
-0.043462 -0.606774 -0.065152 104 108 116
-0.043238 -0.602751 -0.057764 157 162 170
-0.044884 -0.594205 -0.053773 176 182 188
-0.044928 -0.595711 -0.045993 152 157 164
-0.045669 -0.597558 -0.038458 176 180 188
-0.046750 -0.586062 -0.062275 134 138 141
-0.044086 -0.585246 -0.057152 160 164 168
-0.046092 -0.573541 -0.053884 151 155 160
-0.047064 -0.564066 -0.064358 114 117 118
-0.045415 -0.566834 -0.055013 123 125 128
-0.045131 -0.556376 -0.063958 40 46 46
-0.043651 -0.555234 -0.056041 58 60 62
-0.044014 -0.546685 -0.056436 47 50 50
-0.042140 -0.514603 -0.054322 54 55 56
-0.048242 -0.504462 -0.063419 88 88 88
-0.042558 -0.505614 -0.053808 75 76 76
-0.040558 -0.501596 -0.048252 86 86 86
-0.041138 -0.495325 -0.045271 66 67 65
-0.046766 -0.324503 -0.022583 80 86 85
-0.044493 -0.322552 -0.016908 192 195 199
-0.043548 -0.324801 0.003096 150 151 154
-0.045196 -0.314765 -0.016741 219 220 226
-0.047940 -0.301992 -0.021595 185 187 191
-0.044886 -0.306458 -0.017188 220 223 228
-0.047321 -0.295508 -0.022891 137 140 144
-0.043865 -0.293303 -0.017233 188 195 199
-0.045435 -0.285061 -0.015651 222 225 232
-0.045185 -0.275102 -0.015588 224 227 234
-0.045076 -0.264776 -0.015526 218 224 229
-0.048827 -0.251611 -0.021248 209 212 216
-0.046155 -0.256107 -0.014350 217 223 227
-0.047718 -0.244773 -0.022502 148 152 156
-0.043253 -0.244263 -0.017461 172 184 189
-0.045483 -0.235599 -0.017788 229 234 244
-0.044452 -0.225482 -0.018074 232 238 247
-0.043881 -0.215440 -0.018232 230 234 245
-0.046661 -0.203593 -0.022129 220 224 236
-0.044758 -0.206258 -0.016031 212 216 225
-0.046400 -0.194913 -0.023861 147 152 163
-0.041258 -0.193936 -0.018351 164 170 184
-0.047119 -0.185663 -0.021796 204 208 226
-0.042841 -0.185747 -0.018889 218 221 242
-0.046636 -0.175082 -0.021852 222 224 247
-0.042081 -0.176920 -0.018890 223 226 250
-0.046347 -0.165285 -0.022148 220 223 246
-0.043407 -0.163513 -0.016151 186 190 210
-0.046112 -0.155280 -0.023436 212 217 236
-0.042942 -0.156977 -0.016766 202 207 226
-0.045402 -0.146234 -0.024387 174 178 193
-0.044173 -0.106707 -0.014822 127 126 128
-0.045043 -0.055481 -0.014870 108 108 106
-0.046029 -0.032882 -0.004582 142 144 145
-0.045115 -0.024767 -0.004309 140 142 144
-0.043896 -0.015212 -0.003243 141 145 146
-0.042177 -0.004605 -0.013020 91 94 93
-0.044068 -0.004801 -0.004757 106 112 114
-0.043618 0.004709 -0.003701 140 144 146
-0.044759 0.014769 -0.004774 140 144 145
-0.044683 0.023356 -0.005425 144 146 148
-0.035225 -0.651251 -0.051457 40 46 42
-0.035792 -0.645435 -0.054352 36 42 38
-0.034524 -0.647555 -0.047978 40 46 43
-0.033210 -0.638446 -0.055486 21 26 23
-0.035417 -0.624484 -0.095902 76 80 82
-0.034218 -0.617054 -0.086650 76 84 92
-0.035042 -0.611978 -0.076500 107 114 124
-0.034688 -0.606020 -0.064473 138 145 154
-0.034904 -0.601826 -0.056859 165 172 180
-0.034976 -0.594344 -0.053015 174 180 187
-0.036164 -0.594053 -0.044942 144 152 160
-0.035182 -0.586518 -0.052808 160 166 172
-0.034545 -0.584081 -0.046415 150 159 166
-0.038395 -0.575498 -0.051244 161 169 178
-0.034850 -0.574534 -0.044539 137 146 154
-0.039381 -0.565302 -0.051947 140 146 152
-0.035228 -0.565255 -0.044621 121 127 135
-0.038884 -0.555576 -0.052995 64 70 72
-0.034557 -0.554908 -0.044260 144 151 158
-0.031249 -0.554764 -0.038269 150 160 170
-0.038874 -0.545899 -0.051378 84 90 91
-0.034169 -0.545139 -0.043266 141 148 155
-0.032486 -0.543845 -0.037641 94 101 105
-0.034282 -0.536751 -0.042883 129 134 140
-0.031744 -0.533631 -0.036154 138 140 142
-0.032239 -0.525230 -0.042519 158 165 173
-0.032966 -0.525409 -0.036153 126 127 128
-0.033677 -0.514731 -0.043948 150 152 156
-0.032028 -0.519253 -0.034645 128 129 129
-0.033939 -0.505014 -0.044773 155 157 158
-0.034517 -0.494552 -0.042042 167 168 168
-0.033803 -0.484763 -0.041229 208 208 206
-0.035814 -0.485193 -0.038901 174 172 170
-0.034530 -0.476546 -0.040898 200 200 200
-0.036228 -0.474151 -0.038194 166 164 162
-0.036254 -0.473077 -0.026075 105 104 102
-0.036040 -0.464478 -0.041040 168 168 167
-0.035741 -0.465639 -0.038744 188 185 183
-0.035574 -0.467433 -0.025629 132 131 127
-0.035475 -0.454920 -0.040971 194 193 192
-0.035092 -0.455019 -0.038134 194 192 191
-0.035414 -0.454312 -0.025487 116 114 110
-0.034943 -0.444641 -0.043172 170 172 172
-0.034848 -0.446695 -0.037175 142 142 140
-0.034806 -0.435161 -0.043457 162 165 166
-0.033234 -0.432514 -0.038379 144 148 148
-0.035434 -0.425997 -0.042883 161 164 164
-0.033236 -0.424303 -0.037796 160 164 165
-0.033125 -0.415006 -0.035538 146 150 152
-0.032850 -0.405791 -0.032710 132 138 138
-0.033847 -0.397170 -0.031849 79 86 85
-0.031568 -0.394884 -0.026711 108 114 115
-0.031585 -0.385218 -0.024014 93 103 104
-0.031516 -0.365191 -0.017765 52 74 70
-0.032989 -0.354575 -0.017382 50 82 80
-0.033329 -0.344814 -0.014993 33 85 81
-0.034145 -0.334308 -0.012770 42 88 84
-0.036465 -0.334418 -0.008700 49 55 53
-0.034269 -0.324809 -0.013068 40 112 106
-0.036310 -0.325609 0.004769 122 126 126
-0.035036 -0.315183 -0.012944 94 155 152
-0.035917 -0.305002 -0.012740 98 152 150
-0.035096 -0.303592 -0.004591 102 156 153
-0.035960 -0.295251 -0.011935 48 126 120
-0.035323 -0.296745 -0.004497 100 154 153
-0.036780 -0.285652 -0.011153 110 162 161
-0.035275 -0.274423 -0.011183 79 150 146
-0.034563 -0.273353 -0.009154 19 118 110
-0.034925 -0.265024 -0.012057 73 144 140
-0.033766 -0.254498 -0.012900 22 118 110
-0.036816 -0.254403 -0.005433 105 156 154
-0.033903 -0.244855 -0.012795 28 121 115
-0.036333 -0.245784 -0.005017 104 155 156
-0.034088 -0.234907 -0.012216 56 138 135
-0.036379 -0.225151 -0.012426 126 176 182
-0.036187 -0.214974 -0.012314 120 173 178
-0.034206 -0.213035 -0.006131 75 147 146
-0.035921 -0.204890 -0.012660 99 157 162
-0.033744 -0.206654 -0.006792 67 141 141
-0.035968 -0.194854 -0.012903 88 144 150
-0.033642 -0.194656 -0.006651 68 143 144
-0.035865 -0.185485 -0.013077 128 181 191
-0.033787 -0.184011 -0.006541 82 150 154
-0.036209 -0.174726 -0.013519 144 190 202
-0.033731 -0.176209 -0.006841 88 153 157
-0.035475 -0.165039 -0.013334 142 184 198
-0.033655 -0.164046 -0.007103 112 165 173
-0.035264 -0.154813 -0.013915 116 160 172
-0.032928 -0.156389 -0.007863 70 141 147
-0.036327 -0.146620 -0.016161 86 126 138
-0.033312 -0.142910 -0.006665 87 148 154
-0.033294 -0.135390 -0.006707 87 150 154
-0.033381 -0.127250 -0.007011 86 148 153
-0.036368 -0.104706 -0.013127 68 102 102
-0.035411 -0.054870 -0.013602 66 95 92
-0.035322 -0.004825 -0.014061 68 72 71
-0.034895 0.003800 -0.013653 102 108 107
-0.034411 0.027029 -0.013591 132 139 141
-0.034274 0.034047 -0.013920 136 142 144
-0.027140 -0.656556 -0.047835 35 42 40
-0.022655 -0.633817 -0.086448 128 130 132
-0.026020 -0.624984 -0.094376 102 106 107
-0.025061 -0.616650 -0.084394 87 97 102
-0.025199 -0.612374 -0.076743 110 121 130
-0.025116 -0.606114 -0.064598 139 148 157
-0.024393 -0.601871 -0.056856 163 170 180
-0.025068 -0.594204 -0.052508 168 175 184
-0.025294 -0.587361 -0.051743 158 168 176
-0.024517 -0.583207 -0.047140 156 168 179
-0.024852 -0.574880 -0.042080 152 166 178
-0.025508 -0.576594 -0.035614 152 164 171
-0.024838 -0.565080 -0.041914 153 166 180
-0.025001 -0.563219 -0.036042 142 156 167
-0.025249 -0.555090 -0.041496 152 164 177
-0.024449 -0.553676 -0.036743 150 163 173
-0.025348 -0.544963 -0.041454 154 166 179
-0.024290 -0.545242 -0.036373 148 162 172
-0.025030 -0.535138 -0.041774 158 170 183
-0.029477 -0.535478 -0.032763 118 124 127
-0.025717 -0.534626 -0.025876 118 124 129
-0.025735 -0.525340 -0.041867 160 171 182
-0.026164 -0.524426 -0.026522 131 136 138
-0.025295 -0.515152 -0.042568 184 192 196
-0.025453 -0.505043 -0.043373 184 192 193
-0.026436 -0.495780 -0.042587 182 186 184
-0.022104 -0.492377 -0.038836 178 184 180
-0.027235 -0.485299 -0.040648 211 214 212
-0.022633 -0.484595 -0.037774 195 206 204
-0.028139 -0.475516 -0.040743 212 215 213
-0.024202 -0.474947 -0.037620 184 198 194
-0.025065 -0.465033 -0.036674 170 192 188
-0.025269 -0.455229 -0.035754 154 179 176
-0.024427 -0.454900 -0.025638 108 158 150
-0.026182 -0.445476 -0.035454 150 172 170
-0.023173 -0.444886 -0.025794 60 125 117
-0.026327 -0.435027 -0.034579 117 154 151
-0.021442 -0.434459 -0.027715 2 105 98
-0.027154 -0.425299 -0.033373 117 157 154
-0.022253 -0.424417 -0.026974 1 106 97
-0.028312 -0.417512 -0.031772 140 172 170
-0.023583 -0.414476 -0.025396 35 124 118
-0.024439 -0.404933 -0.023263 45 125 120
-0.025085 -0.395010 -0.021882 42 108 104
-0.023645 -0.394269 -0.019598 2 111 102
-0.025743 -0.386126 -0.021694 46 99 96
-0.024404 -0.384365 -0.018484 9 110 102
-0.024762 -0.378061 -0.020285 45 100 98
-0.024410 -0.374850 -0.017380 11 110 102
-0.024549 -0.365004 -0.016690 7 109 102
-0.025511 -0.355156 -0.016696 5 109 100
-0.025713 -0.344640 -0.016462 0 108 99
-0.025214 -0.334903 -0.015559 0 108 100
-0.024986 -0.325004 -0.014500 0 108 99
-0.024871 -0.315090 -0.013025 0 108 99
-0.024539 -0.306132 -0.011753 0 108 100
-0.025489 -0.296329 -0.010937 0 110 98
-0.025843 -0.295233 -0.009064 0 110 101
-0.023947 -0.282909 -0.012037 1 111 102
-0.024640 -0.274530 -0.013733 0 109 100
-0.024570 -0.264746 -0.015254 0 108 98
-0.025142 -0.254661 -0.016501 0 105 94
-0.025472 -0.244688 -0.016940 0 102 92
-0.025268 -0.234547 -0.016101 0 104 94
-0.024713 -0.224550 -0.014785 0 106 96
-0.024164 -0.214793 -0.013639 0 108 97
-0.023421 -0.205083 -0.013028 0 108 98
-0.022615 -0.195463 -0.011827 0 108 97
-0.026860 -0.194960 -0.008889 0 116 108
-0.025787 -0.183305 -0.008264 0 116 110
-0.026189 -0.175570 -0.007927 0 118 113
-0.025664 -0.165201 -0.007488 2 120 116
-0.025066 -0.156497 -0.007584 2 122 120
-0.023149 -0.146609 -0.007348 2 122 118
-0.026272 -0.101597 -0.005119 44 116 116
-0.026724 -0.094939 -0.004792 70 135 135
-0.026188 -0.086014 -0.004736 82 140 138
-0.026165 -0.064203 -0.005505 76 133 131
-0.026306 -0.054964 -0.005588 39 91 86
-0.026167 -0.044901 -0.004950 64 116 114
-0.026038 -0.034723 -0.005002 63 116 111
-0.025734 -0.024872 -0.004297 56 108 102
-0.025456 -0.015312 -0.004459 52 102 96
-0.025735 -0.004770 -0.005007 27 76 69
-0.025559 0.005597 -0.004899 52 98 93
-0.025419 0.015037 -0.005358 54 102 97
-0.025427 0.025383 -0.006119 55 103 100
-0.024541 0.034248 -0.006040 57 110 108
-0.015028 -0.645606 -0.044890 42 50 46
-0.017608 -0.633445 -0.083001 130 131 134
-0.014291 -0.633474 -0.075419 116 120 121
-0.013392 -0.634498 -0.065584 76 80 80
-0.017961 -0.625860 -0.082662 124 126 128
-0.013824 -0.624925 -0.075209 137 142 143
-0.015939 -0.614817 -0.074463 92 103 108
-0.010945 -0.616007 -0.067757 50 76 76
-0.015634 -0.606888 -0.064443 119 133 141
-0.015297 -0.601847 -0.056122 157 167 176
-0.015508 -0.594995 -0.051767 166 176 184
-0.013362 -0.593028 -0.049340 171 185 192
-0.016560 -0.588030 -0.050701 125 135 144
-0.014821 -0.584314 -0.046759 136 152 160
-0.015875 -0.574987 -0.041402 150 168 180
-0.016942 -0.565121 -0.041059 150 168 180
-0.012295 -0.564595 -0.038655 138 164 174
-0.017915 -0.558167 -0.040652 154 170 182
-0.014853 -0.554169 -0.037417 133 156 164
-0.014754 -0.545537 -0.036826 126 154 160
-0.014729 -0.535197 -0.035982 118 153 158
-0.019210 -0.528311 -0.040407 154 170 180
-0.014767 -0.524757 -0.034867 110 153 156
-0.014834 -0.515256 -0.034448 93 144 141
-0.014103 -0.512786 -0.026196 94 149 144
-0.015515 -0.505191 -0.034445 67 136 130
-0.013370 -0.504445 -0.027073 66 140 133
-0.016874 -0.495483 -0.033890 62 128 120
-0.014134 -0.494669 -0.026021 72 148 140
-0.017139 -0.485509 -0.032492 44 116 109
-0.012632 -0.484590 -0.028402 1 112 101
-0.018301 -0.474938 -0.031753 26 112 103
-0.013207 -0.474596 -0.027598 2 112 102
-0.018863 -0.466994 -0.030785 8 95 88
-0.013816 -0.464411 -0.027326 2 112 102
-0.014076 -0.454499 -0.026506 2 111 102
-0.014218 -0.444662 -0.025969 1 109 100
-0.014414 -0.434587 -0.025938 0 109 100
-0.014886 -0.424718 -0.025251 0 110 100
-0.014832 -0.415094 -0.024529 0 110 101
-0.014971 -0.405268 -0.023370 0 110 100
-0.014679 -0.395097 -0.022543 0 110 100
-0.013890 -0.385155 -0.022708 0 110 99
-0.013458 -0.374706 -0.021900 0 110 98
-0.018202 -0.373265 -0.019117 0 110 100
-0.013421 -0.364618 -0.021976 0 108 98
-0.013677 -0.354655 -0.021884 0 107 98
-0.013266 -0.345396 -0.021109 0 107 98
-0.017463 -0.342528 -0.019045 0 108 98
-0.015146 -0.334524 -0.018087 0 107 98
-0.015051 -0.324901 -0.015328 0 107 98
-0.015155 -0.315177 -0.012580 0 107 100
-0.016392 -0.306704 -0.012025 0 108 100
-0.013438 -0.293922 -0.013739 0 108 101
-0.014679 -0.284559 -0.014754 0 109 101
-0.015278 -0.287520 -0.004698 0 116 106
-0.014781 -0.274769 -0.016245 0 110 102
-0.014612 -0.264694 -0.016066 0 110 102
-0.014846 -0.254771 -0.016582 0 110 100
-0.015629 -0.245342 -0.017882 0 106 98
-0.016283 -0.235613 -0.018243 0 105 95
-0.016491 -0.224215 -0.018320 0 105 94
-0.016774 -0.214203 -0.017629 0 104 94
-0.016158 -0.204561 -0.016950 0 104 94
-0.015354 -0.194845 -0.015960 0 104 94
-0.014853 -0.184993 -0.014968 0 104 93
-0.014587 -0.175036 -0.014582 0 103 92
-0.014548 -0.165003 -0.013860 0 104 92
-0.013932 -0.155422 -0.013453 0 105 94
-0.013974 -0.145181 -0.013244 1 106 96
-0.013043 -0.137025 -0.013326 0 106 96
-0.008450 -0.632327 -0.063768 92 98 98
-0.007644 -0.625199 -0.064157 120 130 132
-0.003444 -0.625487 -0.054974 70 118 114
-0.000235 -0.627085 -0.049304 66 118 114
-0.007930 -0.615809 -0.061747 99 130 128
-0.003746 -0.615333 -0.054306 44 110 103
-0.000639 -0.613549 -0.048223 7 107 96
-0.006582 -0.605586 -0.053768 60 115 114
-0.002037 -0.603898 -0.046363 6 110 100
-0.004994 -0.594411 -0.044256 80 140 137
-0.005912 -0.585968 -0.042221 56 122 120
-0.002692 -0.583062 -0.039039 6 112 102
-0.004486 -0.574728 -0.037443 26 122 114
-0.004802 -0.565095 -0.036092 22 116 109
-0.004724 -0.555192 -0.034144 13 111 103
-0.004954 -0.545190 -0.032855 5 108 98
-0.004637 -0.535069 -0.031853 2 106 97
-0.004847 -0.524652 -0.031017 0 106 96
-0.004158 -0.514896 -0.031440 0 106 96
-0.007232 -0.513158 -0.029538 0 108 99
-0.003258 -0.505425 -0.031176 0 106 96
-0.006617 -0.505226 -0.029349 0 109 98
-0.002525 -0.496358 -0.030879 0 106 95
-0.006725 -0.494732 -0.028528 0 110 99
-0.006784 -0.484480 -0.028588 0 110 97
-0.002224 -0.473335 -0.031139 0 106 96
-0.007008 -0.475011 -0.028506 0 108 98
-0.002328 -0.463834 -0.030843 0 107 95
-0.007097 -0.464735 -0.028535 0 110 98
-0.002483 -0.453784 -0.031056 0 108 94
-0.007106 -0.455652 -0.028413 0 109 98
-0.002994 -0.444785 -0.031238 0 106 94
-0.007431 -0.443513 -0.028889 0 106 94
-0.002728 -0.434841 -0.031107 0 107 95
-0.007493 -0.434265 -0.028758 0 107 94
-0.002376 -0.425596 -0.030753 0 106 95
-0.007131 -0.424610 -0.028534 0 108 96
-0.001379 -0.415934 -0.030803 0 106 96
-0.005902 -0.415142 -0.027903 0 108 96
-0.005804 -0.405441 -0.027160 0 108 97
-0.005684 -0.395445 -0.027047 0 109 97
-0.005144 -0.385203 -0.026667 0 109 98
-0.004896 -0.375131 -0.026048 0 108 98
-0.005050 -0.365283 -0.025246 0 107 96
-0.005357 -0.354808 -0.023799 0 106 96
-0.005597 -0.345440 -0.021382 0 106 97
-0.002446 -0.341645 -0.019162 0 106 96
-0.005263 -0.334728 -0.017287 0 106 97
-0.005308 -0.325306 -0.012940 0 106 98
-0.006093 -0.316153 -0.011617 0 107 100
-0.004517 -0.304554 -0.012778 0 110 102
-0.005014 -0.295424 -0.013908 0 110 101
-0.005024 -0.285193 -0.015244 0 109 100
-0.004916 -0.274927 -0.016602 0 108 100
-0.004944 -0.264883 -0.016723 0 108 100
-0.004917 -0.254996 -0.015789 0 110 102
-0.004551 -0.246223 -0.017662 0 110 102
-0.002929 -0.235545 -0.018522 0 108 100
-0.006628 -0.195469 -0.018649 0 104 93
-0.007189 -0.184363 -0.017924 0 104 92
-0.006101 -0.174484 -0.017421 0 102 92
-0.005294 -0.165683 -0.016906 0 104 93
-0.004886 -0.155202 -0.016924 2 108 97
-0.005312 -0.145387 -0.016553 2 108 95
-0.005263 -0.135450 -0.016994 0 106 93
-0.002992 -0.126958 -0.016833 0 107 95
0.007033 -0.632692 -0.048316 1 109 97
0.005754 -0.624445 -0.046796 4 110 98
0.005802 -0.614446 -0.045179 0 110 98
0.005653 -0.604730 -0.042945 0 110 99
0.005494 -0.595000 -0.041214 0 110 99
0.002074 -0.592972 -0.039655 2 110 100
0.005519 -0.587670 -0.040321 0 110 98
0.004344 -0.583965 -0.039197 0 109 98
0.004735 -0.575189 -0.038088 0 108 98
0.004734 -0.565223 -0.037281 0 104 94
0.004840 -0.555009 -0.036128 0 102 93
0.004808 -0.545136 -0.034785 0 102 92
0.005184 -0.534688 -0.033706 0 102 93
0.004962 -0.524674 -0.033194 0 102 92
0.005027 -0.515196 -0.033715 0 101 92
0.004921 -0.505063 -0.033835 0 101 92
0.004709 -0.494866 -0.033674 0 102 92
0.005380 -0.484976 -0.034048 0 102 92
0.005250 -0.475014 -0.034163 0 104 94
0.004986 -0.464915 -0.034044 0 104 94
0.004873 -0.454665 -0.034206 0 105 94
0.005109 -0.444597 -0.034006 0 106 95
0.005063 -0.434723 -0.033489 0 106 96
0.005086 -0.424683 -0.033173 0 106 96
0.005372 -0.414910 -0.033406 0 106 96
0.005788 -0.404773 -0.032997 0 108 98
0.006108 -0.395278 -0.032349 0 108 99
0.006476 -0.385888 -0.031396 0 108 99
0.002696 -0.383812 -0.029253 0 108 98
0.005075 -0.374557 -0.028346 0 108 99
0.004820 -0.364868 -0.026424 0 106 97
0.004954 -0.354988 -0.023322 0 104 96
0.003086 -0.347708 -0.021004 0 104 94
0.005451 -0.343918 -0.017958 0 104 96
0.004846 -0.335091 -0.013855 0 105 96
0.003373 -0.326652 -0.011519 0 108 99
0.003450 -0.313162 -0.011585 0 110 102
0.004502 -0.305132 -0.012254 2 110 102
0.004756 -0.295401 -0.013603 2 110 102
0.005179 -0.285360 -0.015117 1 106 100
0.005166 -0.275390 -0.016798 2 107 101
0.004953 -0.264882 -0.017155 0 104 98
0.005400 -0.255051 -0.015761 1 106 100
0.005418 -0.245903 -0.017216 2 108 104
0.004637 -0.236283 -0.018792 1 108 103
0.005336 -0.183085 -0.018566 0 104 98
0.003958 -0.175067 -0.018396 0 103 97
0.005538 -0.164010 -0.018310 6 107 102
0.004104 -0.155589 -0.017991 4 108 102
0.004560 -0.146037 -0.017956 1 106 99
0.002821 -0.135125 -0.018297 0 108 98
0.004380 -0.125271 -0.017902 0 108 98
0.017630 -0.636639 -0.051047 0 106 94
0.014020 -0.632897 -0.049047 0 107 95
0.015293 -0.624514 -0.047756 0 107 96
0.015420 -0.615001 -0.045931 0 107 97
0.015320 -0.604807 -0.043870 0 108 98
0.015036 -0.595119 -0.042446 0 108 98
0.015375 -0.585685 -0.040575 1 108 98
0.013234 -0.582978 -0.039572 1 108 98
0.017146 -0.575472 -0.040036 0 105 95
0.014650 -0.575248 -0.038613 2 106 97
0.014812 -0.565139 -0.038234 0 102 93
0.014583 -0.555098 -0.037832 0 100 90
0.015006 -0.544829 -0.037050 0 98 90
0.014890 -0.534931 -0.036177 0 98 89
0.014984 -0.524917 -0.035885 0 97 88
0.015116 -0.514927 -0.036415 0 97 88
0.014775 -0.504697 -0.036992 0 98 88
0.014938 -0.495079 -0.037220 0 98 89
0.015365 -0.484928 -0.036920 0 101 92
0.015108 -0.474779 -0.036545 0 104 94
0.014973 -0.464956 -0.036545 0 104 94
0.014642 -0.454634 -0.036790 0 106 96
0.014810 -0.444919 -0.036917 0 106 95
0.014632 -0.434901 -0.037118 0 106 96
0.015018 -0.424816 -0.036997 0 105 94
0.014950 -0.414769 -0.036916 0 105 94
0.014861 -0.405212 -0.036435 0 106 96
0.014834 -0.395485 -0.034973 0 107 96
0.014848 -0.385420 -0.032351 2 108 98
0.015887 -0.379267 -0.030353 2 107 96
0.014893 -0.374468 -0.028489 0 106 96
0.015138 -0.364914 -0.024712 0 104 95
0.014116 -0.356108 -0.021501 0 102 95
0.017086 -0.352561 -0.018663 0 103 95
0.014853 -0.344969 -0.016004 0 104 96
0.014614 -0.335749 -0.013397 0 104 96
0.015641 -0.325378 -0.013322 2 106 98
0.014714 -0.315278 -0.015858 1 101 92
0.013847 -0.305081 -0.016360 0 100 92
0.013269 -0.295678 -0.017131 1 100 92
0.014376 -0.284843 -0.018561 0 97 90
0.013918 -0.275842 -0.018903 0 98 92
0.015228 -0.264938 -0.018155 0 99 94
0.015314 -0.254952 -0.015961 0 102 96
0.014215 -0.245809 -0.017226 0 106 100
0.016362 -0.186332 -0.018549 0 102 95
0.013256 -0.164705 -0.018552 4 106 99
0.016242 -0.154167 -0.018233 0 104 96
0.013902 -0.145292 -0.018415 0 105 96
0.013343 -0.133583 -0.018034 0 106 98
0.013417 -0.127464 -0.017638 0 107 98
0.017324 -0.014761 -0.005656 2 88 79
0.026226 -0.643524 -0.053414 0 108 94
0.025620 -0.634855 -0.052112 0 107 94
0.025671 -0.626800 -0.050643 0 106 94
0.024690 -0.622629 -0.049238 0 107 94
0.025310 -0.615106 -0.047546 0 107 94
0.025256 -0.605229 -0.045661 0 106 94
0.025369 -0.595178 -0.043189 0 107 94
0.024625 -0.586481 -0.040692 0 107 96
0.025512 -0.582749 -0.039627 0 108 96
0.024394 -0.577924 -0.040212 1 106 94
0.024285 -0.574116 -0.039166 1 104 94
0.024642 -0.565048 -0.038522 0 100 88
0.024784 -0.555014 -0.038329 0 97 86
0.024974 -0.544954 -0.037666 0 96 86
0.024567 -0.535104 -0.037449 0 94 84
0.024166 -0.524838 -0.036654 0 93 84
0.026972 -0.523846 -0.025410 0 104 90
0.023601 -0.515967 -0.036649 0 94 84
0.026722 -0.514184 -0.025295 0 104 90
0.024081 -0.504511 -0.036669 0 96 84
0.026733 -0.505226 -0.025680 0 106 92
0.024426 -0.495096 -0.036697 0 97 86
0.026397 -0.493768 -0.025492 0 108 94
0.023989 -0.485071 -0.036999 0 100 89
0.026636 -0.485045 -0.024687 0 110 96
0.022982 -0.474724 -0.036992 0 103 92
0.027160 -0.475849 -0.024878 0 111 96
0.022876 -0.465054 -0.037986 0 104 92
0.022638 -0.455628 -0.038321 0 104 94
0.026436 -0.444293 -0.041128 0 106 94
0.022644 -0.446732 -0.039311 1 105 94
0.026312 -0.434857 -0.041337 0 106 94
0.026346 -0.425061 -0.041018 0 105 95
0.022367 -0.423903 -0.039128 0 105 94
0.027210 -0.416070 -0.040642 1 104 97
0.023022 -0.414954 -0.039127 0 105 96
0.024775 -0.405021 -0.038242 2 106 96
0.024826 -0.395292 -0.035770 1 106 96
0.024605 -0.385656 -0.032070 1 106 97
0.026580 -0.380918 -0.029483 0 104 96
0.025021 -0.374923 -0.026698 0 104 95
0.024948 -0.365331 -0.022391 0 104 94
0.027834 -0.360903 -0.019481 1 103 94
0.021722 -0.358951 -0.020596 0 102 94
0.025370 -0.354564 -0.018164 0 103 94
0.024386 -0.345289 -0.015822 0 102 93
0.027575 -0.333118 -0.021562 0 100 90
0.023313 -0.336688 -0.016078 0 101 92
0.026183 -0.325224 -0.022178 0 96 88
0.027083 -0.321738 0.036804 11 97 88
0.023955 -0.317518 -0.020474 0 98 90
0.026615 -0.314354 -0.018428 0 100 92
0.027118 -0.316268 0.036043 3 102 92
0.025573 -0.304769 -0.018440 2 102 96
0.025545 -0.294753 -0.018238 2 102 94
0.025967 -0.291955 0.035455 32 108 99
0.024621 -0.285700 -0.018499 0 100 93
0.026161 -0.273134 -0.019197 0 99 92
0.025425 -0.264660 -0.017988 0 96 90
0.025252 -0.255014 -0.016330 1 99 92
0.025943 -0.245300 -0.017436 1 100 94
0.025939 -0.237342 -0.018478 3 102 95
0.026278 -0.213692 -0.018719 0 100 94
0.025761 -0.205235 -0.018524 2 102 96
0.026041 -0.195359 -0.018396 2 103 97
0.026228 -0.184282 -0.018624 0 100 94
0.025591 -0.175058 -0.018256 0 100 94
0.025415 -0.163776 -0.018302 0 101 94
0.024679 -0.154781 -0.018011 0 102 96
0.024938 -0.145029 -0.017351 0 103 97
0.026962 -0.143777 -0.005848 0 111 104
0.024409 -0.135638 -0.016496 0 102 96
0.025007 -0.134988 -0.005070 0 112 104
0.023284 -0.125898 -0.006366 0 114 103
0.024984 -0.023574 -0.004272 3 90 80
0.024836 -0.014527 -0.004575 15 94 85
0.036862 -0.652338 -0.054186 0 106 94
0.035310 -0.644556 -0.054226 0 107 94
0.035234 -0.634794 -0.052596 0 108 95
0.035528 -0.626421 -0.050967 0 107 94
0.032898 -0.622429 -0.049391 0 108 95
0.035448 -0.614152 -0.048993 0 106 95
0.035203 -0.605182 -0.047391 0 106 94
0.035054 -0.595017 -0.044774 0 104 93
0.035445 -0.584985 -0.041676 0 103 93
0.031476 -0.581872 -0.039286 0 106 94
0.036554 -0.574699 -0.040890 0 98 90
0.032056 -0.575224 -0.039430 1 102 92
0.036795 -0.564739 -0.040660 0 90 82
0.032249 -0.564527 -0.039297 0 95 85
0.037347 -0.557275 -0.040666 0 87 80
0.034284 -0.554887 -0.039000 0 90 82
0.035795 -0.544684 -0.038571 0 90 82
0.034533 -0.535572 -0.036482 0 90 83
0.035328 -0.534259 -0.024907 0 100 88
0.038623 -0.535767 -0.018703 2 98 89
0.033599 -0.525511 -0.023647 0 100 88
0.033134 -0.514905 -0.023189 0 102 89
0.033417 -0.504847 -0.023092 0 102 90
0.033096 -0.495417 -0.023004 0 104 92
0.037543 -0.493156 -0.015596 1 104 92
0.032581 -0.484864 -0.021357 0 107 94
0.035815 -0.483674 -0.017908 0 106 94
0.031535 -0.476163 -0.022970 3 106 92
0.035364 -0.474407 -0.016920 20 106 94
0.036393 -0.465239 -0.016512 87 148 138
0.034528 -0.444081 -0.043157 2 104 94
0.034732 -0.434756 -0.043341 0 104 96
0.034534 -0.424834 -0.043239 0 104 96
0.035214 -0.415222 -0.042144 0 104 96
0.036940 -0.408283 -0.040655 0 104 94
0.034266 -0.404400 -0.038626 0 104 96
0.034879 -0.395208 -0.034777 0 102 94
0.032931 -0.387329 -0.031280 0 102 93
0.035828 -0.383375 -0.028272 0 102 93
0.035153 -0.374893 -0.024355 0 104 95
0.034836 -0.366583 -0.021349 1 104 96
0.033730 -0.362168 -0.019310 1 105 97
0.033465 -0.355814 -0.018086 0 104 96
0.035776 -0.334462 -0.024126 0 98 90
0.035165 -0.325379 -0.023476 0 94 86
0.036531 -0.320446 0.035819 154 164 158
0.035311 -0.315044 -0.016948 0 98 92
0.035888 -0.315509 0.035762 111 148 142
0.035041 -0.304788 -0.016059 2 103 97
0.035264 -0.294439 -0.016048 2 102 96
0.032925 -0.292491 0.036663 68 124 118
0.035142 -0.284633 -0.017302 0 98 93
0.033553 -0.283954 0.036430 14 96 86
0.033345 -0.284869 0.045935 11 100 90
0.036518 -0.283752 0.055067 10 102 91
0.035388 -0.274281 -0.018967 0 96 90
0.036112 -0.277611 0.037537 28 90 82
0.036767 -0.276982 0.044896 28 98 90
0.035657 -0.264778 -0.017991 0 93 86
0.035129 -0.254829 -0.016629 0 96 89
0.035749 -0.253050 0.035135 18 85 78
0.035229 -0.244767 -0.017429 0 95 88
0.036945 -0.246770 0.033597 6 104 94
0.035704 -0.235835 -0.017933 3 98 92
0.035784 -0.223583 -0.018571 4 99 93
0.035378 -0.214857 -0.018535 0 95 90
0.035223 -0.204941 -0.017680 0 96 91
0.034750 -0.194947 -0.016760 2 100 95
0.034897 -0.184946 -0.016926 0 98 94
0.034555 -0.174950 -0.017178 0 98 92
0.034729 -0.165118 -0.016672 0 98 92
0.034728 -0.155298 -0.016372 0 99 94
0.035972 -0.154357 -0.004813 1 112 106
0.033284 -0.146591 -0.015105 0 102 96
0.033881 -0.146314 -0.004446 0 112 105
0.036564 -0.062859 -0.004816 2 76 68
0.035524 -0.057742 -0.004259 15 86 78
0.036561 -0.036017 -0.005042 16 88 82
0.036153 -0.034870 0.014548 70 120 113
0.036503 -0.035581 0.024831 82 125 118
0.035266 -0.025673 -0.003679 4 90 82
0.038216 -0.022960 0.003424 20 92 86
0.034487 -0.013696 -0.002912 4 89 80
0.034417 -0.004967 -0.004437 2 90 80
0.034973 0.004392 -0.005076 4 87 76
0.045476 -0.653538 -0.054376 0 104 91
0.045246 -0.645093 -0.053965 0 106 93
0.045065 -0.635421 -0.052361 0 107 95
0.043613 -0.626897 -0.050694 0 107 96
0.047029 -0.623572 -0.049028 1 108 96
0.045296 -0.614768 -0.048351 1 107 95
0.045376 -0.605127 -0.047878 0 105 94
0.044901 -0.595321 -0.045925 0 102 92
0.045233 -0.584907 -0.043381 0 100 90
0.045088 -0.574630 -0.042202 0 96 86
0.044751 -0.565275 -0.042222 0 87 78
0.043928 -0.556596 -0.041120 0 86 78
0.043137 -0.554050 -0.038391 0 86 79
0.043619 -0.545231 -0.036664 0 86 78
0.044959 -0.540848 -0.016542 0 92 84
0.042597 -0.537460 -0.033573 2 86 80
0.044847 -0.535892 -0.023642 1 88 81
0.045037 -0.533486 -0.016494 2 89 81
0.044699 -0.533395 -0.007715 8 90 82
0.044568 -0.523869 -0.026310 2 88 78
0.047813 -0.526085 -0.017138 3 84 74
0.045227 -0.525698 -0.003406 6 89 78
0.049318 -0.524001 0.007706 16 87 74
0.048360 -0.521482 0.012850 17 93 82
0.045009 -0.515251 -0.025435 2 88 79
0.045390 -0.514552 -0.004493 4 84 77
0.044376 -0.505153 -0.023121 2 90 80
0.042851 -0.496148 -0.022781 0 92 80
0.047086 -0.492699 -0.016137 6 68 58
0.046176 -0.485176 -0.016148 8 74 64
0.044669 -0.474948 -0.004950 54 114 104
0.044307 -0.464724 -0.004043 108 160 150
0.047184 -0.465215 0.017272 145 162 156
0.044686 -0.454348 -0.005661 114 166 157
0.043194 -0.443156 -0.044146 13 98 88
0.044394 -0.434494 -0.044976 8 105 96
0.047208 -0.436101 0.011752 2 106 94
0.044971 -0.425190 -0.045325 2 105 96
0.044919 -0.415039 -0.042813 2 102 94
0.043856 -0.408485 -0.040570 0 101 92
0.044937 -0.404250 -0.037657 0 100 92
0.044708 -0.395390 -0.032785 0 100 92
0.047237 -0.390721 -0.029396 0 102 92
0.045493 -0.384980 -0.026821 0 102 94
0.045050 -0.375024 -0.023523 1 106 96
0.045901 -0.365477 -0.022149 1 106 96
0.046439 -0.354936 -0.022408 0 103 94
0.045660 -0.345318 -0.024148 0 99 90
0.044516 -0.335386 -0.027016 0 95 87
0.044643 -0.337691 0.026995 91 140 132
0.046032 -0.335373 0.034029 104 149 142
0.044964 -0.325088 -0.025161 0 88 80
0.044970 -0.321657 0.045458 205 204 198
0.043770 -0.319105 -0.021137 0 88 80
0.045089 -0.314642 -0.016293 0 94 88
0.045989 -0.314497 0.046230 134 165 160
0.045111 -0.305219 -0.014279 1 98 92
0.045068 -0.295194 -0.014854 2 98 92
0.046042 -0.296337 0.062000 192 188 188
0.045203 -0.285142 -0.016873 1 96 89
0.044161 -0.282379 0.054226 29 108 99
0.047100 -0.285751 0.076737 5 114 103
0.046176 -0.274799 -0.018807 0 92 86
0.047405 -0.274743 0.037254 116 163 154
0.043561 -0.275653 0.055403 24 99 90
0.044755 -0.274483 0.076414 92 139 131
0.045827 -0.264992 -0.017550 1 91 84
0.045040 -0.265522 0.065126 128 142 136
0.045187 -0.255084 -0.016549 2 94 89
0.043464 -0.254714 0.045234 119 148 144
0.045352 -0.245051 -0.017119 1 92 87
0.042945 -0.241917 0.034339 12 95 88
0.046610 -0.245989 0.057536 82 142 134
0.045269 -0.235233 -0.017165 2 94 89
0.045056 -0.236434 0.036133 8 96 88
0.045754 -0.236054 0.043050 13 96 88
0.049141 -0.236701 0.050798 16 94 88
0.044808 -0.225251 -0.017522 4 100 94
0.045067 -0.215206 -0.017379 2 94 88
0.042529 -0.212951 0.037210 6 104 99
0.047016 -0.217039 0.044735 31 102 97
0.044059 -0.205749 -0.015406 1 91 86
0.045392 -0.204566 0.043765 4 102 98
0.047395 -0.207785 0.053090 2 102 96
0.042934 -0.195039 -0.014466 2 93 88
0.043918 -0.184827 -0.013582 6 92 87
0.047829 -0.184726 -0.007011 38 102 100
0.043483 -0.175267 -0.014397 4 94 88
0.045981 -0.174286 0.004631 6 102 94
0.048018 -0.174038 0.026143 82 144 136
0.048666 -0.175209 0.036592 58 125 121
0.049663 -0.174604 0.044260 5 98 95
0.042441 -0.166057 -0.013934 1 94 89
0.042417 -0.164566 -0.003354 2 107 99
0.045535 -0.165740 0.004182 2 108 98
0.046686 -0.165717 0.013429 2 107 99
0.042808 -0.157113 -0.012876 1 94 88
0.041791 -0.156384 -0.003189 2 110 101
0.048973 -0.155162 0.013885 85 139 129
0.046197 -0.142918 -0.002360 102 158 149
0.048214 -0.146750 0.003413 91 144 134
0.046116 -0.133448 -0.013839 36 106 102
0.044948 -0.134682 -0.004613 98 156 147
0.045631 -0.126922 -0.013925 9 96 90
0.044870 -0.126391 -0.004875 22 116 106
0.044914 -0.071256 0.006839 127 136 133
0.046226 -0.070299 0.016470 196 194 192
0.041358 -0.065071 -0.002919 20 80 74
0.044391 -0.064365 0.003431 66 108 102
0.047329 -0.065208 0.014057 134 140 138
0.048178 -0.068343 0.023290 202 198 194
0.046227 -0.056747 0.004853 56 100 95
0.046895 -0.056316 0.013072 66 102 99
0.046085 -0.042720 0.033059 32 91 85
0.045109 -0.035048 -0.003892 14 89 81
0.044651 -0.036126 0.003486 52 106 100
0.045535 -0.036181 0.014371 90 124 120
0.046319 -0.035809 0.025524 100 120 116
0.043825 -0.037213 0.034615 100 136 132
0.044504 -0.037755 0.043362 102 134 132
0.042740 -0.026259 -0.001006 4 90 80
0.045204 0.006848 -0.005430 28 96 87
0.043136 0.012526 -0.007372 1 86 76
0.057111 -0.663080 -0.054944 0 102 91
0.054809 -0.655093 -0.054888 0 104 92
0.055489 -0.644611 -0.053547 0 106 92
0.055319 -0.635546 -0.052161 0 107 94
0.057603 -0.627462 -0.050746 0 106 93
0.054206 -0.623557 -0.048938 0 107 94
0.054797 -0.614996 -0.047659 0 106 94
0.055119 -0.605021 -0.047193 0 104 94
0.055234 -0.594954 -0.045785 0 101 90
0.055027 -0.585252 -0.044683 0 98 87
0.055032 -0.575170 -0.042971 0 94 85
0.055198 -0.566017 -0.042019 0 91 82
0.055173 -0.554607 -0.036767 0 86 80
0.051879 -0.536978 -0.014519 0 84 78
0.053986 -0.533019 -0.005553 2 84 79
0.055267 -0.532337 0.003071 6 82 78
0.051357 -0.526020 -0.004992 14 72 64
0.052691 -0.526786 0.004771 16 77 73
0.059055 -0.525426 0.023822 6 76 72
0.054971 -0.522291 0.031226 44 80 69
0.053648 -0.516368 0.006290 26 57 49
0.054235 -0.512987 0.016122 42 68 60
0.053586 -0.512938 0.028202 44 110 100
0.055665 -0.513598 0.035522 51 111 100
0.056368 -0.514454 0.041536 43 96 88
0.054604 -0.506890 0.004301 28 76 66
0.054748 -0.507827 0.015255 40 68 58
0.054460 -0.504351 0.025998 33 62 58
0.055639 -0.502781 0.034964 82 122 112
0.057636 -0.505990 0.043278 70 118 106
0.057472 -0.499263 0.017929 30 66 58
0.058391 -0.496412 0.033798 94 108 100
0.054279 -0.484546 0.026322 108 132 128
0.054946 -0.484316 0.030695 116 133 128
0.054017 -0.476478 -0.003645 39 94 84
0.057501 -0.473883 0.003960 62 110 100
0.055278 -0.475265 0.026282 169 178 172
0.057377 -0.474940 0.033273 212 202 200
0.054725 -0.464448 0.007507 182 184 178
0.053425 -0.462712 0.025647 206 208 202
0.056224 -0.462468 0.034774 213 210 204
0.056460 -0.466052 0.043451 204 202 200
0.054724 -0.453425 0.007851 120 170 162
0.054957 -0.455276 0.013770 126 166 159
0.056967 -0.457841 0.024449 220 214 211
0.056654 -0.445901 0.007602 118 164 157
0.053907 -0.433359 -0.045457 74 136 128
0.054895 -0.425061 -0.045854 12 104 96
0.054818 -0.415076 -0.042966 0 100 92
0.054870 -0.404497 -0.036950 0 98 90
0.055212 -0.396718 -0.032074 0 101 92
0.055170 -0.391901 -0.029196 0 103 94
0.055132 -0.385067 -0.026638 1 105 95
0.054344 -0.375178 -0.025719 2 107 96
0.054672 -0.365059 -0.026074 1 106 96
0.053793 -0.355586 -0.026170 0 104 94
0.057302 -0.342971 -0.030960 0 96 86
0.053141 -0.346341 -0.027746 0 99 90
0.056218 -0.334850 -0.031229 0 90 82
0.054653 -0.324708 -0.026378 0 83 76
0.055514 -0.322524 0.054839 192 194 190
0.055178 -0.314400 -0.016137 1 90 84
0.055826 -0.311533 0.045137 8 100 89
0.057175 -0.316165 0.055861 118 153 148
0.055329 -0.305303 -0.013179 2 95 88
0.055576 -0.304403 0.039171 6 107 96
0.055687 -0.308434 0.042418 4 104 93
0.054891 -0.295158 -0.015079 1 94 88
0.056931 -0.293191 0.053866 92 142 134
0.054177 -0.294765 0.067783 197 193 189
0.053778 -0.286865 -0.017694 2 93 87
0.054088 -0.281199 0.036187 116 162 156
0.052419 -0.283679 0.046524 24 107 96
0.053229 -0.280520 0.068823 86 130 124
0.057107 -0.286439 0.082527 112 160 155
0.054049 -0.276256 -0.020273 2 94 88
0.055199 -0.274940 -0.019092 2 92 86
0.056194 -0.275670 0.036742 65 128 119
0.055949 -0.274051 0.043689 111 160 152
0.053400 -0.276115 0.056038 8 104 94
0.055018 -0.276900 0.066307 78 132 124
0.056616 -0.273656 0.083956 190 182 182
0.055434 -0.264964 -0.016671 2 91 86
0.055910 -0.264759 0.075609 143 157 152
0.055550 -0.254911 -0.015731 4 93 88
0.054136 -0.252890 0.047128 100 132 128
0.056660 -0.253511 0.054949 162 167 164
0.055043 -0.254478 0.086361 62 122 116
0.056080 -0.253520 0.096643 68 117 112
0.055360 -0.244812 -0.015880 2 91 86
0.057391 -0.247374 0.044526 25 99 91
0.055876 -0.244684 0.056504 80 138 132
0.054555 -0.244223 0.065408 96 148 140
0.054418 -0.246158 0.074430 88 141 134
0.057950 -0.247564 0.083793 92 140 132
0.055699 -0.243651 0.094227 179 174 171
0.054933 -0.235110 -0.015787 2 92 87
0.054730 -0.234400 0.055959 23 98 92
0.057302 -0.236115 0.084449 180 177 174
0.053870 -0.225673 -0.015555 5 99 92
0.053711 -0.222888 0.056992 110 134 131
0.055402 -0.225338 0.065698 129 150 146
0.056706 -0.227525 0.074388 138 150 147
0.052382 -0.217715 -0.013104 4 94 87
0.054439 -0.215652 -0.005188 1 90 85
0.055215 -0.213735 0.002742 4 90 84
0.055137 -0.211992 0.044039 14 70 68
0.055328 -0.213428 0.052970 42 101 98
0.054781 -0.212140 0.066883 60 110 108
0.057925 -0.214936 0.072979 62 116 112
0.054653 -0.209538 0.001724 86 130 126
0.051761 -0.202809 0.025767 20 90 84
0.055831 -0.202455 0.043142 135 160 157
0.055009 -0.193530 0.015564 67 120 120
0.055483 -0.195047 0.025012 54 117 111
0.056772 -0.195070 0.034717 112 143 140
0.052021 -0.185116 -0.003593 62 116 114
0.054130 -0.185026 0.005504 78 130 127
0.055338 -0.186350 0.014760 92 142 140
0.058616 -0.188463 0.024039 92 144 141
0.057709 -0.185038 0.035608 9 102 96
0.057066 -0.182564 0.046526 50 95 90
0.055798 -0.185419 0.054682 80 130 122
0.057137 -0.184893 0.064215 80 122 116
0.052911 -0.175498 0.004693 4 86 82
0.054678 -0.176175 0.013924 5 89 84
0.051407 -0.173239 0.023388 92 152 143
0.053044 -0.174765 0.037925 67 129 124
0.054769 -0.174277 0.045852 112 147 142
0.056354 -0.175592 0.055113 106 143 139
0.057450 -0.175481 0.064768 174 180 176
0.053887 -0.167224 0.016820 98 131 126
0.056838 -0.166944 0.024953 180 186 181
0.056027 -0.165337 0.037110 166 172 164
0.056021 -0.166291 0.045613 175 184 176
0.057467 -0.168155 0.055019 191 190 184
0.055049 -0.153044 0.005830 118 150 145
0.053600 -0.154829 0.014411 108 146 140
0.054866 -0.155993 0.025323 88 132 125
0.056031 -0.156715 0.033917 66 114 108
0.054770 -0.144544 -0.003748 83 123 118
0.054728 -0.145573 0.003585 94 137 130
0.056726 -0.143849 0.015836 51 115 106
0.057848 -0.146707 0.025687 68 122 114
0.054932 -0.134039 -0.013988 60 110 106
0.055579 -0.133949 -0.003941 37 106 98
0.057092 -0.134853 0.004198 10 84 74
0.057331 -0.134977 0.012507 38 102 97
0.051397 -0.128691 -0.012176 8 89 82
0.053434 -0.126724 -0.005096 6 93 83
0.053607 -0.116633 -0.003097 9 87 77
0.055467 -0.114812 0.003113 71 124 119
0.056186 -0.108094 0.004085 92 145 138
0.054048 -0.063483 0.026328 146 142 140
0.056249 -0.064848 0.034257 188 179 176
0.053137 -0.054050 0.014996 52 89 84
0.056498 -0.052646 0.025708 45 86 82
0.055473 -0.046876 0.035710 54 103 97
0.055375 -0.046429 0.043415 70 114 108
0.056165 -0.044691 0.054096 108 133 129
0.058552 -0.044965 0.060776 118 133 130
0.052842 -0.039368 0.005065 89 104 102
0.053233 -0.034760 0.026490 126 130 128
0.054911 -0.035791 0.034646 134 136 134
0.056906 -0.037484 0.044394 173 172 170
0.056715 -0.002422 -0.003568 76 132 120
0.055178 0.004810 -0.005511 60 118 108
0.065515 -0.664738 -0.056632 0 102 90
0.064758 -0.655078 -0.055318 0 104 90
0.065607 -0.644847 -0.054329 0 104 92
0.065148 -0.635153 -0.053284 0 104 92
0.065441 -0.626265 -0.051173 0 104 92
0.065398 -0.614580 -0.047832 0 102 92
0.065383 -0.605051 -0.046196 0 102 91
0.065180 -0.595436 -0.045416 0 100 88
0.065173 -0.585340 -0.044395 0 96 86
0.064922 -0.574897 -0.042537 0 92 84
0.063870 -0.566370 -0.041275 0 90 82
0.067167 -0.562528 -0.038334 0 90 82
0.064575 -0.557110 -0.033983 0 90 82
0.067787 -0.553687 -0.026855 0 88 82
0.066673 -0.546166 -0.013241 0 88 82
0.069215 -0.543898 -0.005633 0 84 78
0.063635 -0.533382 0.014005 8 74 69
0.064401 -0.525039 0.033476 24 72 72
0.066697 -0.523392 0.044108 70 118 115
0.063817 -0.516267 0.045245 56 96 91
0.065891 -0.515020 0.055334 98 120 117
0.066657 -0.513035 0.065696 141 160 155
0.065673 -0.503328 0.064531 200 202 196
0.067784 -0.504160 0.071268 191 192 187
0.061407 -0.493175 0.047910 186 189 184
0.063333 -0.493893 0.055757 196 193 189
0.066489 -0.495928 0.065582 213 210 205
0.068669 -0.495231 0.074015 224 216 210
0.062147 -0.484556 0.046816 171 171 164
0.064707 -0.483710 0.055354 205 202 196
0.067522 -0.485324 0.064389 224 215 209
0.069087 -0.487153 0.071467 228 217 210
0.064777 -0.476315 0.035461 180 188 178
0.064566 -0.475558 0.046770 205 200 195
0.066409 -0.475273 0.055390 212 204 199
0.068956 -0.475793 0.064370 220 212 205
0.062964 -0.462612 0.037999 215 210 206
0.063948 -0.462776 0.045721 221 214 209
0.066795 -0.464485 0.054182 224 218 213
0.067769 -0.465791 0.064393 225 220 218
0.066265 -0.454164 0.006503 84 138 128
0.066377 -0.456441 0.014660 134 156 148
0.064128 -0.455435 0.025210 220 217 213
0.065391 -0.456393 0.034384 226 218 212
0.067359 -0.457729 0.044131 224 218 212
0.065542 -0.442698 0.009047 117 164 156
0.065798 -0.437957 0.006496 120 167 160
0.064469 -0.424135 -0.044558 44 118 110
0.064517 -0.415574 -0.042268 0 98 90
0.067366 -0.411162 -0.039147 0 98 90
0.065050 -0.404895 -0.035810 0 99 90
0.064813 -0.396581 -0.031593 0 102 93
0.064201 -0.392391 -0.029273 0 104 94
0.064116 -0.386395 -0.028287 1 108 96
0.066901 -0.374227 -0.032062 1 107 97
0.066903 -0.365074 -0.032577 0 104 94
0.066600 -0.354854 -0.032229 0 102 92
0.065538 -0.344655 -0.033243 0 100 90
0.064792 -0.335231 -0.033363 0 92 84
0.065251 -0.328076 -0.031571 0 82 76
0.064679 -0.323454 -0.026845 0 80 74
0.065302 -0.314059 -0.015349 2 90 84
0.066591 -0.314028 0.044634 39 97 90
0.067001 -0.313112 0.055006 115 144 138
0.065154 -0.305183 -0.013593 4 94 88
0.065310 -0.308085 0.055053 40 120 108
0.065884 -0.308052 0.062643 10 103 90
0.065338 -0.303058 0.076438 131 148 143
0.064795 -0.296061 -0.015573 2 91 86
0.069289 -0.297181 0.033545 91 134 132
0.065263 -0.284962 -0.016763 2 89 84
0.065370 -0.286666 0.091346 112 160 154
0.064252 -0.274767 -0.017680 8 92 86
0.063338 -0.271786 0.037158 8 90 81
0.062745 -0.274782 0.043602 97 141 134
0.065267 -0.271215 0.054066 122 168 159
0.065911 -0.277540 0.066331 8 102 91
0.067203 -0.275362 0.101191 198 196 192
0.064261 -0.265092 -0.015188 4 92 86
0.068831 -0.263239 -0.006649 4 92 84
0.064775 -0.266680 0.035981 14 90 80
0.065258 -0.266844 0.044105 30 100 90
0.064940 -0.262103 0.065549 212 210 206
0.063650 -0.255092 -0.013405 4 93 86
0.068186 -0.253997 -0.005503 12 92 87
0.063586 -0.255473 0.065683 206 206 204
0.062182 -0.252026 0.086937 62 130 122
0.065032 -0.252975 0.096527 82 126 120
0.065604 -0.255698 0.104357 92 129 122
0.066953 -0.256334 0.114206 53 116 108
0.063612 -0.244972 -0.013220 10 90 85
0.067337 -0.246702 -0.007650 62 118 113
0.065577 -0.241384 0.036579 4 98 92
0.065586 -0.245524 0.044884 12 98 90
0.063402 -0.246666 0.053110 117 152 145
0.063725 -0.242989 0.066032 84 130 125
0.065836 -0.243987 0.074475 104 149 142
0.062597 -0.242304 0.097632 172 170 167
0.065334 -0.243443 0.105206 177 171 167
0.066617 -0.245319 0.114382 175 170 167
0.067535 -0.244443 0.123966 181 176 174
0.062802 -0.236049 -0.012546 4 90 84
0.064868 -0.234534 -0.004863 4 92 84
0.066162 -0.236237 0.005957 83 142 136
0.067032 -0.235786 0.014191 110 151 147
0.067397 -0.235792 0.024400 120 165 160
0.066399 -0.235232 0.036614 32 106 104
0.066094 -0.237054 0.055604 26 108 101
0.065920 -0.237733 0.063737 72 132 126
0.065301 -0.233447 0.086134 173 167 164
0.064447 -0.236171 0.094995 184 176 173
0.064529 -0.224357 0.015191 100 138 135
0.067636 -0.225811 0.066960 176 188 184
0.066450 -0.226684 0.075423 178 176 174
0.067817 -0.226663 0.082148 169 165 163
0.067575 -0.223131 0.105422 148 149 146
0.062690 -0.216266 0.004771 81 122 120
0.065292 -0.216886 0.013702 78 123 122
0.064395 -0.213439 0.026635 12 89 82
0.066071 -0.211003 0.033249 82 123 116
0.062949 -0.211287 0.045668 124 151 149
0.067299 -0.215313 0.054771 62 109 107
0.065405 -0.215969 0.062084 94 120 120
0.064311 -0.213405 0.075721 87 118 114
0.067275 -0.215853 0.086498 136 149 145
0.068105 -0.216568 0.095118 163 164 160
0.068979 -0.216265 0.101500 178 175 174
0.065208 -0.206530 0.025808 32 96 90
0.066259 -0.204468 0.036336 60 111 106
0.067096 -0.204514 0.045825 132 154 152
0.066392 -0.202731 0.055628 114 154 152
0.065379 -0.205674 0.064452 97 133 132
0.064328 -0.206220 0.076343 160 174 172
0.067394 -0.206560 0.084643 184 179 178
0.067590 -0.206850 0.093732 179 174 173
0.061424 -0.193443 0.026211 110 146 145
0.063150 -0.194393 0.037910 92 129 123
0.065926 -0.196139 0.044971 83 128 124
0.065707 -0.196055 0.054287 170 180 177
0.067007 -0.195043 0.062344 164 176 172
0.064884 -0.195032 0.086883 138 158 154
0.064314 -0.187370 0.035108 92 118 114
0.063909 -0.183426 0.047676 58 98 94
0.065587 -0.184498 0.053550 103 130 125
0.065576 -0.184828 0.064308 138 154 152
0.067618 -0.182630 0.075031 155 169 166
0.065966 -0.185393 0.083053 132 164 160
0.063890 -0.175223 0.036586 170 176 174
0.063648 -0.176173 0.045287 96 134 131
0.064218 -0.174671 0.054379 71 122 117
0.066344 -0.175212 0.063723 108 144 142
0.064397 -0.176215 0.072923 126 154 148
0.063611 -0.165650 0.025958 161 165 165
0.063064 -0.164764 0.035616 169 178 177
0.063890 -0.163018 0.047642 133 162 156
0.064605 -0.165511 0.054044 127 158 152
0.063181 -0.153002 0.007875 182 185 186
0.064572 -0.155676 0.014165 178 179 180
0.066080 -0.153855 0.025910 124 144 141
0.063344 -0.152963 0.035617 99 128 124
0.064249 -0.157957 0.045261 156 178 170
0.064318 -0.143294 -0.004128 108 123 122
0.067279 -0.146023 0.004311 136 142 142
0.063406 -0.142729 0.015172 114 147 140
0.063634 -0.144603 0.025084 149 165 158
0.064416 -0.145645 0.033493 168 170 164
0.063447 -0.135435 -0.011387 94 121 118
0.063609 -0.135995 -0.006272 96 124 122
0.063215 -0.136066 0.003769 43 102 93
0.065846 -0.135566 0.015992 127 140 133
0.066139 -0.136924 0.024472 180 182 176
0.066447 -0.136166 0.033944 178 181 176
0.067686 -0.135581 0.043406 178 176 172
0.068191 -0.137719 0.050997 169 172 167
0.065976 -0.111087 0.012679 118 133 130
0.067507 -0.096633 0.024437 182 178 176
0.067018 -0.057662 0.027167 176 166 161
0.065948 -0.055728 0.035565 180 170 166
0.064179 -0.053994 0.045146 164 160 157
0.065440 -0.054860 0.054617 185 182 178
0.066082 -0.055334 0.065811 216 210 206
0.065826 -0.048276 0.036773 118 136 130
0.066809 -0.046025 0.044235 138 140 138
0.066139 -0.043618 0.055609 168 174 170
0.066769 -0.045057 0.061962 192 190 189
0.065469 -0.035947 0.035834 175 176 172
0.065328 -0.037183 0.044479 181 180 178
0.066344 -0.038268 0.052320 193 192 190
0.065697 -0.004780 -0.004160 48 100 91
0.066301 0.003896 -0.016481 68 120 114
0.065223 0.003509 -0.006309 6 88 76
0.075368 -0.674630 -0.061493 0 102 90
0.074673 -0.664953 -0.057882 0 102 89
0.075260 -0.654872 -0.055758 0 102 90
0.074991 -0.644914 -0.055719 0 103 90
0.075272 -0.634870 -0.054389 0 103 92
0.075516 -0.625936 -0.051592 0 102 92
0.073146 -0.621157 -0.049377 0 102 91
0.075354 -0.614967 -0.047802 0 100 90
0.075514 -0.605063 -0.046052 0 97 88
0.075191 -0.595166 -0.045162 0 93 84
0.075054 -0.584925 -0.043494 0 90 82
0.073730 -0.576145 -0.042469 0 88 82
0.076715 -0.572680 -0.038144 0 87 81
0.073474 -0.566214 -0.035391 0 86 80
0.077042 -0.563560 -0.026234 2 85 81
0.072813 -0.557090 -0.024355 2 86 82
0.076058 -0.555262 -0.016354 2 86 81
0.075049 -0.546749 -0.003182 4 88 83
0.076423 -0.543722 0.004301 6 82 77
0.076564 -0.533966 0.025903 20 74 68
0.075872 -0.523266 0.045749 106 132 128
0.075229 -0.521300 0.052311 130 144 141
0.074002 -0.516989 0.047294 102 133 128
0.075206 -0.514466 0.054512 200 194 192
0.075291 -0.513484 0.066432 205 199 194
0.074569 -0.512542 0.072756 207 203 197
0.075530 -0.504698 0.045777 208 200 197
0.076195 -0.504585 0.055561 212 201 196
0.075208 -0.504662 0.065054 218 208 204
0.074160 -0.505143 0.074082 223 215 209
0.077323 -0.494155 0.036677 215 205 202
0.073552 -0.495185 0.044923 212 202 199
0.074074 -0.494820 0.055553 216 205 200
0.073888 -0.495509 0.065300 226 215 210
0.072997 -0.496353 0.073405 234 225 220
0.078116 -0.483244 0.026840 216 204 200
0.075347 -0.485034 0.034672 214 204 200
0.072107 -0.485269 0.044458 214 205 202
0.073616 -0.485027 0.054978 219 208 203
0.074315 -0.484780 0.065216 229 219 213
0.072356 -0.486652 0.073181 240 230 224
0.077564 -0.472662 0.014997 95 136 128
0.076456 -0.473703 0.025945 169 176 167
0.072749 -0.474383 0.033970 203 199 191
0.070757 -0.474002 0.043979 209 202 197
0.073322 -0.474774 0.055105 226 215 210
0.072942 -0.474706 0.063725 236 224 218
0.079653 -0.466523 0.016455 94 134 128
0.077773 -0.466530 0.025378 143 153 144
0.075955 -0.464041 0.035602 196 195 186
0.073147 -0.464705 0.044806 212 206 198
0.073594 -0.464547 0.055420 232 222 214
0.073275 -0.468170 0.061911 239 228 220
0.073050 -0.452089 0.007290 84 132 122
0.073157 -0.453661 0.016168 150 166 158
0.076494 -0.455871 0.026433 210 200 196
0.075656 -0.454673 0.034685 221 210 207
0.074546 -0.456770 0.044614 213 206 198
0.074940 -0.457324 0.053491 227 219 211
0.075382 -0.445927 0.006080 95 150 142
0.078007 -0.443179 0.012802 113 164 155
0.074598 -0.444039 0.025425 234 227 220
0.077838 -0.446828 0.034115 230 220 214
0.074248 -0.435386 0.006988 121 166 161
0.074928 -0.434979 0.013473 120 166 160
0.074388 -0.423022 -0.043305 82 137 130
0.074574 -0.416202 -0.041477 2 96 88
0.075103 -0.411772 -0.038877 0 97 90
0.075040 -0.405054 -0.034887 0 100 92
0.075660 -0.395782 -0.032298 0 104 96
0.075390 -0.384794 -0.033656 1 106 98
0.074728 -0.375486 -0.035658 1 107 97
0.074923 -0.365329 -0.036455 0 104 94
0.074433 -0.355124 -0.036132 0 102 92
0.074837 -0.345375 -0.036868 0 101 92
0.074662 -0.334999 -0.035940 0 94 86
0.074118 -0.327768 -0.032754 0 80 74
0.074356 -0.323969 -0.026892 0 78 72
0.073554 -0.314114 -0.014510 2 87 82
0.073325 -0.313653 0.055150 108 135 130
0.074670 -0.314613 0.063767 149 172 170
0.074252 -0.305332 -0.012600 6 94 88
0.074397 -0.300462 0.021794 89 136 130
0.074213 -0.304695 0.054837 20 94 87
0.075585 -0.306622 0.064534 53 112 104
0.078450 -0.306340 0.074706 82 120 114
0.073447 -0.296774 -0.013871 4 92 88
0.075586 -0.296049 -0.004721 3 89 84
0.074620 -0.293484 0.006360 10 91 85
0.074985 -0.294033 0.015231 101 140 135
0.076098 -0.297531 0.024693 88 130 126
0.074998 -0.295467 0.034012 91 134 130
0.075144 -0.294701 0.066675 124 150 146
0.070988 -0.284573 -0.012843 114 151 147
0.073701 -0.284651 -0.005101 94 138 134
0.074751 -0.286357 0.005557 77 131 125
0.074999 -0.284554 0.013813 2 89 80
0.077720 -0.284418 0.025114 4 75 68
0.077072 -0.283485 0.034820 93 112 112
0.073061 -0.283892 0.046397 89 120 114
0.076801 -0.283828 0.103598 46 101 94
0.074602 -0.276721 -0.006301 40 104 98
0.075762 -0.273072 0.004532 6 86 81
0.077091 -0.274477 0.015710 12 81 76
0.077347 -0.273126 0.025664 58 104 100
0.075359 -0.275786 0.036764 44 92 88
0.074638 -0.275517 0.044893 94 132 128
0.076107 -0.272109 0.058829 94 140 134
0.076954 -0.272894 0.063952 91 140 134
0.075807 -0.277069 0.084570 57 108 100
0.076427 -0.274752 0.095597 113 128 122
0.077963 -0.278140 0.103628 108 122 116
0.077831 -0.276933 0.110951 194 194 189
0.072699 -0.264199 -0.002696 8 88 84
0.073276 -0.265616 0.005310 12 86 82
0.076062 -0.264461 0.014508 64 95 94
0.077900 -0.267118 0.024341 122 136 136
0.077192 -0.266556 0.037145 93 141 135
0.076013 -0.265222 0.044277 78 133 126
0.076609 -0.266601 0.053906 97 142 135
0.075525 -0.266986 0.085015 138 140 136
0.078030 -0.267771 0.092797 196 192 187
0.076852 -0.262144 0.124129 185 188 185
0.071130 -0.254501 -0.003346 86 130 126
0.073924 -0.255411 0.005365 79 120 116
0.076624 -0.254912 0.014338 78 120 118
0.077823 -0.252872 0.036495 12 90 84
0.074323 -0.252838 0.055942 95 141 134
0.074535 -0.255188 0.065570 176 180 176
0.076778 -0.256149 0.074520 194 192 188
0.076796 -0.252754 0.097677 58 112 105
0.072951 -0.255874 0.107727 160 168 166
0.075420 -0.253679 0.117025 177 172 169
0.074380 -0.254712 0.126777 78 131 122
0.077150 -0.253396 0.142785 90 124 122
0.074628 -0.242780 -0.004358 153 168 168
0.075768 -0.244610 0.006432 90 135 133
0.073121 -0.242137 0.013650 112 154 149
0.075953 -0.244785 0.025226 47 115 109
0.075125 -0.244694 0.033869 56 122 116
0.074678 -0.243943 0.046821 42 103 99
0.076903 -0.245525 0.054404 136 160 157
0.076228 -0.246621 0.064313 95 140 134
0.077025 -0.245035 0.074746 132 152 148
0.074816 -0.247085 0.085316 161 177 172
0.074293 -0.245825 0.096885 68 126 119
0.073339 -0.246260 0.115628 170 162 158
0.072527 -0.246901 0.124718 170 172 168
0.074286 -0.244120 0.135325 125 138 138
0.077723 -0.244545 0.142519 88 116 120
0.072834 -0.236443 -0.005807 80 130 126
0.072856 -0.236309 0.006566 64 126 121
0.073834 -0.233872 0.014653 136 164 161
0.073831 -0.234129 0.025031 185 186 184
0.075257 -0.232225 0.035132 151 170 167
0.075486 -0.234516 0.043641 102 141 142
0.074745 -0.235701 0.054866 64 127 122
0.077472 -0.237043 0.064844 59 109 102
0.075611 -0.236602 0.095060 192 190 188
0.074624 -0.236424 0.103660 172 168 164
0.075778 -0.235203 0.134559 188 189 193
0.075760 -0.233138 0.145559 166 170 173
0.076994 -0.226674 0.015846 87 135 130
0.073718 -0.224420 0.025651 144 162 162
0.075251 -0.225828 0.034486 146 165 162
0.076736 -0.225895 0.042201 138 161 160
0.074844 -0.224135 0.074010 123 147 144
0.075559 -0.224396 0.082202 128 147 142
0.071902 -0.223540 0.093203 114 129 125
0.072667 -0.222920 0.105806 171 170 167
0.074236 -0.222756 0.114119 167 163 161
0.075803 -0.222290 0.126071 156 153 150
0.077972 -0.222756 0.131700 160 154 155
0.077131 -0.216630 0.026231 86 128 125
0.077089 -0.214941 0.035273 159 178 176
0.074485 -0.211802 0.046344 138 143 140
0.076134 -0.213178 0.053681 154 164 161
0.075901 -0.217566 0.063466 127 146 144
0.073485 -0.213611 0.078422 111 137 132
0.075036 -0.213139 0.084477 175 173 170
0.075962 -0.214490 0.095486 176 174 172
0.072614 -0.214815 0.105098 186 180 179
0.074406 -0.216066 0.114142 189 181 180
0.077458 -0.214877 0.122991 176 174 172
0.077475 -0.202996 0.017896 190 190 193
0.073789 -0.203434 0.036458 118 144 142
0.074941 -0.204670 0.044933 150 166 164
0.074536 -0.203228 0.053773 144 157 155
0.075259 -0.204104 0.065448 156 168 167
0.075314 -0.206564 0.074058 172 173 171
0.074573 -0.208026 0.085928 191 182 180
0.073304 -0.207425 0.094172 185 179 177
0.074693 -0.205092 0.105015 128 152 150
0.075225 -0.206888 0.115847 78 126 126
0.076189 -0.194300 0.004443 180 184 181
0.075842 -0.193226 0.015367 191 187 187
0.075313 -0.194837 0.024363 170 168 170
0.072588 -0.197047 0.036377 106 136 131
0.075357 -0.198630 0.044172 76 119 112
0.075554 -0.193769 0.054786 176 182 179
0.075555 -0.193533 0.065585 184 179 177
0.076275 -0.192501 0.074266 119 134 132
0.074223 -0.191639 0.087444 36 96 90
0.074528 -0.194782 0.095644 136 156 151
0.077099 -0.195301 0.103064 136 156 151
0.076260 -0.187553 0.006740 113 136 133
0.077056 -0.188115 0.016474 172 174 172
0.077265 -0.186613 0.023784 189 188 187
0.074708 -0.185804 0.046059 112 120 120
0.075121 -0.186659 0.055912 138 152 150
0.074397 -0.185560 0.065085 178 175 172
0.072870 -0.185854 0.075487 108 146 141
0.074233 -0.183467 0.085021 158 176 171
0.075646 -0.185784 0.093022 112 139 135
0.076664 -0.185931 0.103652 158 166 164
0.079482 -0.185221 0.111610 186 180 178
0.074674 -0.173147 0.035006 178 175 174
0.075486 -0.174508 0.066119 138 156 153
0.074666 -0.174453 0.073898 159 172 167
0.075555 -0.176335 0.093488 201 198 196
0.076320 -0.175973 0.101562 184 186 186
0.072337 -0.165685 0.018309 100 116 115
0.075492 -0.165708 0.025070 104 122 122
0.075807 -0.165192 0.033870 173 175 173
0.075533 -0.165384 0.045484 205 197 195
0.073519 -0.164661 0.055635 197 193 191
0.074065 -0.168137 0.065546 151 173 167
0.075532 -0.153150 0.015462 176 170 172
0.076173 -0.157144 0.023164 178 174 176
0.077955 -0.159444 0.032410 130 144 139
0.076990 -0.155096 0.045911 143 152 148
0.073730 -0.144864 0.005260 174 172 172
0.076265 -0.146481 0.013705 175 171 172
0.074457 -0.142487 0.063331 168 164 162
0.075059 -0.143748 0.074651 163 161 159
0.077474 -0.145975 0.083569 170 162 160
0.075912 -0.134293 0.016017 168 169 165
0.072932 -0.134974 0.024741 180 176 171
0.074557 -0.135461 0.033281 129 145 138
0.074170 -0.134391 0.045581 190 184 176
0.074768 -0.137980 0.055284 176 170 167
0.073985 -0.133893 0.067493 187 182 180
0.075286 -0.134402 0.073812 189 184 182
0.077794 -0.136333 0.083933 200 194 194
0.074112 -0.125683 0.015546 134 148 140
0.074061 -0.123230 0.045462 198 193 188
0.076219 -0.125503 0.057938 198 189 186
0.076651 -0.127005 0.064622 196 188 184
0.075308 -0.112682 0.024153 194 188 183
0.077774 -0.115095 0.033161 202 194 190
0.072202 -0.107602 0.017604 199 193 190
0.075805 -0.105795 0.026266 183 173 170
0.074381 -0.094038 0.026670 182 171 168
0.075005 -0.093970 0.032162 190 178 175
0.076668 -0.085624 0.024950 191 176 172
0.072392 -0.053208 0.033954 170 160 155
0.076579 -0.043106 -0.004077 90 110 106
0.077315 -0.041279 0.003285 154 155 152
0.077390 -0.041488 0.013192 158 156 152
0.076962 -0.046937 0.027997 175 166 162
0.074137 -0.048394 0.036188 169 160 154
0.075691 -0.046411 0.045176 177 168 164
0.074576 -0.043532 0.053797 194 188 184
0.075265 -0.035524 -0.004620 70 112 105
0.074584 -0.037771 0.005078 124 132 128
0.075375 -0.037297 0.014677 166 164 162
0.076293 -0.038529 0.023741 175 172 170
0.074014 -0.035230 0.035971 167 164 160
0.076218 -0.035780 0.044502 184 180 176
0.076589 -0.026872 -0.005070 32 80 73
0.076650 -0.013129 -0.004854 59 106 99
0.077345 -0.011072 0.006022 182 184 180
0.076877 -0.004047 -0.011481 96 123 118
0.074624 -0.004827 -0.005059 95 132 127
0.074793 -0.007947 0.003002 184 186 184
0.074762 0.003703 -0.015244 86 132 126
0.074526 0.002950 -0.007373 33 98 90
0.085495 -0.683073 -0.064608 2 101 90
0.084854 -0.675098 -0.062822 2 102 90
0.084161 -0.669094 -0.060711 2 101 90
0.084682 -0.663466 -0.058278 2 100 88
0.085146 -0.654645 -0.056906 1 100 88
0.085351 -0.644854 -0.056981 1 100 88
0.085045 -0.635066 -0.055571 2 100 90
0.085282 -0.625145 -0.052174 1 99 88
0.085356 -0.614380 -0.048472 0 96 86
0.085473 -0.605180 -0.046849 1 92 83
0.085133 -0.595536 -0.046119 0 86 78
0.083844 -0.586041 -0.043676 0 84 78
0.083219 -0.575092 -0.034729 0 86 79
0.085362 -0.572616 -0.026688 0 85 78
0.082799 -0.567089 -0.023620 0 86 81
0.084175 -0.565341 -0.016188 2 84 78
0.082400 -0.555848 -0.005964 7 83 80
0.087087 -0.555223 0.005151 4 70 64
0.085367 -0.545619 0.015259 6 68 62
0.087687 -0.543164 0.023896 22 72 66
0.083006 -0.536752 0.026763 40 96 91
0.086000 -0.534668 0.035129 107 139 134
0.087375 -0.531550 0.041335 110 136 129
0.085290 -0.524932 0.037709 114 142 136
0.086204 -0.524532 0.045933 192 190 186
0.087708 -0.521410 0.054717 218 210 202
0.089308 -0.511916 0.024370 194 190 186
0.087340 -0.513265 0.036972 220 209 206
0.083806 -0.515093 0.044340 217 208 204
0.084838 -0.515383 0.054662 214 206 198
0.087704 -0.503817 0.026510 207 198 195
0.086081 -0.504501 0.033771 210 202 199
0.085868 -0.504348 0.046227 220 210 202
0.082815 -0.506928 0.052827 217 208 200
0.088838 -0.492354 -0.034480 5 61 56
0.086918 -0.493737 0.017281 160 156 152
0.085289 -0.494836 0.025311 207 197 193
0.083605 -0.496570 0.032605 215 206 202
0.083498 -0.496576 0.044238 219 208 200
0.087320 -0.485932 -0.034128 8 57 52
0.085899 -0.484984 -0.024178 8 60 56
0.086439 -0.485124 -0.017175 8 60 51
0.086556 -0.483028 0.018055 203 194 191
0.084129 -0.484776 0.023936 215 205 200
0.085837 -0.486675 0.034051 221 210 204
0.085117 -0.474495 -0.014631 70 114 109
0.084642 -0.473652 -0.005481 68 109 102
0.086319 -0.474779 0.017581 217 206 201
0.083858 -0.475229 0.022807 218 208 204
0.086966 -0.462843 0.006794 102 138 132
0.085560 -0.464799 0.017286 215 204 200
0.081631 -0.465301 0.021943 161 172 165
0.084942 -0.453730 0.006619 100 144 138
0.086283 -0.456602 0.016534 154 167 162
0.083465 -0.454678 0.024110 160 173 166
0.085280 -0.453254 0.035558 121 135 123
0.085779 -0.453169 0.046133 216 208 199
0.085354 -0.454279 0.053703 227 218 210
0.085383 -0.445379 -0.023619 116 128 122
0.085552 -0.444090 -0.013686 158 166 159
0.085155 -0.444050 -0.003871 200 200 194
0.084841 -0.444971 0.004928 146 177 170
0.084008 -0.440938 0.013285 112 162 154
0.085352 -0.445541 0.024860 224 212 207
0.084888 -0.446315 0.033848 122 144 134
0.083700 -0.434973 0.007771 232 228 222
0.085512 -0.435133 0.014566 154 181 173
0.086631 -0.426860 0.016238 122 165 159
0.087740 -0.421462 0.025057 66 128 126
0.084073 -0.417305 -0.041151 21 102 92
0.085135 -0.413354 -0.038505 28 113 104
0.085066 -0.404871 -0.035228 0 102 92
0.084948 -0.395142 -0.034503 0 106 95
0.088242 -0.382479 -0.041111 0 107 96
0.083862 -0.385724 -0.037302 0 106 96
0.087318 -0.375809 -0.041159 0 106 94
0.082992 -0.377226 -0.039013 0 106 96
0.084252 -0.374482 0.015744 80 130 126
0.086982 -0.363756 -0.041311 0 105 94
0.085097 -0.364528 0.015540 88 136 132
0.086788 -0.354922 -0.041809 0 104 94
0.087021 -0.355021 0.014628 26 85 80
0.085649 -0.345393 -0.040861 1 104 94
0.084592 -0.334526 -0.037589 0 94 86
0.083366 -0.336420 0.096833 90 145 136
0.088715 -0.333897 0.104926 106 140 135
0.085592 -0.330187 0.115714 23 94 87
0.084944 -0.326647 -0.033420 0 80 74
0.084504 -0.322282 -0.026432 1 78 72
0.087016 -0.325170 0.026104 102 136 130
0.087369 -0.324612 0.033935 89 128 123
0.086907 -0.323741 0.114304 72 120 112
0.086301 -0.316896 -0.014164 0 86 80
0.086959 -0.310992 0.053705 178 184 178
0.086681 -0.315317 0.116070 75 129 120
0.087999 -0.314773 0.122931 76 131 121
0.083783 -0.302345 0.005953 47 111 104
0.085581 -0.302867 0.014583 74 122 117
0.087331 -0.303521 0.025837 126 146 142
0.086939 -0.302933 0.034829 100 134 130
0.086814 -0.306674 0.044441 135 150 146
0.087410 -0.306664 0.053838 181 184 179
0.086745 -0.302023 0.063733 119 140 136
0.083396 -0.303515 0.077392 144 159 156
0.084628 -0.304804 0.126651 18 111 100
0.087814 -0.301158 0.133764 69 133 124
0.086578 -0.296331 -0.012599 20 90 82
0.085942 -0.296619 -0.004946 68 129 123
0.086426 -0.297383 0.004593 73 134 129
0.085265 -0.295926 0.014438 116 143 140
0.085557 -0.295947 0.025502 186 190 189
0.086772 -0.296484 0.034080 129 156 153
0.085625 -0.293956 0.042455 103 146 141
0.087187 -0.294982 0.053760 88 132 130
0.088853 -0.295254 0.063693 130 150 147
0.084449 -0.292347 0.075797 140 149 144
0.085220 -0.296396 0.084212 156 154 150
0.087173 -0.295379 0.127295 64 126 116
0.088181 -0.284887 0.015206 180 182 182
0.086041 -0.282118 0.036779 150 160 159
0.085289 -0.283117 0.044735 147 157 156
0.086078 -0.281957 0.054959 116 140 138
0.086456 -0.285063 0.064615 157 166 164
0.087349 -0.287358 0.074375 160 171 167
0.084715 -0.284360 0.095465 146 156 151
0.085779 -0.283701 0.105162 142 148 144
0.087924 -0.287778 0.133583 84 140 130
0.083278 -0.273168 -0.002806 64 88 84
0.084911 -0.272071 0.005857 86 122 120
0.085755 -0.275199 0.015055 112 138 137
0.083377 -0.276562 0.025721 104 136 131
0.083038 -0.273862 0.035528 92 130 126
0.085025 -0.274496 0.044814 125 149 147
0.086604 -0.276918 0.053252 154 165 164
0.086034 -0.271221 0.065589 100 133 130
0.085468 -0.276317 0.086296 88 122 118
0.085685 -0.274554 0.095634 152 154 150
0.086007 -0.274932 0.105193 164 160 156
0.086504 -0.275862 0.113220 166 162 158
0.085788 -0.265322 -0.013573 16 76 68
0.085556 -0.266575 -0.005406 36 82 76
0.086988 -0.267792 0.003732 52 98 90
0.083183 -0.262888 0.017306 148 160 162
0.083614 -0.265281 0.025146 172 181 182
0.085642 -0.265730 0.036855 116 149 147
0.086576 -0.265979 0.043235 142 166 164
0.086782 -0.265881 0.053510 128 154 151
0.084909 -0.265237 0.066274 109 132 130
0.086530 -0.263987 0.075251 156 165 163
0.087437 -0.263242 0.086405 106 116 114
0.086610 -0.267352 0.094630 151 161 159
0.084710 -0.263411 0.135074 168 166 164
0.084403 -0.253931 0.016966 192 197 197
0.085986 -0.256097 0.046141 69 124 118
0.082382 -0.254317 0.055291 111 135 131
0.083844 -0.254191 0.066448 135 144 140
0.084326 -0.254289 0.074951 159 165 164
0.086922 -0.256264 0.082780 168 170 169
0.086813 -0.255405 0.094670 172 178 176
0.085136 -0.254432 0.105119 163 166 165
0.082714 -0.255472 0.135036 168 167 166
0.082438 -0.258007 0.144776 75 128 121
0.084672 -0.241541 -0.004577 122 141 142
0.087985 -0.242766 0.003980 160 172 176
0.087018 -0.244495 0.013994 152 162 164
0.084930 -0.245960 0.024955 115 146 145
0.086207 -0.245755 0.034860 139 155 154
0.085746 -0.245765 0.045569 131 152 153
0.085359 -0.246328 0.056268 145 160 158
0.083931 -0.246937 0.064488 173 177 176
0.082956 -0.246190 0.073388 157 167 168
0.082641 -0.245323 0.087501 190 184 181
0.083972 -0.244755 0.094980 178 174 172
0.085612 -0.242598 0.103493 173 173 170
0.085889 -0.244769 0.112189 166 166 164
0.084872 -0.243942 0.145743 151 162 162
0.086526 -0.244598 0.155941 103 126 130
0.085959 -0.233825 -0.011598 7 70 65
0.086827 -0.234934 -0.006293 112 143 143
0.088295 -0.238025 0.002853 169 182 184
0.086300 -0.233533 0.035587 99 132 126
0.086753 -0.233695 0.044140 122 142 141
0.084940 -0.233259 0.056110 101 132 131
0.085322 -0.236089 0.064580 157 165 164
0.087222 -0.234390 0.074871 164 160 158
0.087526 -0.232926 0.086105 147 151 150
0.084993 -0.234397 0.093067 153 157 157
0.087289 -0.234479 0.106822 161 169 162
0.087346 -0.232718 0.113152 189 190 188
0.083448 -0.233876 0.137234 172 173 173
0.086224 -0.233821 0.144124 181 181 184
0.085968 -0.234395 0.154373 180 180 184
0.087508 -0.232909 0.163080 184 182 185
0.084407 -0.224401 0.035486 138 156 153
0.084871 -0.225910 0.045056 136 153 152
0.086873 -0.225255 0.054028 143 161 158
0.084266 -0.224453 0.067283 135 147 146
0.085828 -0.227029 0.076407 143 153 151
0.084099 -0.226639 0.083000 108 128 124
0.084169 -0.228036 0.103261 98 129 125
0.082721 -0.226584 0.114216 182 190 186
0.083545 -0.226847 0.125341 99 129 125
0.085583 -0.222758 0.135259 121 133 133
0.088283 -0.225957 0.143296 162 157 156
0.083684 -0.215815 0.027388 118 146 146
0.085858 -0.216339 0.033713 156 168 166
0.083666 -0.210529 0.044997 130 131 132
0.085390 -0.212421 0.057238 137 149 150
0.086707 -0.214065 0.065223 152 164 164
0.086980 -0.212056 0.076806 182 182 182
0.087479 -0.213530 0.083524 186 184 185
0.084685 -0.213503 0.090913 193 196 195
0.084621 -0.216919 0.117263 221 214 211
0.084206 -0.214294 0.127010 148 166 166
0.086013 -0.216304 0.133872 167 172 173
0.085217 -0.201921 0.015765 155 162 165
0.085707 -0.204023 0.024927 157 162 165
0.085337 -0.204568 0.034874 163 164 168
0.084717 -0.204279 0.044695 132 144 142
0.085881 -0.204618 0.054447 156 158 157
0.083842 -0.205080 0.066617 190 186 185
0.085503 -0.204738 0.075137 193 186 184
0.085031 -0.205568 0.084147 182 172 170
0.086168 -0.207689 0.093629 145 159 156
0.085517 -0.203506 0.105834 177 181 179
0.088048 -0.208271 0.114407 161 164 162
0.083808 -0.208096 0.122750 74 116 116
0.087865 -0.193925 -0.013947 64 104 101
0.086929 -0.194660 -0.005612 139 153 156
0.084906 -0.195623 0.003880 123 140 138
0.083887 -0.194279 0.015482 185 184 186
0.084510 -0.194268 0.023667 193 189 191
0.085730 -0.196822 0.034158 168 166 170
0.084185 -0.198122 0.045860 127 141 136
0.085122 -0.197554 0.054213 165 166 163
0.085470 -0.194863 0.064951 184 178 178
0.084376 -0.196445 0.074991 196 185 182
0.083549 -0.195269 0.083890 180 180 176
0.085759 -0.194582 0.093222 132 131 126
0.083777 -0.196421 0.104453 166 172 167
0.085039 -0.194635 0.113854 192 186 184
0.087652 -0.186054 -0.016410 78 104 102
0.086789 -0.186135 -0.005520 137 144 144
0.084952 -0.187079 0.004931 113 140 137
0.085350 -0.187251 0.013174 132 142 140
0.084868 -0.186433 0.024412 204 194 192
0.084817 -0.186473 0.033662 214 202 199
0.086677 -0.183205 0.043644 216 212 212
0.086179 -0.184033 0.056357 152 163 164
0.085289 -0.187480 0.063460 154 161 156
0.086751 -0.185199 0.095567 168 176 173
0.083408 -0.183442 0.104808 206 199 197
0.083171 -0.184991 0.115163 181 174 172
0.087088 -0.185383 0.123176 197 186 184
0.086847 -0.174991 0.018666 118 139 136
0.086622 -0.173247 0.026296 170 169 166
0.084815 -0.173842 0.035820 189 182 181
0.085882 -0.173782 0.045062 212 198 196
0.087907 -0.174535 0.053344 216 202 200
0.083844 -0.175699 0.066512 148 156 154
0.084447 -0.173980 0.075354 115 128 123
0.088420 -0.175464 0.081275 143 165 161
0.086334 -0.177093 0.095781 202 200 198
0.085385 -0.177454 0.104300 218 208 205
0.085564 -0.163713 0.026982 147 150 148
0.085514 -0.165099 0.034049 188 182 180
0.086289 -0.166947 0.043213 198 187 184
0.083287 -0.167752 0.054766 224 210 208
0.083465 -0.167426 0.065615 185 186 182
0.088775 -0.161342 0.074818 227 221 217
0.087316 -0.166332 0.086178 210 206 202
0.088856 -0.154786 -0.002596 171 164 165
0.087147 -0.155952 0.005752 184 176 176
0.084368 -0.156447 0.024313 183 177 178
0.084726 -0.158192 0.034308 133 146 144
0.084896 -0.154385 0.067976 224 218 217
0.085807 -0.155106 0.072910 222 218 216
0.087274 -0.151628 0.103504 96 118 114
0.085952 -0.153630 0.125659 185 179 181
0.087102 -0.157530 0.134035 182 178 181
0.082174 -0.146261 0.013897 178 170 172
0.087920 -0.144943 0.064296 196 189 187
0.084427 -0.144466 0.077979 194 183 182
0.083830 -0.145259 0.083490 206 196 194
0.085596 -0.144381 0.105490 193 186 184
0.086162 -0.138708 0.005055 124 149 141
0.085026 -0.133672 0.016088 151 152 150
0.086697 -0.132758 0.024477 153 158 155
0.086423 -0.134737 0.034169 152 154 153
0.086250 -0.134515 0.042426 202 192 190
0.085352 -0.135454 0.056229 173 162 158
0.086663 -0.134525 0.062423 181 171 168
0.081200 -0.132202 0.076213 192 184 180
0.082630 -0.134037 0.084084 205 195 194
0.084684 -0.137203 0.094646 207 198 196
0.087591 -0.138025 0.104125 209 200 198
0.085051 -0.126594 0.005450 161 158 156
0.085155 -0.127321 0.013723 157 157 156
0.089020 -0.128113 0.025008 165 160 160
0.088220 -0.128432 0.034010 184 180 179
0.089332 -0.126833 0.044518 194 182 180
0.085037 -0.126790 0.051890 196 183 180
0.082871 -0.124765 0.065591 194 184 181
0.085438 -0.126909 0.073219 190 180 176
0.081354 -0.112695 0.034310 202 194 188
0.085046 -0.114816 0.045516 181 171 173
0.085360 -0.113295 0.055242 175 168 169
0.085754 -0.115211 0.065465 182 172 172
0.085581 -0.117144 0.072841 176 168 166
0.088130 -0.106500 0.004920 190 182 182
0.083479 -0.104378 0.025270 182 168 163
0.083724 -0.106172 0.034278 175 163 159
0.086592 -0.106814 0.043434 182 171 168
0.086080 -0.103393 0.057130 194 180 177
0.085524 -0.107405 0.064880 193 182 178
0.088129 -0.095177 0.045038 189 174 171
0.084313 -0.084161 0.018717 201 185 181
0.084886 -0.083520 0.024215 196 180 176
0.085859 -0.074468 0.017785 193 176 168
0.085654 -0.075873 0.023667 179 164 158
0.086296 -0.072828 0.032599 174 160 154
0.086015 -0.063554 0.017445 156 145 140
0.087477 -0.064692 0.024412 163 152 146
0.087687 -0.066708 0.033819 177 164 158
0.086345 -0.055986 0.024819 162 151 146
0.085378 -0.042059 -0.004639 96 118 111
0.084646 -0.042512 0.004909 147 145 142
0.084519 -0.043232 0.014059 159 155 149
0.082992 -0.044459 0.025864 190 182 178
0.082724 -0.045490 0.045628 194 183 178
0.086854 -0.036183 -0.004535 68 108 101
0.086583 -0.036698 0.004783 166 160 154
0.084922 -0.036607 0.016223 179 176 172
0.084147 -0.037631 0.024544 186 181 177
0.085167 -0.035089 0.035099 170 164 162
0.083166 -0.036250 0.044111 198 192 190
0.084742 -0.022946 -0.015770 38 86 78
0.086448 -0.023792 -0.004902 84 130 122
0.086561 -0.024870 0.004087 150 154 150
0.086421 -0.028717 0.011899 174 168 164
0.085372 -0.014782 -0.005409 62 108 100
0.086491 -0.014450 0.004424 180 178 174
0.084646 -0.003839 -0.013721 123 139 134
0.084150 -0.006190 -0.005591 125 159 151
0.087432 0.007442 -0.023357 102 153 146
0.083291 0.003263 -0.016404 102 149 144
0.094346 -0.683005 -0.063656 6 100 90
0.095189 -0.675073 -0.062624 4 101 90
0.094692 -0.667833 -0.060590 4 100 90
0.094636 -0.663723 -0.058824 2 99 88
0.098779 -0.656748 -0.060386 1 96 85
0.094249 -0.655334 -0.058183 2 96 86
0.095149 -0.644756 -0.058195 2 96 86
0.095160 -0.635337 -0.056241 3 97 87
0.095240 -0.625426 -0.052096 2 96 87
0.095062 -0.620640 -0.049549 3 94 86
0.097524 -0.616747 -0.050568 2 88 82
0.094048 -0.615208 -0.049130 2 92 84
0.096830 -0.604399 -0.051081 0 78 72
0.093912 -0.604816 -0.048474 1 82 76
0.093715 -0.595337 -0.046936 1 78 73
0.096610 -0.585202 -0.035041 2 78 73
0.096945 -0.574709 -0.014235 6 74 70
0.093697 -0.562993 0.002969 2 70 64
0.095061 -0.557371 0.016390 38 96 92
0.096279 -0.553920 0.025981 93 123 119
0.091229 -0.546914 0.026516 72 107 103
0.094854 -0.544728 0.036607 170 178 174
0.098279 -0.543548 0.043785 212 212 210
0.095418 -0.534601 0.038082 149 156 151
0.096234 -0.534263 0.045921 226 220 216
0.098135 -0.532705 0.053546 230 220 212
0.096328 -0.523345 0.036181 228 217 213
0.095307 -0.525230 0.045305 226 215 209
0.092297 -0.524972 0.052523 224 216 208
0.096212 -0.512453 0.017401 204 198 194
0.095010 -0.513032 0.024889 213 204 201
0.093438 -0.517126 0.032766 222 212 208
0.094370 -0.516083 0.044239 226 214 208
0.097831 -0.503596 0.017497 224 211 206
0.093646 -0.505183 0.024097 222 211 206
0.093664 -0.504568 0.034164 223 213 207
0.095951 -0.494758 0.016349 225 212 206
0.091916 -0.496284 0.022478 223 211 207
0.093305 -0.495451 0.034206 226 216 207
0.096140 -0.481981 -0.015490 110 136 124
0.095905 -0.483993 0.007617 220 206 200
0.093959 -0.484647 0.015236 227 214 209
0.091132 -0.487297 0.021804 229 217 213
0.097408 -0.475620 -0.014078 107 132 122
0.094013 -0.473103 -0.004959 108 138 128
0.094808 -0.474617 0.006481 220 208 202
0.092972 -0.475593 0.013381 226 212 208
0.095849 -0.466830 -0.003529 110 132 120
0.093782 -0.464276 0.006888 149 166 159
0.094547 -0.464688 0.013492 226 212 208
0.093320 -0.456776 0.006470 76 127 119
0.095453 -0.455352 0.014458 124 148 139
0.093325 -0.452628 0.023402 92 133 126
0.095972 -0.454742 0.036012 210 204 194
0.093162 -0.452442 0.044063 222 212 203
0.096124 -0.444348 0.014925 151 174 168
0.092824 -0.444583 0.023051 156 164 156
0.095964 -0.448581 0.044800 218 210 200
0.097161 -0.437769 -0.032390 104 124 116
0.097360 -0.436956 -0.022729 155 169 161
0.094909 -0.437248 -0.013827 202 196 190
0.095126 -0.437652 -0.007106 223 214 208
0.096286 -0.435807 0.015546 155 178 171
0.095919 -0.426796 0.017076 122 162 155
0.092789 -0.424134 0.022969 125 162 158
0.094494 -0.413601 -0.038427 26 109 98
0.096801 -0.414145 0.017174 64 122 120
0.093876 -0.415264 0.022758 67 126 124
0.093856 -0.405548 -0.036883 0 103 92
0.096471 -0.406806 0.016950 53 110 107
0.091468 -0.408065 0.023517 68 124 120
0.096844 -0.393564 -0.041679 0 106 93
0.092439 -0.395706 -0.038122 0 106 94
0.095384 -0.385206 -0.042913 0 106 93
0.095497 -0.375519 -0.043209 0 106 94
0.095453 -0.374358 0.011993 79 130 126
0.095603 -0.365210 -0.043092 0 106 94
0.095326 -0.355284 -0.042556 0 104 94
0.093209 -0.353703 0.013268 34 95 89
0.096172 -0.345676 -0.041744 0 101 92
0.095071 -0.344873 0.015856 76 130 124
0.094876 -0.342235 0.024537 87 141 136
0.097407 -0.337046 -0.040568 0 93 84
0.092989 -0.334003 -0.038591 0 90 82
0.095979 -0.336980 0.026328 93 140 132
0.096207 -0.333685 0.034795 93 140 132
0.093213 -0.334170 0.103134 142 152 152
0.094705 -0.325959 -0.034721 0 79 72
0.094914 -0.321444 -0.026927 0 82 75
0.095208 -0.324503 0.036954 62 118 110
0.094319 -0.321977 0.044407 84 129 122
0.095594 -0.322715 0.055042 103 138 130
0.095201 -0.324371 0.064829 134 154 152
0.096985 -0.323519 0.075385 169 170 169
0.093231 -0.317119 -0.013333 2 92 84
0.098107 -0.312651 0.014231 122 150 149
0.096306 -0.315882 0.037411 54 112 105
0.095766 -0.315954 0.044827 112 146 141
0.095417 -0.313865 0.055273 151 159 156
0.096004 -0.313197 0.064591 167 166 163
0.095593 -0.316346 0.075113 174 172 170
0.095718 -0.316672 0.082886 178 175 172
0.090163 -0.315710 0.122955 76 127 117
0.097822 -0.306253 0.014140 160 166 170
0.094831 -0.303149 0.024845 176 178 177
0.094040 -0.303759 0.037006 95 126 121
0.093588 -0.306426 0.046281 152 158 154
0.094922 -0.306993 0.054943 174 175 171
0.094031 -0.304945 0.066848 172 176 172
0.092414 -0.303808 0.076206 180 175 170
0.092276 -0.304060 0.084757 168 162 159
0.093633 -0.294711 -0.004757 37 100 92
0.095217 -0.296029 0.004959 87 135 130
0.096951 -0.295465 0.014446 142 153 150
0.096598 -0.296414 0.025294 147 158 157
0.095418 -0.294173 0.034561 111 138 137
0.095263 -0.292001 0.043580 115 137 137
0.093358 -0.292523 0.055263 106 134 132
0.094719 -0.292656 0.065546 165 165 163
0.094470 -0.294033 0.075255 166 165 162
0.094381 -0.295236 0.083211 176 173 171
0.093410 -0.293425 0.126828 166 166 166
0.092160 -0.293839 0.133949 150 159 157
0.096746 -0.281757 -0.002673 173 176 175
0.095857 -0.284752 0.005261 178 180 178
0.093872 -0.287053 0.013651 165 170 168
0.093759 -0.284900 0.025164 92 115 112
0.095268 -0.285876 0.036321 111 138 136
0.094789 -0.286390 0.044158 129 147 146
0.095146 -0.286770 0.053657 126 137 136
0.094984 -0.285225 0.065490 176 177 177
0.093781 -0.287277 0.074094 180 180 180
0.093765 -0.285998 0.123910 176 174 174
0.096507 -0.273733 -0.013340 148 156 154
0.096104 -0.277091 -0.006144 174 175 174
0.091761 -0.272231 0.007177 162 176 174
0.091473 -0.272745 0.013346 160 164 162
0.094888 -0.275998 0.026394 166 176 171
0.096298 -0.275404 0.034626 194 192 187
0.094639 -0.273324 0.045768 136 149 147
0.094919 -0.274912 0.055004 174 177 176
0.095756 -0.276175 0.062355 188 184 180
0.093315 -0.272545 0.086690 171 168 165
0.092087 -0.272689 0.095577 158 160 160
0.092334 -0.275789 0.102547 155 156 156
0.094787 -0.262884 -0.004247 40 90 82
0.095900 -0.266123 0.005172 172 180 178
0.093768 -0.262639 0.014168 108 129 124
0.092864 -0.263946 0.026554 97 112 110
0.095620 -0.264242 0.035716 90 122 120
0.094197 -0.264225 0.044759 117 141 140
0.094546 -0.264196 0.054187 134 153 152
0.093972 -0.264932 0.065517 170 172 171
0.094078 -0.264774 0.075980 166 168 166
0.094113 -0.263896 0.084696 168 171 170
0.094490 -0.265878 0.093652 166 170 171
0.094335 -0.262300 0.103662 98 134 131
0.096746 -0.254968 0.006070 110 127 122
0.094514 -0.255518 0.014132 118 136 135
0.093689 -0.254743 0.025653 140 157 160
0.095132 -0.256747 0.036680 95 129 129
0.094035 -0.256664 0.044935 136 154 152
0.095610 -0.255793 0.054348 139 155 154
0.095584 -0.254172 0.065793 156 160 161
0.094718 -0.255891 0.074700 151 158 157
0.093523 -0.257156 0.084650 161 165 166
0.096480 -0.257209 0.094324 175 179 180
0.095152 -0.256722 0.105203 124 150 148
0.093599 -0.255325 0.111817 150 170 168
0.096860 -0.244766 -0.004475 150 155 154
0.095371 -0.246197 0.004754 120 143 141
0.092938 -0.245120 0.014099 137 151 152
0.094270 -0.245326 0.024434 162 168 170
0.094845 -0.245844 0.034279 166 170 173
0.094470 -0.245275 0.055321 142 144 144
0.095242 -0.246613 0.063455 130 148 143
0.095799 -0.244530 0.104592 154 162 160
0.096419 -0.245614 0.115595 144 160 158
0.096182 -0.244808 0.122229 143 154 152
0.094610 -0.244237 0.155950 172 172 176
0.095441 -0.244342 0.163813 145 156 161
0.095623 -0.232825 -0.004745 82 114 113
0.092644 -0.234527 0.003427 159 166 167
0.095386 -0.234219 0.016602 114 138 137
0.095438 -0.232542 0.025088 148 157 157
0.096652 -0.232178 0.035136 117 140 139
0.095968 -0.234866 0.045290 146 154 155
0.097138 -0.235400 0.053681 175 176 176
0.094619 -0.233985 0.064793 160 161 164
0.092236 -0.232759 0.074128 128 147 146
0.092571 -0.232276 0.087998 112 146 145
0.094834 -0.232944 0.097273 150 164 165
0.094886 -0.234833 0.106545 172 174 174
0.094588 -0.234864 0.114501 188 188 187
0.094285 -0.236639 0.123679 177 178 176
0.096551 -0.232598 0.133569 176 174 174
0.093328 -0.232781 0.147003 158 156 160
0.094004 -0.234276 0.154949 182 180 183
0.096225 -0.234099 0.163507 188 186 190
0.095323 -0.225571 -0.010717 26 82 75
0.097657 -0.225518 -0.006523 113 136 131
0.096782 -0.224541 0.003686 117 138 135
0.096009 -0.225307 0.014296 107 128 126
0.096061 -0.226530 0.025394 120 142 140
0.094483 -0.224646 0.035374 103 136 132
0.093407 -0.225031 0.045263 122 144 144
0.094792 -0.225066 0.055710 157 164 164
0.095637 -0.226234 0.064091 172 174 176
0.092272 -0.224175 0.074830 119 141 139
0.094037 -0.224341 0.084726 161 168 167
0.096842 -0.224715 0.094401 151 166 165
0.093651 -0.227328 0.103743 189 190 190
0.094379 -0.227500 0.116794 212 208 206
0.095581 -0.225601 0.124610 198 195 193
0.095306 -0.223822 0.136299 164 171 167
0.095938 -0.223574 0.145251 183 182 182
0.094004 -0.225879 0.154943 168 166 172
0.097437 -0.217303 -0.004063 95 128 119
0.096547 -0.216626 0.016619 72 102 103
0.097129 -0.214977 0.026002 90 114 116
0.092038 -0.217525 0.036981 135 151 149
0.094580 -0.215200 0.044892 112 136 133
0.095202 -0.213696 0.056694 134 145 144
0.093184 -0.215591 0.065481 137 144 144
0.094756 -0.214412 0.074107 174 175 176
0.094802 -0.216614 0.085056 176 176 178
0.094739 -0.215978 0.094561 178 174 173
0.096939 -0.216158 0.102865 186 182 182
0.091814 -0.214828 0.128673 196 195 191
0.094722 -0.214208 0.136420 135 161 160
0.095544 -0.215624 0.143485 165 177 178
0.096285 -0.202312 -0.014856 148 161 158
0.095188 -0.204808 -0.005788 160 167 165
0.095245 -0.204311 0.005253 130 142 143
0.095348 -0.204576 0.014631 154 161 161
0.095217 -0.206719 0.024202 142 151 151
0.092583 -0.207394 0.033682 133 144 145
0.092565 -0.204930 0.046761 96 122 120
0.093656 -0.206678 0.053626 138 152 149
0.095154 -0.202494 0.064327 135 142 140
0.093577 -0.205501 0.075494 209 202 202
0.095146 -0.205997 0.084647 226 216 213
0.092312 -0.205105 0.094011 193 188 186
0.096547 -0.205764 0.105593 84 126 122
0.094449 -0.202824 0.114058 30 102 93
0.094808 -0.203692 0.125871 120 145 143
0.092911 -0.208984 0.134068 135 161 157
0.094164 -0.206731 0.147325 187 188 194
0.097669 -0.204829 0.152547 185 188 194
0.096614 -0.193432 -0.023711 10 76 70
0.093328 -0.193948 -0.015222 19 64 59
0.094654 -0.195397 -0.004486 132 147 145
0.096290 -0.194148 0.004278 169 169 168
0.096450 -0.195247 0.015115 196 188 186
0.093775 -0.196546 0.026715 198 194 193
0.094842 -0.194544 0.033570 198 191 192
0.091684 -0.197918 0.044933 172 167 168
0.092473 -0.196174 0.056748 173 168 169
0.093264 -0.195118 0.063818 174 173 170
0.096143 -0.195904 0.091815 106 136 132
0.096448 -0.195612 0.106215 108 129 124
0.094420 -0.195697 0.115811 164 175 171
0.094400 -0.199411 0.123998 197 194 192
0.095109 -0.185636 -0.015935 78 109 104
0.095368 -0.186538 -0.007238 164 166 162
0.094232 -0.185460 0.003065 187 179 177
0.091250 -0.185112 0.014647 133 147 143
0.096027 -0.184097 0.025441 200 188 178
0.094284 -0.184091 0.034509 210 198 194
0.094378 -0.184123 0.045677 201 192 192
0.094248 -0.184769 0.052865 197 189 187
0.092539 -0.186977 0.065669 171 165 161
0.095173 -0.185231 0.074566 128 140 137
0.095001 -0.181788 0.085842 107 127 122
0.096464 -0.184086 0.093818 155 160 156
0.094480 -0.183730 0.105755 217 212 210
0.094001 -0.184631 0.126082 210 200 196
0.096619 -0.187061 0.132899 111 136 135
0.098470 -0.174699 -0.011933 186 177 174
0.098482 -0.175327 -0.004454 149 152 147
0.094802 -0.175060 0.003255 192 182 178
0.096155 -0.176704 0.012702 188 176 172
0.093352 -0.177247 0.025704 108 132 127
0.095319 -0.174225 0.035751 149 154 152
0.093952 -0.176705 0.044893 190 183 181
0.095927 -0.174191 0.055328 203 191 188
0.095722 -0.174127 0.065730 207 195 192
0.092065 -0.177075 0.075937 166 154 153
0.095159 -0.175936 0.084726 146 155 151
0.097270 -0.177662 0.093037 190 184 181
0.095994 -0.161812 0.014774 170 163 162
0.093164 -0.163195 0.027936 178 173 173
0.095579 -0.164982 0.034243 179 173 172
0.095962 -0.165395 0.044229 174 173 171
0.094903 -0.168658 0.053013 202 190 189
0.093429 -0.168552 0.063060 222 208 204
0.093767 -0.162278 0.076194 226 220 217
0.096264 -0.163058 0.144921 183 178 182
0.093522 -0.154388 -0.004665 160 156 156
0.093735 -0.155586 0.004195 188 178 177
0.093438 -0.154804 0.012791 202 192 190
0.095634 -0.153024 0.024883 212 204 205
0.094702 -0.153509 0.054196 185 181 174
0.091535 -0.152226 0.107656 184 174 170
0.096913 -0.153786 0.113947 182 172 170
0.094997 -0.155600 0.135188 188 181 182
0.096269 -0.156288 0.143884 180 175 178
0.094350 -0.145095 0.005062 188 174 168
0.093980 -0.144488 0.024819 206 197 196
0.096206 -0.145148 0.033774 212 205 204
0.096049 -0.142368 0.057583 177 168 166
0.094459 -0.142771 0.066004 165 164 162
0.096081 -0.142875 0.074690 152 155 151
0.099056 -0.144152 0.083951 190 180 176
0.094279 -0.143516 0.115277 203 194 192
0.096075 -0.144074 0.123526 216 204 204
0.094006 -0.132547 0.017329 171 162 160
0.094319 -0.134190 0.023198 178 168 164
0.093960 -0.135676 0.034580 181 171 167
0.094882 -0.136670 0.043514 194 185 183
0.095760 -0.135187 0.055970 202 192 191
0.093281 -0.136805 0.064923 194 185 184
0.094167 -0.135123 0.074930 200 190 186
0.097371 -0.133932 0.083828 200 190 188
0.092747 -0.137724 0.105415 213 202 200
0.097097 -0.126136 -0.013472 150 140 137
0.093623 -0.126458 -0.006232 144 136 133
0.092467 -0.125426 0.005200 163 156 155
0.095339 -0.126124 0.013840 178 166 164
0.093244 -0.124420 0.023880 180 169 165
0.094788 -0.125734 0.034220 186 176 172
0.092803 -0.123855 0.044831 196 183 180
0.095598 -0.124147 0.054404 194 183 184
0.097549 -0.124976 0.065359 198 185 185
0.093743 -0.125264 0.074878 164 157 157
0.095272 -0.123133 0.085961 166 158 155
0.095326 -0.123298 0.092850 198 190 188
0.094098 -0.114400 -0.003032 168 162 162
0.094187 -0.117092 0.003905 174 166 166
0.095866 -0.117408 0.014491 177 170 168
0.094189 -0.113848 0.025067 191 176 173
0.095533 -0.113241 0.046570 179 168 168
0.095024 -0.115267 0.053005 186 175 175
0.091988 -0.115428 0.065453 174 166 166
0.094837 -0.115925 0.073994 182 174 174
0.096108 -0.113812 0.096758 190 178 178
0.097199 -0.102330 -0.003765 186 180 178
0.096884 -0.103849 0.004668 177 169 168
0.096913 -0.104863 0.016358 192 178 176
0.096440 -0.105408 0.024982 177 163 162
0.096536 -0.104772 0.034943 171 160 157
0.096444 -0.105687 0.044119 170 158 157
0.096653 -0.106900 0.053450 177 167 167
0.094504 -0.104951 0.073592 206 195 192
0.094875 -0.107344 0.083937 207 196 194
0.096436 -0.108223 0.092284 202 192 190
0.095522 -0.094607 0.016235 190 173 170
0.096386 -0.095965 0.024260 188 170 168
0.097954 -0.096895 0.034719 192 174 170
0.094610 -0.093936 0.045443 204 189 184
0.096868 -0.095274 0.055377 203 188 185
0.096114 -0.097243 0.062580 202 189 186
0.096940 -0.082640 0.018258 210 195 190
0.096590 -0.082132 0.023523 174 160 155
0.097343 -0.088124 0.034297 201 184 180
0.096894 -0.075722 0.018302 190 174 168
0.093597 -0.076352 0.022580 191 176 170
0.093310 -0.062630 0.035630 180 169 163
0.092446 -0.064802 0.045586 186 173 168
0.093754 -0.056725 0.024771 159 152 146
0.093824 -0.057632 0.033050 168 160 154
0.093492 -0.042274 -0.006270 85 115 106
0.095472 -0.044478 0.005575 157 161 156
0.095152 -0.045420 0.013742 174 172 168
0.094316 -0.033246 -0.012643 78 118 108
0.094718 -0.034417 -0.005634 56 107 96
0.095758 -0.035437 0.003349 152 164 156
0.094320 -0.035095 0.028086 158 156 151
0.095125 -0.034880 0.035733 176 174 169
0.095246 -0.023874 -0.004150 59 117 108
0.094814 -0.024366 0.003886 124 137 128
0.094719 -0.014767 -0.004913 101 146 137
0.094402 -0.004272 -0.013475 126 144 140
0.094548 -0.006407 -0.005321 102 148 142
0.092313 0.004851 -0.024121 94 146 136
0.104753 -0.682409 -0.063520 6 102 90
0.105142 -0.674885 -0.062231 4 100 90
0.105332 -0.665892 -0.061047 4 98 88
0.105782 -0.655113 -0.060947 2 94 84
0.104575 -0.647395 -0.060261 2 95 86
0.105154 -0.644976 -0.058984 2 95 85
0.105346 -0.635230 -0.056068 2 94 86
0.105139 -0.625138 -0.052532 2 92 84
0.106182 -0.614910 -0.051422 0 82 75
0.103471 -0.606661 -0.051570 0 78 72
0.105373 -0.604845 -0.048273 0 82 75
0.104056 -0.597381 -0.044879 2 83 76
0.106217 -0.593182 -0.036299 3 82 75
0.104673 -0.585302 -0.023727 8 81 76
0.106921 -0.583005 -0.017832 8 78 73
0.106539 -0.575863 -0.002991 2 62 56
0.104766 -0.571626 0.002281 20 78 71
0.104205 -0.565343 0.013725 78 116 112
0.108083 -0.562326 0.024234 98 117 113
0.104711 -0.558347 0.026561 135 146 143
0.106474 -0.553243 0.035707 192 192 189
0.108080 -0.544078 0.037026 224 214 208
0.105860 -0.544086 0.045457 225 215 209
0.108646 -0.532314 0.028860 230 218 212
0.104773 -0.534507 0.034692 230 220 214
0.103760 -0.536496 0.044925 232 221 214
0.101413 -0.535280 0.051955 234 224 216
0.106287 -0.524285 0.026604 230 218 213
0.101988 -0.527054 0.032505 232 219 214
0.102945 -0.526446 0.043271 235 223 216
0.104068 -0.516073 0.023185 230 218 211
0.103833 -0.516725 0.034531 234 220 212
0.106114 -0.504236 0.016209 232 218 212
0.106058 -0.503140 0.025670 236 220 210
0.104333 -0.495436 0.013431 233 217 210
0.106297 -0.484186 -0.034038 106 140 131
0.103860 -0.483815 -0.026474 104 138 129
0.106287 -0.484062 0.008206 234 218 212
0.102346 -0.487696 0.011612 233 216 211
0.106662 -0.475200 -0.035657 105 142 133
0.103739 -0.476844 -0.023734 106 132 123
0.105117 -0.474846 0.007002 232 216 210
0.107976 -0.466177 -0.035784 104 144 135
0.103153 -0.464432 -0.027444 104 144 136
0.105401 -0.463901 0.005522 159 164 154
0.106158 -0.455697 -0.025588 105 148 138
0.106063 -0.456296 0.008038 171 170 162
0.103562 -0.453531 0.012382 138 156 148
0.104333 -0.453657 0.034000 214 202 194
0.108070 -0.446972 0.009329 230 213 209
0.105324 -0.445931 0.013987 161 180 171
0.105472 -0.435453 -0.043741 76 122 112
0.104687 -0.435326 -0.035022 114 134 128
0.106522 -0.434800 -0.025739 140 149 144
0.103862 -0.435935 -0.017585 196 187 184
0.103761 -0.436369 0.013792 154 174 168
0.107891 -0.425471 -0.032623 233 224 219
0.106890 -0.425927 -0.025500 233 220 216
0.104622 -0.426877 0.015736 121 160 152
0.103602 -0.413767 0.016049 71 129 126
0.106515 -0.403791 -0.042628 0 101 88
0.105158 -0.407238 0.014932 74 127 126
0.105424 -0.394540 -0.044373 0 102 90
0.105305 -0.385326 -0.045568 0 103 92
0.105301 -0.375462 -0.045624 0 102 92
0.105272 -0.365297 -0.044866 0 102 92
0.103888 -0.366425 0.013032 82 134 130
0.105337 -0.355158 -0.043756 0 100 90
0.105217 -0.345163 -0.042434 0 98 88
0.106847 -0.335712 -0.041334 0 88 79
0.103869 -0.335300 0.024737 100 150 142
0.104471 -0.325923 -0.035480 0 74 68
0.104453 -0.321634 -0.026727 0 80 74
0.102761 -0.323813 0.037549 98 142 131
0.103727 -0.324123 0.041146 100 141 134
0.101031 -0.322510 0.076143 166 166 166
0.106624 -0.314037 -0.012984 11 80 75
0.105956 -0.313039 -0.004728 89 136 133
0.105151 -0.312289 0.003760 130 165 164
0.105173 -0.316358 0.036877 96 139 130
0.103134 -0.312851 0.044510 104 142 132
0.106274 -0.304978 -0.012921 5 88 82
0.106640 -0.306971 -0.005114 142 166 166
0.105236 -0.306270 0.004277 143 162 162
0.103543 -0.303933 0.013628 150 158 160
0.105173 -0.304989 0.046982 182 181 177
0.106318 -0.304889 0.054468 162 168 160
0.106938 -0.296704 -0.014781 29 88 84
0.104893 -0.294032 -0.003507 145 165 165
0.104969 -0.294661 0.005783 151 168 165
0.106213 -0.293357 0.014767 155 160 160
0.103682 -0.294251 0.023433 160 164 164
0.103531 -0.294389 0.035409 85 120 118
0.105769 -0.296223 0.042020 132 140 140
0.104196 -0.294576 0.058972 138 156 146
0.102106 -0.291763 0.065898 161 164 159
0.107493 -0.284156 -0.016701 70 113 109
0.105885 -0.284773 -0.003887 134 148 146
0.106610 -0.286296 0.004791 174 172 171
0.107555 -0.288226 0.014434 164 164 163
0.104042 -0.285271 0.034607 104 134 129
0.104517 -0.286842 0.046382 96 126 124
0.103733 -0.284234 0.056300 171 172 170
0.104245 -0.286418 0.065474 144 156 150
0.103674 -0.286104 0.072739 156 174 170
0.102372 -0.272413 -0.012185 170 171 172
0.105763 -0.275916 -0.004978 184 181 182
0.103238 -0.276729 0.056439 178 178 176
0.103660 -0.278025 0.063211 172 169 166
0.104181 -0.263649 -0.005077 98 120 120
0.105819 -0.262872 0.004608 162 164 162
0.105661 -0.264370 0.044753 61 97 88
0.105454 -0.263193 0.084481 164 168 170
0.107910 -0.256161 -0.013104 72 102 96
0.106335 -0.257692 -0.003521 146 156 152
0.106567 -0.256221 0.004766 148 151 148
0.105828 -0.254175 0.013377 107 119 118
0.106791 -0.253747 0.034860 90 124 120
0.103523 -0.255091 0.055366 141 148 146
0.101949 -0.255245 0.063960 154 152 152
0.103207 -0.257966 0.085931 171 173 176
0.104714 -0.243877 -0.003961 134 144 142
0.108133 -0.247941 0.004487 137 139 137
0.105812 -0.243283 0.034510 164 162 162
0.104262 -0.241570 0.045905 176 177 178
0.104888 -0.244193 0.055105 162 161 159
0.104333 -0.245887 0.064330 160 162 160
0.105863 -0.244175 0.074462 181 180 181
0.108749 -0.246218 0.084184 178 180 183
0.101498 -0.242336 0.113877 186 192 190
0.106943 -0.232312 -0.012939 115 133 132
0.104497 -0.234414 -0.007678 125 139 139
0.103696 -0.235966 0.016434 131 140 135
0.104602 -0.233740 0.024295 94 116 110
0.103051 -0.235870 0.046337 170 175 174
0.104337 -0.236088 0.054486 180 182 182
0.104200 -0.237685 0.063851 174 178 180
0.106550 -0.234366 0.075575 186 186 186
0.107762 -0.233744 0.083471 170 178 178
0.105601 -0.234393 0.115416 142 147 148
0.102945 -0.235271 0.165650 195 190 196
0.105378 -0.224667 -0.013079 108 127 125
0.103531 -0.224963 -0.006006 161 162 158
0.104539 -0.224522 0.003469 168 163 160
0.105771 -0.228731 0.026262 143 144 137
0.101925 -0.225666 0.038217 45 104 98
0.103156 -0.225515 0.045714 99 134 132
0.103879 -0.223316 0.053287 136 148 148
0.104689 -0.225511 0.065588 181 182 184
0.106281 -0.224404 0.075827 175 178 178
0.106583 -0.224246 0.084586 149 157 155
0.105573 -0.222292 0.094889 137 157 153
0.106899 -0.224391 0.105291 183 182 184
0.108868 -0.225378 0.112516 200 198 200
0.103813 -0.218740 -0.014931 127 146 142
0.104848 -0.216907 -0.005301 102 129 122
0.106566 -0.217166 0.004728 96 127 122
0.106069 -0.213997 0.014143 118 138 134
0.106988 -0.213045 0.023952 39 94 88
0.104677 -0.213580 0.033357 126 147 145
0.102797 -0.214665 0.045808 169 176 170
0.104415 -0.215112 0.055771 145 153 149
0.103193 -0.216084 0.064717 167 164 163
0.102942 -0.216540 0.076074 177 175 174
0.103683 -0.217542 0.086020 172 170 171
0.105631 -0.215150 0.095362 159 173 172
0.106371 -0.215995 0.104111 141 166 164
0.103938 -0.214417 0.146417 146 170 172
0.104545 -0.212886 0.153616 188 190 196
0.103208 -0.203446 -0.014834 166 168 166
0.104589 -0.205507 -0.005347 136 148 146
0.102973 -0.204381 0.005230 75 101 99
0.104959 -0.207040 0.014029 117 140 137
0.105869 -0.204568 0.025101 181 177 177
0.105969 -0.203809 0.033898 194 188 186
0.102486 -0.206008 0.056286 179 175 172
0.103270 -0.205135 0.064688 145 154 152
0.106336 -0.203380 0.074278 196 194 191
0.104237 -0.206566 0.085816 200 198 199
0.106361 -0.207463 0.093069 191 190 189
0.105957 -0.206630 0.107668 104 120 120
0.105115 -0.205090 0.117126 115 143 138
0.105690 -0.200859 0.122906 134 142 140
0.102279 -0.202733 0.135689 136 144 143
0.104246 -0.208950 0.147135 186 190 193
0.104856 -0.205960 0.155069 196 196 202
0.105637 -0.193425 -0.015477 78 113 109
0.102017 -0.192547 -0.004749 167 162 160
0.105375 -0.196071 0.003960 132 137 136
0.101580 -0.192422 0.014345 192 188 185
0.102588 -0.194693 0.025398 177 177 173
0.105276 -0.196714 0.034630 166 164 162
0.107657 -0.196092 0.042570 193 186 183
0.107090 -0.195143 0.055338 190 183 183
0.105386 -0.195794 0.066093 183 177 175
0.105880 -0.192537 0.075750 185 179 175
0.106414 -0.191704 0.094084 192 180 178
0.104607 -0.194478 0.106552 135 149 146
0.105695 -0.194636 0.113242 179 176 175
0.103319 -0.196395 0.125441 143 162 156
0.106727 -0.186181 -0.022740 90 122 118
0.104780 -0.186200 -0.014360 110 124 121
0.105388 -0.187501 -0.006472 184 177 175
0.105564 -0.185028 0.018072 172 171 165
0.103616 -0.183789 0.024600 183 173 169
0.102207 -0.182456 0.033300 184 172 168
0.103040 -0.183572 0.046370 201 189 185
0.105389 -0.184505 0.054870 178 170 168
0.106079 -0.185006 0.063651 191 183 181
0.104299 -0.187382 0.075285 133 140 135
0.104764 -0.185706 0.085756 105 130 125
0.104544 -0.182418 0.095130 180 170 168
0.105772 -0.184140 0.104352 191 183 182
0.103455 -0.186207 0.114099 223 212 209
0.104397 -0.183777 0.123358 224 215 212
0.102015 -0.185946 0.135957 134 160 156
0.104889 -0.173276 -0.013339 163 158 155
0.105714 -0.174912 -0.006477 178 171 168
0.103684 -0.175711 0.005051 163 160 158
0.105203 -0.176190 0.014938 184 173 171
0.104894 -0.176158 0.034085 182 172 168
0.104207 -0.175081 0.044267 177 171 168
0.106489 -0.172060 0.063812 215 207 204
0.102014 -0.175179 0.073672 188 180 178
0.104761 -0.176171 0.085340 175 168 167
0.103861 -0.176489 0.096120 200 190 188
0.106074 -0.173283 0.154698 166 166 171
0.108075 -0.167601 -0.007259 173 164 162
0.107641 -0.162919 0.006637 205 193 192
0.105727 -0.162131 0.014216 204 192 190
0.102041 -0.165396 0.025417 180 168 166
0.101658 -0.163973 0.038302 190 182 180
0.102306 -0.166279 0.046906 130 149 146
0.105516 -0.167238 0.053999 198 191 187
0.106852 -0.169015 0.062166 196 188 187
0.103322 -0.166370 0.076502 214 204 200
0.105408 -0.163547 0.085618 222 212 210
0.103756 -0.163118 0.146879 188 184 186
0.105989 -0.165845 0.153444 188 184 188
0.107442 -0.152800 -0.012676 198 184 180
0.104673 -0.154861 -0.006737 182 171 169
0.107721 -0.157790 0.005545 188 176 172
0.105189 -0.157503 0.012477 196 185 180
0.103521 -0.152218 0.025384 216 208 206
0.105546 -0.153110 0.033778 214 206 205
0.105104 -0.154976 0.062488 102 138 129
0.105167 -0.153419 0.073699 96 123 119
0.107832 -0.150547 0.103199 218 206 202
0.102155 -0.155691 0.117288 128 128 124
0.105233 -0.153709 0.123978 113 130 124
0.103354 -0.155326 0.137984 164 160 163
0.105210 -0.157027 0.144461 183 180 181
0.106502 -0.156214 0.154911 180 176 178
0.107245 -0.146450 -0.012266 186 175 170
0.104061 -0.147229 0.034200 216 206 206
0.106887 -0.145733 0.043599 213 204 202
0.102664 -0.143254 0.052625 162 152 148
0.102795 -0.142324 0.066929 178 170 166
0.105295 -0.144599 0.075388 193 186 181
0.106295 -0.144606 0.083776 196 189 187
0.104491 -0.147200 0.095028 213 202 199
0.101861 -0.142877 0.117720 218 205 202
0.104551 -0.144445 0.125669 206 194 192
0.106458 -0.145982 0.133470 220 207 206
0.105539 -0.134211 0.006267 178 156 146
0.103694 -0.132594 0.016294 182 166 160
0.103742 -0.133761 0.025874 182 166 159
0.104471 -0.136344 0.033967 164 151 144
0.103616 -0.135982 0.055373 191 181 177
0.106799 -0.133966 0.065337 214 205 204
0.106858 -0.131788 0.075286 185 176 179
0.104858 -0.133877 0.084442 180 174 175
0.105649 -0.133347 0.135962 194 187 189
0.105006 -0.126282 -0.016312 176 160 155
0.104373 -0.126865 -0.006850 148 132 124
0.105359 -0.128366 0.003983 162 146 138
0.102314 -0.125825 0.014147 183 167 160
0.103823 -0.126721 0.023440 202 188 180
0.104096 -0.125111 0.035315 196 186 182
0.104442 -0.122587 0.047745 188 179 176
0.105748 -0.124563 0.054982 184 176 176
0.103488 -0.126699 0.065369 204 194 195
0.106022 -0.126191 0.074097 201 191 192
0.105323 -0.123959 0.086445 194 185 186
0.105736 -0.127541 0.097606 180 180 175
0.105265 -0.125908 0.105108 168 163 160
0.103249 -0.113624 0.005111 182 172 172
0.103678 -0.114737 0.015767 190 180 176
0.104514 -0.116477 0.024286 187 176 172
0.104400 -0.112430 0.034713 186 173 172
0.104703 -0.113845 0.045177 175 165 163
0.104136 -0.114380 0.054947 166 158 160
0.105578 -0.114371 0.065170 170 162 166
0.104289 -0.115961 0.075108 192 181 184
0.106445 -0.117389 0.083797 182 174 174
0.106297 -0.112386 0.095764 226 214 212
0.103946 -0.114166 0.104941 210 199 198
0.106777 -0.115716 0.113392 213 202 200
0.103630 -0.101967 -0.002931 182 174 172
0.105217 -0.104365 0.004981 176 168 167
0.103310 -0.106180 0.016331 190 177 173
0.103756 -0.104762 0.026760 163 147 145
0.104595 -0.106976 0.034393 174 160 157
0.102924 -0.105264 0.042902 177 164 161
0.103258 -0.106452 0.054665 152 144 146
0.103504 -0.107214 0.094632 220 208 207
0.105177 -0.096651 -0.013280 156 147 144
0.103819 -0.098225 -0.006658 172 162 160
0.104820 -0.097685 0.026313 176 159 155
0.104615 -0.097172 0.034752 195 178 176
0.106937 -0.094417 0.044148 201 186 184
0.102942 -0.093419 0.053779 204 188 185
0.106824 -0.092530 0.084109 156 148 148
0.104554 -0.083392 0.016823 187 173 170
0.104161 -0.084186 0.026027 188 172 168
0.103311 -0.085351 0.033312 193 178 174
0.107042 -0.084915 0.052915 170 155 153
0.105452 -0.083796 0.064296 159 151 151
0.107151 -0.087773 0.074828 151 142 141
0.103450 -0.075720 0.016349 185 168 160
0.105380 -0.074748 0.023706 183 166 159
0.108000 -0.076942 0.034186 179 164 158
0.106021 -0.076151 0.063460 162 155 155
0.103462 -0.062998 0.035612 188 174 168
0.107517 -0.062553 0.041427 188 172 167
0.106862 -0.051115 0.014621 201 193 190
0.103111 -0.045712 0.007115 172 170 166
0.104758 -0.047110 0.013690 172 166 163
0.105042 -0.033785 -0.004233 47 108 98
0.105200 -0.036485 0.044953 198 196 192
0.104542 -0.025390 -0.012963 92 134 124
0.104594 -0.024805 -0.005661 60 115 105
0.106061 -0.024713 0.003701 128 152 142
0.105068 -0.016288 -0.005099 106 151 142
0.104725 -0.005167 -0.015232 131 156 151
0.104796 -0.006724 -0.004453 103 147 142
0.104841 0.004637 -0.024605 106 152 146
0.113124 -0.681940 -0.062541 12 100 90
0.114647 -0.674806 -0.062898 4 100 89
0.115212 -0.664725 -0.062393 2 94 84
0.115116 -0.655406 -0.061593 1 93 82
0.117360 -0.649044 -0.060166 2 94 84
0.114682 -0.644460 -0.058453 2 95 84
0.115055 -0.634877 -0.055953 2 94 84
0.115297 -0.624856 -0.052895 1 88 79
0.114005 -0.616185 -0.051943 0 80 73
0.113321 -0.606432 -0.046199 1 81 74
0.116599 -0.603506 -0.036578 1 82 76
0.111920 -0.596961 -0.033219 4 82 74
0.114788 -0.594776 -0.026479 4 82 76
0.115737 -0.591543 -0.017131 2 79 70
0.116887 -0.585163 -0.005412 8 76 71
0.114510 -0.576125 0.007213 27 78 74
0.116644 -0.572726 0.016696 90 128 122
0.114196 -0.565520 0.026857 118 140 134
0.116353 -0.562257 0.034289 198 202 196
0.115239 -0.554526 0.037791 220 214 209
0.114981 -0.544951 0.035280 230 220 215
0.117679 -0.546490 0.044274 234 222 216
0.115023 -0.532773 0.027995 234 222 216
0.115721 -0.537721 0.031375 235 223 219
0.115185 -0.525670 0.023957 236 222 216
0.115570 -0.513819 0.017959 237 222 216
0.116270 -0.513503 0.025456 242 224 216
0.115157 -0.505382 0.013869 238 222 216
0.113454 -0.506866 0.024287 240 223 214
0.115940 -0.493381 0.008622 238 222 216
0.113138 -0.497693 0.010873 236 221 214
0.114894 -0.483538 -0.034467 109 137 128
0.114978 -0.484923 0.006646 238 222 217
0.115141 -0.475397 -0.036569 109 142 134
0.114947 -0.474706 0.005214 238 222 217
0.114897 -0.465218 -0.036062 108 148 138
0.114825 -0.464686 0.005067 234 218 214
0.115666 -0.456136 -0.034157 109 154 143
0.114456 -0.454540 0.006269 175 170 163
0.113616 -0.451602 0.014430 70 116 104
0.114833 -0.454361 0.026047 158 169 159
0.112317 -0.452167 0.032690 194 188 178
0.114426 -0.443179 -0.026484 109 156 144
0.115290 -0.444979 0.006383 233 217 213
0.112781 -0.445679 0.014257 145 168 159
0.116350 -0.445358 0.024126 118 154 143
0.114571 -0.433000 -0.046250 100 144 134
0.115601 -0.435940 -0.034155 125 142 136
0.113882 -0.434599 -0.026080 185 186 182
0.114978 -0.436030 0.006067 234 218 214
0.111260 -0.434635 0.014700 124 159 154
0.116669 -0.424598 -0.042785 104 140 133
0.115717 -0.424830 -0.034546 220 214 210
0.113557 -0.426104 -0.027036 226 216 212
0.111949 -0.427352 0.014974 120 156 150
0.115584 -0.414603 -0.044086 2 95 86
0.114268 -0.405412 -0.045723 0 98 87
0.111804 -0.403306 0.016931 74 131 128
0.112971 -0.403254 0.022514 84 128 128
0.114887 -0.394835 -0.047505 0 98 88
0.115323 -0.394977 0.015617 108 145 145
0.116984 -0.394931 0.022436 116 152 151
0.114039 -0.385428 -0.048196 1 99 88
0.115408 -0.387255 0.015606 75 123 120
0.119537 -0.385976 0.024308 80 141 135
0.115383 -0.375178 -0.046958 1 98 88
0.115405 -0.365115 -0.046131 0 96 88
0.112935 -0.364044 0.014689 81 132 128
0.115086 -0.355173 -0.044843 1 94 86
0.115861 -0.355930 0.022679 86 131 128
0.114824 -0.344901 -0.043611 2 93 84
0.115069 -0.335504 -0.042284 1 84 78
0.114887 -0.326142 -0.036355 0 71 66
0.116446 -0.318781 -0.034510 1 60 56
0.113969 -0.316053 -0.024223 30 91 86
0.114591 -0.314069 -0.014962 60 126 121
0.113719 -0.311970 -0.008900 100 156 152
0.112788 -0.312968 0.044333 108 151 142
0.113751 -0.305238 -0.014704 69 127 122
0.117571 -0.300281 0.026436 152 158 160
0.117137 -0.303893 0.037975 77 115 112
0.118110 -0.303720 0.045277 116 135 134
0.116261 -0.302778 0.053556 164 172 167
0.115552 -0.294663 -0.015750 60 108 104
0.115079 -0.293241 -0.004248 158 168 166
0.112526 -0.293938 0.005389 120 144 140
0.113511 -0.293526 0.015225 150 159 158
0.115033 -0.296730 0.024212 162 168 167
0.114725 -0.295203 0.035987 121 134 132
0.116388 -0.296648 0.045474 166 169 167
0.117713 -0.297762 0.052059 182 184 179
0.113916 -0.283207 -0.022793 70 110 106
0.115879 -0.286288 -0.014166 121 146 143
0.114681 -0.284756 -0.004345 179 180 179
0.112602 -0.284770 0.003542 183 179 178
0.112817 -0.287234 0.014022 134 146 146
0.116469 -0.282472 0.034412 57 94 91
0.115571 -0.281761 0.044810 120 134 132
0.114973 -0.283521 0.055747 160 159 157
0.115041 -0.283369 0.063517 155 158 153
0.114492 -0.278980 -0.024073 68 112 108
0.118237 -0.275804 -0.013954 24 66 62
0.117077 -0.274105 -0.004853 116 117 114
0.114848 -0.275308 0.003597 169 168 167
0.116421 -0.277375 0.026427 130 136 134
0.116899 -0.276927 0.034001 83 108 105
0.117135 -0.278423 0.044779 128 138 138
0.116180 -0.277208 0.054866 160 158 157
0.114486 -0.278450 0.064835 150 154 156
0.115152 -0.263782 -0.014284 99 116 112
0.115147 -0.266442 -0.005587 144 152 150
0.114074 -0.264511 0.004571 151 161 162
0.114828 -0.262943 0.012856 157 165 166
0.116167 -0.264030 0.046415 165 166 161
0.114120 -0.264738 0.051054 194 184 176
0.113849 -0.254873 -0.015580 104 124 120
0.113953 -0.255623 -0.003825 132 146 141
0.112374 -0.257281 0.003624 165 166 165
0.116240 -0.259143 0.013607 164 168 172
0.115617 -0.256154 0.024845 152 156 158
0.116382 -0.252879 0.035239 82 101 99
0.116339 -0.253568 0.043940 69 97 94
0.114516 -0.252511 0.055453 116 120 114
0.115833 -0.243091 -0.002377 185 185 182
0.114182 -0.245517 0.005180 174 178 174
0.115768 -0.243939 0.015444 143 146 142
0.117166 -0.246957 0.023480 168 169 170
0.114385 -0.246016 0.045895 157 154 152
0.112750 -0.244982 0.054457 170 162 160
0.115969 -0.246004 0.067282 178 176 169
0.114210 -0.243955 0.074224 110 140 134
0.111559 -0.244854 0.086436 184 186 187
0.112194 -0.232512 -0.011429 85 104 104
0.114028 -0.236841 -0.005170 122 132 131
0.118090 -0.234098 0.004889 159 162 164
0.115289 -0.238617 0.013784 88 102 100
0.114950 -0.234235 0.025508 184 180 176
0.113278 -0.237517 0.046172 183 176 172
0.113876 -0.237540 0.053514 177 174 172
0.113076 -0.232549 0.077680 153 162 162
0.114468 -0.233513 0.084358 126 154 150
0.114646 -0.224741 -0.013523 117 133 131
0.114880 -0.224633 -0.005283 170 169 168
0.113381 -0.225837 0.005731 183 181 179
0.118226 -0.220402 0.046613 200 196 188
0.114318 -0.223019 0.058902 82 116 110
0.113679 -0.224177 0.066756 135 148 146
0.114355 -0.225463 0.076404 141 159 156
0.115068 -0.225778 0.085245 139 151 148
0.112827 -0.223526 0.096354 160 165 163
0.114617 -0.224854 0.105145 174 173 174
0.112484 -0.224995 0.112797 186 184 185
0.115908 -0.216001 -0.013805 194 190 184
0.114076 -0.215689 -0.006137 106 120 115
0.113436 -0.215259 0.003773 97 126 119
0.114631 -0.217600 0.015123 96 126 120
0.113806 -0.214883 0.025614 137 151 149
0.114644 -0.215823 0.035209 146 157 156
0.114496 -0.214922 0.044378 84 133 130
0.114850 -0.212880 0.054658 91 112 109
0.114395 -0.214563 0.064831 140 142 142
0.119589 -0.214261 0.074119 177 168 167
0.114732 -0.215248 0.086698 194 190 190
0.113964 -0.214281 0.094519 185 182 181
0.113457 -0.216580 0.103385 201 196 196
0.115762 -0.206600 -0.017057 112 144 136
0.112985 -0.202842 0.006132 171 168 167
0.112948 -0.202663 0.013861 177 172 171
0.115867 -0.206381 0.033676 174 174 173
0.118932 -0.201415 0.043452 194 189 186
0.112578 -0.206051 0.056445 124 153 151
0.116421 -0.205033 0.064053 136 152 148
0.115635 -0.203660 0.075651 185 181 180
0.115189 -0.206099 0.083105 188 182 182
0.110422 -0.206779 0.094764 174 174 174
0.116451 -0.195424 -0.016248 140 144 141
0.115927 -0.192558 -0.007903 178 170 170
0.115486 -0.196810 0.006746 184 178 173
0.113045 -0.195097 0.016203 153 153 146
0.112488 -0.193934 0.043830 192 184 182
0.117293 -0.194943 0.052514 193 186 183
0.115221 -0.193595 0.066033 175 169 170
0.114648 -0.194540 0.076192 132 146 142
0.116665 -0.193413 0.082918 144 150 149
0.115364 -0.194807 0.104517 190 186 182
0.115600 -0.186802 -0.023307 95 122 118
0.114217 -0.185301 -0.015499 161 158 155
0.114380 -0.185848 0.026270 150 149 140
0.116401 -0.182606 0.035020 112 126 120
0.114268 -0.186712 0.045571 140 126 122
0.113888 -0.187546 0.054629 185 177 174
0.114147 -0.187084 0.065096 187 180 178
0.113033 -0.188952 0.074125 140 138 136
0.114033 -0.185369 0.095911 173 170 166
0.116533 -0.182715 0.103928 188 180 176
0.115428 -0.175153 -0.014363 165 154 149
0.113327 -0.176970 -0.006756 182 170 164
0.113650 -0.173456 0.005784 183 172 170
0.111908 -0.171757 0.016868 191 180 176
0.112597 -0.174721 0.026791 196 184 182
0.115535 -0.177453 0.037565 208 194 189
0.116757 -0.174953 0.065436 201 192 194
0.115620 -0.173466 0.075095 192 186 188
0.113821 -0.173784 0.084947 205 196 195
0.114157 -0.177388 0.095587 190 181 179
0.115570 -0.178015 0.101940 170 171 168
0.118389 -0.174943 0.111935 125 140 134
0.115117 -0.173036 0.156717 188 186 190
0.116398 -0.173289 0.162232 195 191 195
0.116331 -0.167422 -0.013614 170 158 154
0.116430 -0.165608 -0.004600 194 180 175
0.114362 -0.164133 0.006459 212 198 193
0.114033 -0.164915 0.016117 212 200 196
0.115160 -0.166144 0.023586 215 202 199
0.119432 -0.161265 0.034324 198 188 188
0.117521 -0.163351 0.042879 170 163 166
0.113851 -0.166991 0.054388 184 176 174
0.112870 -0.163755 0.062369 182 176 170
0.115133 -0.164967 0.076373 180 172 173
0.116558 -0.166378 0.085884 178 173 172
0.115858 -0.165097 0.093257 199 192 190
0.112555 -0.165302 0.148299 198 194 195
0.114634 -0.164738 0.155512 196 192 194
0.113628 -0.152391 -0.013796 204 189 184
0.113642 -0.155153 -0.005773 189 176 174
0.115266 -0.156278 0.004626 194 180 176
0.116353 -0.154649 0.013800 184 170 165
0.112648 -0.153312 0.026697 195 185 186
0.115537 -0.154624 0.035096 196 188 189
0.116979 -0.154974 0.043964 197 189 190
0.114670 -0.155861 0.074670 118 139 135
0.116920 -0.152778 0.084742 114 122 116
0.115882 -0.152465 0.105558 222 208 204
0.117421 -0.151245 0.116030 218 207 202
0.113421 -0.154448 0.126109 188 176 171
0.117021 -0.154316 0.133832 200 190 187
0.114094 -0.157068 0.145894 168 163 166
0.112324 -0.156261 0.156178 172 172 172
0.114258 -0.144843 -0.015103 186 176 172
0.116077 -0.147577 -0.006246 188 176 172
0.115395 -0.147597 0.015232 182 166 159
0.114510 -0.146115 0.024666 170 162 162
0.115087 -0.147015 0.045734 218 209 209
0.113632 -0.144170 0.056282 230 218 213
0.114324 -0.144464 0.075390 140 138 134
0.115470 -0.145339 0.085000 136 152 151
0.116969 -0.144774 0.093608 183 174 176
0.117924 -0.145000 0.103979 204 193 193
0.114233 -0.144133 0.115256 227 216 213
0.115653 -0.144100 0.123815 226 214 211
0.114494 -0.146981 0.135843 220 207 204
0.115954 -0.142113 0.145143 192 185 186
0.116960 -0.135101 -0.021181 178 165 163
0.115649 -0.135172 -0.016868 190 175 171
0.111669 -0.134735 0.008999 192 171 160
0.115498 -0.133791 0.026106 189 175 172
0.116668 -0.136085 0.035977 184 176 173
0.114739 -0.136216 0.044476 178 169 166
0.114338 -0.133778 0.057247 181 174 170
0.115486 -0.135101 0.067027 192 184 184
0.115091 -0.132899 0.075239 200 192 191
0.115283 -0.134900 0.087542 186 176 179
0.115183 -0.136531 0.094069 187 178 179
0.115895 -0.136955 0.103407 100 130 124
0.114662 -0.133893 0.125941 224 212 210
0.115820 -0.134962 0.142931 196 189 190
0.115845 -0.124906 -0.022651 194 174 169
0.115442 -0.126381 -0.017089 171 153 144
0.115757 -0.128089 0.008224 150 130 120
0.113131 -0.124739 0.017651 166 154 152
0.112848 -0.125351 0.024881 187 174 169
0.114268 -0.123068 0.035705 196 182 176
0.113949 -0.122900 0.047261 177 170 169
0.114901 -0.124681 0.054382 179 173 173
0.115244 -0.126702 0.065475 180 173 173
0.114722 -0.127399 0.075221 198 188 188
0.116408 -0.122940 0.085257 193 184 186
0.113276 -0.127365 0.097005 156 150 150
0.113479 -0.127320 0.107220 102 107 101
0.114425 -0.125301 0.116094 183 174 170
0.115144 -0.127387 0.134758 172 167 169
0.114664 -0.111754 0.007096 188 175 174
0.114702 -0.114245 0.015844 192 182 179
0.112060 -0.117291 0.023585 180 171 169
0.112440 -0.116419 0.036033 184 171 167
0.113539 -0.116102 0.045640 168 157 154
0.113756 -0.116311 0.055347 160 152 150
0.114355 -0.117099 0.066179 155 149 148
0.116060 -0.117294 0.074577 165 155 157
0.114510 -0.116700 0.081414 174 164 168
0.115454 -0.114284 0.107540 228 216 213
0.113708 -0.117068 0.115502 213 202 200
0.115806 -0.112907 0.135148 189 186 186
0.115969 -0.103117 -0.015084 180 167 166
0.114341 -0.103988 -0.005905 170 158 155
0.115022 -0.105271 0.005060 170 157 151
0.117017 -0.105799 0.014939 174 158 153
0.114942 -0.104929 0.024735 159 144 140
0.113423 -0.104560 0.043121 170 154 148
0.115276 -0.104745 0.055312 183 171 167
0.116395 -0.102027 0.064585 207 193 189
0.114121 -0.106031 0.075746 213 200 200
0.113619 -0.103414 0.085487 178 167 170
0.115541 -0.103311 0.115149 218 207 205
0.116036 -0.106172 0.133825 182 178 180
0.115432 -0.097782 -0.015598 160 147 144
0.118410 -0.096782 0.017759 154 138 132
0.115729 -0.094927 0.023407 165 151 148
0.118343 -0.092904 0.035202 195 182 180
0.114319 -0.095774 0.046293 208 193 190
0.116577 -0.096699 0.054517 214 200 198
0.117674 -0.093148 0.065679 178 166 164
0.114908 -0.091762 0.076933 156 146 146
0.114250 -0.093881 0.082569 156 146 146
0.113714 -0.096533 0.093568 158 149 149
0.115855 -0.084694 0.014304 204 192 193
0.114302 -0.084668 0.035825 196 185 184
0.112031 -0.085085 0.044524 197 185 182
0.114905 -0.083895 0.055240 181 169 168
0.116530 -0.084355 0.064020 184 173 171
0.113653 -0.088797 0.073852 153 144 142
0.115504 -0.084587 0.083708 168 160 158
0.116018 -0.071864 -0.003163 171 160 155
0.113849 -0.074062 0.005283 183 170 166
0.113495 -0.074241 0.015046 178 165 160
0.111637 -0.074310 0.025739 177 162 155
0.111535 -0.075446 0.034372 184 169 164
0.114244 -0.075988 0.046126 182 169 169
0.115766 -0.077264 0.054570 184 171 171
0.114274 -0.076484 0.061802 180 172 172
0.117257 -0.066246 -0.012424 158 146 140
0.114809 -0.066384 -0.005340 162 148 142
0.112087 -0.066844 0.002956 162 147 142
0.115770 -0.067397 0.014303 160 146 141
0.116122 -0.065669 0.043565 190 177 172
0.116236 -0.064331 0.053363 190 176 170
0.119081 -0.060929 0.065000 167 155 154
0.114570 -0.051993 0.018239 180 168 162
0.115765 -0.053236 0.024476 180 170 165
0.116969 -0.055000 0.034160 188 178 174
0.117343 -0.055932 0.065402 180 171 171
0.115579 -0.044405 0.006618 106 106 101
0.116442 -0.047202 0.014446 188 179 172
0.114771 -0.049376 0.023662 180 172 168
0.116084 -0.042855 0.046784 182 179 176
0.116090 -0.042128 0.055418 192 185 182
0.114390 -0.032841 -0.003851 80 129 121
0.113032 -0.022655 -0.011460 79 114 103
0.114891 -0.024343 -0.005243 65 112 103
0.115406 -0.024802 0.003918 102 138 129
0.115302 -0.015882 -0.005814 98 142 134
0.116692 -0.005808 -0.015195 139 152 147
0.115184 -0.005271 -0.006356 95 141 136
0.125830 -0.682198 -0.063999 13 98 90
0.124310 -0.675158 -0.064032 4 98 88
0.125112 -0.665052 -0.063826 0 94 84
0.125210 -0.655534 -0.061319 0 92 82
0.126876 -0.651303 -0.059658 0 92 82
0.125066 -0.644819 -0.058408 0 92 82
0.125284 -0.634619 -0.055785 0 89 80
0.124663 -0.625303 -0.053308 0 81 74
0.124591 -0.614599 -0.046347 0 77 70
0.122735 -0.606500 -0.033929 5 77 70
0.125515 -0.604421 -0.024729 4 78 70
0.122891 -0.597285 -0.015873 10 78 72
0.124160 -0.591243 -0.004400 3 68 62
0.128328 -0.592382 0.002924 28 78 71
0.123527 -0.586590 0.005393 12 66 60
0.121936 -0.577634 0.017857 56 101 95
0.124801 -0.576579 0.024394 92 120 116
0.127197 -0.572860 0.034231 180 188 184
0.123345 -0.564635 0.037456 204 204 202
0.127845 -0.563968 0.041754 218 214 211
0.125011 -0.552923 0.038837 231 222 218
0.126003 -0.555055 0.043734 230 219 215
0.124994 -0.545260 0.034816 242 228 224
0.123673 -0.547081 0.043500 238 226 219
0.125758 -0.533982 0.026596 242 228 223
0.124306 -0.536427 0.033888 244 229 222
0.126217 -0.523022 0.018789 238 223 218
0.123911 -0.526942 0.022134 240 224 219
0.124599 -0.515252 0.016982 241 224 219
0.123483 -0.514911 0.024915 245 227 218
0.125096 -0.505380 0.013647 242 226 220
0.124926 -0.493799 0.008313 239 224 218
0.123993 -0.483333 -0.036603 111 138 127
0.124793 -0.484898 0.005908 240 224 218
0.125091 -0.475830 -0.037260 112 140 130
0.125206 -0.474828 0.004069 239 222 218
0.125405 -0.464501 -0.036148 110 146 136
0.124744 -0.465074 0.003442 237 220 216
0.123337 -0.455730 -0.034793 112 154 142
0.126620 -0.456129 -0.001253 151 149 138
0.125529 -0.453821 0.004724 217 206 197
0.122637 -0.454106 0.025071 122 154 142
0.126728 -0.442688 -0.035028 194 195 190
0.127551 -0.442584 -0.026671 98 146 136
0.124165 -0.446712 0.005040 210 200 193
0.124015 -0.446794 0.025242 149 173 166
0.124397 -0.436682 -0.036964 147 157 152
0.125947 -0.437316 -0.025172 92 140 128
0.127173 -0.434051 -0.015005 204 198 193
0.126664 -0.434396 -0.003963 228 217 213
0.123514 -0.436829 0.003364 235 220 216
0.126973 -0.426465 -0.052271 108 146 137
0.125474 -0.425214 -0.045140 93 138 129
0.124445 -0.426930 -0.036555 212 207 202
0.127215 -0.426617 -0.023079 108 155 144
0.124480 -0.426438 -0.012988 117 164 152
0.125455 -0.425166 -0.006949 124 168 157
0.123567 -0.415356 -0.047603 0 92 82
0.127540 -0.403344 -0.051240 0 92 82
0.122612 -0.407350 -0.048223 0 93 84
0.126528 -0.394747 -0.051174 1 94 84
0.125538 -0.383917 0.025686 94 133 129
0.124642 -0.386239 0.031872 179 199 198
0.124366 -0.373711 -0.048239 0 94 84
0.127159 -0.377008 0.026250 66 127 123
0.126026 -0.374162 0.033974 56 124 118
0.124977 -0.364976 -0.046990 0 92 82
0.124695 -0.354854 -0.045952 0 90 81
0.124731 -0.344734 -0.044827 1 88 80
0.127993 -0.344424 0.035141 107 138 138
0.125315 -0.335510 -0.043074 0 80 72
0.124693 -0.325869 -0.043740 0 63 58
0.124732 -0.326067 -0.036030 0 69 64
0.126059 -0.322170 -0.026372 1 76 70
0.121200 -0.316149 -0.033568 109 146 144
0.124827 -0.314645 -0.014536 4 88 79
0.125107 -0.304350 -0.014127 8 73 66
0.125649 -0.302829 -0.006800 102 138 132
0.124849 -0.303192 0.016431 118 140 140
0.124085 -0.302505 0.023765 104 133 132
0.124512 -0.303674 0.035034 66 102 98
0.125409 -0.303164 0.045813 137 149 149
0.123158 -0.301932 0.052919 181 180 180
0.124771 -0.293702 -0.024106 69 102 98
0.124476 -0.295487 -0.015725 59 107 100
0.125958 -0.296298 -0.005770 159 170 164
0.126004 -0.295387 0.003156 191 190 188
0.124340 -0.294993 0.016059 176 180 178
0.122752 -0.297517 0.023968 172 176 178
0.125538 -0.297643 0.035648 117 135 134
0.123382 -0.295844 0.046679 162 169 167
0.124128 -0.297264 0.052236 144 164 162
0.123546 -0.285245 -0.022912 69 96 94
0.126137 -0.283541 -0.014876 142 153 150
0.126454 -0.284848 -0.005414 187 197 192
0.126912 -0.286587 0.014669 150 156 149
0.123583 -0.282553 0.023429 60 80 76
0.124434 -0.283610 0.035645 84 106 102
0.126272 -0.287027 0.045505 172 175 174
0.123926 -0.285792 0.052882 166 168 170
0.126064 -0.275551 -0.023661 97 118 115
0.125639 -0.273911 -0.014692 99 115 110
0.124659 -0.275511 -0.005178 194 190 185
0.125351 -0.277819 0.025738 68 80 78
0.123642 -0.275478 0.035989 62 91 87
0.124096 -0.276250 0.045479 158 159 158
0.121193 -0.276815 0.052596 170 166 166
0.125977 -0.265193 -0.023986 74 100 94
0.123539 -0.264925 -0.015715 102 118 114
0.124447 -0.266124 -0.005449 117 131 130
0.124494 -0.262075 0.015387 162 172 174
0.127402 -0.262547 0.048121 194 186 182
0.126548 -0.255669 -0.017117 44 70 66
0.123484 -0.254805 -0.004306 109 136 131
0.127538 -0.253839 0.004357 81 109 105
0.126989 -0.255804 0.015730 121 144 142
0.125683 -0.256292 0.025233 128 141 139
0.123333 -0.253888 0.033951 111 130 129
0.124569 -0.255758 0.044282 99 117 113
0.126541 -0.255670 0.054326 138 148 144
0.126658 -0.253270 0.064850 178 176 177
0.125247 -0.245915 -0.015488 128 140 135
0.124238 -0.245266 -0.003946 192 188 184
0.123659 -0.247577 0.008011 96 130 124
0.123533 -0.245596 0.014188 102 130 127
0.125661 -0.242444 0.022392 77 114 110
0.123877 -0.242816 0.034591 172 169 171
0.124342 -0.246115 0.046458 159 157 157
0.126872 -0.245584 0.056166 175 170 169
0.124409 -0.246992 0.072156 196 196 193
0.125824 -0.231881 -0.011237 159 164 160
0.124319 -0.233512 0.006275 160 160 162
0.122417 -0.234351 0.013501 161 163 164
0.125263 -0.237413 0.024915 112 127 127
0.126428 -0.235250 0.064346 130 144 141
0.123850 -0.230971 0.094597 200 192 188
0.123461 -0.225318 -0.014211 113 132 129
0.123601 -0.222990 -0.002694 161 164 165
0.126239 -0.225042 0.004709 168 168 170
0.127208 -0.225481 0.013931 166 164 164
0.125938 -0.224364 0.045643 168 166 166
0.124894 -0.223281 0.053591 108 136 134
0.126473 -0.224664 0.065778 50 96 89
0.125683 -0.225948 0.075855 96 122 117
0.123543 -0.225557 0.086806 147 153 150
0.124444 -0.225483 0.094013 177 175 172
0.121844 -0.224955 0.103016 184 181 182
0.124328 -0.215162 -0.015297 166 166 164
0.125634 -0.214802 -0.005466 74 115 112
0.123344 -0.216292 0.015492 99 116 110
0.125936 -0.215056 0.025575 112 128 130
0.126028 -0.212774 0.034852 114 129 131
0.125393 -0.214950 0.055008 169 171 171
0.124476 -0.213566 0.062992 178 173 171
0.125142 -0.212071 0.075322 185 179 177
0.124765 -0.215681 0.085121 185 181 179
0.124210 -0.215673 0.094100 210 204 202
0.124441 -0.214492 0.103691 209 202 202
0.123634 -0.206823 0.035345 170 170 168
0.125922 -0.204113 0.044828 185 181 180
0.126729 -0.206122 0.054508 179 177 177
0.123527 -0.204349 0.065577 180 178 176
0.124323 -0.205279 0.075224 184 182 176
0.124502 -0.206430 0.084993 167 166 163
0.125738 -0.195303 -0.017003 208 198 194
0.123353 -0.192370 -0.004927 180 173 172
0.127355 -0.194817 0.004208 182 177 176
0.124095 -0.196339 0.015002 186 181 179
0.126199 -0.193128 0.058353 172 172 174
0.125305 -0.193006 0.067104 184 182 178
0.124979 -0.193808 0.077066 117 130 129
0.125164 -0.193599 0.085407 130 148 146
0.126529 -0.194266 0.094885 186 182 182
0.125287 -0.187684 -0.023084 104 131 128
0.123880 -0.182889 -0.017519 130 138 136
0.127924 -0.186333 0.057593 120 124 121
0.124290 -0.184974 0.067502 167 163 164
0.125885 -0.185416 0.075170 177 173 177
0.127313 -0.185229 0.084243 172 176 177
0.124428 -0.185391 0.094512 112 135 132
0.123034 -0.182441 0.104683 172 176 174
0.126055 -0.184015 0.115154 178 172 170
0.124589 -0.175374 -0.016896 168 158 154
0.125646 -0.175441 0.045487 154 144 140
0.125584 -0.171745 0.055452 168 163 166
0.122743 -0.174885 0.066537 190 183 186
0.125167 -0.178303 0.073423 173 171 176
0.124921 -0.175820 0.085753 198 190 189
0.125307 -0.174769 0.095295 191 184 184
0.124329 -0.176839 0.105286 178 175 173
0.126904 -0.174432 0.113404 188 182 179
0.122701 -0.173204 0.162865 198 194 196
0.124497 -0.165346 -0.015662 180 167 163
0.123634 -0.163607 -0.005332 202 186 180
0.123000 -0.165048 0.003038 198 183 177
0.121632 -0.164680 0.014797 194 183 180
0.126693 -0.164431 0.026748 180 169 166
0.126696 -0.164369 0.033399 175 166 165
0.126091 -0.167149 0.045852 170 160 158
0.126022 -0.164460 0.054769 168 166 168
0.123702 -0.165633 0.085515 166 162 164
0.124489 -0.166896 0.095210 185 179 179
0.127008 -0.167601 0.104425 176 171 171
0.123030 -0.166290 0.157532 191 186 188
0.122940 -0.155882 -0.003498 192 180 176
0.124514 -0.155599 0.004821 186 175 170
0.124746 -0.154028 0.014058 179 167 160
0.126877 -0.156380 0.025014 173 161 156
0.124785 -0.158130 0.034611 196 183 179
0.124497 -0.154483 0.045095 192 185 184
0.125962 -0.154995 0.052078 180 175 176
0.126195 -0.154250 0.085498 172 167 172
0.127293 -0.155123 0.094631 171 165 169
0.125131 -0.154966 0.104789 192 182 184
0.125426 -0.140950 -0.020964 176 168 164
0.124568 -0.144905 -0.015692 190 178 172
0.122444 -0.144619 0.007108 180 164 152
0.125137 -0.144838 0.015439 198 182 174
0.125804 -0.147098 0.021546 182 167 162
0.125251 -0.147271 0.055947 225 216 214
0.123584 -0.144118 0.074631 126 124 126
0.124718 -0.146951 0.084308 149 143 144
0.125124 -0.147435 0.095047 168 158 159
0.125200 -0.144472 0.103129 149 153 153
0.122283 -0.142456 0.147268 196 188 188
0.126518 -0.144431 0.153223 196 189 191
0.125535 -0.134708 -0.022426 179 166 162
0.122778 -0.133302 -0.018898 194 178 174
0.125591 -0.131908 -0.003763 212 196 188
0.126114 -0.133726 0.001687 212 198 188
0.125175 -0.135292 0.028721 160 149 143
0.124527 -0.133717 0.034846 169 159 154
0.124646 -0.132105 0.043693 155 146 145
0.125237 -0.132625 0.066319 170 165 168
0.125621 -0.136147 0.073568 197 190 191
0.125874 -0.134144 0.086060 208 197 198
0.124931 -0.138312 0.093410 193 182 186
0.125646 -0.137755 0.104746 126 143 144
0.123287 -0.131179 0.115289 138 154 148
0.125065 -0.135099 0.135192 228 218 214
0.123239 -0.136585 0.147444 200 192 193
0.128131 -0.135583 0.152136 191 186 186
0.125378 -0.123796 -0.022844 181 163 155
0.124857 -0.124772 -0.017765 181 164 154
0.128212 -0.127083 -0.004570 214 198 192
0.126264 -0.125131 0.004914 190 170 162
0.125678 -0.121849 0.016656 208 196 192
0.127646 -0.122774 0.024991 202 189 185
0.126619 -0.127849 0.034956 155 146 144
0.124363 -0.122588 0.044884 187 175 173
0.124142 -0.124745 0.055282 185 178 179
0.125545 -0.127140 0.063364 188 183 185
0.124836 -0.123826 0.074247 165 159 158
0.125237 -0.123671 0.085270 186 176 176
0.125389 -0.124718 0.093826 173 163 163
0.126347 -0.125185 0.103519 189 178 176
0.123073 -0.125428 0.117986 204 196 192
0.126715 -0.125031 0.126446 120 133 130
0.126024 -0.124620 0.132614 196 186 184
0.124594 -0.114065 0.005325 181 168 161
0.124457 -0.117657 0.014381 198 184 179
0.127548 -0.117010 0.023489 207 194 191
0.125514 -0.113613 0.036229 180 169 165
0.125250 -0.113846 0.045722 148 149 147
0.123066 -0.114379 0.055832 134 131 126
0.125936 -0.116138 0.064817 136 128 122
0.125368 -0.116243 0.074335 157 152 150
0.127698 -0.112855 0.084913 179 169 168
0.122684 -0.115456 0.107639 232 220 218
0.125084 -0.117029 0.114313 230 218 216
0.125306 -0.114284 0.142887 192 187 188
0.125838 -0.103477 -0.012286 188 176 174
0.127528 -0.106662 -0.005190 186 179 178
0.123568 -0.104777 0.003915 168 154 148
0.125786 -0.102474 0.016051 153 138 134
0.124570 -0.104484 0.024608 157 145 140
0.123556 -0.106940 0.034403 162 150 146
0.125993 -0.103854 0.045640 175 166 163
0.127371 -0.105909 0.055548 189 176 170
0.124536 -0.103068 0.066606 208 195 192
0.126757 -0.107484 0.075709 194 182 177
0.126295 -0.104902 0.083597 198 185 182
0.125360 -0.103649 0.106119 164 154 156
0.124578 -0.104373 0.124895 226 215 213
0.123705 -0.105557 0.136833 194 188 189
0.126369 -0.106138 0.143051 162 166 166
0.126589 -0.095029 -0.022223 154 140 133
0.122995 -0.096451 -0.015932 156 143 136
0.123490 -0.097075 0.017489 158 140 133
0.124067 -0.095991 0.023954 154 142 139
0.126135 -0.094640 0.035527 190 180 179
0.126169 -0.095663 0.042609 195 184 184
0.125755 -0.094437 0.056854 191 181 181
0.126115 -0.092253 0.066318 182 173 171
0.125826 -0.093807 0.074811 189 178 176
0.124647 -0.094354 0.083061 168 155 153
0.125709 -0.096096 0.094169 132 123 122
0.127327 -0.082492 0.005183 182 174 172
0.124875 -0.084912 0.016364 191 180 179
0.125142 -0.087306 0.024649 193 183 181
0.125914 -0.083305 0.046769 143 136 132
0.124921 -0.085473 0.054391 153 148 146
0.123037 -0.085400 0.066186 179 167 166
0.124412 -0.086424 0.074857 179 168 167
0.126836 -0.085242 0.084166 189 178 175
0.124258 -0.074742 0.003427 149 140 138
0.124439 -0.072933 0.016324 144 136 135
0.122080 -0.074863 0.023177 129 119 113
0.126413 -0.076641 0.045385 172 161 158
0.124118 -0.075463 0.054192 187 176 175
0.123401 -0.076920 0.063760 187 176 175
0.125073 -0.077364 0.072679 205 192 187
0.126573 -0.075315 0.084017 172 164 166
0.123679 -0.066811 -0.014165 150 138 134
0.124913 -0.067616 -0.006000 130 118 112
0.125435 -0.063866 0.006673 166 154 150
0.124535 -0.064203 0.014109 180 169 169
0.124881 -0.061741 0.024356 198 186 184
0.127220 -0.062809 0.034152 204 192 190
0.122218 -0.066554 0.046246 197 183 179
0.123703 -0.066444 0.055847 192 179 174
0.126231 -0.064895 0.065451 168 158 157
0.126593 -0.062688 0.074674 175 165 164
0.126225 -0.056496 0.006468 174 158 152
0.124560 -0.056261 0.014894 184 170 165
0.121463 -0.055151 0.027836 182 172 168
0.124282 -0.055979 0.036095 188 178 172
0.125851 -0.056955 0.045456 188 178 172
0.127280 -0.053113 0.056027 170 164 164
0.124847 -0.055758 0.065008 176 168 168
0.124362 -0.056468 0.073881 182 174 172
0.125915 -0.044720 -0.004920 102 125 120
0.125295 -0.040882 0.007470 152 150 143
0.125219 -0.044633 0.014658 192 181 174
0.120993 -0.045358 0.046788 182 176 172
0.122963 -0.045356 0.055670 185 178 174
0.125030 -0.045655 0.064968 198 189 186
0.126155 -0.033388 -0.003754 101 143 132
0.126585 -0.035024 0.005206 170 170 163
0.124952 -0.025337 -0.005017 106 136 124
0.124019 -0.026326 0.004683 100 130 122
0.125203 -0.028455 0.012170 96 140 130
0.124467 -0.015656 -0.006461 94 139 130
0.125038 -0.004276 -0.006510 81 128 121
0.132824 -0.682292 -0.064066 15 93 86
0.134983 -0.675640 -0.064058 6 96 86
0.134811 -0.665418 -0.062772 2 92 82
0.134789 -0.656412 -0.060993 1 88 78
0.135772 -0.652383 -0.059706 1 88 78
0.135376 -0.644657 -0.058570 1 86 78
0.135183 -0.634689 -0.056558 0 82 74
0.135211 -0.626415 -0.053536 1 75 68
0.138198 -0.614364 0.046805 82 128 124
0.134470 -0.603377 -0.015804 4 68 62
0.136287 -0.593517 0.007691 42 91 88
0.134491 -0.585213 0.024302 116 139 136
0.133523 -0.576906 0.037119 195 198 195
0.136205 -0.572874 0.043396 206 204 202
0.135141 -0.564515 0.044705 221 214 212
0.133623 -0.556804 -0.001815 114 144 138
0.137130 -0.553950 0.027925 172 170 162
0.135710 -0.552604 0.035964 200 193 186
0.135246 -0.555529 0.044273 237 226 221
0.137240 -0.554117 0.054522 200 186 176
0.136576 -0.542173 -0.012677 204 195 189
0.137639 -0.543450 -0.004672 210 200 194
0.138570 -0.542665 0.005881 213 204 197
0.138358 -0.543159 0.015754 224 216 210
0.137313 -0.543836 0.027137 179 184 178
0.135461 -0.546103 0.033981 196 189 182
0.136645 -0.546147 0.044135 192 180 168
0.138945 -0.534758 -0.033689 141 140 134
0.138768 -0.533825 -0.023503 188 181 174
0.136911 -0.534510 -0.013815 205 194 188
0.136853 -0.536047 -0.005258 215 204 198
0.136502 -0.535007 0.005663 216 204 198
0.134756 -0.534648 0.015628 230 218 214
0.134826 -0.535296 0.025423 239 226 218
0.132896 -0.537187 0.033229 245 230 222
0.136497 -0.523783 -0.023379 184 179 173
0.137596 -0.527054 -0.015903 208 201 194
0.137806 -0.525470 -0.004291 204 198 190
0.136589 -0.524944 0.005785 222 212 205
0.133119 -0.524613 0.015920 238 225 219
0.135214 -0.526454 0.025274 244 228 218
0.138315 -0.514650 0.006396 220 209 202
0.133245 -0.515092 0.014911 242 227 220
0.137379 -0.504246 0.007539 220 206 199
0.133096 -0.506112 0.012524 242 226 219
0.135151 -0.494407 0.006702 230 216 208
0.135393 -0.494625 0.014750 242 224 214
0.134443 -0.485640 0.004084 238 222 216
0.134041 -0.474453 -0.035125 114 138 128
0.135376 -0.474546 -0.004140 218 203 198
0.134793 -0.476018 0.004392 231 215 206
0.135032 -0.465792 -0.034793 112 138 130
0.138376 -0.462486 -0.024109 88 115 104
0.136830 -0.465020 -0.015193 134 139 128
0.134388 -0.463894 -0.006637 167 170 160
0.135568 -0.465385 0.005432 232 216 206
0.137934 -0.453493 -0.024021 124 150 139
0.137260 -0.455000 -0.014531 202 192 185
0.133660 -0.455550 -0.003930 187 184 176
0.134539 -0.453550 0.003914 215 202 192
0.136223 -0.444703 -0.043252 126 140 134
0.133781 -0.444567 -0.037259 186 185 180
0.136857 -0.445204 -0.024190 131 159 149
0.135857 -0.444888 -0.015015 204 195 189
0.132610 -0.445910 -0.006397 222 208 204
0.131881 -0.446870 0.004136 216 205 194
0.137910 -0.432449 -0.051237 2 78 70
0.135254 -0.434730 -0.045297 111 141 134
0.135892 -0.433077 -0.034880 142 166 158
0.135458 -0.434661 -0.026380 103 148 136
0.136233 -0.425351 -0.052719 71 124 115
0.134688 -0.426633 -0.045331 128 156 150
0.134052 -0.428013 -0.035629 143 169 160
0.132382 -0.426995 -0.026431 103 148 138
0.135694 -0.414957 -0.052889 0 84 75
0.135257 -0.404993 -0.052699 0 87 76
0.135128 -0.394780 -0.052206 0 90 80
0.136159 -0.386730 -0.051065 1 90 80
0.133971 -0.374172 -0.049063 1 90 80
0.134596 -0.364823 -0.047918 0 88 79
0.132629 -0.366007 0.036029 20 72 67
0.135000 -0.364328 0.043626 73 118 113
0.134599 -0.354896 -0.047109 0 84 76
0.137629 -0.356766 0.044118 39 78 74
0.134750 -0.345197 -0.045676 0 82 74
0.132099 -0.344853 0.037134 121 144 142
0.134889 -0.342733 0.042457 99 128 128
0.135156 -0.335453 -0.043959 0 72 66
0.135850 -0.334276 0.044476 92 136 134
0.132688 -0.327731 -0.040921 0 64 60
0.134738 -0.324813 -0.035769 0 68 63
0.135348 -0.322703 -0.025475 2 79 72
0.134343 -0.314814 -0.014565 6 89 80
0.135486 -0.306072 -0.013568 15 79 72
0.135548 -0.303003 -0.003632 150 167 164
0.133493 -0.305596 0.004011 94 134 131
0.135976 -0.304074 0.012938 146 162 160
0.132968 -0.303119 0.024169 139 153 154
0.133907 -0.304891 0.036048 62 96 94
0.134118 -0.305827 0.042375 142 150 149
0.133850 -0.293629 -0.023646 93 120 116
0.134913 -0.295209 -0.016197 83 116 111
0.134486 -0.295935 -0.004282 191 193 190
0.133246 -0.296867 0.004216 199 197 196
0.132420 -0.296862 0.012986 182 185 184
0.135918 -0.293359 0.025902 125 141 141
0.133616 -0.295427 0.036317 86 106 106
0.133571 -0.295012 0.047304 182 184 184
0.132193 -0.295742 0.052160 193 189 191
0.135318 -0.284903 -0.023921 15 56 51
0.133836 -0.283069 -0.014493 137 142 138
0.134354 -0.284517 -0.006462 199 198 194
0.130624 -0.286377 0.018180 219 215 208
0.136100 -0.283370 0.023094 182 186 182
0.133109 -0.283544 0.036096 118 128 126
0.134904 -0.285335 0.043172 175 175 175
0.135617 -0.275395 -0.022831 49 67 63
0.135616 -0.275857 -0.015606 130 139 136
0.134576 -0.275321 -0.007095 186 186 184
0.134524 -0.279495 0.028013 198 194 191
0.132942 -0.275203 0.035788 102 120 115
0.135536 -0.264818 -0.021529 14 56 50
0.136384 -0.267081 -0.015185 92 114 108
0.135282 -0.267160 0.044056 198 190 186
0.133117 -0.261879 0.051970 130 141 138
0.134715 -0.252714 -0.016174 109 133 128
0.135184 -0.255121 -0.004022 150 157 154
0.135514 -0.254370 0.004010 189 187 185
0.133415 -0.254998 0.013393 188 186 186
0.131721 -0.254783 0.024123 162 163 164
0.132820 -0.254362 0.036264 177 176 178
0.136640 -0.252505 0.043608 172 171 173
0.132930 -0.255206 0.055013 104 127 124
0.136479 -0.252625 0.064068 78 108 104
0.136138 -0.247148 -0.022553 80 101 95
0.134264 -0.246147 -0.014909 134 146 143
0.134325 -0.243586 -0.007222 178 176 177
0.137929 -0.247365 0.004659 176 172 170
0.135170 -0.243512 0.014807 125 136 132
0.136694 -0.245328 0.036501 175 176 176
0.134223 -0.246328 0.045175 169 169 170
0.133787 -0.245559 0.055426 160 160 159
0.134262 -0.245398 0.064704 170 164 162
0.133453 -0.245556 0.075501 142 148 148
0.132893 -0.233380 -0.011613 180 177 176
0.135994 -0.238713 0.004326 172 170 172
0.135202 -0.239423 0.015007 179 176 178
0.132920 -0.234250 0.032993 84 116 114
0.136327 -0.234320 0.046150 153 152 158
0.136902 -0.236074 0.054356 159 156 160
0.136045 -0.234327 0.065171 162 162 162
0.133880 -0.232210 0.073141 98 122 120
0.137296 -0.226552 -0.005020 190 186 182
0.133357 -0.222375 0.005158 167 167 168
0.133596 -0.223969 0.014909 164 162 164
0.133726 -0.222658 0.023383 164 162 163
0.138408 -0.223471 0.034708 153 153 160
0.136468 -0.227096 0.046021 152 160 161
0.137272 -0.226761 0.054127 163 160 161
0.133650 -0.225104 0.067112 104 115 112
0.134085 -0.225464 0.074818 124 130 128
0.135820 -0.224805 0.084966 164 158 158
0.133431 -0.214107 -0.003810 91 125 121
0.136056 -0.217004 0.002035 172 174 173
0.136243 -0.216335 0.026015 155 157 159
0.136158 -0.215234 0.034039 148 151 153
0.135519 -0.214173 0.043102 110 121 124
0.135498 -0.216349 0.056837 116 132 131
0.135645 -0.213553 0.063760 152 157 157
0.132639 -0.216163 0.075405 168 164 166
0.135045 -0.214254 0.084571 140 144 144
0.135548 -0.212678 0.094633 132 142 137
0.133800 -0.208480 0.037491 182 176 177
0.134017 -0.205485 0.047389 161 157 160
0.135357 -0.205337 0.053684 161 157 160
0.134436 -0.207396 0.065465 150 148 154
0.136320 -0.205945 0.074217 158 160 162
0.134628 -0.205925 0.085132 162 157 155
0.136667 -0.202512 0.094214 174 168 170
0.134353 -0.192253 -0.023118 132 152 146
0.135719 -0.196082 -0.018126 204 197 193
0.134539 -0.194570 0.014026 88 126 120
0.134309 -0.193611 0.022838 112 142 138
0.135117 -0.194071 0.065599 170 171 173
0.133969 -0.194294 0.076343 149 145 140
0.134634 -0.193749 0.084695 169 166 164
0.134931 -0.193561 0.094451 191 186 181
0.138686 -0.195325 0.104875 173 170 170
0.136366 -0.183057 -0.004287 194 190 190
0.134970 -0.184479 0.003457 188 186 186
0.137160 -0.184122 0.035648 127 146 143
0.135358 -0.184998 0.047253 75 78 78
0.135859 -0.185231 0.066095 124 122 120
0.135487 -0.186458 0.075895 183 178 177
0.133136 -0.185991 0.085562 180 179 178
0.136240 -0.186339 0.093884 174 175 172
0.136081 -0.183535 0.102142 158 157 155
0.132613 -0.183646 0.116444 174 170 170
0.133318 -0.185633 0.122155 180 174 174
0.134808 -0.174222 -0.020969 132 132 128
0.134578 -0.174974 -0.017841 174 170 167
0.137223 -0.172946 0.033584 174 169 166
0.136546 -0.175347 0.063575 195 185 183
0.133183 -0.176902 0.075942 195 191 191
0.132321 -0.177137 0.083781 192 188 191
0.135351 -0.173847 0.097676 179 175 178
0.136983 -0.175499 0.103593 178 175 176
0.138430 -0.173919 0.114577 167 160 166
0.137364 -0.165231 -0.020291 117 112 110
0.134587 -0.165691 -0.015639 173 163 157
0.134470 -0.164671 -0.005643 197 181 172
0.135309 -0.166778 0.005018 214 198 191
0.134294 -0.162603 0.026375 168 158 154
0.136797 -0.165758 0.035053 192 182 178
0.135439 -0.163329 0.046988 198 183 176
0.133694 -0.166052 0.056114 192 180 174
0.133886 -0.165998 0.064850 130 133 130
0.134158 -0.160904 0.077813 116 115 112
0.132027 -0.162378 0.087082 179 174 181
0.134130 -0.166269 0.094265 158 154 160
0.136093 -0.167104 0.104448 169 167 170
0.132850 -0.166215 0.113554 170 164 164
0.134573 -0.155787 0.005144 190 179 174
0.133656 -0.154152 0.015524 173 160 155
0.134946 -0.157216 0.023596 165 155 152
0.137696 -0.156883 0.033566 158 150 146
0.137355 -0.154549 0.043586 140 122 110
0.135905 -0.154649 0.053622 189 181 177
0.134153 -0.155267 0.063812 184 179 177
0.136524 -0.152870 0.074659 190 184 186
0.136040 -0.155125 0.084151 125 123 126
0.134821 -0.154748 0.094702 176 174 178
0.133515 -0.155451 0.116242 161 154 155
0.135825 -0.156055 0.123978 156 150 152
0.134466 -0.143857 -0.015043 185 178 174
0.136927 -0.149531 0.014968 179 168 162
0.137392 -0.142986 0.033170 170 151 138
0.135104 -0.144817 0.056062 182 172 168
0.135617 -0.145578 0.063214 172 162 160
0.135077 -0.146239 0.074810 190 183 182
0.135531 -0.145954 0.084229 188 180 179
0.134979 -0.147886 0.096452 175 168 167
0.134264 -0.146456 0.105216 186 177 180
0.137919 -0.144346 0.113138 160 154 154
0.132335 -0.144414 0.155485 197 191 194
0.134315 -0.133975 -0.023567 175 166 162
0.137358 -0.138895 -0.018864 174 167 166
0.133094 -0.133711 0.006666 230 214 206
0.133745 -0.134682 0.013670 228 212 207
0.135271 -0.133724 0.028061 142 123 110
0.137243 -0.132175 0.035012 178 170 168
0.136050 -0.134737 0.044759 170 161 158
0.135580 -0.136676 0.054252 176 169 170
0.135867 -0.135941 0.065476 174 168 170
0.135682 -0.134212 0.076617 192 185 186
0.134662 -0.134870 0.085734 236 222 221
0.133565 -0.134374 0.094318 238 224 224
0.134256 -0.134817 0.103731 190 178 180
0.131829 -0.134377 0.116586 208 198 194
0.132602 -0.131896 0.122130 166 170 168
0.133792 -0.135535 0.155222 182 177 178
0.135478 -0.126470 -0.021932 184 171 164
0.134157 -0.122954 -0.017114 176 161 150
0.132974 -0.123251 -0.006608 200 182 170
0.132581 -0.123831 0.003596 200 180 168
0.133392 -0.127418 0.014258 205 190 183
0.135685 -0.124922 0.027020 189 179 177
0.136642 -0.125679 0.035012 192 184 182
0.135546 -0.125582 0.041696 176 170 172
0.135306 -0.124287 0.058116 202 194 190
0.135792 -0.124486 0.065413 207 196 193
0.135927 -0.121818 0.085017 174 166 166
0.133656 -0.124281 0.096388 193 183 182
0.134457 -0.125068 0.105698 185 176 176
0.136298 -0.122952 0.112847 197 191 190
0.133925 -0.115825 -0.002746 188 165 150
0.133909 -0.113067 0.006155 198 184 179
0.132200 -0.115550 0.017934 192 182 180
0.135930 -0.112664 0.035890 87 101 94
0.133388 -0.113290 0.045122 150 150 148
0.134401 -0.114540 0.055079 123 124 122
0.135071 -0.116249 0.065689 102 94 91
0.132805 -0.115062 0.076750 177 165 159
0.133263 -0.115204 0.085048 181 170 169
0.134474 -0.117340 0.095131 182 173 173
0.133897 -0.117622 0.103353 168 162 164
0.136768 -0.116817 0.114440 198 186 187
0.135484 -0.104424 -0.014795 176 162 154
0.134452 -0.106658 -0.004100 174 160 154
0.133887 -0.105649 0.004653 176 164 161
0.133173 -0.103861 0.013909 158 144 137
0.136731 -0.104509 0.026275 101 109 103
0.135407 -0.105286 0.033454 132 122 119
0.133003 -0.105153 0.044487 164 160 161
0.132903 -0.104063 0.056362 210 197 195
0.133331 -0.104984 0.064730 215 202 199
0.134545 -0.105861 0.075735 194 179 177
0.134127 -0.106509 0.084312 185 170 168
0.135956 -0.104916 0.094304 169 156 151
0.131889 -0.100743 0.104918 124 116 114
0.136189 -0.106025 0.114492 146 140 138
0.135649 -0.106354 0.133910 230 218 216
0.134359 -0.105257 0.145509 190 183 184
0.135001 -0.097164 -0.021772 152 137 128
0.137223 -0.097803 -0.016752 164 152 144
0.135083 -0.093032 0.016148 176 164 157
0.134921 -0.095196 0.035602 191 185 184
0.134781 -0.095413 0.042063 202 194 196
0.136880 -0.094831 0.056104 190 181 184
0.133108 -0.095321 0.065391 175 171 169
0.133366 -0.094077 0.074686 176 166 162
0.136114 -0.093341 0.084456 179 168 164
0.136892 -0.096190 0.095624 168 154 146
0.136698 -0.094319 0.104548 199 186 182
0.131481 -0.088623 0.016135 176 161 154
0.133294 -0.085005 0.026391 187 172 169
0.134145 -0.083908 0.034222 130 129 127
0.136821 -0.084482 0.044298 135 133 132
0.134673 -0.086468 0.054957 102 104 101
0.133313 -0.085765 0.064253 140 137 134
0.132108 -0.086744 0.077539 222 207 204
0.134164 -0.085568 0.084786 218 205 202
0.135458 -0.086981 0.095331 221 208 204
0.135183 -0.088321 0.101953 222 207 204
0.135702 -0.076698 -0.005128 174 166 164
0.132669 -0.072865 0.016253 121 124 121
0.134728 -0.077152 0.024964 100 118 118
0.133951 -0.078666 0.046096 170 158 156
0.133291 -0.073351 0.054070 204 190 186
0.137201 -0.074284 0.064134 205 194 190
0.136204 -0.075027 0.083948 160 154 155
0.137701 -0.076706 0.092796 164 158 156
0.133211 -0.066377 0.013984 159 147 143
0.133334 -0.060759 0.026867 188 175 170
0.136551 -0.062639 0.035670 197 187 183
0.137498 -0.067246 0.045540 204 198 195
0.134634 -0.065320 0.065613 173 165 163
0.135132 -0.066620 0.074803 173 166 164
0.136451 -0.063603 0.083480 186 176 176
0.133467 -0.052763 0.006491 168 154 148
0.134301 -0.055448 0.014078 166 153 146
0.136419 -0.058091 0.024642 172 158 151
0.133958 -0.055835 0.035630 173 162 157
0.136332 -0.054546 0.046573 182 177 175
0.135350 -0.055876 0.054628 184 178 176
0.133201 -0.055068 0.064134 174 168 168
0.134920 -0.055269 0.073586 175 168 168
0.134929 -0.044970 -0.004475 110 129 122
0.136147 -0.047140 0.003931 185 178 173
0.132152 -0.043364 0.013583 189 185 176
0.137585 -0.044313 0.045358 82 109 105
0.135372 -0.047273 0.053814 144 146 145
0.133681 -0.047944 0.075462 210 201 196
0.133101 -0.033290 -0.003989 84 130 119
0.134001 -0.033354 0.006496 144 150 142
0.135015 -0.033668 0.014944 116 140 132
0.137372 -0.035105 0.024257 102 136 129
0.133799 -0.025877 -0.006305 41 96 84
0.132037 -0.026562 0.007599 97 136 127
0.134148 -0.028034 0.014338 101 140 132
0.134878 -0.015614 -0.006237 98 139 128
0.135089 -0.003870 -0.005423 100 145 135
0.134807 0.002690 -0.007917 75 122 112
0.143516 -0.681780 -0.064826 26 82 76
0.145114 -0.675059 -0.063560 5 94 86
0.145119 -0.665173 -0.062332 3 86 80
0.144759 -0.657036 -0.060719 2 82 76
0.144851 -0.652779 -0.059394 2 82 76
0.144874 -0.645119 -0.058741 2 80 74
0.144690 -0.635361 -0.056537 2 76 70
0.142545 -0.628050 -0.053485 3 70 68
0.145649 -0.624129 -0.045671 14 59 55
0.144626 -0.616523 -0.033617 59 89 84
0.145464 -0.612139 -0.024132 105 125 120
0.142874 -0.614505 0.045690 84 122 117
0.143100 -0.605441 -0.012494 80 98 96
0.147109 -0.603517 -0.004007 186 194 192
0.147582 -0.607839 0.054924 155 156 152
0.144528 -0.597269 0.005124 116 134 130
0.145340 -0.592509 0.016585 134 146 143
0.148287 -0.595349 0.063653 154 150 144
0.142795 -0.587279 0.025742 130 153 150
0.145383 -0.583482 0.035540 177 184 180
0.148285 -0.571803 -0.014871 186 184 179
0.148757 -0.570575 -0.008342 204 202 198
0.147261 -0.573039 0.004166 102 131 124
0.148115 -0.572437 0.016526 105 116 102
0.146560 -0.573114 0.047035 210 207 203
0.148856 -0.571231 0.054727 196 189 181
0.147143 -0.573331 0.063688 194 184 175
0.147061 -0.566135 -0.014512 140 143 137
0.147592 -0.563809 -0.005506 158 157 150
0.147387 -0.563903 0.003417 156 168 162
0.146791 -0.564888 0.015624 170 169 161
0.147115 -0.563776 0.024800 190 185 176
0.148138 -0.562564 0.035716 207 198 189
0.146113 -0.564512 0.045679 208 199 192
0.146561 -0.566516 0.053405 203 193 187
0.144718 -0.567319 0.062954 200 189 181
0.145047 -0.554590 -0.016228 182 174 166
0.144816 -0.555049 -0.003739 172 170 162
0.145651 -0.554986 0.004282 166 173 164
0.145027 -0.555059 0.014928 208 199 191
0.144022 -0.554705 0.024898 215 207 199
0.143589 -0.555731 0.035616 208 199 190
0.143006 -0.556885 0.043800 214 205 197
0.141937 -0.556722 0.053006 200 188 179
0.147017 -0.543505 -0.045072 39 90 82
0.145146 -0.543934 -0.035643 184 190 182
0.144603 -0.545474 -0.024070 192 184 176
0.142257 -0.546917 -0.017604 188 179 171
0.143102 -0.545010 -0.004255 223 216 211
0.146067 -0.546737 0.004834 159 170 163
0.143563 -0.545913 0.015349 146 156 147
0.143260 -0.545134 0.025253 179 180 171
0.141986 -0.546157 0.034765 188 185 178
0.146155 -0.535837 -0.044853 17 78 70
0.143526 -0.535236 -0.035238 108 122 116
0.141652 -0.534653 -0.025683 160 164 160
0.142668 -0.534955 -0.015607 218 208 204
0.145295 -0.525495 -0.034746 11 46 40
0.144140 -0.523775 -0.024495 127 135 128
0.142770 -0.523876 -0.016769 207 210 204
0.145117 -0.516277 -0.025262 120 125 121
0.146240 -0.517755 -0.012325 182 186 181
0.145357 -0.514854 -0.003772 202 199 192
0.142843 -0.512185 0.002702 215 206 198
0.148981 -0.509355 -0.000783 216 205 200
0.145127 -0.504860 0.005143 222 208 202
0.145097 -0.494751 0.007757 238 222 216
0.143863 -0.493779 0.014610 236 218 210
0.144245 -0.484225 0.005755 224 207 197
0.145657 -0.474004 -0.003439 213 196 186
0.144613 -0.477016 0.003620 215 197 185
0.143943 -0.464389 -0.035075 112 138 128
0.144895 -0.464412 -0.025077 85 98 88
0.144169 -0.463759 -0.014663 145 145 134
0.146587 -0.466410 -0.006393 212 197 188
0.145129 -0.453079 -0.043679 146 147 142
0.144789 -0.454503 -0.034827 115 139 130
0.142772 -0.455165 -0.026076 118 140 129
0.147096 -0.458729 -0.007435 172 168 158
0.147340 -0.444478 -0.052076 112 136 131
0.145774 -0.445233 -0.045109 120 134 128
0.145688 -0.446378 -0.034970 72 109 101
0.142046 -0.444162 -0.026803 96 136 125
0.146112 -0.433902 -0.053275 75 118 112
0.144038 -0.435828 -0.046019 140 156 151
0.144363 -0.436937 -0.034172 78 126 114
0.140648 -0.437288 -0.028212 98 142 130
0.144343 -0.426160 -0.055706 74 120 114
0.145072 -0.415177 -0.055229 0 79 72
0.144970 -0.405273 -0.054592 0 82 74
0.144895 -0.394844 -0.053164 0 85 76
0.145551 -0.385345 -0.051812 2 85 77
0.143930 -0.365019 -0.049035 1 82 73
0.144110 -0.354513 -0.048228 1 79 72
0.143418 -0.354374 0.045791 44 90 85
0.144193 -0.354939 0.053529 61 107 100
0.144863 -0.345216 -0.046616 0 76 69
0.144210 -0.345953 0.043549 86 135 128
0.148129 -0.345963 0.053315 100 143 134
0.145126 -0.335406 -0.044395 0 64 59
0.141805 -0.334038 0.047056 82 128 126
0.146530 -0.333071 0.053622 64 113 112
0.144046 -0.325033 -0.035206 2 66 62
0.145263 -0.323335 -0.024493 4 75 68
0.146115 -0.321003 -0.018464 4 82 73
0.143178 -0.325415 0.048654 112 140 140
0.145733 -0.324506 0.054537 107 134 134
0.143711 -0.315287 -0.024850 3 84 77
0.144405 -0.314075 -0.014684 5 84 77
0.145293 -0.304816 -0.014915 70 116 112
0.142722 -0.302255 -0.001139 178 181 180
0.145901 -0.304607 0.004954 173 178 180
0.143370 -0.304604 0.014610 162 166 168
0.147010 -0.292208 -0.023579 94 115 114
0.145514 -0.296409 -0.015583 74 113 110
0.142823 -0.292454 -0.006048 186 191 187
0.145542 -0.294663 0.002949 108 132 128
0.145399 -0.294752 0.013930 87 118 114
0.144175 -0.291146 0.053930 186 186 186
0.146535 -0.283789 -0.023214 58 90 87
0.145375 -0.287160 -0.015667 39 79 74
0.146048 -0.285132 -0.005606 206 203 199
0.144105 -0.286827 0.013502 148 154 154
0.141689 -0.285215 0.046829 168 166 166
0.147050 -0.286169 0.054212 180 178 178
0.144091 -0.275804 -0.024926 53 77 75
0.143720 -0.275979 -0.014762 157 156 152
0.144830 -0.275137 -0.008615 225 214 208
0.144511 -0.264258 -0.014237 126 138 132
0.145103 -0.265689 -0.008013 214 205 202
0.145649 -0.263197 0.003334 206 202 200
0.145308 -0.261991 0.015932 192 193 192
0.145063 -0.254893 -0.023873 62 90 84
0.146059 -0.256795 -0.016083 180 174 169
0.144185 -0.256194 -0.004582 210 203 200
0.146234 -0.256024 0.024572 178 177 176
0.142989 -0.254849 0.035562 190 189 189
0.144929 -0.254446 0.063899 114 130 122
0.147253 -0.243800 -0.024865 92 103 101
0.145004 -0.243027 -0.015626 128 136 135
0.145482 -0.247826 0.005419 189 186 181
0.143686 -0.244217 0.016188 176 172 163
0.146261 -0.244822 0.044971 160 159 164
0.144278 -0.247237 0.064655 89 112 108
0.145686 -0.243318 0.074681 96 109 102
0.146621 -0.237110 -0.013652 116 124 122
0.143763 -0.236456 -0.007977 180 176 174
0.143714 -0.236500 0.016950 142 145 138
0.145780 -0.235387 0.022861 178 184 178
0.143163 -0.235783 0.045423 150 151 157
0.143253 -0.235147 0.054292 152 152 157
0.142202 -0.233970 0.065831 142 144 144
0.142521 -0.237654 0.077252 38 77 74
0.145278 -0.233885 0.085455 26 76 70
0.146181 -0.227297 -0.004262 150 151 151
0.145381 -0.224785 0.028231 125 141 146
0.146177 -0.223775 0.035961 168 171 172
0.144454 -0.224583 0.045351 150 152 154
0.145595 -0.225051 0.055242 152 153 159
0.146136 -0.225705 0.063058 150 152 157
0.143318 -0.228828 0.077070 93 117 115
0.143113 -0.226597 0.087158 130 136 136
0.145909 -0.226718 0.092705 114 127 126
0.143193 -0.217949 0.026673 165 162 166
0.145266 -0.216400 0.033071 161 163 166
0.145422 -0.216084 0.044774 163 166 168
0.144451 -0.215674 0.054236 106 128 126
0.142537 -0.212860 0.065873 80 108 108
0.145258 -0.213889 0.074820 132 136 140
0.148095 -0.212705 0.086091 142 145 150
0.146202 -0.204465 0.005681 106 139 132
0.144450 -0.204514 0.037798 200 195 196
0.144582 -0.206313 0.043657 197 198 198
0.146886 -0.203525 0.055182 164 163 164
0.146701 -0.203499 0.062089 158 157 159
0.144172 -0.204216 0.076455 132 150 152
0.143083 -0.205114 0.082660 132 146 146
0.143359 -0.202481 0.104802 166 160 158
0.144232 -0.192911 -0.023701 178 178 172
0.146022 -0.196418 -0.018022 202 195 192
0.144691 -0.192999 0.025356 84 129 124
0.147478 -0.193507 0.036061 152 152 154
0.145229 -0.194540 0.045025 152 151 154
0.144748 -0.196280 0.065463 166 163 165
0.145870 -0.195277 0.072721 168 167 170
0.144651 -0.195459 0.086174 156 157 159
0.144264 -0.193378 0.094801 171 166 164
0.141516 -0.196908 0.103530 172 166 164
0.143958 -0.181684 -0.003189 190 186 186
0.145084 -0.182687 0.004683 181 180 181
0.145743 -0.183166 0.013247 172 169 170
0.147868 -0.183886 0.025795 152 148 152
0.144968 -0.184335 0.034189 105 114 113
0.145505 -0.185475 0.046835 120 118 117
0.143626 -0.186272 0.055688 134 132 130
0.143122 -0.186058 0.063999 168 162 162
0.143077 -0.187785 0.076842 164 158 160
0.145172 -0.183533 0.085114 174 166 164
0.146611 -0.184182 0.094844 175 170 168
0.143582 -0.184781 0.103320 192 189 188
0.142520 -0.172623 -0.016685 178 174 172
0.146188 -0.175056 -0.004733 190 184 182
0.145227 -0.173772 0.002643 178 172 170
0.145815 -0.174944 0.016965 162 158 159
0.147208 -0.175120 0.027552 177 175 174
0.145970 -0.173751 0.032569 176 172 174
0.147366 -0.173488 0.044871 188 182 178
0.144475 -0.174545 0.053776 198 191 187
0.143217 -0.174432 0.063761 190 184 182
0.145989 -0.173932 0.075818 168 157 149
0.147177 -0.176377 0.083810 190 181 176
0.141950 -0.178452 0.097719 160 158 159
0.142557 -0.175684 0.105693 178 173 173
0.143871 -0.175362 0.113450 166 162 168
0.142593 -0.163740 -0.020527 128 126 122
0.143761 -0.166199 -0.017694 158 155 152
0.144075 -0.167289 -0.005032 167 160 154
0.143889 -0.167116 0.003028 195 186 182
0.144712 -0.164694 0.026832 204 189 183
0.143869 -0.165852 0.034792 197 185 181
0.144845 -0.165945 0.045255 186 181 178
0.146668 -0.164034 0.053979 183 177 174
0.144779 -0.165010 0.065895 174 165 160
0.146883 -0.163852 0.074649 188 178 172
0.147807 -0.165174 0.081754 214 198 192
0.146440 -0.161980 0.095256 169 167 174
0.141842 -0.168334 0.102971 165 162 166
0.144857 -0.153505 -0.025700 119 115 112
0.143301 -0.154365 0.023293 141 134 130
0.144468 -0.156467 0.033294 160 150 150
0.146627 -0.156592 0.045589 152 145 143
0.143999 -0.155034 0.055494 178 168 161
0.146438 -0.155661 0.064256 190 181 177
0.144421 -0.152830 0.074210 173 164 162
0.144290 -0.155067 0.085426 178 174 180
0.144978 -0.154961 0.093102 174 169 170
0.143751 -0.143115 -0.011734 188 180 178
0.145449 -0.143758 -0.005365 174 168 168
0.145058 -0.144963 0.004478 166 162 163
0.146531 -0.144892 0.014794 164 160 162
0.147445 -0.146272 0.048288 153 146 137
0.145862 -0.147939 0.053125 166 156 146
0.143934 -0.144014 0.065711 164 142 128
0.144452 -0.145625 0.074964 165 154 150
0.144496 -0.145979 0.084731 182 174 174
0.143259 -0.145662 0.094417 178 170 171
0.144932 -0.146125 0.104911 168 161 162
0.143909 -0.145189 0.112929 166 156 159
0.144007 -0.132729 -0.022588 139 139 136
0.145321 -0.137346 -0.016853 176 172 169
0.146880 -0.137082 -0.006416 180 171 168
0.145048 -0.133520 0.024779 137 127 118
0.144406 -0.132168 0.035405 180 173 172
0.145975 -0.136299 0.046021 173 161 154
0.144772 -0.133056 0.054858 185 177 176
0.146680 -0.132208 0.063872 194 186 184
0.146704 -0.135452 0.074880 197 191 192
0.146579 -0.132730 0.086077 207 200 202
0.144173 -0.136336 0.095424 199 192 191
0.145926 -0.134552 0.113893 147 138 136
0.146288 -0.134378 0.123604 168 160 158
0.144518 -0.125536 -0.023622 136 140 134
0.144122 -0.121834 -0.018192 179 175 168
0.146005 -0.124578 -0.006169 190 180 172
0.142957 -0.126879 0.016148 166 155 146
0.142198 -0.124384 0.028779 161 156 156
0.143282 -0.125735 0.035296 198 192 191
0.146784 -0.125054 0.045064 204 194 194
0.146484 -0.126549 0.052979 201 195 196
0.146797 -0.126125 0.065707 179 172 174
0.146392 -0.123855 0.084870 182 173 172
0.144456 -0.123219 0.095143 188 178 176
0.145268 -0.124874 0.115823 166 158 158
0.146984 -0.124173 0.123664 174 165 166
0.144124 -0.113214 0.004594 183 174 170
0.146356 -0.114732 0.013777 189 178 172
0.146548 -0.115562 0.037561 169 162 162
0.143772 -0.117551 0.044128 199 191 191
0.142884 -0.113876 0.055259 184 174 174
0.145755 -0.112537 0.065447 216 206 207
0.147401 -0.113392 0.077337 189 177 175
0.145436 -0.115222 0.084354 190 175 171
0.145238 -0.114966 0.094149 197 187 184
0.143691 -0.117647 0.125125 196 186 186
0.144571 -0.101022 -0.022292 192 176 170
0.146188 -0.103233 -0.016564 193 184 181
0.145529 -0.105589 -0.006249 180 170 166
0.143442 -0.103794 0.014109 101 113 105
0.143175 -0.104162 0.025519 144 130 124
0.146622 -0.104972 0.033143 162 153 149
0.145831 -0.105202 0.045153 130 133 134
0.147604 -0.102038 0.055886 212 200 202
0.146769 -0.106089 0.064918 185 173 174
0.144830 -0.106030 0.076093 207 194 191
0.145625 -0.106589 0.084378 211 199 196
0.144913 -0.107211 0.095961 179 168 166
0.144682 -0.103209 0.105355 186 174 168
0.145683 -0.102323 0.115157 202 191 185
0.144706 -0.095563 -0.024768 170 160 152
0.145319 -0.096565 -0.015799 101 111 104
0.146089 -0.097822 -0.006608 99 112 104
0.142478 -0.094013 0.018113 158 149 145
0.143616 -0.095482 0.025158 160 152 146
0.145382 -0.095822 0.032764 177 168 166
0.147237 -0.096378 0.045326 183 169 168
0.143391 -0.094432 0.054379 191 180 182
0.146656 -0.093588 0.066765 148 141 140
0.144915 -0.091756 0.075943 160 159 154
0.145317 -0.093077 0.086070 187 182 180
0.144704 -0.095843 0.095180 175 167 164
0.143898 -0.094205 0.105826 218 208 204
0.144560 -0.094893 0.113886 223 212 208
0.145535 -0.095976 0.122613 227 217 212
0.144641 -0.083102 0.004920 183 175 178
0.146000 -0.083258 0.044970 123 119 117
0.148066 -0.084573 0.055893 104 102 99
0.145975 -0.086499 0.064521 93 97 92
0.146147 -0.085276 0.075303 185 182 180
0.144849 -0.087532 0.083748 204 199 197
0.147275 -0.083016 0.097443 168 162 164
0.144837 -0.085859 0.104422 191 182 180
0.147177 -0.087415 0.113820 194 183 182
0.146053 -0.075100 0.005380 118 118 116
0.144003 -0.076480 0.047003 158 157 161
0.144792 -0.076466 0.054215 178 169 168
0.146441 -0.075144 0.066470 161 154 149
0.143673 -0.072610 0.074137 140 132 129
0.144217 -0.075599 0.084663 159 156 156
0.143896 -0.077281 0.095430 167 163 163
0.147425 -0.078073 0.102373 162 162 161
0.143854 -0.063457 0.035369 188 182 180
0.143662 -0.067394 0.044438 190 184 182
0.146152 -0.062860 0.066216 173 170 170
0.142446 -0.067808 0.075430 172 163 161
0.146764 -0.066177 0.083225 190 182 179
0.144805 -0.065348 0.091631 194 184 183
0.141549 -0.051027 0.007769 153 146 139
0.145302 -0.053571 0.014858 148 140 136
0.143451 -0.056107 0.024468 167 158 153
0.143354 -0.057563 0.033159 187 179 174
0.144073 -0.052367 0.046551 156 149 146
0.145453 -0.054695 0.054831 175 169 167
0.145691 -0.053911 0.066010 173 167 166
0.145375 -0.054697 0.074498 190 183 180
0.146026 -0.051157 0.083077 220 208 206
0.144400 -0.043693 -0.005593 97 117 110
0.145599 -0.047483 0.005095 119 114 109
0.144789 -0.045903 0.034742 174 169 162
0.146344 -0.047409 0.044691 171 165 160
0.146417 -0.048422 0.053212 177 170 166
0.143178 -0.037014 0.031599 112 142 134
0.143309 -0.025846 -0.007273 5 76 64
0.145293 -0.003039 -0.005330 116 154 144
0.144396 0.003256 -0.006791 92 135 126
0.154678 -0.674512 -0.063119 6 94 85
0.154741 -0.664841 -0.062544 3 85 77
0.155176 -0.655369 -0.060982 2 80 72
0.154366 -0.651895 -0.059582 1 80 72
0.155257 -0.648488 -0.060265 2 79 72
0.154653 -0.644764 -0.058789 2 79 72
0.153523 -0.636385 -0.055510 4 74 68
0.159077 -0.636039 -0.004595 80 118 110
0.156319 -0.632843 0.001866 87 120 109
0.155528 -0.636525 0.047578 146 149 145
0.153401 -0.626835 -0.043169 64 100 96
0.155718 -0.624264 -0.035114 114 134 132
0.157878 -0.624568 0.004500 86 116 108
0.154215 -0.627957 0.025207 178 189 182
0.155118 -0.613914 -0.016023 177 184 182
0.156824 -0.615158 -0.004331 88 126 122
0.156962 -0.617005 0.005818 84 114 105
0.157559 -0.612876 0.014170 110 120 112
0.155135 -0.614253 0.034448 172 174 168
0.156367 -0.604888 -0.014502 180 178 170
0.156341 -0.603520 0.005333 126 144 138
0.157423 -0.605158 0.014953 124 131 121
0.157948 -0.602707 0.022721 145 145 136
0.157577 -0.602295 0.035381 149 145 138
0.154074 -0.601919 0.057200 149 148 142
0.158030 -0.593602 -0.045691 130 149 144
0.158418 -0.592725 -0.035388 190 192 187
0.159445 -0.595988 -0.015686 189 186 176
0.159413 -0.592999 -0.003446 193 192 182
0.155985 -0.596311 0.004991 118 137 131
0.155216 -0.594533 0.015116 137 142 136
0.156754 -0.594663 0.024075 157 156 150
0.158320 -0.593105 0.033857 165 164 158
0.158005 -0.594780 0.044540 165 160 152
0.153180 -0.595803 0.057293 146 141 135
0.155229 -0.594711 0.064806 154 148 142
0.156693 -0.585481 -0.043927 110 137 130
0.156721 -0.585559 -0.035641 179 180 175
0.155275 -0.582578 -0.024682 136 152 146
0.155414 -0.583858 -0.015486 187 186 182
0.157351 -0.584289 -0.004735 194 190 182
0.157335 -0.583636 0.003616 148 159 151
0.156878 -0.585242 0.013761 137 143 133
0.156385 -0.586191 0.024035 164 163 157
0.155185 -0.585892 0.036243 175 171 165
0.155884 -0.583720 0.044920 176 172 167
0.157324 -0.582494 0.052761 182 178 172
0.154721 -0.584540 0.065597 180 174 166
0.159580 -0.576885 -0.042646 94 128 116
0.157925 -0.574974 -0.034924 190 186 178
0.153975 -0.576424 -0.023983 134 147 141
0.152971 -0.574638 -0.015013 136 146 139
0.154845 -0.574669 -0.004225 196 190 182
0.154154 -0.575430 0.005459 153 162 153
0.153984 -0.574976 0.015175 158 162 152
0.155236 -0.573698 0.025000 187 187 177
0.156009 -0.573635 0.035384 201 195 188
0.153364 -0.575335 0.046234 194 189 181
0.154414 -0.575558 0.053115 192 187 179
0.152832 -0.576841 0.064067 182 174 165
0.158644 -0.565962 -0.032571 199 196 184
0.154779 -0.564741 -0.024822 192 186 178
0.153141 -0.565856 -0.015974 110 118 109
0.153089 -0.566489 -0.004039 172 168 158
0.153683 -0.565492 0.004771 160 169 160
0.151285 -0.566643 0.013610 208 198 186
0.152310 -0.567990 0.025946 205 201 194
0.152327 -0.567418 0.035756 204 196 187
0.151689 -0.567676 0.043557 206 198 191
0.152433 -0.568647 0.050901 190 179 170
0.157445 -0.552270 -0.043759 30 77 68
0.156725 -0.553433 -0.034178 188 194 182
0.154398 -0.556049 -0.025496 200 194 184
0.152603 -0.556541 -0.014967 128 128 122
0.153616 -0.555339 -0.002393 192 190 183
0.153061 -0.556400 0.005136 149 158 150
0.155532 -0.545083 -0.046002 12 78 70
0.155761 -0.544699 -0.024845 218 212 204
0.155597 -0.546209 -0.005132 192 191 186
0.152351 -0.547420 0.002707 155 172 167
0.156581 -0.534153 -0.045232 76 117 110
0.153328 -0.535965 0.015497 169 168 160
0.156865 -0.525919 -0.044403 86 101 96
0.154580 -0.524662 -0.034463 183 178 172
0.152028 -0.524095 -0.026191 205 198 194
0.158010 -0.516312 -0.043856 126 132 126
0.154615 -0.515146 -0.035353 164 163 158
0.154375 -0.515388 -0.025917 195 187 182
0.153655 -0.513351 -0.014602 195 188 184
0.151715 -0.511313 -0.006606 206 199 194
0.154983 -0.508623 -0.026318 212 200 192
0.158652 -0.508653 -0.012900 202 187 176
0.155709 -0.506003 -0.003879 212 200 194
0.152974 -0.502783 0.002287 223 209 204
0.154951 -0.494919 0.005479 231 216 212
0.154699 -0.485789 0.004595 232 217 212
0.153888 -0.473543 -0.003182 212 196 186
0.153523 -0.475524 0.004127 216 198 188
0.155830 -0.465083 -0.032040 34 58 48
0.154492 -0.464243 -0.025286 72 81 74
0.156079 -0.463613 -0.013934 156 154 147
0.153394 -0.465432 -0.006939 191 181 173
0.157808 -0.455651 -0.052728 108 116 108
0.154394 -0.455235 -0.046342 145 147 141
0.155300 -0.454067 -0.034157 62 104 92
0.155181 -0.455931 -0.025066 92 101 92
0.156309 -0.456589 -0.016671 140 140 135
0.156176 -0.456610 -0.006959 174 165 158
0.153493 -0.444299 -0.054950 107 130 123
0.153077 -0.447212 -0.046674 122 126 120
0.153725 -0.445956 -0.033419 74 105 95
0.154011 -0.445238 -0.024889 125 128 123
0.155932 -0.445473 -0.014647 181 178 171
0.157891 -0.445426 -0.007246 216 205 200
0.152539 -0.434168 -0.055092 101 124 116
0.154217 -0.434866 -0.034121 78 120 108
0.157499 -0.434756 -0.026306 110 146 134
0.154429 -0.424748 -0.055810 11 76 66
0.154699 -0.415044 -0.055941 2 75 66
0.154738 -0.405170 -0.054180 2 78 68
0.154463 -0.394990 -0.053465 1 81 71
0.153434 -0.385288 -0.052007 3 82 72
0.155557 -0.374298 -0.051686 4 78 68
0.155285 -0.353165 -0.049055 2 72 64
0.154932 -0.345156 -0.047312 1 70 62
0.154265 -0.341535 0.056654 20 72 62
0.154787 -0.342733 0.061910 67 113 104
0.155228 -0.335414 -0.044967 0 58 51
0.154709 -0.334408 0.055778 12 82 74
0.154234 -0.337476 0.063704 6 84 70
0.155067 -0.325489 -0.033945 4 62 54
0.155148 -0.323973 -0.023778 5 70 61
0.154641 -0.321330 -0.018095 6 76 66
0.152296 -0.322485 0.058603 123 142 144
0.153146 -0.322233 0.061504 101 126 127
0.155628 -0.315034 -0.013673 28 89 81
0.151026 -0.316042 0.057818 120 128 130
0.155372 -0.315683 0.062345 102 113 115
0.155588 -0.303850 -0.022855 90 124 120
0.155581 -0.306020 -0.014501 63 111 106
0.155429 -0.307115 0.056496 142 153 153
0.157064 -0.307691 0.064188 160 169 170
0.155442 -0.294469 -0.022455 24 74 69
0.155696 -0.293821 -0.015819 54 103 96
0.152512 -0.291353 -0.006930 105 138 132
0.155968 -0.291423 0.023292 168 172 174
0.153762 -0.282757 -0.023077 63 96 92
0.155813 -0.284157 -0.014694 84 114 111
0.154643 -0.285239 -0.005980 168 176 174
0.152880 -0.284706 0.057194 190 188 184
0.155603 -0.284780 0.062926 173 172 171
0.157203 -0.277457 -0.022723 10 62 54
0.154082 -0.273411 -0.015538 128 135 131
0.155480 -0.275790 0.064376 169 172 170
0.156996 -0.274916 0.072006 172 167 166
0.154937 -0.264501 -0.022268 76 93 88
0.154589 -0.265552 -0.014454 134 139 135
0.156070 -0.262251 -0.007310 137 138 135
0.152942 -0.262078 0.004088 142 150 148
0.155475 -0.255416 -0.022362 10 50 42
0.155452 -0.257318 -0.014774 118 132 128
0.157072 -0.255358 -0.004436 200 198 196
0.154124 -0.255795 0.004767 190 188 188
0.153885 -0.254082 0.013065 182 182 182
0.154919 -0.244379 -0.026352 95 110 106
0.153556 -0.243607 -0.016274 137 141 138
0.156125 -0.248835 -0.005675 201 198 198
0.152545 -0.247921 0.007314 177 176 173
0.156006 -0.244161 0.045192 172 172 176
0.152305 -0.244775 0.052064 164 163 168
0.153655 -0.245204 0.075114 203 192 186
0.154766 -0.235207 -0.014668 92 108 103
0.153951 -0.232277 -0.009041 174 172 168
0.156195 -0.233452 0.062646 162 161 168
0.152007 -0.236682 0.086627 113 128 118
0.153531 -0.233165 0.093353 105 124 116
0.156918 -0.226869 -0.013592 87 105 99
0.153377 -0.224712 -0.005066 140 152 150
0.153361 -0.223702 0.004366 108 134 134
0.153909 -0.223106 0.013897 133 146 142
0.152324 -0.223979 0.026799 137 148 144
0.151769 -0.224130 0.034575 103 111 112
0.153113 -0.225463 0.043461 132 136 142
0.152159 -0.225629 0.055672 151 150 156
0.154421 -0.226111 0.064663 163 162 166
0.157368 -0.226387 0.072652 170 168 173
0.155759 -0.221647 0.083909 164 162 166
0.152595 -0.227378 0.096864 110 122 116
0.155060 -0.215178 -0.020410 27 72 60
0.156347 -0.216346 -0.015289 88 116 108
0.156448 -0.216326 -0.006166 135 149 143
0.157337 -0.216400 0.004008 97 116 112
0.157607 -0.215386 0.016033 156 159 158
0.156398 -0.216052 0.025071 164 163 163
0.154339 -0.215329 0.036376 169 168 168
0.152916 -0.215987 0.045334 168 170 171
0.153436 -0.216213 0.054408 124 140 138
0.152259 -0.214616 0.065252 156 154 160
0.152242 -0.214244 0.074923 152 153 158
0.154023 -0.216682 0.086092 166 166 168
0.154489 -0.215258 0.095535 163 163 166
0.157108 -0.212505 0.103934 138 142 144
0.154117 -0.204651 -0.005173 140 146 143
0.155117 -0.205138 0.003540 139 152 146
0.157444 -0.208339 0.017120 180 176 176
0.155059 -0.209246 0.027198 174 166 168
0.156732 -0.205563 0.043845 177 173 174
0.153095 -0.203807 0.055716 174 170 171
0.153415 -0.207369 0.065475 169 167 168
0.155769 -0.207450 0.107705 164 162 166
0.156221 -0.205335 0.113353 160 158 162
0.157455 -0.198297 -0.023472 140 142 138
0.154642 -0.197024 -0.018171 196 187 183
0.154878 -0.193894 0.026092 86 128 120
0.154694 -0.192661 0.035219 159 156 158
0.157163 -0.193329 0.044634 156 150 154
0.155997 -0.197280 0.064329 168 161 162
0.155855 -0.193742 0.076442 168 163 164
0.155871 -0.195334 0.083268 80 120 116
0.153514 -0.195583 0.094135 76 116 114
0.154147 -0.183018 0.028062 124 121 122
0.154294 -0.184423 0.034982 133 132 132
0.154919 -0.184081 0.042903 152 149 147
0.152705 -0.187649 0.075661 162 156 159
0.154728 -0.186974 0.085298 165 162 163
0.155435 -0.185425 0.094394 160 162 163
0.154756 -0.184338 0.103839 144 153 155
0.156854 -0.182969 0.112399 173 175 176
0.156876 -0.176448 0.024994 156 152 152
0.155503 -0.172475 0.033720 164 159 160
0.155622 -0.178754 0.095585 167 165 167
0.154650 -0.177552 0.114747 144 150 150
0.154927 -0.162320 0.006007 216 205 198
0.155023 -0.162464 0.013980 214 202 196
0.155303 -0.168540 0.034565 182 174 173
0.156168 -0.164863 0.045387 174 164 162
0.155396 -0.161268 0.056027 174 167 165
0.156916 -0.162700 0.066004 156 148 147
0.153418 -0.163480 0.075468 182 173 171
0.152962 -0.166821 0.083477 174 166 165
0.154770 -0.155154 -0.016256 188 180 176
0.153267 -0.151758 0.026492 172 168 164
0.152805 -0.155719 0.036610 164 155 156
0.153901 -0.153725 0.047563 124 118 118
0.155847 -0.157476 0.056406 161 155 154
0.153119 -0.154320 0.065881 173 166 162
0.154648 -0.153116 0.073586 167 161 157
0.155150 -0.156326 0.087125 126 142 138
0.154080 -0.153380 0.095622 176 169 169
0.155797 -0.152168 0.104071 177 171 172
0.152757 -0.143175 -0.005136 168 166 166
0.154587 -0.145394 0.004528 168 166 167
0.154733 -0.145726 0.015228 168 165 167
0.155672 -0.145691 0.025213 163 162 163
0.154974 -0.142637 0.046574 100 108 104
0.154850 -0.143936 0.054501 136 143 138
0.155660 -0.144993 0.065065 155 151 146
0.153072 -0.146266 0.074032 153 151 147
0.154348 -0.147826 0.085813 180 172 172
0.154133 -0.145590 0.094240 180 175 175
0.154462 -0.145007 0.104006 172 168 167
0.156564 -0.141752 0.111816 180 174 174
0.153121 -0.131154 -0.021002 99 115 112
0.155047 -0.135018 -0.015642 184 179 176
0.155301 -0.136393 -0.004936 168 162 158
0.156087 -0.135287 0.035942 135 132 130
0.154114 -0.135100 0.045104 130 128 126
0.155524 -0.134009 0.054933 128 134 129
0.155387 -0.133684 0.063931 158 160 159
0.156690 -0.135741 0.106463 184 177 175
0.156653 -0.135222 0.115100 174 164 160
0.154531 -0.124702 -0.023330 71 102 96
0.154688 -0.125602 -0.005033 122 126 120
0.158606 -0.125259 0.014960 88 122 112
0.154057 -0.123681 0.035794 148 147 148
0.155229 -0.123804 0.045334 177 173 174
0.155643 -0.126516 0.055076 184 180 178
0.153234 -0.124541 0.065720 162 150 145
0.154407 -0.121829 0.075870 177 164 158
0.153969 -0.122131 0.084539 202 194 194
0.155552 -0.126089 0.093405 172 164 166
0.152623 -0.123394 0.135019 174 167 168
0.153482 -0.114331 0.006111 165 159 156
0.153215 -0.114394 0.017627 159 161 156
0.157199 -0.114759 0.023551 150 146 145
0.155481 -0.115332 0.034352 109 115 111
0.156684 -0.115747 0.045461 153 147 144
0.155392 -0.114358 0.055048 85 87 85
0.154173 -0.116934 0.065481 125 116 116
0.155437 -0.115152 0.075088 185 177 175
0.155489 -0.115783 0.083299 188 180 179
0.153778 -0.113962 0.095107 173 164 163
0.155173 -0.114160 0.103295 174 164 164
0.151825 -0.118522 0.135223 178 172 173
0.155054 -0.103759 -0.013091 174 168 166
0.155531 -0.105325 -0.007848 182 176 177
0.159115 -0.104147 0.005659 158 154 152
0.154186 -0.107555 0.026326 181 168 160
0.155552 -0.105111 0.036793 154 154 152
0.156728 -0.104577 0.044793 155 156 154
0.156332 -0.104670 0.055130 172 168 167
0.154854 -0.106356 0.065021 183 173 171
0.153324 -0.107997 0.075708 208 197 195
0.154401 -0.107073 0.084194 196 188 188
0.156583 -0.103534 0.101679 164 154 150
0.154288 -0.106002 0.116405 181 168 164
0.155791 -0.105535 0.123670 202 188 182
0.156552 -0.096086 -0.016490 153 153 148
0.153838 -0.095523 -0.005815 176 168 163
0.155629 -0.091295 0.027603 182 173 176
0.153635 -0.094677 0.035283 182 174 178
0.154512 -0.097818 0.044390 181 172 171
0.153203 -0.091838 0.056468 148 138 137
0.155852 -0.092466 0.065690 154 146 144
0.153811 -0.094721 0.074205 119 120 121
0.153284 -0.097048 0.094456 240 227 223
0.156544 -0.094152 0.107326 190 180 180
0.156140 -0.094604 0.115294 192 182 182
0.156360 -0.093214 0.124516 197 186 186
0.154823 -0.083447 -0.004984 112 120 118
0.155332 -0.085495 0.014081 186 177 179
0.155071 -0.086331 0.057378 122 119 116
0.154718 -0.084201 0.065077 152 150 146
0.155809 -0.085062 0.073976 183 179 175
0.156701 -0.084512 0.086665 187 180 182
0.152900 -0.081938 0.095420 158 153 154
0.153839 -0.084354 0.104261 165 162 162
0.152804 -0.087058 0.115589 169 174 172
0.154494 -0.076197 -0.003817 180 172 174
0.154392 -0.076868 0.002494 160 158 158
0.154654 -0.074832 0.055442 179 176 174
0.154703 -0.073939 0.065888 161 157 151
0.156540 -0.074373 0.077168 162 158 156
0.156635 -0.074724 0.084176 178 171 170
0.154494 -0.075081 0.095769 176 179 179
0.156481 -0.077205 0.103974 134 148 144
0.156896 -0.066993 -0.007120 70 85 82
0.157375 -0.062116 0.023977 166 159 158
0.152571 -0.064632 0.038338 176 172 172
0.155274 -0.062547 0.044589 114 122 116
0.152958 -0.064902 0.057231 127 133 131
0.156191 -0.064928 0.063562 184 177 175
0.154221 -0.067817 0.075945 169 162 160
0.153044 -0.068552 0.085985 201 192 189
0.153918 -0.066431 0.093075 208 200 198
0.157767 -0.063566 0.102727 192 184 186
0.154951 -0.053256 0.015792 171 166 166
0.152747 -0.054430 0.022678 172 170 170
0.157092 -0.057323 0.033242 193 182 178
0.154641 -0.054224 0.045338 166 159 158
0.155553 -0.052888 0.055789 191 184 182
0.154980 -0.053198 0.065278 171 166 163
0.155636 -0.053560 0.075931 208 196 191
0.154861 -0.052279 0.084323 222 210 205
0.153080 -0.041643 -0.002575 96 118 110
0.155453 -0.042640 0.005691 96 98 92
0.154912 -0.045054 0.014483 184 176 170
0.157138 -0.042857 0.036973 185 179 174
0.156077 -0.044671 0.044112 182 175 170
0.155644 -0.047636 0.056007 178 168 161
0.153600 -0.049366 0.060837 200 188 181
0.157899 -0.036132 0.004868 98 103 95
0.157297 -0.036099 0.013975 188 186 177
0.156308 -0.037888 0.024998 193 187 180
0.156167 -0.037349 0.035595 218 206 200
0.158724 -0.038527 0.041620 216 202 196
0.155990 -0.025571 -0.007132 10 69 60
0.153963 -0.014159 -0.006551 102 140 130
0.154305 -0.002895 -0.005087 118 150 142
0.157451 0.004272 -0.008191 100 138 127
0.164566 -0.674210 -0.063194 6 92 82
0.164632 -0.665331 -0.062832 3 83 74
0.164455 -0.656804 -0.061267 1 78 68
0.165178 -0.652649 -0.058671 1 76 68
0.163187 -0.645791 -0.056226 2 78 70
0.167400 -0.645597 -0.046018 4 82 73
0.167708 -0.642282 -0.036542 6 84 72
0.162454 -0.645034 -0.005625 80 117 106
0.165783 -0.644555 0.003891 94 120 108
0.163937 -0.643860 0.046951 141 144 140
0.164815 -0.636613 -0.044070 5 81 71
0.165191 -0.633462 -0.036009 12 88 74
0.165472 -0.634946 0.006774 96 118 109
0.168530 -0.632090 0.013014 107 120 111
0.164816 -0.637748 0.052658 136 138 134
0.163898 -0.627593 -0.042257 6 88 76
0.163054 -0.627096 -0.036045 8 85 73
0.163025 -0.623999 -0.024128 94 119 113
0.166365 -0.624382 -0.016908 57 92 83
0.166749 -0.625841 -0.007224 8 76 69
0.162454 -0.625890 0.006690 98 118 109
0.167301 -0.624115 0.014516 112 124 116
0.167893 -0.624359 0.033048 138 140 132
0.165736 -0.626876 0.064049 149 152 148
0.167306 -0.614021 -0.037953 103 148 139
0.160867 -0.616705 -0.023692 156 176 170
0.162931 -0.615852 -0.013943 129 138 130
0.165018 -0.615101 -0.003788 83 114 105
0.166578 -0.613481 0.002742 64 107 96
0.164550 -0.613890 0.014126 137 144 138
0.164355 -0.612983 0.036849 146 146 138
0.164730 -0.612626 0.041020 156 155 148
0.165838 -0.604025 -0.055140 114 148 141
0.164038 -0.604284 -0.045619 122 146 140
0.165347 -0.603598 -0.034081 127 157 150
0.163270 -0.606605 -0.026683 160 181 174
0.163566 -0.603775 -0.012666 185 190 181
0.165595 -0.604796 -0.006693 178 182 172
0.163977 -0.606288 0.004828 114 137 130
0.161974 -0.607408 0.015444 146 152 145
0.165527 -0.605428 0.025416 144 152 148
0.161300 -0.606616 0.036645 155 153 144
0.164452 -0.606373 0.044916 156 152 144
0.164553 -0.606832 0.074488 156 160 156
0.165808 -0.595330 -0.051974 18 92 82
0.162258 -0.595558 -0.046610 109 144 137
0.164545 -0.596300 -0.035571 130 158 150
0.163582 -0.596694 -0.026934 154 173 165
0.162943 -0.595182 -0.013951 207 208 199
0.163274 -0.594786 -0.008157 203 203 194
0.166115 -0.593596 0.002923 140 163 157
0.164670 -0.595749 0.017536 178 184 181
0.163756 -0.595537 0.026204 156 160 152
0.162951 -0.594475 0.034655 156 156 150
0.165584 -0.596147 0.043360 173 175 170
0.167947 -0.591997 0.052897 180 181 176
0.166081 -0.588018 -0.050424 6 84 74
0.165184 -0.583919 -0.048607 4 82 72
0.163908 -0.584950 -0.024221 94 126 118
0.162737 -0.585095 -0.014511 193 193 185
0.161951 -0.585752 -0.004411 207 201 190
0.163045 -0.585677 0.006413 139 161 156
0.163573 -0.584840 0.015823 176 183 177
0.164327 -0.583995 0.026608 190 191 185
0.164728 -0.584078 0.034518 193 191 185
0.164424 -0.584777 0.046304 194 195 193
0.164316 -0.584929 0.055571 194 192 188
0.165753 -0.584007 0.063586 210 207 201
0.165337 -0.575261 -0.047207 6 80 70
0.163530 -0.575163 -0.005224 198 194 184
0.165798 -0.574555 0.005153 105 132 127
0.162493 -0.577241 0.014916 148 160 154
0.163280 -0.576592 0.026364 198 195 187
0.161857 -0.577358 0.034750 202 198 191
0.162535 -0.576779 0.045298 226 224 219
0.162413 -0.577538 0.053469 215 211 207
0.166028 -0.565381 -0.045450 26 89 80
0.161571 -0.563461 -0.036403 198 200 191
0.166801 -0.564776 0.012162 141 145 134
0.166812 -0.554240 -0.043924 80 120 113
0.163758 -0.555012 -0.036756 174 178 168
0.164364 -0.553743 -0.026567 216 214 208
0.167003 -0.554514 -0.013275 124 148 138
0.162411 -0.554446 0.006896 124 142 134
0.164091 -0.545569 -0.044022 75 105 98
0.166190 -0.543922 -0.035428 158 161 151
0.162366 -0.548120 -0.007884 175 174 166
0.161497 -0.535761 -0.043492 83 102 93
0.164382 -0.535977 -0.035783 204 193 180
0.166228 -0.525311 -0.036310 198 176 152
0.161503 -0.515810 -0.044316 182 176 168
0.165947 -0.516954 -0.034813 178 148 114
0.163046 -0.512496 -0.026609 188 163 137
0.165836 -0.505271 -0.014548 190 164 126
0.163344 -0.502155 -0.006459 207 190 177
0.165660 -0.498021 -0.002618 210 196 188
0.163891 -0.493493 0.003159 222 208 204
0.167520 -0.482328 -0.002555 206 192 188
0.164008 -0.486651 0.003247 224 209 206
0.164686 -0.474622 -0.036913 134 121 112
0.165173 -0.475635 -0.005806 211 196 193
0.163541 -0.462575 -0.045137 164 154 146
0.163750 -0.464400 -0.035121 84 78 66
0.165803 -0.464163 -0.024842 124 112 96
0.165855 -0.462901 -0.015638 202 191 186
0.163961 -0.455902 -0.052529 107 116 106
0.164464 -0.457463 -0.047292 138 134 122
0.164021 -0.454715 -0.033139 46 85 63
0.164141 -0.453923 -0.025458 55 80 57
0.163048 -0.454534 -0.013683 115 121 113
0.164257 -0.453062 -0.007186 170 151 148
0.162629 -0.445064 -0.032529 74 106 82
0.164183 -0.444783 -0.025353 50 79 58
0.164772 -0.444565 -0.013937 131 133 117
0.164711 -0.445408 -0.005564 157 149 138
0.167298 -0.444992 0.003249 126 103 99
0.167036 -0.436985 -0.034641 141 142 126
0.166057 -0.436346 -0.023679 98 120 101
0.166551 -0.435802 -0.015038 98 120 105
0.167143 -0.436483 -0.005215 143 141 121
0.167880 -0.434471 0.001816 114 100 66
0.161467 -0.424285 -0.052493 16 70 57
0.163704 -0.425239 -0.045189 71 95 74
0.164322 -0.425015 -0.033822 74 109 86
0.165605 -0.424520 -0.026443 82 109 85
0.166832 -0.424585 -0.016456 125 140 120
0.168885 -0.427376 -0.006508 98 119 94
0.168968 -0.429539 0.006295 210 188 138
0.161552 -0.414452 -0.051770 6 70 60
0.164262 -0.415289 -0.045539 34 80 70
0.164193 -0.414968 -0.032971 55 99 85
0.165689 -0.413853 -0.026293 55 101 91
0.167591 -0.413716 -0.014682 87 104 98
0.167342 -0.414665 -0.004751 114 108 100
0.162716 -0.405848 -0.052606 6 74 63
0.163368 -0.406022 -0.045700 50 90 78
0.164585 -0.405638 -0.035844 83 76 67
0.164490 -0.406500 -0.024954 73 82 73
0.166976 -0.406501 -0.016443 99 94 88
0.168242 -0.406888 -0.004295 177 142 139
0.168824 -0.406925 0.005443 184 124 117
0.164611 -0.394643 -0.045686 12 67 58
0.164655 -0.396376 -0.015211 52 97 87
0.163425 -0.383340 -0.045704 82 62 60
0.165644 -0.385279 -0.035521 87 64 64
0.165832 -0.385650 -0.025775 138 94 92
0.165385 -0.385404 -0.014145 129 115 109
0.166494 -0.384418 -0.006563 135 112 107
0.162607 -0.374776 -0.051294 6 76 64
0.165962 -0.375763 -0.046906 33 68 59
0.168083 -0.374107 -0.034072 66 110 96
0.168768 -0.374711 -0.023798 82 116 104
0.168524 -0.375065 -0.014606 116 136 126
0.163876 -0.353550 -0.046257 12 68 58
0.167363 -0.353505 -0.034944 50 71 54
0.162756 -0.344996 -0.045037 8 64 54
0.163752 -0.335524 -0.043970 6 50 41
0.165900 -0.332516 -0.035512 18 54 45
0.167664 -0.333597 -0.026479 58 78 58
0.167624 -0.336302 -0.016497 126 119 90
0.161232 -0.326927 -0.032878 5 58 48
0.164448 -0.326022 -0.024491 16 60 52
0.164729 -0.322780 -0.016403 60 94 73
0.164135 -0.323007 0.056741 76 120 114
0.164728 -0.314400 -0.014495 30 78 70
0.165782 -0.319234 0.059280 45 88 83
0.165833 -0.315720 0.064063 52 96 90
0.165227 -0.306105 -0.015182 69 109 102
0.163657 -0.305316 0.064644 110 132 129
0.165206 -0.303292 0.072939 114 125 126
0.164731 -0.292859 -0.021432 9 66 57
0.165466 -0.295593 -0.017874 11 70 60
0.164097 -0.298111 0.068233 99 106 108
0.166219 -0.294423 0.074703 131 139 140
0.165703 -0.287085 -0.023091 31 70 63
0.164428 -0.285335 -0.016841 81 105 96
0.164710 -0.284529 -0.005552 163 168 167
0.165172 -0.274800 -0.023126 22 62 50
0.165654 -0.277222 -0.015895 57 82 72
0.166089 -0.277663 -0.005944 200 202 196
0.160740 -0.275897 0.067787 120 134 131
0.162477 -0.273165 0.075908 138 142 140
0.164474 -0.263719 -0.023559 8 31 24
0.164315 -0.263318 -0.015450 96 107 101
0.163729 -0.263481 -0.006764 135 136 131
0.165292 -0.264038 0.065556 167 163 168
0.166247 -0.264195 0.073787 189 182 184
0.165014 -0.264437 0.083726 159 160 160
0.166258 -0.261503 0.090618 100 123 117
0.165560 -0.253724 -0.021831 78 103 97
0.165483 -0.254376 -0.015231 114 126 122
0.164130 -0.255408 -0.007402 198 194 191
0.167864 -0.258480 0.066342 166 162 168
0.166285 -0.257902 0.074202 164 163 165
0.165701 -0.256831 0.086043 158 162 160
0.167399 -0.254738 0.095571 172 171 168
0.168591 -0.250777 0.102349 202 194 190
0.165603 -0.246046 -0.023852 90 103 98
0.166136 -0.245112 -0.015314 149 145 138
0.163578 -0.248467 -0.007346 188 184 183
0.166617 -0.245503 0.055504 168 161 169
0.167790 -0.243328 0.064230 160 154 162
0.165162 -0.247969 0.088267 194 186 186
0.165179 -0.235004 -0.016808 44 62 56
0.162650 -0.234269 0.045439 164 160 166
0.163043 -0.236120 0.054880 165 164 168
0.165336 -0.233041 0.075475 182 176 180
0.167148 -0.233077 0.083074 183 176 179
0.165998 -0.224309 -0.013448 115 123 115
0.165709 -0.224834 -0.005530 179 175 170
0.163382 -0.227201 0.046871 162 160 164
0.165793 -0.225190 0.051625 164 160 165
0.169010 -0.222008 0.066519 124 134 136
0.164862 -0.226510 0.074954 167 166 170
0.166315 -0.226579 0.085263 173 168 171
0.166979 -0.224170 0.095779 176 172 172
0.164889 -0.223572 0.165416 102 138 142
0.163433 -0.213834 -0.014965 112 127 120
0.163466 -0.215196 -0.006601 105 118 112
0.164152 -0.213579 0.006502 113 116 114
0.163106 -0.214720 0.014443 178 174 172
0.164276 -0.213736 0.024282 165 168 166
0.163902 -0.211438 0.064756 62 94 86
0.167026 -0.216182 0.085210 175 173 176
0.165586 -0.213621 0.094319 180 178 181
0.165690 -0.215933 0.105067 145 145 144
0.167636 -0.218584 0.164974 124 154 154
0.165668 -0.204893 -0.022483 14 34 26
0.165831 -0.205074 -0.016424 134 136 132
0.166201 -0.206857 -0.003499 146 145 143
0.162802 -0.207717 0.006756 176 171 171
0.164667 -0.204624 0.015417 166 162 160
0.165411 -0.205030 0.024931 180 175 175
0.164497 -0.205664 0.034516 183 179 180
0.163565 -0.203649 0.045501 186 182 184
0.164696 -0.205165 0.055876 153 150 152
0.164753 -0.205791 0.065800 109 124 119
0.162297 -0.206210 0.077638 87 122 118
0.165529 -0.207456 0.105199 172 172 176
0.164609 -0.204821 0.114017 168 168 171
0.166728 -0.203444 0.123849 168 165 166
0.164930 -0.197734 -0.025802 112 118 114
0.164880 -0.194414 0.027882 132 138 135
0.164416 -0.193153 0.036246 170 163 165
0.166091 -0.196399 0.045011 175 169 172
0.164445 -0.196999 0.054427 168 164 166
0.166412 -0.196516 0.064549 171 167 168
0.162864 -0.195052 0.072446 168 162 162
0.163703 -0.195772 0.085804 79 119 116
0.163770 -0.192642 0.092208 74 116 112
0.166200 -0.181284 0.017481 104 98 94
0.164808 -0.183183 0.024908 155 146 142
0.165500 -0.186143 0.036891 102 105 105
0.165815 -0.184876 0.044628 131 126 128
0.166025 -0.185107 0.075529 188 186 187
0.165337 -0.183994 0.085012 170 170 171
0.163637 -0.185438 0.095668 144 151 152
0.163733 -0.185254 0.104931 128 145 146
0.161786 -0.183996 0.112387 109 128 129
0.165795 -0.177594 0.005128 185 180 168
0.166005 -0.175160 0.014462 184 176 174
0.166491 -0.176203 0.025065 180 172 171
0.164980 -0.174736 0.035238 157 149 148
0.166718 -0.175567 0.043888 146 139 136
0.168650 -0.173421 0.053117 182 173 170
0.165633 -0.177460 0.096332 186 183 186
0.165651 -0.177643 0.103249 177 178 180
0.164381 -0.176170 0.112901 164 179 180
0.165678 -0.164155 0.006424 183 172 167
0.166645 -0.163110 0.014575 176 170 167
0.167140 -0.167514 0.023874 179 171 170
0.167007 -0.167361 0.032922 194 187 187
0.164942 -0.167272 0.044139 189 181 181
0.165968 -0.162978 0.054962 170 160 156
0.165686 -0.162442 0.065453 148 139 138
0.164811 -0.165345 0.074442 103 128 124
0.166661 -0.165966 0.082591 56 100 97
0.162377 -0.152470 -0.022593 112 110 105
0.166172 -0.156385 -0.015422 194 186 182
0.166456 -0.156995 -0.004117 196 186 184
0.164801 -0.158797 0.014868 198 189 184
0.166784 -0.157046 0.024003 200 192 188
0.167236 -0.150726 0.035791 198 188 184
0.166841 -0.157413 0.055600 167 162 161
0.162615 -0.156407 0.064270 173 168 170
0.164328 -0.152189 0.075311 168 166 164
0.163156 -0.155024 0.095149 82 118 115
0.165099 -0.154547 0.102467 79 117 114
0.167457 -0.155096 0.123756 159 155 158
0.166025 -0.142985 -0.006728 196 189 184
0.164886 -0.143045 0.014192 179 172 174
0.164129 -0.143802 0.024122 172 165 167
0.165335 -0.146320 0.035697 179 170 167
0.164324 -0.143243 0.045521 162 158 153
0.165983 -0.142785 0.054484 146 146 142
0.163433 -0.145860 0.065171 90 112 109
0.164398 -0.142603 0.075256 75 96 94
0.166286 -0.144923 0.083498 184 183 183
0.163129 -0.143216 0.115317 184 182 180
0.166085 -0.144261 0.121539 174 172 173
0.165103 -0.133675 -0.014079 195 186 183
0.163391 -0.136362 -0.004029 152 148 145
0.165746 -0.136024 0.002927 178 170 164
0.165244 -0.135072 0.024688 176 170 171
0.164481 -0.134942 0.036034 172 164 161
0.164398 -0.134944 0.045470 167 162 161
0.164746 -0.136166 0.055227 102 114 111
0.164428 -0.135375 0.063265 84 105 100
0.164810 -0.130843 0.099599 163 156 156
0.164807 -0.135085 0.106866 185 178 177
0.166170 -0.135735 0.113130 184 176 175
0.163902 -0.135718 0.125715 158 152 151
0.165821 -0.135746 0.132088 140 134 134
0.164859 -0.123811 -0.022203 77 107 100
0.166674 -0.127011 -0.016743 144 145 140
0.166723 -0.126363 0.015801 140 145 136
0.163799 -0.125223 0.020555 87 118 111
0.165328 -0.124150 0.036645 139 137 136
0.164905 -0.124979 0.044603 111 120 117
0.168447 -0.125846 0.053143 68 94 89
0.165241 -0.125598 0.094924 164 155 155
0.164874 -0.129312 0.102966 176 168 168
0.167749 -0.114009 0.016366 186 179 178
0.163470 -0.116932 0.023744 127 140 136
0.165641 -0.118051 0.033841 85 108 103
0.163791 -0.112124 0.044608 78 102 97
0.165126 -0.113828 0.055304 119 115 108
0.164299 -0.113100 0.064939 146 146 144
0.165598 -0.113344 0.075549 165 163 162
0.166465 -0.116215 0.082800 171 169 170
0.163389 -0.103534 -0.011955 184 175 174
0.165601 -0.106465 -0.006729 194 183 181
0.168730 -0.109057 0.004753 191 181 180
0.164637 -0.103530 0.015816 153 144 140
0.164892 -0.104230 0.024616 64 88 82
0.162879 -0.106612 0.036367 56 86 79
0.164367 -0.103405 0.046307 125 140 136
0.165201 -0.103859 0.055063 149 158 156
0.163558 -0.107416 0.064120 186 183 182
0.165009 -0.108526 0.073456 160 158 159
0.162808 -0.105368 0.107003 158 146 144
0.162946 -0.101982 0.115313 175 166 166
0.162928 -0.102468 0.124475 192 184 184
0.164193 -0.095711 -0.014609 147 147 142
0.165046 -0.093730 -0.006806 171 165 158
0.164560 -0.094095 0.035807 195 189 187
0.164543 -0.097860 0.046262 183 178 176
0.166588 -0.097897 0.053078 161 156 156
0.164320 -0.092382 0.065922 159 149 146
0.165412 -0.094069 0.074409 124 125 124
0.164711 -0.093249 0.083968 192 194 191
0.162176 -0.097250 0.115326 192 182 182
0.162863 -0.096066 0.125293 183 178 178
0.163617 -0.096438 0.132421 194 185 186
0.162880 -0.082910 0.005627 131 141 138
0.166343 -0.084415 0.015012 194 184 182
0.165436 -0.087866 0.023472 195 185 184
0.163185 -0.086560 0.056159 104 105 101
0.165688 -0.086455 0.064495 157 154 152
0.164897 -0.086688 0.075205 177 172 170
0.165606 -0.083956 0.085142 201 193 192
0.164844 -0.074287 -0.014445 123 128 126
0.165727 -0.075560 -0.005574 132 141 138
0.166797 -0.078152 0.001400 133 145 144
0.167681 -0.071519 0.046532 184 178 174
0.163837 -0.074792 0.056252 166 158 156
0.166657 -0.075886 0.063446 178 170 166
0.165719 -0.073100 0.074039 186 180 180
0.164425 -0.075039 0.085580 194 185 184
0.167089 -0.074978 0.093543 214 206 204
0.164173 -0.067786 -0.004331 82 94 90
0.166458 -0.068137 0.003259 180 170 164
0.165012 -0.062988 0.025409 177 170 166
0.164665 -0.064140 0.035603 182 176 172
0.165299 -0.063381 0.045473 188 180 176
0.165362 -0.062966 0.056068 176 172 170
0.163110 -0.065284 0.064154 191 186 186
0.164295 -0.067618 0.086047 184 179 176
0.165616 -0.065176 0.097499 192 187 186
0.165736 -0.064595 0.103502 197 191 192
0.163374 -0.055916 0.009332 118 114 110
0.164725 -0.056733 0.014167 145 138 134
0.164404 -0.054399 0.024643 181 173 169
0.162864 -0.054528 0.035149 196 184 179
0.164719 -0.054895 0.045399 196 187 184
0.163266 -0.054614 0.054638 184 177 175
0.162125 -0.054584 0.065588 179 174 168
0.165271 -0.053930 0.075131 198 190 184
0.164978 -0.052731 0.084637 222 210 202
0.167268 -0.044553 0.025995 174 166 160
0.166285 -0.044049 0.035730 168 164 157
0.164270 -0.045076 0.044242 197 189 187
0.163497 -0.047379 0.055027 135 134 126
0.163093 -0.034086 -0.004800 84 110 102
0.164378 -0.035376 0.005985 150 148 142
0.165045 -0.034699 0.015341 180 174 168
0.166261 -0.037215 0.025493 155 148 143
0.165531 -0.032639 0.037295 218 202 196
0.165391 -0.037258 0.043371 220 203 198
0.162768 -0.027009 -0.006518 66 101 92
0.163859 -0.013296 -0.005798 112 139 131
0.167464 -0.014630 0.016006 215 206 200
0.164897 0.003668 -0.006463 92 124 116
0.166833 0.096237 -0.003695 6 106 92
0.166636 0.103870 -0.004583 0 106 92
0.174646 -0.674203 -0.062960 9 88 78
0.174665 -0.665371 -0.063223 3 82 72
0.172390 -0.657680 -0.061120 1 77 68
0.175089 -0.653352 -0.056806 2 77 68
0.175618 -0.653740 -0.046502 4 80 72
0.176108 -0.644016 -0.045668 2 85 74
0.171702 -0.645719 -0.035090 13 82 70
0.175115 -0.642400 -0.024971 26 84 72
0.175260 -0.645152 -0.004903 62 100 90
0.171923 -0.645170 0.014426 130 137 128
0.174156 -0.637248 -0.043434 2 84 74
0.174291 -0.634717 -0.023471 44 98 82
0.174843 -0.634597 -0.014659 47 87 75
0.175001 -0.633866 -0.003667 56 100 85
0.177356 -0.632905 0.003574 70 98 87
0.171881 -0.634884 0.016240 106 120 110
0.174181 -0.632874 0.026342 119 128 118
0.177709 -0.636810 0.066026 144 147 144
0.175334 -0.623466 -0.044194 90 140 132
0.178547 -0.620848 -0.039233 92 134 128
0.172091 -0.625703 -0.011688 55 102 86
0.174244 -0.624964 -0.002913 36 82 71
0.176356 -0.623670 0.003043 56 95 86
0.173635 -0.626050 0.025427 128 134 122
0.174573 -0.625523 0.034826 136 136 128
0.174035 -0.623574 0.041325 147 146 138
0.171149 -0.627131 0.067532 144 147 142
0.174739 -0.625505 0.072731 148 150 146
0.175752 -0.613224 -0.055669 112 144 138
0.174620 -0.616170 -0.044838 129 163 157
0.173832 -0.615293 -0.037911 102 152 144
0.175481 -0.613253 -0.003754 98 132 126
0.175051 -0.616410 0.005249 83 119 109
0.174339 -0.615772 0.013957 128 146 137
0.177791 -0.615596 0.021912 130 141 134
0.172492 -0.616441 0.033511 82 100 92
0.176282 -0.616980 0.082803 161 160 158
0.174931 -0.606102 -0.056087 78 123 118
0.173599 -0.606105 -0.045661 192 192 190
0.174480 -0.606209 -0.034984 115 156 148
0.175939 -0.604849 0.003762 101 128 124
0.173500 -0.604603 0.035914 113 134 130
0.174273 -0.604660 0.045286 149 161 155
0.177053 -0.602323 0.055678 180 184 177
0.174795 -0.594855 -0.052696 4 84 74
0.173946 -0.596104 -0.032988 84 126 118
0.176317 -0.592488 -0.026887 86 128 121
0.173239 -0.595702 0.006275 146 161 155
0.175046 -0.595678 0.014097 204 203 200
0.176275 -0.593282 0.023679 208 206 204
0.174036 -0.594217 0.043198 184 186 184
0.172448 -0.595130 0.056218 177 180 176
0.175502 -0.593610 0.065226 188 189 184
0.177031 -0.593717 0.073047 210 208 202
0.174781 -0.583997 -0.049129 4 82 72
0.176114 -0.583042 0.003129 94 118 112
0.172759 -0.587272 0.036941 212 212 207
0.174259 -0.585804 0.046055 215 214 209
0.174893 -0.584913 0.056199 214 212 208
0.175406 -0.585744 0.064535 204 202 198
0.178490 -0.586437 0.071993 207 204 202
0.176361 -0.573421 -0.044743 75 126 117
0.173491 -0.576790 0.007235 104 126 120
0.176525 -0.573078 0.013280 109 124 120
0.175673 -0.564507 -0.044539 75 126 118
0.175137 -0.565526 -0.014290 124 146 136
0.174578 -0.567146 0.015174 178 180 172
0.174394 -0.557051 -0.043997 78 117 110
0.173734 -0.554434 -0.036117 204 204 196
0.172037 -0.556588 -0.007609 207 210 200
0.175418 -0.544250 -0.033842 190 174 147
0.174700 -0.535144 -0.034729 220 196 170
0.176133 -0.522729 -0.041319 175 129 72
0.174428 -0.526152 -0.036831 204 177 150
0.174785 -0.515236 -0.036086 172 130 82
0.175350 -0.507495 -0.022795 187 156 120
0.174797 -0.503456 -0.015937 174 144 105
0.176256 -0.494885 -0.014714 144 127 110
0.175442 -0.493903 -0.004844 190 179 175
0.171536 -0.492286 0.001026 206 194 187
0.176365 -0.484122 -0.014899 172 164 160
0.175424 -0.484044 -0.004361 176 164 160
0.175711 -0.483393 0.003159 200 189 186
0.175998 -0.477264 -0.034653 180 170 166
0.172025 -0.473084 -0.013889 164 152 141
0.172770 -0.475544 -0.005278 189 178 173
0.176702 -0.472706 0.004939 160 156 154
0.171480 -0.464987 -0.014210 164 150 130
0.173419 -0.465103 -0.005209 196 187 180
0.175967 -0.464956 0.005332 205 196 190
0.178783 -0.465026 0.014302 209 200 198
0.172807 -0.454841 -0.004363 204 194 188
0.176261 -0.454771 0.004873 188 178 176
0.178954 -0.455896 0.013252 198 188 187
0.171542 -0.447418 -0.002924 194 185 183
0.173777 -0.445330 0.005798 172 162 159
0.176119 -0.445624 0.014066 174 164 162
0.175035 -0.443557 0.035226 216 204 199
0.173159 -0.436183 -0.043041 112 126 116
0.173465 -0.436143 -0.023712 124 126 120
0.172653 -0.437393 -0.015661 150 146 134
0.173404 -0.435506 -0.004656 151 146 138
0.173123 -0.435150 0.005162 154 150 139
0.173750 -0.434278 0.015946 160 154 146
0.174464 -0.434119 0.025887 189 182 178
0.174995 -0.433087 0.036423 198 164 166
0.177417 -0.434572 0.042507 214 198 197
0.171083 -0.424693 -0.022642 105 119 112
0.171074 -0.423875 -0.012930 114 122 118
0.172530 -0.424676 -0.005286 146 147 144
0.172484 -0.423969 0.004661 121 130 119
0.173196 -0.423520 0.015902 197 182 156
0.174569 -0.425827 0.025938 158 142 139
0.175918 -0.424762 0.036025 193 149 151
0.176794 -0.426094 0.044217 206 161 162
0.173466 -0.415513 -0.013216 82 84 83
0.173719 -0.415285 -0.004853 140 134 134
0.173729 -0.415505 0.004328 121 120 113
0.175258 -0.414634 0.015390 143 148 143
0.175335 -0.416419 0.025284 196 187 177
0.177127 -0.416718 0.035223 172 143 144
0.171573 -0.402386 -0.012246 163 146 142
0.172891 -0.404231 -0.004492 127 130 123
0.172029 -0.404545 0.005503 162 141 135
0.173633 -0.405157 0.013953 167 145 133
0.175779 -0.404813 0.024436 178 175 167
0.176540 -0.406025 0.034804 198 191 181
0.178336 -0.406196 0.043621 201 192 190
0.176339 -0.396444 -0.016386 119 122 120
0.175627 -0.395272 -0.005593 102 100 96
0.175712 -0.396044 0.005906 98 94 89
0.175406 -0.395867 0.015039 136 112 108
0.176749 -0.395371 0.024391 166 147 133
0.178266 -0.395903 0.035542 180 177 167
0.178770 -0.396727 0.044139 188 179 169
0.172375 -0.385856 -0.024234 106 94 94
0.172787 -0.384666 -0.014914 186 174 174
0.173742 -0.384150 -0.004863 180 153 152
0.176276 -0.384810 0.005393 177 172 169
0.178089 -0.383785 0.014682 188 184 180
0.178137 -0.385876 0.024452 164 164 155
0.179328 -0.385139 0.033278 186 172 143
0.171530 -0.373414 -0.044761 62 92 84
0.173007 -0.374076 -0.035853 120 133 123
0.173361 -0.374779 -0.024246 122 140 122
0.173310 -0.375792 -0.013960 93 110 94
0.174594 -0.376327 -0.006011 114 119 111
0.176285 -0.373588 0.005239 147 146 143
0.178354 -0.372879 0.015821 170 165 162
0.179002 -0.373629 0.025931 192 188 184
0.174666 -0.364833 -0.014190 179 174 156
0.175131 -0.366475 -0.004815 178 174 160
0.176400 -0.366754 0.004481 174 169 158
0.177298 -0.366960 0.014923 160 157 147
0.178353 -0.367152 0.025885 187 184 178
0.173089 -0.353531 -0.035321 98 110 86
0.173772 -0.354165 -0.025398 94 98 80
0.175487 -0.352836 -0.015431 131 134 126
0.178341 -0.352785 -0.005907 164 168 164
0.176183 -0.343310 -0.024156 66 67 66
0.175722 -0.344623 -0.015364 106 103 96
0.176165 -0.345304 -0.005092 148 148 145
0.178324 -0.344514 0.003908 178 178 174
0.173426 -0.333953 -0.034346 52 75 71
0.175034 -0.335205 -0.024424 93 100 83
0.174740 -0.337203 -0.014991 84 84 60
0.175489 -0.335161 -0.005890 131 123 100
0.175147 -0.324131 -0.015134 69 90 78
0.173083 -0.312927 -0.014581 57 84 73
0.177087 -0.315751 -0.006031 129 127 102
0.174534 -0.304805 -0.014350 82 103 94
0.173614 -0.302964 -0.007215 100 122 122
0.172341 -0.305022 0.074580 76 118 110
0.174080 -0.295065 -0.022913 46 74 70
0.175914 -0.296252 -0.015764 78 96 93
0.174854 -0.296768 -0.005945 179 178 178
0.173613 -0.297860 0.078683 22 68 59
0.175833 -0.294857 0.082919 70 108 101
0.174355 -0.287078 -0.022423 43 73 69
0.175589 -0.286643 -0.015531 92 103 91
0.174318 -0.286407 -0.005917 157 151 132
0.175844 -0.274988 -0.024026 92 102 91
0.175086 -0.274548 -0.015838 96 100 76
0.175045 -0.275629 -0.005033 146 148 140
0.176762 -0.276244 0.002211 188 182 176
0.174776 -0.265656 -0.024384 11 43 35
0.173460 -0.262010 -0.014499 133 133 128
0.176916 -0.263370 -0.005323 150 146 142
0.178671 -0.264300 0.000890 178 171 164
0.172329 -0.262804 0.073235 161 156 162
0.175974 -0.267233 0.101502 104 121 120
0.174340 -0.253456 -0.023760 86 101 94
0.173071 -0.252904 -0.015883 155 152 144
0.174120 -0.254133 -0.005660 189 184 178
0.179638 -0.253770 0.003811 168 158 156
0.172889 -0.253467 0.057160 164 160 167
0.174066 -0.256374 0.065494 171 166 173
0.174708 -0.258018 0.071935 170 167 174
0.174464 -0.248030 -0.022276 70 85 79
0.173873 -0.247359 -0.016385 95 98 87
0.176426 -0.243748 -0.005968 181 165 151
0.173432 -0.246446 0.055948 170 164 172
0.174397 -0.244547 0.064095 170 164 171
0.174699 -0.244167 0.071188 166 160 168
0.173429 -0.235136 -0.013530 60 62 57
0.177479 -0.234332 -0.006681 158 148 136
0.174093 -0.235305 0.095887 170 169 174
0.174207 -0.223206 -0.013364 146 145 134
0.175023 -0.224034 -0.005416 170 157 143
0.175433 -0.223923 0.000298 186 176 166
0.172374 -0.223766 0.084291 188 183 182
0.173582 -0.223791 0.094841 178 172 174
0.175596 -0.226431 0.104510 170 165 168
0.176790 -0.224939 0.115446 168 168 172
0.176135 -0.216755 -0.002625 188 178 172
0.173632 -0.214784 0.076454 140 142 144
0.173587 -0.217480 0.093675 176 172 174
0.174795 -0.215379 0.104664 194 190 191
0.175582 -0.214743 0.114480 181 176 178
0.177913 -0.215395 0.133857 172 170 173
0.172738 -0.203166 -0.022565 83 80 74
0.175507 -0.204853 -0.015323 161 148 137
0.174181 -0.205622 -0.005687 185 174 171
0.171416 -0.204467 0.058126 147 147 148
0.172631 -0.202926 0.065104 162 156 158
0.174364 -0.204989 0.103688 166 160 163
0.173684 -0.205826 0.116539 166 164 168
0.173346 -0.204676 0.123704 174 171 174
0.176853 -0.204130 0.133236 194 184 184
0.175941 -0.194860 -0.013346 154 142 128
0.172348 -0.192441 0.047810 168 158 160
0.172561 -0.194456 0.054593 176 170 171
0.175703 -0.198405 0.060486 159 152 156
0.171312 -0.198269 0.085497 74 110 105
0.175700 -0.195972 0.117091 168 164 169
0.174124 -0.194654 0.123757 172 172 175
0.172745 -0.197249 0.134777 177 176 178
0.177160 -0.187144 -0.012248 126 112 102
0.178166 -0.186309 -0.007829 160 144 131
0.174597 -0.185720 0.044209 150 142 145
0.174887 -0.183770 0.055703 84 88 86
0.173117 -0.175718 0.026088 164 155 154
0.173570 -0.174088 0.034395 184 174 172
0.174408 -0.173483 0.053642 153 145 146
0.176192 -0.174073 0.063661 136 132 131
0.177989 -0.172700 0.075174 156 151 149
0.172918 -0.175095 0.085354 114 112 112
0.175241 -0.174293 0.096164 114 111 112
0.175819 -0.174249 0.104070 138 138 138
0.178074 -0.174290 0.113313 111 115 114
0.173946 -0.163593 0.015908 186 176 176
0.173613 -0.167419 0.026252 182 175 172
0.172426 -0.165827 0.034064 181 174 172
0.173502 -0.165927 0.046588 155 148 147
0.174473 -0.164488 0.054991 152 150 149
0.173868 -0.166138 0.066075 87 115 109
0.175606 -0.165718 0.075778 92 111 105
0.175601 -0.164164 0.086104 65 96 91
0.175781 -0.168430 0.105809 153 144 144
0.176170 -0.157418 -0.023329 122 126 122
0.175372 -0.156294 -0.013584 180 169 160
0.178604 -0.158076 -0.007555 182 167 156
0.173360 -0.157860 0.033261 179 168 166
0.173000 -0.152400 0.044883 174 167 166
0.173577 -0.155510 0.056697 136 137 135
0.175207 -0.154986 0.063867 161 157 157
0.176108 -0.154344 0.074014 181 177 177
0.173837 -0.154704 0.104341 77 116 112
0.173211 -0.155041 0.125093 164 160 162
0.174159 -0.145957 0.044084 180 170 168
0.175107 -0.146580 0.053894 184 175 172
0.174421 -0.144736 0.065432 169 158 152
0.175091 -0.144757 0.076024 136 126 118
0.178538 -0.143944 0.084469 120 108 106
0.176621 -0.143711 0.095640 170 170 166
0.176457 -0.145354 0.104358 141 158 156
0.173581 -0.142089 0.115209 158 164 166
0.174918 -0.135128 -0.006840 194 184 180
0.175432 -0.134464 0.015926 174 166 165
0.173956 -0.134218 0.024047 178 164 159
0.174898 -0.132663 0.037104 157 143 136
0.173796 -0.134108 0.043295 162 154 154
0.173443 -0.131435 0.055187 159 157 157
0.174434 -0.136219 0.065589 179 164 155
0.175333 -0.134247 0.074320 145 140 133
0.175359 -0.135493 0.106800 176 168 169
0.176464 -0.136548 0.113426 170 163 165
0.171118 -0.122529 -0.020902 92 112 106
0.174611 -0.124936 -0.015428 146 136 126
0.176636 -0.126316 0.014734 185 177 173
0.173377 -0.125403 0.024006 179 167 158
0.173922 -0.125483 0.036955 150 146 144
0.174860 -0.124858 0.044532 152 149 147
0.174374 -0.126119 0.054655 126 132 130
0.175173 -0.127172 0.064206 144 142 138
0.175278 -0.125373 0.075161 161 155 151
0.174514 -0.125507 0.084051 157 156 155
0.174348 -0.124269 0.095051 169 162 161
0.178692 -0.125502 0.102362 180 176 177
0.176508 -0.114664 0.015266 178 172 172
0.173576 -0.117097 0.034427 110 107 102
0.173491 -0.113748 0.045214 80 93 84
0.175859 -0.113036 0.054172 142 138 130
0.175152 -0.113224 0.065674 136 133 130
0.170951 -0.112000 0.079324 156 156 157
0.174504 -0.113886 0.085333 152 150 150
0.176921 -0.115137 0.092385 170 166 168
0.173796 -0.101882 -0.012351 184 174 170
0.175815 -0.105685 -0.004909 192 177 167
0.175293 -0.104989 0.035357 90 94 85
0.174383 -0.107743 0.045916 90 106 98
0.171677 -0.104395 0.055100 144 155 152
0.175464 -0.102551 0.063967 82 110 104
0.176130 -0.103787 0.073964 101 113 111
0.175330 -0.108685 0.082854 150 144 146
0.172665 -0.095650 -0.013052 106 106 102
0.177238 -0.096188 -0.007074 170 158 150
0.171453 -0.093444 0.026878 120 137 133
0.173855 -0.093128 0.036500 191 185 184
0.175315 -0.092784 0.046412 171 164 162
0.172907 -0.096022 0.056794 170 163 164
0.172018 -0.093564 0.067042 158 155 151
0.173718 -0.093780 0.073551 134 130 130
0.176598 -0.092673 0.084130 150 150 149
0.178056 -0.096148 0.103353 174 171 172
0.176315 -0.084138 0.016743 182 175 171
0.175289 -0.083302 0.034173 129 116 110
0.174801 -0.085319 0.044377 138 128 124
0.176845 -0.086172 0.057197 166 159 156
0.173794 -0.085858 0.065078 155 153 152
0.175049 -0.084860 0.074895 164 159 158
0.175757 -0.087115 0.083339 161 154 154
0.175966 -0.074283 -0.012417 130 131 127
0.174198 -0.075144 -0.006125 184 172 169
0.173787 -0.074139 0.005990 104 111 103
0.175914 -0.076260 0.013341 155 140 129
0.173296 -0.075769 0.023453 116 104 97
0.175950 -0.071851 0.045927 192 184 182
0.175567 -0.073805 0.055228 182 174 174
0.174865 -0.074072 0.064088 186 178 176
0.175604 -0.074349 0.073598 160 155 153
0.173671 -0.075963 0.087065 180 176 178
0.175370 -0.073680 0.094105 133 137 135
0.174892 -0.064446 -0.013336 23 46 36
0.175385 -0.067008 -0.005745 108 105 95
0.175578 -0.066854 0.003251 178 161 148
0.173282 -0.062548 0.025479 187 178 174
0.174686 -0.064330 0.035444 203 192 189
0.174810 -0.067127 0.046709 160 151 148
0.175041 -0.065465 0.054716 188 179 178
0.175659 -0.066826 0.062841 199 191 191
0.174603 -0.065015 0.103854 198 193 194
0.177283 -0.055309 0.037481 196 184 179
0.173727 -0.056289 0.045246 204 192 190
0.175631 -0.054860 0.054531 188 180 178
0.176071 -0.054280 0.063942 174 167 162
0.175580 -0.054137 0.076243 194 186 180
0.174897 -0.052750 0.086451 226 212 206
0.176274 -0.050511 0.093324 232 218 212
0.175663 -0.045570 0.017983 198 180 172
0.173970 -0.044185 0.024450 178 166 158
0.173770 -0.042825 0.034187 181 172 164
0.175612 -0.044876 0.044169 162 156 153
0.175134 -0.033039 -0.000675 72 92 82
0.172726 -0.034125 0.005464 112 114 105
0.175499 -0.033836 0.013257 162 148 128
0.172642 -0.036730 0.024420 152 144 130
0.174918 -0.032757 0.037685 226 205 192
0.173207 -0.036930 0.043226 224 205 200
0.175043 -0.022707 0.017340 136 138 132
0.178201 -0.024758 0.027127 183 172 166
0.176992 -0.024262 0.031668 224 210 201
0.174096 -0.013915 0.004501 142 146 130
0.175784 -0.016623 0.015966 156 150 132
0.175173 -0.016307 0.024324 194 180 166
0.178000 -0.016239 0.032356 192 180 166
0.173469 -0.007760 -0.003485 108 132 124
0.172340 -0.003980 0.005279 94 122 112
0.176087 -0.004873 0.015333 130 142 123
0.178340 -0.005491 0.022786 154 146 124
0.171970 0.004803 -0.004399 16 60 50
0.174445 0.004401 0.005233 66 92 76
0.176491 0.005701 0.014541 72 92 72
0.171974 0.015181 -0.004413 78 96 66
0.174778 0.014554 0.003909 88 98 66
0.177139 0.013173 0.012483 130 130 102
0.174912 0.025452 -0.004799 48 86 64
0.177812 0.024127 0.004611 104 108 68
0.177901 0.023455 0.014797 136 140 106
0.179363 0.022353 0.023609 186 184 152
0.175185 0.033845 -0.004870 18 74 61
0.176974 0.035910 0.003941 23 75 66
0.178456 0.037201 0.013724 81 108 86
0.174779 0.045525 -0.004508 38 82 62
0.176036 0.043382 0.004056 86 102 66
0.178282 0.042836 0.013583 92 108 76
0.175318 0.053632 -0.004580 30 84 68
0.177483 0.057329 0.005481 37 95 73
0.178092 0.056805 0.014940 48 90 59
0.174538 0.067058 -0.003786 50 106 89
0.175852 0.064972 0.004000 148 148 110
0.175933 0.073398 -0.005438 42 104 81
0.178935 0.076221 0.001910 35 94 78
0.176565 0.085286 -0.003865 26 106 90
0.174778 0.094747 -0.004642 5 106 92
0.174343 0.105571 -0.003051 11 100 88
0.173033 0.105346 0.001861 44 104 96
0.176601 0.112598 -0.004445 29 100 88
0.184239 -0.673491 -0.062181 10 88 78
0.188244 -0.673713 -0.056631 24 74 67
0.184624 -0.666038 -0.062418 3 84 72
0.185127 -0.654965 -0.056157 1 78 68
0.183970 -0.654228 -0.044966 8 78 70
0.184190 -0.644550 -0.042915 2 84 72
0.186851 -0.644760 -0.036256 5 82 71
0.183833 -0.645251 0.014525 172 173 166
0.186101 -0.642807 0.023483 172 174 166
0.188052 -0.637055 -0.033417 2 82 70
0.189716 -0.634729 -0.023234 2 84 71
0.183974 -0.634580 0.014376 102 125 116
0.186440 -0.635713 0.066883 168 168 165
0.183663 -0.624837 -0.043873 54 100 92
0.185223 -0.623207 -0.036624 100 140 132
0.184328 -0.624715 0.007394 96 120 115
0.183105 -0.624152 0.015821 151 161 156
0.185611 -0.625014 0.023626 144 151 145
0.184919 -0.625363 0.076868 154 156 152
0.185496 -0.612887 -0.054433 131 149 145
0.186858 -0.612035 -0.046832 120 146 140
0.186938 -0.614989 -0.024201 114 133 125
0.182011 -0.616227 0.009152 144 157 155
0.185838 -0.615749 0.015453 150 159 156
0.184099 -0.613693 0.026335 168 174 174
0.188110 -0.610826 0.034086 150 160 160
0.184018 -0.617504 0.084402 157 158 155
0.184706 -0.605252 -0.055319 23 85 74
0.188490 -0.605159 -0.046336 80 110 105
0.185050 -0.607025 -0.034626 129 158 152
0.184593 -0.605249 -0.025800 124 148 139
0.183758 -0.604579 0.009442 126 134 130
0.186290 -0.603675 0.014001 168 173 170
0.186644 -0.605563 0.043514 156 162 161
0.184510 -0.604174 0.055977 176 176 171
0.183539 -0.595548 -0.052625 6 76 65
0.187744 -0.594118 -0.046548 16 70 60
0.184632 -0.595860 -0.023588 124 150 143
0.186835 -0.592619 -0.016702 190 194 186
0.184751 -0.593150 0.004539 133 139 135
0.187359 -0.592773 0.012375 181 185 183
0.187449 -0.595094 0.022478 220 222 220
0.184433 -0.595145 0.048581 178 180 178
0.187101 -0.597259 0.057169 172 176 176
0.185010 -0.592910 0.064780 184 186 184
0.182684 -0.594603 0.074061 210 204 196
0.184927 -0.584844 -0.055057 110 152 142
0.186104 -0.584204 -0.046254 84 122 114
0.189183 -0.585213 -0.038377 144 150 138
0.183131 -0.584993 0.006732 92 112 106
0.186494 -0.585007 0.014908 138 143 140
0.187000 -0.585864 0.026557 206 204 198
0.185027 -0.587188 0.047104 213 212 209
0.185580 -0.585123 0.055801 217 216 212
0.184915 -0.584495 0.065228 220 216 213
0.183899 -0.585543 0.072497 218 214 211
0.182164 -0.574653 -0.042462 98 128 119
0.185088 -0.573791 -0.035175 191 193 184
0.186436 -0.575488 -0.014881 144 159 147
0.184572 -0.574647 0.015447 164 168 164
0.182534 -0.564205 -0.042981 10 73 60
0.186692 -0.565720 -0.034844 152 157 143
0.183615 -0.566923 0.016209 204 190 177
0.181989 -0.557749 -0.042077 13 56 46
0.186601 -0.554038 -0.034560 137 144 132
0.185213 -0.544905 -0.033433 208 188 160
0.184847 -0.535302 -0.036100 210 183 150
0.186867 -0.535398 0.017167 187 168 144
0.184535 -0.523401 -0.041407 154 118 72
0.185523 -0.527126 -0.037309 190 168 144
0.187005 -0.525415 0.026597 176 168 158
0.185817 -0.514905 -0.036888 156 124 92
0.184535 -0.506318 -0.023459 168 148 130
0.184282 -0.502876 -0.016747 171 148 125
0.184623 -0.495862 -0.015009 140 126 115
0.185445 -0.494862 -0.005964 180 170 166
0.186532 -0.481482 -0.033857 172 164 160
0.184951 -0.485702 -0.012723 163 160 160
0.184539 -0.487100 -0.004452 150 143 140
0.184884 -0.483468 0.004320 154 148 146
0.187328 -0.477820 -0.034018 163 156 155
0.184527 -0.474545 0.015341 176 172 173
0.186960 -0.471708 0.024153 216 212 212
0.180850 -0.464446 0.018804 211 202 202
0.184181 -0.465278 0.025664 215 206 205
0.188192 -0.463565 0.031211 218 208 208
0.182631 -0.454524 0.017440 174 164 164
0.184283 -0.456090 0.025383 204 196 194
0.188057 -0.456277 0.032164 206 197 197
0.183540 -0.446982 0.025463 174 166 166
0.185902 -0.445720 0.034751 211 202 204
0.186138 -0.442835 0.053733 145 138 136
0.186085 -0.442511 0.063311 156 150 149
0.183949 -0.434082 0.045927 224 212 214
0.187623 -0.435607 0.053460 176 167 167
0.187434 -0.436777 0.062788 122 117 116
0.184140 -0.424939 0.045567 220 207 208
0.186677 -0.426062 0.053633 195 183 183
0.182736 -0.415639 0.036536 180 170 172
0.184924 -0.416674 0.045367 214 203 205
0.184863 -0.414442 0.054160 218 205 204
0.183904 -0.407548 0.038376 202 192 194
0.185701 -0.405083 0.046574 180 174 176
0.185582 -0.405014 0.053591 181 174 175
0.186024 -0.403061 0.065478 161 156 155
0.187274 -0.404064 0.072691 190 184 183
0.182878 -0.394806 0.024709 133 130 129
0.182748 -0.395163 0.036518 138 134 133
0.181650 -0.393770 0.044912 187 183 175
0.184672 -0.394829 0.055698 191 179 178
0.187087 -0.397645 0.064857 112 112 112
0.187305 -0.397404 0.072452 166 162 165
0.180727 -0.385149 0.025915 180 175 172
0.181100 -0.385623 0.036844 191 184 175
0.182257 -0.384873 0.045649 197 189 183
0.185371 -0.385237 0.055471 213 202 197
0.182216 -0.375285 0.026011 137 132 130
0.182562 -0.375585 0.035949 156 153 150
0.183980 -0.375423 0.045964 193 186 184
0.186322 -0.376359 0.055273 209 201 197
0.188126 -0.374761 0.062876 220 208 204
0.183407 -0.361819 0.015914 206 198 194
0.182790 -0.363200 0.026098 206 200 196
0.182866 -0.366386 0.036144 178 176 170
0.185282 -0.365291 0.046365 178 173 175
0.186942 -0.364254 0.054354 176 171 171
0.187411 -0.363479 0.064536 170 167 165
0.181609 -0.354865 -0.001992 159 158 156
0.183686 -0.355298 0.003663 154 150 148
0.182420 -0.353303 0.016563 143 144 144
0.183336 -0.355031 0.024298 154 152 152
0.184521 -0.355105 0.035511 174 170 169
0.185372 -0.356507 0.046898 207 199 194
0.187824 -0.356583 0.055830 184 177 176
0.184337 -0.356230 0.065554 142 139 138
0.181941 -0.342417 -0.003384 146 142 140
0.183751 -0.343006 0.006029 150 147 145
0.181942 -0.344871 0.014203 182 176 174
0.184132 -0.344885 0.023823 185 178 176
0.185254 -0.345239 0.034899 194 188 184
0.186307 -0.345637 0.045111 209 200 198
0.188481 -0.345949 0.054025 216 206 206
0.189258 -0.344078 0.063023 228 219 214
0.180716 -0.333417 -0.001930 154 146 136
0.181743 -0.335623 0.006362 152 146 137
0.183296 -0.336380 0.014135 150 148 142
0.183713 -0.335152 0.024336 158 152 141
0.184983 -0.334610 0.034520 176 170 164
0.186648 -0.334141 0.044827 214 205 203
0.188516 -0.334628 0.053337 222 210 212
0.181382 -0.327038 -0.003334 44 48 42
0.182535 -0.324277 0.005263 101 94 76
0.183578 -0.325260 0.014694 166 158 144
0.185080 -0.326569 0.024256 207 198 192
0.186894 -0.325273 0.035920 188 181 180
0.188114 -0.323128 0.045334 210 202 201
0.188365 -0.323922 0.053560 172 167 170
0.182820 -0.314940 -0.003630 136 136 130
0.183578 -0.314966 0.003570 160 159 156
0.184508 -0.315045 0.014596 149 148 144
0.185449 -0.314943 0.024709 156 154 152
0.186739 -0.315332 0.034524 186 178 176
0.188158 -0.315042 0.045065 209 198 196
0.188398 -0.317511 0.054949 148 145 149
0.183650 -0.303071 -0.003379 160 154 150
0.184397 -0.305020 0.004804 152 150 147
0.185496 -0.306407 0.014576 164 160 155
0.186967 -0.304364 0.024964 158 152 147
0.187967 -0.307147 0.035973 204 198 193
0.189124 -0.307242 0.043723 211 202 204
0.181155 -0.294288 -0.015893 67 82 77
0.183252 -0.294724 -0.006370 81 92 85
0.184925 -0.294746 0.004722 120 116 100
0.185480 -0.294141 0.014510 160 146 122
0.186455 -0.294646 0.025002 176 170 162
0.187922 -0.295439 0.034314 193 185 180
0.180826 -0.288610 -0.015259 70 87 81
0.181158 -0.287006 -0.004380 74 70 50
0.182818 -0.284171 0.005181 165 152 132
0.185825 -0.285362 0.014904 185 178 174
0.188333 -0.285905 0.024106 192 183 180
0.188438 -0.286599 0.032045 196 188 184
0.189014 -0.281879 0.042869 168 160 160
0.184330 -0.274021 -0.015544 98 95 85
0.183306 -0.274334 -0.004981 107 102 93
0.184156 -0.275996 0.005456 168 160 154
0.187133 -0.273824 0.013838 166 157 154
0.187401 -0.276569 0.024749 189 179 174
0.183094 -0.264094 -0.004485 163 154 141
0.185911 -0.264840 0.006187 166 157 151
0.187253 -0.264612 0.014823 168 158 156
0.187430 -0.263787 0.023658 171 161 160
0.186573 -0.264187 0.034164 172 164 164
0.186683 -0.264091 0.042762 172 165 166
0.182793 -0.253600 -0.014837 121 114 99
0.183022 -0.252872 -0.004255 149 143 136
0.183719 -0.254170 0.005684 157 149 145
0.185380 -0.254393 0.014987 169 160 156
0.187232 -0.255565 0.024056 174 164 161
0.187972 -0.255019 0.035762 189 179 178
0.182094 -0.247717 -0.022778 88 86 78
0.182248 -0.246852 -0.013938 108 101 89
0.182849 -0.245373 -0.004698 147 136 129
0.184777 -0.245284 0.004920 155 143 138
0.186882 -0.245120 0.014402 172 161 158
0.186756 -0.247043 0.023766 182 170 167
0.186994 -0.247771 0.032369 184 172 170
0.183059 -0.235049 -0.003401 152 132 112
0.185726 -0.234869 0.004382 168 153 144
0.188615 -0.235065 0.014817 162 151 149
0.188809 -0.235919 0.022924 178 168 168
0.183082 -0.223785 -0.004138 163 142 121
0.185481 -0.226144 0.003786 152 137 127
0.188776 -0.225342 0.013115 162 150 144
0.189283 -0.224148 0.023352 178 167 162
0.185020 -0.220931 0.136572 168 166 170
0.185227 -0.215283 -0.003849 144 132 124
0.186125 -0.215743 0.003328 154 142 135
0.185660 -0.215844 0.013730 169 158 154
0.183786 -0.215136 0.144563 190 189 192
0.185813 -0.212965 0.153342 175 174 176
0.184019 -0.204877 -0.012499 161 137 110
0.185348 -0.206425 -0.005833 172 157 144
0.189480 -0.206049 0.002233 162 151 146
0.180983 -0.206590 0.135945 196 188 188
0.182538 -0.206301 0.145524 171 168 172
0.184788 -0.206123 0.154390 167 164 168
0.187264 -0.204083 0.164469 156 154 156
0.187743 -0.204409 0.174580 108 123 122
0.181467 -0.192046 -0.011101 130 120 112
0.184393 -0.195876 -0.006310 172 156 142
0.188645 -0.195517 0.005459 146 132 124
0.181988 -0.194476 0.125899 165 160 163
0.182836 -0.196853 0.133282 195 190 190
0.186268 -0.192186 0.143972 190 182 183
0.186528 -0.192400 0.155544 179 173 174
0.185292 -0.195784 0.165306 166 162 165
0.187113 -0.192933 0.173118 180 176 179
0.182905 -0.184754 -0.012847 153 134 119
0.185505 -0.184397 -0.006447 160 142 129
0.187435 -0.184967 0.003632 142 127 120
0.183866 -0.183714 0.056134 105 98 98
0.186885 -0.182994 0.064426 162 154 154
0.188115 -0.183478 0.085666 146 144 145
0.186632 -0.182520 0.093696 178 176 178
0.183986 -0.185517 0.125137 174 165 166
0.185691 -0.184239 0.135608 180 176 179
0.185708 -0.184648 0.145073 163 158 161
0.187349 -0.183889 0.155238 183 176 177
0.186244 -0.184100 0.165246 197 188 190
0.188306 -0.185117 0.173422 184 176 178
0.184087 -0.174783 -0.012805 167 144 123
0.186553 -0.174252 -0.004418 158 136 116
0.187408 -0.172831 0.005836 148 136 128
0.183200 -0.175374 0.015947 144 133 132
0.181628 -0.175318 0.057053 144 134 134
0.184701 -0.176571 0.064835 142 136 134
0.184873 -0.174525 0.074401 118 116 114
0.184922 -0.175361 0.084174 144 138 139
0.182009 -0.175217 0.117188 136 130 129
0.183222 -0.175042 0.124132 133 129 127
0.184203 -0.175706 0.134099 172 168 169
0.184787 -0.176901 0.145373 164 159 162
0.185802 -0.175806 0.155806 193 185 188
0.187142 -0.175313 0.164691 194 185 188
0.188199 -0.177145 0.171937 178 168 170
0.184983 -0.162057 -0.005746 186 174 165
0.187674 -0.166046 0.003867 168 156 150
0.181332 -0.164438 0.101572 168 162 163
0.182962 -0.167013 0.115661 175 170 168
0.183208 -0.166409 0.125518 157 152 153
0.185266 -0.163677 0.135424 161 153 150
0.187157 -0.164404 0.145724 186 180 176
0.188054 -0.164156 0.155143 201 192 192
0.186895 -0.163770 0.163458 180 172 174
0.183599 -0.154323 -0.012468 180 150 113
0.185605 -0.157489 -0.006427 183 164 152
0.182985 -0.154834 0.067088 154 152 154
0.182896 -0.155957 0.074589 169 165 168
0.184171 -0.153670 0.107068 184 176 169
0.184341 -0.153761 0.114425 150 137 128
0.185483 -0.154695 0.124347 168 163 162
0.185287 -0.155474 0.134772 184 179 179
0.186513 -0.155053 0.145256 178 173 173
0.188915 -0.154758 0.155912 194 186 187
0.187838 -0.157904 0.162667 188 183 184
0.183627 -0.146207 0.055715 164 155 156
0.181586 -0.142822 0.096631 142 134 125
0.182287 -0.145312 0.105717 134 147 145
0.184585 -0.145024 0.115565 144 153 152
0.185316 -0.144084 0.125277 160 158 156
0.185944 -0.144908 0.135002 164 161 160
0.187631 -0.145445 0.146370 185 178 178
0.181633 -0.131329 0.014551 162 151 149
0.183098 -0.132573 0.023960 172 164 162
0.182368 -0.134072 0.032885 156 150 149
0.181560 -0.134661 0.048310 130 122 120
0.183008 -0.137646 0.056183 147 123 102
0.185135 -0.131821 0.062458 158 156 155
0.181526 -0.133002 0.077113 175 158 145
0.182560 -0.135124 0.082927 177 160 142
0.183223 -0.135757 0.095258 164 159 156
0.182343 -0.135671 0.106215 164 156 154
0.183979 -0.136109 0.116146 164 156 156
0.185210 -0.135300 0.123071 166 163 161
0.186558 -0.136354 0.133810 156 153 152
0.188548 -0.134292 0.146239 176 169 168
0.184829 -0.133374 0.155074 191 181 184
0.183680 -0.126415 0.014357 169 162 162
0.180555 -0.125045 0.047969 82 78 78
0.183661 -0.125187 0.054806 128 122 122
0.182771 -0.124275 0.062782 128 124 120
0.185757 -0.126581 0.074685 139 125 108
0.182353 -0.124283 0.086362 122 114 104
0.182895 -0.123294 0.094218 126 120 109
0.183428 -0.126395 0.106004 175 168 166
0.184948 -0.125521 0.115544 171 167 165
0.186838 -0.125126 0.125970 167 160 158
0.188335 -0.124210 0.135973 163 154 153
0.187147 -0.124711 0.145658 166 160 159
0.186570 -0.126055 0.152364 182 174 176
0.186956 -0.113539 -0.003465 197 184 176
0.184359 -0.115225 0.015202 172 170 168
0.183120 -0.115846 0.047517 136 129 126
0.181744 -0.111331 0.054121 131 117 111
0.181002 -0.116575 0.065887 132 106 80
0.181219 -0.117661 0.076488 158 147 142
0.181582 -0.117319 0.087022 159 152 154
0.183396 -0.114827 0.092785 164 158 159
0.183953 -0.116798 0.106026 165 161 161
0.186126 -0.113267 0.115003 137 131 127
0.187328 -0.114588 0.124668 157 146 143
0.186475 -0.116190 0.134662 166 156 154
0.185027 -0.116750 0.141929 176 166 167
0.185209 -0.103819 -0.004100 192 166 136
0.181533 -0.103110 0.005996 174 164 160
0.183971 -0.102469 0.023421 94 90 82
0.183672 -0.106336 0.034194 118 114 112
0.181671 -0.104930 0.056085 174 170 170
0.182716 -0.104742 0.075298 174 168 165
0.184614 -0.106808 0.084679 175 167 166
0.186263 -0.106730 0.092808 157 150 149
0.186028 -0.104962 0.104327 156 147 145
0.186373 -0.103578 0.115205 165 158 157
0.187870 -0.106261 0.123996 158 152 150
0.186361 -0.105468 0.144337 166 168 170
0.184174 -0.096796 -0.006141 206 190 180
0.185406 -0.094368 0.002595 179 168 160
0.182657 -0.096453 0.077093 177 168 168
0.182022 -0.094791 0.085340 95 108 104
0.183196 -0.095369 0.095049 111 118 113
0.184775 -0.095303 0.104004 140 141 140
0.185838 -0.094687 0.112771 130 130 128
0.188612 -0.094658 0.125906 127 141 139
0.188935 -0.094706 0.130475 118 140 140
0.184385 -0.083448 -0.002138 212 196 190
0.188486 -0.085198 0.004113 152 140 135
0.184668 -0.084240 0.017666 172 165 162
0.184699 -0.083339 0.024261 168 158 151
0.185921 -0.085071 0.045365 151 144 142
0.182067 -0.085250 0.053186 172 164 162
0.181979 -0.083295 0.076591 188 182 181
0.182273 -0.083381 0.086771 177 170 169
0.184380 -0.084524 0.095727 166 161 161
0.185090 -0.084520 0.105121 147 149 149
0.186608 -0.084474 0.115269 174 174 172
0.188099 -0.084860 0.123300 167 175 176
0.182626 -0.073654 -0.013576 130 128 122
0.184325 -0.076171 -0.005629 176 160 142
0.185524 -0.073854 0.006491 162 142 127
0.184360 -0.074548 0.014283 150 132 121
0.186013 -0.076368 0.024900 138 125 119
0.188422 -0.074192 0.036309 214 206 206
0.183670 -0.073780 0.047203 173 168 168
0.181638 -0.075591 0.054010 178 171 172
0.182817 -0.074722 0.077115 129 127 125
0.184664 -0.076716 0.084988 149 146 144
0.185260 -0.073779 0.094929 166 161 158
0.186563 -0.074807 0.105663 150 157 155
0.187699 -0.076241 0.114385 185 179 180
0.187757 -0.077350 0.122748 177 171 174
0.185071 -0.065491 -0.005599 152 121 94
0.184940 -0.067987 0.002562 152 124 106
0.186053 -0.062711 0.017633 216 198 186
0.184153 -0.064414 0.025412 222 209 206
0.184908 -0.065896 0.035850 214 202 200
0.184108 -0.065708 0.045941 182 172 171
0.183509 -0.065009 0.054177 188 179 178
0.186123 -0.062432 0.064920 191 181 181
0.183977 -0.066615 0.073528 180 173 172
0.187180 -0.066926 0.095935 191 184 182
0.184984 -0.067410 0.104899 201 194 194
0.186838 -0.057969 0.017988 210 187 168
0.186513 -0.051909 0.025870 228 209 201
0.183533 -0.053071 0.036773 185 176 174
0.181525 -0.057110 0.044190 192 180 177
0.182848 -0.056714 0.056775 189 179 177
0.184848 -0.057322 0.066239 180 170 168
0.184759 -0.054733 0.075331 190 180 176
0.184388 -0.053605 0.085802 216 203 198
0.183259 -0.051972 0.092991 229 215 210
0.184594 -0.044984 0.016095 194 176 167
0.184944 -0.044418 0.024623 184 166 154
0.187063 -0.041716 0.034511 207 189 177
0.181882 -0.035061 0.025811 180 156 126
0.185444 -0.031903 0.037334 213 191 174
0.186515 -0.034916 0.046977 224 208 204
0.185231 -0.024299 0.028525 168 155 148
0.186804 -0.025514 0.036335 207 190 183
0.184402 -0.013115 0.027456 173 154 134
0.184070 -0.016920 0.036031 208 190 176
0.183448 -0.016927 0.042039 213 192 182
0.182662 -0.006408 0.023323 111 106 84
0.184992 -0.003254 0.034112 170 158 136
0.183876 0.005805 0.033583 128 112 102
0.186718 0.004694 0.075481 159 155 146
0.183065 0.016271 0.025330 104 102 84
0.184459 0.017130 0.035188 150 140 122
0.186459 0.016760 0.043837 169 155 134
0.188386 0.016538 0.056346 157 143 129
0.188240 0.015586 0.064452 182 174 166
0.189318 0.013900 0.072880 198 188 180
0.180523 0.025697 0.006908 58 75 52
0.181228 0.024765 0.015229 94 100 79
0.182343 0.025119 0.025268 133 130 100
0.184116 0.024084 0.035448 137 128 99
0.185962 0.025012 0.044304 157 142 113
0.187129 0.024638 0.054149 156 148 124
0.188496 0.023969 0.062338 145 141 128
0.182136 0.034441 0.014407 31 68 56
0.184087 0.033288 0.025230 88 96 72
0.184419 0.035112 0.034902 121 138 126
0.187277 0.036737 0.044567 140 146 126
0.182333 0.043713 0.016776 112 119 96
0.182869 0.045323 0.023431 113 114 80
0.184424 0.043945 0.035084 155 150 97
0.188174 0.043208 0.044771 186 170 126
0.181322 0.053800 0.004296 3 74 64
0.182720 0.054307 0.017237 96 125 88
0.184778 0.055116 0.024632 69 94 73
0.186856 0.056854 0.034932 134 106 84
0.188883 0.057356 0.041911 183 118 104
0.182172 0.067761 0.016456 92 111 94
0.184337 0.066861 0.026207 162 158 136
0.185508 0.064280 0.036049 146 108 100
0.187065 0.064267 0.044815 160 130 126
0.183599 0.076566 -0.003230 16 88 75
0.182805 0.074398 0.005363 84 96 78
0.183462 0.074261 0.014953 139 130 114
0.185369 0.073180 0.023806 182 150 144
0.187149 0.073188 0.034163 175 145 142
0.183014 0.082636 -0.004992 34 90 80
0.184871 0.085026 0.004159 82 73 70
0.182639 0.106775 -0.002790 28 97 86
0.185229 0.114276 -0.004029 3 104 89
0.195898 -0.711606 -0.042669 88 94 94
0.194884 -0.704135 -0.025607 118 124 126
0.194267 -0.693892 -0.031832 88 92 94
0.194574 -0.695673 -0.025026 107 113 114
0.196333 -0.693622 -0.016229 150 160 162
0.193065 -0.684272 -0.033330 60 64 65
0.195154 -0.687093 -0.025718 86 92 93
0.196392 -0.683664 -0.015885 148 157 160
0.190503 -0.670769 -0.054950 18 82 75
0.192672 -0.674823 -0.036239 51 57 56
0.194750 -0.674637 -0.022826 115 122 124
0.196198 -0.674622 -0.014836 148 158 160
0.191781 -0.665367 -0.055849 6 86 75
0.193189 -0.663739 -0.045057 44 95 90
0.192589 -0.663336 -0.034753 45 86 82
0.193933 -0.664270 -0.022793 71 80 81
0.195939 -0.664751 -0.015017 139 150 152
0.191852 -0.657607 -0.052977 8 76 66
0.193293 -0.655045 -0.046106 42 80 78
0.195345 -0.654767 -0.035093 138 150 156
0.195807 -0.654680 -0.024460 122 146 148
0.196009 -0.654588 -0.014787 130 141 144
0.192885 -0.647004 -0.034560 56 90 89
0.194712 -0.646706 -0.022791 128 147 149
0.197968 -0.643703 -0.015715 146 163 168
0.198468 -0.647228 -0.008443 144 154 158
0.192665 -0.634471 -0.024779 34 84 78
0.194816 -0.635622 -0.014034 81 115 114
0.197383 -0.633021 -0.003627 124 134 136
0.193333 -0.634827 0.036832 175 176 168
0.197732 -0.634060 0.044338 167 168 162
0.194667 -0.626739 -0.015327 63 94 90
0.196096 -0.624828 -0.003958 109 132 130
0.194489 -0.623313 0.004168 77 100 98
0.195850 -0.621435 0.011473 74 87 85
0.194591 -0.627273 0.075075 174 175 172
0.192161 -0.614034 -0.044391 120 137 134
0.193755 -0.614350 -0.034493 108 122 118
0.194255 -0.614207 -0.024398 125 138 133
0.197183 -0.612252 -0.015749 116 122 119
0.193134 -0.612461 -0.006821 187 199 194
0.197677 -0.616065 0.005220 126 139 135
0.196431 -0.616140 0.016376 103 120 121
0.195463 -0.613909 0.023710 121 136 137
0.195743 -0.614696 0.031986 148 157 156
0.193985 -0.615049 0.085486 160 160 156
0.191788 -0.605115 -0.043145 110 126 122
0.192206 -0.604859 -0.034977 151 160 156
0.193210 -0.605002 -0.023481 148 156 152
0.196193 -0.603840 -0.015569 166 170 168
0.196706 -0.605407 -0.005593 138 142 142
0.198014 -0.606961 0.002797 152 156 152
0.196177 -0.604652 0.017058 122 131 130
0.195559 -0.603130 0.023481 142 152 152
0.195275 -0.605217 0.035537 120 134 137
0.193267 -0.602669 0.043862 140 150 153
0.195904 -0.594767 -0.044503 133 145 140
0.196197 -0.592968 -0.036415 164 166 162
0.194858 -0.598088 -0.023208 138 144 138
0.195845 -0.597370 -0.015515 172 175 171
0.194885 -0.598538 -0.003499 166 168 168
0.194590 -0.596314 0.005409 140 142 144
0.192437 -0.595633 0.016864 139 144 143
0.196849 -0.594645 0.023687 104 107 107
0.195594 -0.595715 0.035564 142 151 154
0.195080 -0.595048 0.045118 136 145 148
0.194411 -0.593805 0.054118 156 164 166
0.194839 -0.592198 0.062428 166 169 170
0.191740 -0.588284 -0.042225 150 162 155
0.195162 -0.585450 -0.033546 174 173 168
0.195253 -0.583612 -0.026821 188 187 184
0.195164 -0.584106 -0.013620 190 192 184
0.195221 -0.585090 0.024257 146 146 142
0.194957 -0.584130 0.033206 204 204 202
0.194150 -0.586931 0.055301 192 196 196
0.195534 -0.586247 0.063728 196 198 198
0.195328 -0.575141 -0.032183 165 162 156
0.194095 -0.574863 -0.006350 179 181 172
0.195359 -0.575770 0.017180 174 170 164
0.194534 -0.577729 0.023111 180 176 169
0.194659 -0.564736 -0.031530 174 167 160
0.195890 -0.567514 -0.029311 153 148 144
0.195065 -0.555349 -0.031868 172 164 158
0.194509 -0.544191 -0.031817 181 170 160
0.194606 -0.535054 -0.033533 179 168 157
0.199064 -0.534237 -0.028713 160 154 150
0.193391 -0.525418 -0.035056 182 166 147
0.198404 -0.524296 -0.027344 154 148 144
0.192791 -0.527655 0.025418 176 168 158
0.193303 -0.516710 -0.034427 164 146 126
0.196848 -0.514747 -0.025302 150 142 135
0.198590 -0.513011 -0.017625 169 163 159
0.196096 -0.512805 0.035076 114 113 110
0.194415 -0.507739 -0.022367 168 158 151
0.195715 -0.504565 -0.014844 174 166 162
0.197237 -0.507586 0.037295 119 116 114
0.193349 -0.496969 -0.014078 146 139 137
0.195279 -0.495928 -0.006273 172 164 162
0.195172 -0.487883 -0.004583 148 144 142
0.193477 -0.485233 0.004933 141 136 136
0.196676 -0.483731 0.012476 174 170 170
0.191794 -0.478256 -0.034094 159 154 156
0.195589 -0.473929 0.025256 211 206 206
0.194549 -0.474707 0.047664 150 146 142
0.197117 -0.473162 0.054130 146 142 139
0.195826 -0.466544 0.028076 145 143 132
0.194733 -0.464843 0.033788 224 214 213
0.197118 -0.467734 0.053853 145 142 140
0.194764 -0.456182 0.035350 211 202 202
0.197318 -0.443859 -0.013489 200 192 192
0.195273 -0.447260 0.035482 222 212 214
0.192691 -0.440173 0.053292 156 150 150
0.195888 -0.435737 -0.003282 168 161 163
0.196130 -0.435216 0.002292 169 162 164
0.195347 -0.436683 0.047644 181 174 175
0.194686 -0.435012 0.053030 190 182 184
0.195494 -0.436044 0.065651 146 142 140
0.196153 -0.437045 0.072585 165 160 158
0.194700 -0.425239 0.052439 234 224 226
0.196110 -0.416921 0.006193 148 140 142
0.195691 -0.417079 0.052358 224 215 217
0.193399 -0.404077 -0.002621 220 210 213
0.194683 -0.404475 0.005223 210 199 202
0.194094 -0.405082 0.047086 174 170 172
0.195310 -0.403987 0.054684 210 203 204
0.194952 -0.402903 0.075198 215 209 208
0.192757 -0.396453 -0.003452 208 198 200
0.193514 -0.395778 0.004427 160 152 154
0.195473 -0.395368 0.013148 168 160 162
0.191849 -0.399607 0.046604 113 114 118
0.194527 -0.396590 0.057118 189 183 187
0.196767 -0.395858 0.064561 156 153 156
0.195766 -0.396228 0.073756 153 152 154
0.198382 -0.384595 0.006022 120 127 117
0.195257 -0.382773 0.014519 152 145 146
0.194495 -0.384965 0.058742 228 216 220
0.195852 -0.384060 0.060519 233 220 224
0.195704 -0.376324 0.013685 160 154 154
0.193988 -0.375814 0.056138 231 222 225
0.194274 -0.363352 0.047110 139 138 142
0.194218 -0.364419 0.055592 204 197 199
0.195659 -0.363406 0.063150 206 200 200
0.195467 -0.363970 0.075392 218 211 210
0.195767 -0.355792 -0.002790 221 211 212
0.195999 -0.355840 0.004255 220 211 213
0.194302 -0.359648 0.046425 116 117 122
0.192957 -0.356673 0.057977 190 182 185
0.195704 -0.356459 0.063632 170 166 166
0.195618 -0.357351 0.075295 154 153 154
0.192561 -0.346887 0.058179 232 220 222
0.194592 -0.346091 0.064224 231 221 219
0.193965 -0.333331 0.045332 230 220 222
0.195058 -0.333554 0.055620 240 228 231
0.193631 -0.323485 0.056933 194 186 189
0.196671 -0.322657 0.062794 208 201 204
0.197078 -0.325679 0.078271 174 170 168
0.196031 -0.323723 0.083916 205 200 197
0.191954 -0.316339 0.057208 180 173 176
0.195845 -0.316445 0.063507 186 180 184
0.197900 -0.317509 0.086140 166 163 166
0.196229 -0.315925 0.093870 166 160 159
0.197764 -0.304633 0.104114 198 191 188
0.191553 -0.292086 0.038549 218 206 206
0.194147 -0.294826 0.045628 230 220 222
0.195684 -0.296200 0.054607 232 221 222
0.192785 -0.285180 0.038024 167 160 162
0.193625 -0.284521 0.045434 179 170 173
0.196038 -0.284294 0.055224 206 196 200
0.198013 -0.281575 0.062124 200 192 194
0.192746 -0.272390 0.004883 153 147 147
0.194003 -0.272967 0.014081 150 144 147
0.193117 -0.275103 0.025848 164 160 162
0.193602 -0.274555 0.033867 188 182 181
0.193354 -0.275657 0.045273 216 206 206
0.195662 -0.276646 0.055490 224 212 214
0.193377 -0.267186 -0.003475 132 128 130
0.194441 -0.267354 0.005157 136 132 134
0.192860 -0.267196 0.017997 149 141 140
0.192502 -0.265962 0.024614 167 159 159
0.191674 -0.264444 0.035301 178 171 172
0.194236 -0.263944 0.045882 211 201 202
0.192847 -0.254627 0.027124 197 188 187
0.193274 -0.254775 0.035274 196 188 189
0.194499 -0.253518 0.044520 190 182 185
0.198016 -0.252334 0.053082 201 190 193
0.192076 -0.241014 0.006907 138 130 128
0.195004 -0.244125 0.014887 152 146 148
0.195381 -0.244752 0.024533 163 156 158
0.194157 -0.245004 0.035012 182 175 176
0.194642 -0.247509 0.045847 191 180 185
0.197219 -0.248193 0.052325 198 188 191
0.193068 -0.238387 -0.003408 138 128 130
0.193370 -0.236085 0.006557 157 148 147
0.193609 -0.236267 0.014578 161 153 152
0.193037 -0.235345 0.024987 175 166 165
0.193087 -0.234821 0.035171 185 177 177
0.196739 -0.234760 0.044608 200 190 190
0.193302 -0.225960 0.017922 168 159 157
0.194405 -0.226192 0.026489 181 171 171
0.195671 -0.225293 0.035336 174 167 168
0.197898 -0.223731 0.043183 195 184 186
0.194988 -0.224321 0.156351 179 177 176
0.194996 -0.222694 0.185400 174 172 170
0.191843 -0.212149 0.004782 122 113 111
0.195265 -0.213152 0.016010 120 112 112
0.194986 -0.215533 0.024849 144 136 136
0.195747 -0.216110 0.035052 184 174 174
0.197939 -0.216728 0.042617 197 186 188
0.196671 -0.213685 0.065838 180 170 176
0.195598 -0.213539 0.117551 190 180 181
0.195378 -0.214207 0.123485 156 153 153
0.195632 -0.216780 0.136422 148 144 146
0.195007 -0.216370 0.145242 152 148 151
0.196083 -0.215417 0.154632 178 174 176
0.196494 -0.212724 0.164894 199 193 193
0.194441 -0.213837 0.185417 168 172 170
0.192568 -0.208226 -0.003108 130 120 118
0.192137 -0.205877 0.005357 162 152 149
0.192425 -0.205363 0.015273 160 149 146
0.193260 -0.206102 0.024794 184 174 171
0.195518 -0.205471 0.034964 202 190 189
0.197307 -0.206411 0.043165 208 197 196
0.196598 -0.204680 0.075228 186 177 178
0.196657 -0.207337 0.081624 180 172 173
0.193066 -0.205897 0.113894 138 130 128
0.193067 -0.202653 0.135816 164 159 161
0.193526 -0.205441 0.146139 161 156 157
0.195065 -0.204799 0.155392 163 152 147
0.196300 -0.205233 0.165806 197 190 191
0.195847 -0.204147 0.173611 191 185 187
0.195695 -0.204955 0.186667 172 173 174
0.191340 -0.193085 0.017273 150 135 128
0.194257 -0.194690 0.025296 174 163 158
0.196046 -0.194422 0.034794 204 192 188
0.194830 -0.196074 0.056541 150 145 145
0.193980 -0.195964 0.065189 128 122 122
0.196093 -0.194749 0.077265 141 138 138
0.192836 -0.193798 0.085035 179 177 178
0.190960 -0.197746 0.137837 156 152 156
0.193715 -0.192616 0.145685 140 118 102
0.194038 -0.194142 0.156628 166 158 157
0.196539 -0.195152 0.164667 204 196 201
0.193140 -0.195466 0.174022 198 191 193
0.195709 -0.194853 0.185350 196 188 192
0.190786 -0.182357 -0.003394 102 86 78
0.192436 -0.184155 0.005967 117 104 98
0.193593 -0.185191 0.014814 134 122 117
0.193679 -0.185702 0.025452 162 150 146
0.195026 -0.186585 0.035940 192 180 176
0.195481 -0.186383 0.043634 189 176 174
0.194814 -0.184072 0.067794 103 110 110
0.194538 -0.186731 0.074263 149 145 143
0.194488 -0.183071 0.128939 150 138 134
0.193380 -0.186883 0.136251 158 150 150
0.194288 -0.183594 0.144473 168 156 148
0.194069 -0.185683 0.156023 166 162 164
0.195586 -0.184658 0.165257 209 200 204
0.193457 -0.184895 0.175155 209 199 201
0.196688 -0.185051 0.184706 194 184 188
0.191697 -0.173757 -0.004624 142 127 118
0.194108 -0.176288 0.066761 110 114 113
0.194655 -0.175342 0.075856 130 133 133
0.193936 -0.176590 0.085538 139 138 139
0.193647 -0.174655 0.166246 230 220 221
0.192899 -0.174305 0.177863 196 186 190
0.196112 -0.177431 0.183078 194 184 187
0.192966 -0.164645 -0.002768 154 142 135
0.194318 -0.164362 0.006148 148 134 130
0.196763 -0.164441 0.014096 168 157 154
0.192596 -0.166558 0.163973 224 213 215
0.194339 -0.163737 0.176964 183 173 175
0.193576 -0.155762 -0.004576 166 148 138
0.196340 -0.157531 0.004005 164 151 148
0.195380 -0.157277 0.117461 191 178 175
0.190739 -0.151952 0.159183 206 196 198
0.193638 -0.154814 0.164162 220 210 210
0.193834 -0.155910 0.176015 183 174 178
0.193110 -0.143976 0.157723 195 187 188
0.194691 -0.147413 0.163540 168 160 162
0.194710 -0.144622 0.175795 186 178 182
0.197866 -0.132775 0.017789 175 160 154
0.198596 -0.133989 0.025382 186 173 170
0.193121 -0.135009 0.155191 217 208 210
0.193735 -0.132702 0.167747 196 188 190
0.196791 -0.135454 0.173322 204 195 198
0.195184 -0.124838 0.005794 170 154 146
0.196435 -0.126277 0.014243 182 168 163
0.192793 -0.122195 0.147333 213 204 206
0.194449 -0.125650 0.153159 228 218 222
0.197234 -0.126832 0.173057 190 182 185
0.193607 -0.112131 -0.001686 176 165 159
0.194879 -0.115880 0.003596 168 159 156
0.192160 -0.113750 0.126773 170 161 156
0.193170 -0.116088 0.134246 162 152 148
0.193395 -0.114557 0.145189 215 206 206
0.196182 -0.115396 0.164494 191 184 188
0.192443 -0.106573 -0.006123 185 163 140
0.196187 -0.103834 0.006951 156 142 134
0.196672 -0.104324 0.013804 163 150 144
0.197146 -0.103455 0.024253 164 142 122
0.193952 -0.107559 0.125647 164 160 156
0.193007 -0.103796 0.137269 200 190 192
0.195453 -0.105161 0.144518 229 218 222
0.194926 -0.106912 0.155845 187 180 184
0.195501 -0.092553 0.006431 175 166 162
0.195592 -0.095008 0.014030 176 162 150
0.194696 -0.095533 0.023161 176 158 140
0.193348 -0.095305 0.115431 164 161 160
0.193237 -0.092864 0.127549 134 150 148
0.194745 -0.093829 0.133347 151 169 169
0.197784 -0.092821 0.146564 184 178 181
0.197212 -0.096663 0.153135 184 176 180
0.194277 -0.082544 -0.003561 174 160 150
0.193901 -0.085345 0.003759 134 119 106
0.194350 -0.084635 0.014070 163 132 105
0.192729 -0.084429 0.024185 191 169 158
0.194140 -0.081400 0.034327 178 167 165
0.196623 -0.081663 0.044491 192 184 184
0.193087 -0.082843 0.117569 110 148 143
0.193716 -0.085192 0.125919 169 177 178
0.195470 -0.084904 0.133407 192 185 188
0.197710 -0.086411 0.143611 190 184 186
0.190534 -0.078210 -0.005363 180 156 136
0.191646 -0.075417 0.006488 137 111 87
0.192846 -0.075662 0.013876 156 135 120
0.195250 -0.073576 0.023039 155 140 132
0.192343 -0.076789 0.033075 174 170 170
0.192911 -0.076936 0.043154 197 191 192
0.195608 -0.071912 0.075328 222 212 214
0.194186 -0.074947 0.116492 198 192 194
0.196157 -0.077133 0.124030 192 185 188
0.196510 -0.077563 0.132635 174 168 170
0.196771 -0.064633 0.018329 182 162 140
0.196894 -0.065934 0.022913 180 163 152
0.192832 -0.063776 0.065566 224 212 214
0.194282 -0.065579 0.073229 223 212 214
0.192141 -0.062610 0.086390 202 191 190
0.194412 -0.064339 0.095709 208 197 197
0.195258 -0.066651 0.104232 218 207 208
0.194429 -0.066760 0.115398 178 174 176
0.193355 -0.058407 0.016947 155 136 122
0.195379 -0.055749 0.026688 180 168 161
0.195165 -0.055214 0.033940 190 178 174
0.198934 -0.050972 0.044587 216 206 200
0.190763 -0.054796 0.066564 215 206 206
0.192350 -0.054830 0.075254 203 192 190
0.192066 -0.056852 0.084581 204 193 191
0.195078 -0.057793 0.093725 222 212 211
0.192694 -0.047137 0.016891 190 175 166
0.196056 -0.044024 0.025671 166 152 144
0.196133 -0.044915 0.034771 178 163 154
0.196866 -0.046356 0.043449 223 208 200
0.193792 -0.033048 0.036382 190 170 155
0.195416 -0.034876 0.045049 218 201 196
0.195167 -0.022982 0.025776 189 177 174
0.195074 -0.026424 0.034975 197 181 175
0.194662 -0.016754 0.015869 178 165 160
0.194353 -0.016913 0.036079 206 188 182
0.197341 -0.003121 0.085869 190 173 168
0.194414 0.006151 0.077426 201 176 171
0.196408 0.005626 0.083498 182 166 162
0.196201 0.015455 0.046725 168 116 112
0.194726 0.014875 0.055226 164 138 129
0.194315 0.015140 0.063712 204 190 182
0.192543 0.012008 0.074776 214 204 197
0.194556 0.011086 0.081990 215 204 198
0.194907 0.028287 0.058036 194 150 130
0.194971 0.023992 0.064560 216 193 182
0.193602 0.037739 0.047723 162 130 114
0.194802 0.034834 0.054858 188 142 130
0.192572 0.043549 0.048033 186 148 116
0.195926 0.044207 0.053102 208 170 149
0.193714 0.055801 0.046043 143 87 84
0.196036 0.057496 0.054063 190 168 164
0.191204 0.064767 0.047050 169 150 142
0.193964 0.064532 0.054628 192 182 175
0.194301 0.072746 0.046009 224 212 207
0.196400 0.070865 0.053023 226 214 209
0.194903 0.113819 -0.002587 8 98 85
0.202253 -0.694142 -0.042256 105 112 112
0.201516 -0.692984 -0.036595 118 130 134
0.202053 -0.684121 -0.033893 110 118 121
0.206158 -0.674155 -0.053103 38 62 58
0.201564 -0.673519 -0.025656 133 141 145
0.207421 -0.666423 -0.054850 10 92 84
0.204788 -0.664834 -0.046719 32 88 84
0.205054 -0.666221 -0.035890 86 111 109
0.202099 -0.663587 -0.025170 111 123 126
0.200576 -0.663793 -0.016513 151 161 166
0.203488 -0.657344 -0.042988 69 98 104
0.205244 -0.655540 -0.033821 75 120 119
0.203693 -0.653983 -0.025274 123 145 146
0.202533 -0.653998 -0.014168 136 150 152
0.200328 -0.652665 -0.009245 154 166 170
0.207870 -0.646610 -0.041202 0 77 68
0.206498 -0.645279 -0.035858 30 90 85
0.205258 -0.646091 -0.025830 79 122 121
0.203586 -0.645622 -0.016068 125 150 153
0.207978 -0.635097 -0.043759 82 122 117
0.207989 -0.637638 -0.024789 46 106 100
0.205053 -0.635605 -0.015164 104 132 133
0.203199 -0.634261 -0.005881 110 136 137
0.203333 -0.632106 0.001547 144 160 160
0.205616 -0.625608 -0.054026 4 64 57
0.205494 -0.625768 -0.045225 122 142 139
0.205908 -0.623446 -0.035174 118 143 139
0.204004 -0.627434 -0.014240 135 154 154
0.204792 -0.624657 -0.003803 138 154 156
0.203068 -0.625428 0.005058 117 141 141
0.206450 -0.625139 0.014113 60 100 100
0.202443 -0.626348 0.045033 172 175 170
0.203510 -0.625608 0.053704 172 175 168
0.202806 -0.624835 0.076256 187 187 184
0.204683 -0.623135 0.083622 182 182 180
0.209273 -0.614219 -0.052293 100 128 124
0.207406 -0.613318 -0.045641 160 176 173
0.206869 -0.614582 -0.034431 134 158 155
0.204157 -0.614200 -0.026574 177 182 180
0.202989 -0.613944 -0.015819 162 168 164
0.205278 -0.612581 -0.005500 170 176 172
0.201905 -0.615236 0.005532 148 159 156
0.202765 -0.615883 0.017015 136 151 148
0.204071 -0.616275 0.025649 103 124 122
0.204990 -0.614019 0.035135 137 149 146
0.206809 -0.612444 0.041424 168 176 174
0.207295 -0.618894 0.057059 172 170 165
0.205945 -0.616965 0.086402 182 182 180
0.207722 -0.603583 -0.053356 34 83 78
0.207220 -0.603222 -0.047030 138 154 153
0.204941 -0.604910 -0.035594 166 176 174
0.203934 -0.605385 -0.024692 162 171 168
0.201958 -0.602975 -0.016795 188 191 188
0.203966 -0.606512 -0.004865 184 189 186
0.203782 -0.605260 0.005087 96 102 98
0.205786 -0.605183 0.013843 148 160 153
0.204042 -0.603708 0.025815 132 145 142
0.206344 -0.609561 0.033810 87 98 97
0.203163 -0.606607 0.045093 128 140 141
0.205106 -0.602732 0.055707 153 160 160
0.207162 -0.602989 0.065226 145 147 144
0.206703 -0.596236 -0.053744 83 120 115
0.203204 -0.595374 -0.045909 159 166 165
0.203584 -0.595073 -0.035809 175 182 180
0.204512 -0.596807 -0.023821 175 183 181
0.203253 -0.594356 -0.016476 182 184 179
0.206049 -0.598091 0.007815 172 174 172
0.205916 -0.595182 0.015591 140 145 141
0.203762 -0.595257 0.023636 162 167 162
0.206801 -0.593319 0.036530 208 212 209
0.203069 -0.596026 0.047047 156 168 168
0.203783 -0.593677 0.054692 168 176 175
0.203298 -0.595328 0.065995 160 166 166
0.205605 -0.594457 0.076384 182 185 180
0.206930 -0.594307 0.083009 211 209 203
0.207101 -0.588315 -0.050672 16 78 72
0.205444 -0.584597 -0.046519 72 108 105
0.201796 -0.582946 -0.036887 162 168 168
0.202702 -0.586023 -0.012691 174 175 169
0.208525 -0.583799 0.017355 144 146 144
0.204119 -0.585877 0.024386 184 183 179
0.203989 -0.586308 0.056173 211 212 210
0.203690 -0.585575 0.065640 206 206 204
0.204927 -0.585520 0.075055 208 207 204
0.207702 -0.586863 0.081625 214 212 210
0.206858 -0.578455 -0.043843 77 107 102
0.204064 -0.573809 -0.035204 161 168 166
0.204975 -0.576779 0.017578 174 168 158
0.203323 -0.576356 0.022370 200 194 186
0.205025 -0.564715 -0.034397 154 156 152
0.205231 -0.555216 -0.032660 165 161 153
0.205824 -0.544611 -0.032373 174 162 152
0.204437 -0.543628 0.014082 160 150 138
0.205905 -0.534776 -0.033026 172 160 150
0.206762 -0.525210 -0.032877 162 150 140
0.201856 -0.524462 -0.025842 164 158 153
0.207600 -0.517402 -0.031931 148 138 128
0.205022 -0.514417 -0.025506 157 150 146
0.201939 -0.512782 -0.016430 170 164 160
0.207947 -0.508059 -0.022722 150 141 134
0.204613 -0.505016 -0.013561 169 163 160
0.202245 -0.503762 -0.009037 158 152 151
0.203286 -0.506382 0.037625 122 118 116
0.206586 -0.496893 -0.013422 144 140 138
0.205059 -0.495824 -0.005231 172 168 165
0.204683 -0.488115 -0.005375 146 144 143
0.205213 -0.484648 0.005776 152 148 147
0.202912 -0.483566 0.012200 184 179 178
0.203923 -0.474641 -0.025183 175 174 178
0.205586 -0.475821 0.016551 174 173 175
0.204983 -0.472325 0.025290 210 206 206
0.203150 -0.473130 0.054936 149 144 140
0.205283 -0.464688 0.027672 169 166 159
0.203477 -0.463754 0.033425 170 164 158
0.205676 -0.465896 0.055544 140 134 130
0.205936 -0.463380 0.062600 161 158 154
0.207293 -0.453922 0.013285 62 76 73
0.207614 -0.455237 0.027336 214 204 204
0.203846 -0.456612 0.034888 161 160 150
0.204583 -0.443386 -0.013390 200 192 193
0.204384 -0.444396 -0.007368 200 192 192
0.206572 -0.442223 0.004827 134 152 152
0.206636 -0.442141 0.012678 188 193 190
0.206026 -0.446727 0.025275 202 192 194
0.205809 -0.445637 0.034915 226 216 216
0.209223 -0.445202 0.057639 166 146 129
0.206578 -0.439443 -0.014166 130 122 122
0.204947 -0.437719 -0.004315 152 145 146
0.205605 -0.435374 0.003834 117 133 131
0.206172 -0.437118 0.014858 74 96 94
0.208391 -0.435022 0.027658 160 154 154
0.207405 -0.435309 0.035717 187 180 181
0.205117 -0.434501 0.046861 240 230 231
0.204697 -0.434604 0.055563 153 145 142
0.204627 -0.435186 0.065425 159 152 150
0.205193 -0.424015 0.006022 106 121 119
0.206532 -0.422851 0.013459 124 132 131
0.208357 -0.423967 0.024777 157 156 153
0.204933 -0.425218 0.046593 232 222 224
0.205624 -0.424846 0.054707 182 162 150
0.206984 -0.426214 0.065160 138 128 122
0.204626 -0.425046 0.072309 156 151 150
0.204446 -0.416787 0.008984 160 152 152
0.204374 -0.416217 0.013224 149 140 142
0.206749 -0.417287 0.025605 86 90 90
0.207997 -0.417653 0.035252 162 158 156
0.205065 -0.415504 0.045063 222 214 215
0.203710 -0.416878 0.052447 179 167 163
0.207588 -0.403137 -0.003740 168 163 164
0.206317 -0.403734 0.005505 152 163 163
0.205119 -0.404569 0.012700 167 168 169
0.205761 -0.402285 0.022635 130 128 130
0.205929 -0.405719 0.047371 218 212 213
0.204895 -0.402734 0.053960 236 228 229
0.204260 -0.401418 0.065781 158 156 154
0.205300 -0.403042 0.075665 210 205 203
0.205740 -0.399424 -0.001456 128 122 124
0.206688 -0.397493 0.005601 113 129 127
0.206345 -0.396387 0.014457 118 132 132
0.205266 -0.398201 0.022516 62 88 87
0.209337 -0.395607 0.035483 156 151 153
0.204125 -0.395932 0.057300 197 191 191
0.204900 -0.395474 0.064229 163 157 157
0.206028 -0.396340 0.074135 168 166 166
0.205097 -0.383771 0.014972 153 147 135
0.205816 -0.382167 0.025249 116 107 88
0.206648 -0.381481 0.033666 130 116 95
0.206460 -0.385596 0.057057 172 160 159
0.205361 -0.377353 0.016522 118 130 129
0.205585 -0.378613 0.024147 104 108 103
0.206534 -0.377469 0.032289 90 88 82
0.205815 -0.372134 0.046373 220 212 218
0.207369 -0.372641 0.056437 197 190 191
0.207519 -0.363153 0.007176 229 223 226
0.205341 -0.364480 0.015229 234 226 228
0.204714 -0.363966 0.056910 182 178 180
0.204721 -0.363552 0.063455 192 186 187
0.204233 -0.363515 0.075735 190 184 183
0.205580 -0.363977 0.083041 222 214 213
0.204767 -0.356174 0.007403 147 146 143
0.205188 -0.355847 0.014924 162 155 147
0.206694 -0.355788 0.023801 130 126 113
0.208114 -0.355162 0.032107 130 118 104
0.206010 -0.356624 0.057694 176 169 171
0.204728 -0.357022 0.063662 172 167 167
0.205527 -0.356794 0.076215 154 154 154
0.204797 -0.357283 0.083203 168 165 166
0.204822 -0.344187 0.008048 154 148 148
0.205943 -0.345469 0.015919 116 122 121
0.206435 -0.346483 0.024346 72 82 80
0.207008 -0.346835 0.032867 101 96 89
0.207502 -0.343862 0.053600 182 178 180
0.204118 -0.346553 0.063191 236 228 230
0.206608 -0.334293 0.044849 216 210 212
0.205558 -0.334195 0.056440 209 204 205
0.204825 -0.335290 0.063723 187 184 184
0.203766 -0.320930 0.015784 246 238 240
0.205388 -0.325050 0.056966 209 203 206
0.202841 -0.324161 0.064533 185 182 184
0.205466 -0.325431 0.075817 178 174 173
0.204107 -0.324582 0.083393 210 204 204
0.203132 -0.316657 0.016246 204 195 198
0.203592 -0.314826 0.062952 236 228 229
0.204518 -0.316759 0.076409 140 138 142
0.203492 -0.315002 0.085368 141 138 140
0.202755 -0.312991 0.093688 134 132 134
0.206899 -0.304716 0.006125 157 152 154
0.206164 -0.304742 0.015832 170 164 166
0.206675 -0.304666 0.022888 175 169 171
0.201854 -0.304543 0.104998 176 172 173
0.205368 -0.296806 0.046583 220 215 218
0.206084 -0.293923 0.055882 214 207 210
0.205224 -0.294997 0.096067 214 204 205
0.204509 -0.294687 0.103104 175 170 170
0.206772 -0.282436 0.015783 238 228 230
0.203527 -0.285987 0.046181 159 154 160
0.205681 -0.285288 0.056036 205 198 202
0.203953 -0.284875 0.063110 208 200 204
0.204297 -0.287547 0.096207 218 209 209
0.204456 -0.285913 0.104438 190 182 184
0.204315 -0.286127 0.115542 130 132 132
0.208750 -0.273995 0.008103 144 139 141
0.206687 -0.274566 0.015485 160 154 157
0.205254 -0.275472 0.024158 148 147 152
0.206957 -0.279093 0.056913 238 231 234
0.204649 -0.278448 0.105674 196 188 192
0.206686 -0.274127 0.115162 196 188 192
0.205306 -0.267109 0.006334 154 152 154
0.206261 -0.268001 0.013225 172 166 168
0.204669 -0.262273 0.047555 235 230 232
0.203670 -0.263563 0.053302 235 230 230
0.207880 -0.269418 0.113098 193 188 189
0.202042 -0.252042 0.025052 204 202 204
0.205080 -0.253971 0.047577 192 186 189
0.204496 -0.253215 0.053086 208 199 203
0.206368 -0.242539 0.016056 161 157 159
0.204245 -0.245048 0.024501 175 171 173
0.204638 -0.246566 0.036389 164 160 163
0.202534 -0.248495 0.043272 168 164 166
0.203158 -0.248137 0.054724 206 199 204
0.206517 -0.236202 0.006368 149 144 148
0.204638 -0.236846 0.014825 150 144 148
0.203656 -0.236583 0.022959 159 154 158
0.204590 -0.233118 0.045076 212 201 204
0.204634 -0.222555 0.026641 190 184 188
0.203714 -0.223447 0.035094 176 172 176
0.204939 -0.224128 0.045202 196 185 188
0.201452 -0.223685 0.136254 168 164 167
0.202735 -0.223507 0.144990 170 166 169
0.205025 -0.224092 0.153619 174 170 172
0.207311 -0.212957 0.018249 146 140 140
0.205775 -0.216476 0.023638 148 142 144
0.204653 -0.218124 0.032466 155 150 154
0.206318 -0.215527 0.044280 191 183 186
0.204096 -0.210730 0.054991 200 192 194
0.203698 -0.213957 0.066462 189 180 185
0.205943 -0.214143 0.076479 194 184 187
0.204323 -0.213214 0.085753 188 180 182
0.205909 -0.213709 0.093154 198 188 190
0.204516 -0.213806 0.134268 182 173 175
0.207311 -0.214571 0.143592 188 179 180
0.202514 -0.213354 0.165523 207 201 204
0.204144 -0.211557 0.172096 204 198 200
0.206334 -0.205736 0.036697 218 208 206
0.205396 -0.208365 0.044701 209 201 202
0.206438 -0.206123 0.054613 214 204 208
0.203274 -0.205512 0.064325 185 180 184
0.207982 -0.206068 0.074276 194 186 187
0.207370 -0.205693 0.083630 177 168 169
0.207282 -0.206456 0.091349 160 153 156
0.204807 -0.209660 0.125814 184 177 178
0.204942 -0.203578 0.145658 175 169 169
0.205859 -0.204507 0.155754 177 173 175
0.206053 -0.204028 0.164826 206 200 205
0.202814 -0.206213 0.172673 205 199 202
0.204591 -0.205578 0.184573 204 197 200
0.207040 -0.196142 0.045500 241 226 226
0.208086 -0.197314 0.085706 192 180 178
0.209448 -0.197142 0.155638 199 195 197
0.205364 -0.195528 0.166846 215 209 213
0.206876 -0.194271 0.171566 201 196 198
0.207499 -0.186301 0.044555 208 200 200
0.202770 -0.184883 0.077527 169 160 161
0.204421 -0.184330 0.084507 166 158 160
0.206745 -0.184470 0.126326 192 184 183
0.206047 -0.188361 0.142958 187 183 184
0.204826 -0.185288 0.166581 217 209 212
0.206783 -0.171642 0.036100 172 166 164
0.202978 -0.173314 0.077229 137 140 142
0.203755 -0.176294 0.083449 160 162 164
0.204799 -0.175166 0.166072 240 230 231
0.202967 -0.164190 0.014823 169 160 158
0.206274 -0.167375 0.034281 160 152 148
0.201864 -0.151811 0.185816 167 164 166
0.202905 -0.142635 0.176470 186 178 180
0.204773 -0.133600 0.016041 150 140 136
0.203865 -0.133705 0.025011 171 162 160
0.202901 -0.136397 0.175205 208 200 204
0.204342 -0.123968 0.016242 176 168 166
0.204993 -0.127908 0.022892 160 152 151
0.207267 -0.122510 0.136005 176 168 166
0.206210 -0.123291 0.143655 175 168 167
0.204032 -0.125028 0.174144 202 194 199
0.202748 -0.117009 0.007313 164 155 155
0.207463 -0.112649 0.034187 98 96 92
0.207122 -0.115816 0.134841 178 173 172
0.202715 -0.115710 0.166023 177 172 176
0.206670 -0.105383 0.015212 157 151 148
0.205642 -0.106388 0.024801 158 154 150
0.208074 -0.104821 0.125521 200 196 198
0.203401 -0.105840 0.163921 183 176 178
0.202813 -0.094854 0.012395 154 146 141
0.205317 -0.094235 0.104408 218 210 214
0.205732 -0.092640 0.126816 116 154 150
0.204779 -0.095221 0.134873 154 172 172
0.204094 -0.092892 0.147002 181 180 183
0.204723 -0.095849 0.153242 186 178 182
0.204369 -0.081527 0.035591 173 166 164
0.201854 -0.080744 0.041162 190 184 184
0.206766 -0.083933 0.092887 231 221 226
0.204007 -0.084507 0.126918 191 188 191
0.204313 -0.085384 0.132955 200 193 197
0.203216 -0.087767 0.145599 201 194 196
0.202450 -0.076318 0.016825 134 120 112
0.204372 -0.074867 0.026303 151 140 136
0.205868 -0.075326 0.033826 174 166 164
0.207224 -0.074985 0.058425 188 182 178
0.206948 -0.074310 0.063344 184 178 176
0.206328 -0.072552 0.076150 193 183 183
0.205283 -0.073951 0.083967 216 206 207
0.202902 -0.073349 0.116793 220 208 212
0.204538 -0.073878 0.126880 188 181 184
0.206185 -0.077098 0.132403 186 180 184
0.203482 -0.064648 0.026354 176 164 160
0.204770 -0.063873 0.033776 180 170 166
0.204506 -0.063281 0.068305 204 196 197
0.206383 -0.066161 0.073773 218 210 212
0.206370 -0.069372 0.083349 195 184 182
0.203272 -0.063833 0.096772 212 201 201
0.204675 -0.066046 0.105683 216 204 206
0.204525 -0.069068 0.123263 187 182 184
0.202916 -0.057148 0.026135 166 152 138
0.204930 -0.057447 0.034146 162 154 150
0.204785 -0.051716 0.044289 179 169 166
0.202777 -0.044577 0.027093 152 142 138
0.204124 -0.045114 0.035222 168 158 154
0.204431 -0.046377 0.044459 203 190 188
0.205351 -0.044814 0.054743 208 200 200
0.203064 -0.035369 0.037195 195 183 180
0.203593 -0.035884 0.044419 210 195 194
0.203985 -0.034999 0.053222 220 206 205
0.205345 -0.022097 0.027180 190 176 174
0.203232 -0.026876 0.034957 202 188 185
0.205661 -0.019100 0.025025 182 168 166
0.202905 -0.017478 0.044515 208 194 191
0.204746 -0.004222 0.087243 172 156 152
0.207050 -0.004020 0.092785 194 178 174
0.204712 0.006212 0.046336 164 152 149
0.204904 0.006412 0.075822 226 214 210
0.204181 0.004939 0.084489 184 171 167
0.205928 0.015167 0.036327 156 146 142
0.206624 0.016468 0.043776 188 178 174
0.204431 0.015316 0.055241 147 130 122
0.206081 0.013423 0.064626 195 182 177
0.205801 0.027032 0.058331 169 131 126
0.204503 0.024540 0.064704 202 180 174
0.206891 0.024075 0.071731 220 206 200
0.206748 0.037129 0.056237 177 156 152
0.203889 0.043534 0.054949 175 137 132
0.205888 0.055701 0.064901 213 200 196
0.207628 0.067214 0.055427 217 209 204
0.204067 0.076063 0.005004 135 114 109
0.206502 0.074830 0.014067 186 172 167
0.204673 0.074223 0.047151 202 194 191
0.205891 0.071591 0.054703 204 195 191
0.202955 0.085488 -0.003291 70 90 82
0.204048 0.083050 0.003339 122 124 118
0.208135 0.082112 0.012054 132 144 137
0.202960 0.093175 -0.004598 64 95 87
0.204837 0.114744 -0.002804 17 101 89
0.206707 0.123306 -0.004491 26 106 94
0.214720 -0.674994 -0.063112 85 104 102
0.213078 -0.671337 -0.057550 18 82 75
0.214386 -0.665193 -0.063434 74 122 118
0.215282 -0.665905 -0.055737 8 92 83
0.215127 -0.663939 -0.045220 4 86 74
0.213239 -0.655016 -0.058022 77 120 118
0.214642 -0.654886 -0.044650 1 81 72
0.212448 -0.653734 -0.034926 1 80 69
0.215180 -0.646642 -0.042528 0 79 70
0.212861 -0.647104 -0.035051 2 75 67
0.215246 -0.644037 -0.025221 2 79 73
0.213895 -0.634377 -0.051911 110 118 116
0.214491 -0.632324 -0.045134 82 124 115
0.218003 -0.635704 -0.006347 10 67 61
0.215676 -0.628320 -0.041501 89 130 121
0.214817 -0.625546 -0.038362 92 132 124
0.215032 -0.614734 -0.055735 74 116 112
0.215647 -0.614697 -0.036761 113 150 144
0.215502 -0.617119 -0.013219 100 101 97
0.216892 -0.615874 0.034595 162 172 170
0.215170 -0.611530 0.043535 176 177 175
0.214818 -0.613737 0.063900 179 182 170
0.214669 -0.616636 0.088362 180 182 178
0.213974 -0.614363 0.093144 185 186 183
0.215058 -0.604725 -0.055907 65 117 111
0.215841 -0.603819 -0.032561 110 145 137
0.215263 -0.601654 -0.028220 176 193 184
0.216161 -0.606152 -0.004039 160 162 162
0.217167 -0.603806 0.004413 175 179 179
0.213542 -0.604320 0.013023 180 182 175
0.215855 -0.603128 0.023612 209 210 204
0.213589 -0.603513 0.034474 170 170 166
0.216343 -0.606331 0.044485 180 184 180
0.216856 -0.605145 0.054358 179 179 177
0.213959 -0.603286 0.064227 160 163 160
0.217165 -0.606765 0.095965 212 213 208
0.214308 -0.595235 -0.055385 67 119 114
0.215399 -0.596316 -0.025473 140 162 154
0.214199 -0.592556 -0.017492 204 202 196
0.214761 -0.592990 0.008421 83 90 88
0.214320 -0.594632 0.014471 169 172 171
0.216308 -0.593077 0.024061 197 198 196
0.216795 -0.596352 0.034872 208 208 203
0.214821 -0.592209 0.044712 213 212 209
0.216603 -0.595721 0.056987 189 189 185
0.214778 -0.595966 0.066255 162 163 162
0.214993 -0.592275 0.075016 180 181 180
0.213170 -0.594686 0.083502 215 212 204
0.215523 -0.588823 -0.053566 59 113 107
0.215109 -0.583437 -0.048322 3 78 72
0.213673 -0.585286 0.007504 117 124 118
0.214912 -0.584593 0.014090 108 116 111
0.214809 -0.585208 0.023660 153 154 149
0.218695 -0.585939 0.036753 204 204 200
0.215789 -0.586531 0.066158 218 216 213
0.215125 -0.586399 0.075757 218 218 216
0.212233 -0.586997 0.081580 217 216 215
0.215474 -0.575056 -0.045107 12 81 74
0.210884 -0.572134 -0.037863 162 176 174
0.214818 -0.576904 0.017338 166 164 156
0.215582 -0.574283 0.023285 186 178 166
0.215218 -0.565179 -0.042685 8 70 63
0.213098 -0.563646 -0.037168 145 149 141
0.214635 -0.553883 -0.033544 178 172 160
0.214644 -0.550742 -0.029719 216 204 191
0.215081 -0.544778 -0.033563 205 170 124
0.214968 -0.534843 -0.034251 201 180 160
0.217750 -0.525339 -0.040861 128 99 70
0.214668 -0.525349 -0.036219 176 152 124
0.214674 -0.517081 -0.034255 160 136 114
0.213612 -0.512378 -0.026819 166 147 128
0.212309 -0.507792 -0.023003 164 149 136
0.215966 -0.504067 -0.015122 172 150 126
0.214053 -0.495413 -0.013502 137 126 116
0.213863 -0.494805 -0.003612 176 167 163
0.215430 -0.492378 0.002758 195 185 182
0.215481 -0.492523 0.038156 152 145 136
0.213981 -0.492631 0.044321 166 158 152
0.214222 -0.485229 -0.014171 164 159 160
0.214758 -0.485442 -0.004254 156 149 148
0.216050 -0.486313 0.005377 198 190 187
0.213715 -0.481081 0.011314 224 216 215
0.216131 -0.487513 0.038392 144 136 128
0.215073 -0.485577 0.043970 142 134 126
0.215073 -0.476437 -0.031222 119 117 118
0.215960 -0.476027 -0.026558 137 135 138
0.215855 -0.472905 -0.016995 192 188 192
0.216934 -0.475535 0.005768 204 196 196
0.215038 -0.474563 0.014340 208 200 200
0.211064 -0.470969 0.022281 226 220 220
0.218068 -0.465221 0.005495 122 130 129
0.216619 -0.463701 0.014791 193 192 189
0.212544 -0.466169 0.022794 232 222 222
0.215369 -0.463614 0.047103 137 127 116
0.214424 -0.462916 0.054565 165 156 149
0.215964 -0.454359 0.005579 87 108 104
0.214876 -0.455024 0.014872 167 166 162
0.214702 -0.454309 0.024191 189 188 182
0.216328 -0.454183 0.047022 160 146 125
0.214715 -0.455024 0.054246 180 164 146
0.212549 -0.454291 0.063078 205 197 192
0.213919 -0.443457 -0.015189 204 196 196
0.213070 -0.444224 -0.007140 221 212 212
0.216292 -0.443792 0.004970 145 158 154
0.214966 -0.445590 0.015287 160 167 165
0.214251 -0.444317 0.024149 176 178 177
0.213927 -0.444938 0.032122 203 197 193
0.214503 -0.446542 0.054151 174 144 114
0.213615 -0.446176 0.063612 186 174 164
0.216553 -0.435587 -0.003078 175 163 156
0.215755 -0.434700 0.004186 144 151 148
0.215458 -0.434359 0.014902 180 170 170
0.213737 -0.434651 0.025510 178 173 165
0.214480 -0.435334 0.035392 208 199 190
0.215731 -0.435723 0.045074 230 220 216
0.213560 -0.431161 0.064471 197 186 179
0.216266 -0.424641 0.005222 159 168 163
0.214288 -0.423183 0.015502 146 161 156
0.212094 -0.424210 0.025388 191 185 182
0.213741 -0.424570 0.035054 200 193 186
0.214567 -0.424446 0.042109 206 198 194
0.215970 -0.422568 0.058152 192 157 123
0.214662 -0.424243 0.064482 194 170 149
0.215202 -0.416045 0.004818 107 123 120
0.217123 -0.415723 0.014469 125 139 134
0.213393 -0.414820 0.025616 162 165 163
0.211719 -0.414073 0.034548 179 176 174
0.214905 -0.414160 0.044754 165 159 155
0.216821 -0.414287 0.056208 171 158 147
0.214486 -0.413362 0.065110 168 158 152
0.213533 -0.414083 0.073643 206 197 194
0.216808 -0.404557 -0.023735 116 116 116
0.217876 -0.403052 -0.014152 169 165 165
0.215675 -0.403531 -0.004040 181 175 174
0.215948 -0.405202 0.004280 162 174 172
0.215943 -0.405197 0.015659 182 181 179
0.214282 -0.403977 0.024731 188 184 184
0.215161 -0.403663 0.034986 190 184 183
0.212252 -0.403020 0.044542 205 198 198
0.215203 -0.406042 0.054899 154 148 146
0.214996 -0.407335 0.064825 168 160 154
0.213678 -0.406286 0.074062 196 187 182
0.218178 -0.398459 -0.011198 138 132 134
0.216649 -0.397696 -0.004302 146 144 144
0.215304 -0.397119 0.004343 130 142 141
0.214731 -0.394404 0.014320 142 152 150
0.214870 -0.394191 0.025689 134 149 146
0.215050 -0.395273 0.035655 169 175 172
0.215146 -0.395217 0.042199 184 188 185
0.215017 -0.397987 0.056794 202 196 196
0.214427 -0.393627 0.066900 151 144 140
0.218999 -0.383630 -0.001970 169 168 168
0.216874 -0.383496 0.004412 105 124 123
0.215130 -0.385605 0.015704 173 174 166
0.215346 -0.385917 0.024767 172 169 156
0.214073 -0.385233 0.035486 191 179 161
0.213003 -0.383782 0.044896 203 184 164
0.213506 -0.384038 0.054651 166 147 132
0.217205 -0.386794 0.065159 178 164 152
0.215216 -0.384504 0.074371 196 189 186
0.216022 -0.373043 0.004030 100 124 124
0.215969 -0.376452 0.016160 132 144 143
0.216197 -0.375815 0.025070 120 135 132
0.214897 -0.375232 0.035785 155 154 150
0.215286 -0.375619 0.046367 162 156 151
0.214371 -0.374376 0.054418 184 172 162
0.217061 -0.375778 0.065073 168 147 124
0.216218 -0.374539 0.075530 198 188 184
0.214390 -0.374444 0.082996 206 198 196
0.217447 -0.363752 -0.003314 171 170 170
0.215615 -0.363698 0.005263 138 149 151
0.216140 -0.363714 0.014413 188 187 186
0.217186 -0.363601 0.024327 155 150 146
0.215354 -0.364404 0.034399 186 182 184
0.214898 -0.363612 0.045134 186 182 184
0.214483 -0.364862 0.055726 191 186 186
0.212993 -0.363318 0.064457 182 178 176
0.214549 -0.365392 0.075886 195 187 184
0.213570 -0.366159 0.082683 201 193 190
0.214792 -0.357771 0.005819 81 98 100
0.216103 -0.356532 0.015747 150 152 150
0.214337 -0.355749 0.022757 179 167 158
0.216431 -0.354105 0.034821 192 176 159
0.215512 -0.354063 0.045352 201 183 165
0.214441 -0.353258 0.055202 211 188 169
0.215065 -0.355088 0.064621 190 177 168
0.214974 -0.354362 0.073665 191 184 182
0.214978 -0.345685 0.017112 120 127 126
0.215581 -0.346986 0.024491 94 108 106
0.214701 -0.346946 0.035668 161 160 156
0.215564 -0.345284 0.046270 164 158 153
0.214689 -0.345174 0.053920 176 165 156
0.215741 -0.343830 0.065041 184 171 162
0.216961 -0.344239 0.075924 196 188 184
0.215314 -0.342891 0.081768 203 194 191
0.217595 -0.333270 0.034636 208 204 205
0.216777 -0.335307 0.046514 197 193 193
0.214238 -0.335017 0.053895 203 199 199
0.214857 -0.336450 0.063975 210 206 205
0.216543 -0.335457 0.076203 189 180 176
0.217057 -0.323907 0.006354 202 198 200
0.214875 -0.322246 0.016127 242 236 238
0.216427 -0.324381 0.025574 206 200 202
0.215773 -0.324985 0.034254 191 186 186
0.215848 -0.324728 0.044939 188 182 184
0.214936 -0.324133 0.054115 227 221 220
0.213173 -0.323530 0.063089 208 204 202
0.213680 -0.327077 0.077035 180 176 174
0.214840 -0.316770 0.016666 202 196 200
0.215396 -0.314884 0.025162 180 177 180
0.215981 -0.314221 0.035205 174 170 174
0.216509 -0.315211 0.044969 190 183 185
0.215257 -0.314657 0.054944 206 199 199
0.215912 -0.314087 0.063035 208 203 203
0.215433 -0.304530 0.016479 182 177 180
0.214934 -0.304594 0.023383 196 190 192
0.216331 -0.305709 0.037409 172 168 170
0.216632 -0.307164 0.046080 200 195 196
0.217052 -0.305671 0.056056 210 204 204
0.213610 -0.306145 0.064034 232 225 224
0.216942 -0.293652 0.035614 224 220 221
0.214493 -0.295112 0.044918 232 226 228
0.214345 -0.296267 0.053686 215 209 212
0.215430 -0.293734 0.066208 182 176 178
0.212536 -0.292822 0.074547 194 185 186
0.214663 -0.290626 0.084924 192 182 183
0.214652 -0.285091 0.008974 233 224 228
0.214983 -0.283547 0.015870 242 234 236
0.217463 -0.285080 0.026885 198 194 196
0.216714 -0.283510 0.035945 190 187 189
0.216977 -0.284539 0.045271 195 189 192
0.213915 -0.284338 0.055230 210 204 207
0.216925 -0.287164 0.065097 170 164 168
0.215971 -0.283338 0.074389 172 165 170
0.212781 -0.284574 0.086684 195 188 188
0.212484 -0.281957 0.094006 197 190 191
0.214480 -0.272744 -0.005004 130 127 129
0.215155 -0.273484 0.005736 146 142 146
0.214925 -0.275011 0.015734 195 190 194
0.214584 -0.276515 0.024213 193 188 192
0.215922 -0.276236 0.034470 202 198 200
0.216594 -0.276178 0.045411 216 210 212
0.214329 -0.277752 0.054913 227 220 223
0.215132 -0.275363 0.108138 196 190 194
0.215520 -0.265102 -0.002591 116 116 120
0.213941 -0.265688 0.006044 146 144 148
0.214981 -0.266884 0.017717 172 167 170
0.216893 -0.266419 0.037611 170 164 166
0.213198 -0.264241 0.045506 215 209 210
0.216026 -0.266438 0.054876 216 208 211
0.214873 -0.264489 0.065380 192 183 189
0.218720 -0.262184 0.076133 164 157 162
0.219015 -0.261664 0.086141 174 165 170
0.214762 -0.262820 0.097300 172 165 170
0.215486 -0.264429 0.106441 184 178 182
0.215677 -0.264541 0.112844 180 174 178
0.217283 -0.253977 0.026957 225 218 218
0.216356 -0.255256 0.035218 227 220 220
0.213580 -0.253453 0.045559 216 207 210
0.212872 -0.254684 0.055177 211 203 206
0.214804 -0.255164 0.064791 196 190 193
0.215581 -0.254283 0.074512 179 174 179
0.215876 -0.253788 0.084657 177 172 178
0.216079 -0.254436 0.094734 176 170 176
0.216373 -0.256737 0.103423 172 164 170
0.217890 -0.243188 -0.001119 126 120 122
0.216688 -0.242139 0.006887 161 157 159
0.213674 -0.242580 0.013096 172 169 170
0.215346 -0.245516 0.024704 193 188 191
0.216467 -0.245415 0.036601 184 179 182
0.215287 -0.247855 0.045891 216 207 210
0.216575 -0.243026 0.055143 190 176 176
0.216510 -0.244125 0.074232 176 165 166
0.215475 -0.244564 0.085478 172 163 167
0.215257 -0.246407 0.095151 175 168 172
0.219160 -0.234644 -0.011358 146 140 144
0.215181 -0.235242 -0.003982 147 142 144
0.215292 -0.237036 0.005204 146 140 144
0.213201 -0.235741 0.012106 164 158 160
0.215904 -0.234780 0.037376 202 194 196
0.213686 -0.234780 0.044042 206 196 198
0.214105 -0.236174 0.053148 208 198 200
0.216741 -0.234505 0.093044 210 152 148
0.212824 -0.234106 0.157195 172 170 172
0.213851 -0.231966 0.163445 178 175 178
0.215485 -0.224609 0.014953 174 162 164
0.215569 -0.223064 0.024709 198 188 189
0.216170 -0.225424 0.037212 199 188 187
0.214132 -0.223625 0.043516 211 197 197
0.217200 -0.224727 0.093644 202 168 169
0.214503 -0.226355 0.156044 174 174 178
0.216879 -0.212791 0.005694 170 161 163
0.215331 -0.214264 0.014718 163 155 157
0.214619 -0.215641 0.024596 162 155 158
0.214314 -0.215602 0.035196 181 175 177
0.211938 -0.215497 0.043976 190 181 184
0.215730 -0.215446 0.086634 179 170 174
0.215817 -0.215119 0.093728 179 170 174
0.218087 -0.213271 0.106334 192 186 182
0.216605 -0.213264 0.115246 186 180 178
0.216271 -0.212719 0.123534 188 182 180
0.214465 -0.214617 0.144126 160 154 156
0.215125 -0.204231 -0.003023 186 180 184
0.217427 -0.207815 0.005806 162 154 154
0.215134 -0.207218 0.024495 208 201 202
0.214875 -0.205090 0.035725 208 200 201
0.213081 -0.205243 0.044959 209 199 202
0.213643 -0.203236 0.054689 218 207 208
0.213801 -0.205218 0.065036 219 206 205
0.213200 -0.203262 0.076012 165 155 156
0.212490 -0.207297 0.086033 182 174 174
0.211873 -0.205998 0.094204 165 158 159
0.215338 -0.203911 0.106850 182 176 175
0.215426 -0.205697 0.115404 168 165 163
0.213328 -0.205085 0.125282 199 192 191
0.213277 -0.203237 0.133871 180 174 174
0.213559 -0.204236 0.146425 200 197 198
0.213357 -0.204601 0.155552 178 175 178
0.216380 -0.205193 0.165826 184 180 184
0.216579 -0.204261 0.175668 194 189 194
0.215533 -0.203484 0.183071 203 196 200
0.219217 -0.193770 0.017755 202 190 187
0.216258 -0.193788 0.025343 164 154 152
0.216090 -0.194201 0.037065 209 197 195
0.214437 -0.193146 0.044155 194 183 181
0.215425 -0.196229 0.056449 172 163 165
0.216039 -0.194341 0.064307 181 170 169
0.216187 -0.193372 0.073824 190 178 178
0.214817 -0.195445 0.083587 205 192 190
0.216036 -0.192135 0.094872 192 185 184
0.214158 -0.193892 0.105707 176 168 168
0.214121 -0.195539 0.115976 179 173 174
0.215172 -0.194938 0.125856 202 196 198
0.214700 -0.194924 0.135252 183 178 180
0.213043 -0.194539 0.146353 192 187 187
0.212518 -0.194026 0.155697 192 187 188
0.213002 -0.193495 0.164496 218 214 215
0.213855 -0.194917 0.173217 220 216 219
0.218867 -0.187308 0.016144 138 128 126
0.219298 -0.187106 0.023671 214 204 202
0.216329 -0.185693 0.034622 194 185 185
0.216250 -0.186709 0.045057 200 189 188
0.215722 -0.185517 0.055314 189 179 180
0.214825 -0.186316 0.064978 187 179 178
0.215160 -0.185940 0.073614 185 178 180
0.216229 -0.186333 0.086107 191 184 184
0.216951 -0.184968 0.095927 161 154 154
0.216737 -0.185628 0.103538 148 142 142
0.214290 -0.184280 0.114513 178 172 173
0.215026 -0.184765 0.125923 210 203 206
0.214128 -0.184642 0.134088 196 191 192
0.214242 -0.184863 0.144881 195 191 192
0.214129 -0.185137 0.155148 219 215 216
0.213253 -0.183833 0.164407 240 234 235
0.213872 -0.186627 0.172992 246 240 240
0.217765 -0.172002 0.016614 204 194 192
0.211127 -0.172163 0.031645 199 192 191
0.215169 -0.176657 0.066077 156 150 152
0.214311 -0.173975 0.087612 173 169 170
0.216190 -0.175207 0.095278 179 173 174
0.215749 -0.174620 0.105017 178 172 175
0.213196 -0.174317 0.114033 176 172 172
0.215007 -0.175335 0.126021 197 189 192
0.214604 -0.173692 0.134376 191 185 187
0.215009 -0.176116 0.145386 209 205 207
0.214222 -0.174734 0.155415 216 211 213
0.212952 -0.175752 0.164475 238 232 232
0.217301 -0.163001 0.006473 155 144 142
0.216421 -0.166131 0.016040 134 127 126
0.215111 -0.166171 0.025091 160 151 151
0.214119 -0.165161 0.034073 189 181 181
0.214875 -0.165014 0.045009 198 192 194
0.216891 -0.163465 0.053425 183 176 179
0.216131 -0.164485 0.077723 163 157 157
0.214294 -0.164420 0.086697 157 149 151
0.214913 -0.165893 0.094561 172 166 167
0.214651 -0.165834 0.105544 171 166 168
0.215078 -0.163387 0.114363 157 152 153
0.215436 -0.164354 0.124526 212 207 208
0.215527 -0.163995 0.134643 213 207 209
0.215488 -0.164096 0.144446 207 202 205
0.214049 -0.165253 0.153998 237 232 233
0.214871 -0.166629 0.163641 236 231 232
0.217488 -0.155166 0.026482 216 204 201
0.215379 -0.157010 0.033561 216 203 200
0.214913 -0.153983 0.054666 199 190 190
0.215212 -0.154337 0.065504 208 198 198
0.217019 -0.153544 0.074344 196 188 188
0.217880 -0.153804 0.085384 158 152 152
0.216206 -0.155320 0.094316 147 140 140
0.216757 -0.155064 0.102956 155 148 149
0.216370 -0.154103 0.117077 183 177 178
0.215643 -0.153736 0.123732 210 206 209
0.215403 -0.153905 0.135146 215 211 213
0.214589 -0.155744 0.145971 232 227 228
0.212946 -0.155741 0.154274 234 228 230
0.214693 -0.146540 0.034715 200 188 182
0.217937 -0.147415 0.047782 214 203 202
0.215547 -0.146046 0.055591 193 183 182
0.215238 -0.144542 0.065020 185 174 174
0.215389 -0.145021 0.074713 169 160 159
0.215226 -0.146980 0.084178 167 160 158
0.216601 -0.143665 0.096653 182 175 175
0.218381 -0.146282 0.105036 169 162 163
0.217272 -0.145527 0.116322 198 192 195
0.215239 -0.144795 0.125359 210 205 208
0.215745 -0.144977 0.135053 178 173 174
0.214211 -0.147419 0.144486 221 217 218
0.216103 -0.134806 0.015542 168 160 156
0.218644 -0.133138 0.024619 198 185 182
0.216184 -0.134264 0.034646 206 196 194
0.218406 -0.131584 0.043343 172 161 162
0.218086 -0.135597 0.057420 172 161 160
0.216914 -0.134975 0.065762 176 164 164
0.216034 -0.134538 0.075561 168 160 160
0.214849 -0.136101 0.084474 170 162 162
0.214234 -0.135944 0.095354 170 166 167
0.215728 -0.136835 0.104655 186 180 182
0.214921 -0.135443 0.115787 182 176 177
0.216518 -0.133793 0.125276 188 184 186
0.215388 -0.135325 0.133560 216 214 215
0.212832 -0.132942 0.142857 222 216 220
0.215308 -0.124898 0.015476 178 171 168
0.215120 -0.127014 0.024215 175 165 164
0.216629 -0.126067 0.045655 155 144 144
0.215911 -0.124594 0.056656 158 150 149
0.215098 -0.125514 0.064850 182 174 173
0.218156 -0.124893 0.073919 164 159 159
0.216591 -0.123878 0.086006 159 153 154
0.214233 -0.125093 0.094437 166 160 160
0.216998 -0.123996 0.106822 182 177 178
0.214885 -0.125428 0.115030 178 174 175
0.214225 -0.126205 0.125191 194 191 193
0.213208 -0.125371 0.135875 182 176 176
0.215844 -0.124880 0.144459 178 171 170
0.216461 -0.115944 0.006086 169 164 164
0.217061 -0.115862 0.045169 181 173 171
0.218872 -0.114211 0.055862 141 132 134
0.218267 -0.116870 0.063955 140 143 142
0.217154 -0.116245 0.073782 152 151 151
0.215523 -0.115487 0.085186 174 168 170
0.215345 -0.114585 0.092874 175 171 173
0.216622 -0.115250 0.104576 212 204 208
0.214009 -0.115904 0.113446 209 202 205
0.213963 -0.113130 0.126399 195 191 192
0.215672 -0.115664 0.135671 196 192 193
0.215827 -0.102526 0.016795 134 129 126
0.215137 -0.104456 0.024582 124 128 124
0.213249 -0.106806 0.032625 156 156 152
0.218385 -0.105278 0.076793 156 151 152
0.216245 -0.106474 0.084952 161 157 158
0.214364 -0.106784 0.094339 174 169 171
0.215400 -0.104511 0.106065 194 189 191
0.215309 -0.104808 0.115023 200 196 198
0.213931 -0.105430 0.124965 197 192 195
0.216843 -0.102233 0.145326 152 168 169
0.217181 -0.095690 0.016471 179 174 172
0.215849 -0.095706 0.024428 178 173 171
0.216994 -0.093607 0.065144 156 154 153
0.215640 -0.096047 0.074625 155 152 152
0.214734 -0.094621 0.084088 168 166 166
0.216697 -0.095069 0.097843 191 184 187
0.215868 -0.097354 0.104069 207 201 203
0.215970 -0.095383 0.115200 205 198 199
0.213475 -0.095472 0.123283 214 206 208
0.214198 -0.094928 0.135320 146 170 170
0.214094 -0.095552 0.143916 189 190 194
0.217865 -0.087727 0.053665 156 154 154
0.217474 -0.083586 0.066218 164 161 162
0.215223 -0.084854 0.075755 153 150 151
0.215279 -0.082657 0.086420 203 197 199
0.215269 -0.084262 0.093524 206 199 201
0.214688 -0.086829 0.103374 227 218 220
0.214667 -0.086628 0.124598 232 222 223
0.214413 -0.084067 0.136225 194 188 190
0.214362 -0.086221 0.143562 192 184 188
0.212434 -0.076854 0.026650 130 126 124
0.213477 -0.076648 0.034826 148 141 140
0.215902 -0.074275 0.045240 160 156 153
0.214534 -0.073266 0.055724 175 168 166
0.214735 -0.075193 0.064970 176 169 169
0.214269 -0.074223 0.075309 191 182 181
0.216005 -0.075377 0.084026 215 208 211
0.213418 -0.076449 0.093023 210 205 208
0.216366 -0.072427 0.127982 204 195 198
0.213781 -0.076205 0.132545 194 186 190
0.214471 -0.066519 0.038180 154 154 150
0.215395 -0.064285 0.044944 164 154 151
0.216866 -0.063760 0.055289 193 182 181
0.216987 -0.064681 0.066139 183 174 174
0.215932 -0.066681 0.075054 190 181 182
0.214671 -0.068129 0.083322 183 174 173
0.215698 -0.064589 0.096802 218 204 202
0.215499 -0.064892 0.104583 222 207 206
0.215345 -0.066270 0.123886 180 170 174
0.216464 -0.055480 0.038321 139 128 125
0.215712 -0.055917 0.044166 160 149 145
0.216235 -0.058133 0.054620 199 186 184
0.214319 -0.044005 0.035081 162 150 148
0.215726 -0.044800 0.045965 212 200 199
0.214448 -0.046976 0.052366 213 200 199
0.216316 -0.039494 0.036298 168 156 152
0.213107 -0.036231 0.047457 190 177 176
0.215088 -0.033843 0.054958 214 200 198
0.212218 -0.024035 0.026515 188 176 174
0.216745 -0.025001 0.045999 202 187 184
0.216467 -0.026778 0.055217 226 208 206
0.215116 -0.003228 0.086990 174 158 154
0.214747 -0.003043 0.093587 190 174 170
0.214871 0.006973 0.046098 152 138 134
0.214988 0.001520 0.086382 176 160 156
0.215345 0.015631 0.036132 188 175 171
0.216549 0.017612 0.042522 206 195 191
0.213211 0.018118 0.057291 146 130 126
0.215493 0.014770 0.065967 216 202 198
0.216884 0.025330 0.036088 136 158 152
0.216672 0.023425 0.041567 121 142 138
0.215543 0.022620 0.065223 186 170 167
0.216030 0.033765 0.033654 104 138 134
0.216311 0.036456 0.053226 153 149 134
0.212663 0.057550 0.064485 206 194 188
0.213888 0.066966 0.056896 208 200 194
0.214792 0.076236 0.045522 187 180 175
0.214276 0.073778 0.054129 202 197 192
0.214693 0.084369 0.013426 124 137 132
0.215106 0.086176 0.035915 195 196 193
0.214112 0.083699 0.045535 193 191 188
0.214934 0.095233 0.016831 200 206 206
0.216468 0.092553 0.022796 220 221 219
0.215954 0.116124 -0.002983 60 132 125
0.214213 0.123231 -0.003340 78 136 129
0.224938 -0.665786 -0.055045 13 88 80
0.224500 -0.664114 -0.044614 2 88 78
0.224224 -0.655516 -0.043493 1 83 74
0.224093 -0.647290 -0.041717 0 82 72
0.223082 -0.645529 -0.025536 1 84 78
0.226274 -0.644338 0.069138 157 160 159
0.228670 -0.635131 -0.003216 4 62 54
0.223931 -0.627558 -0.043459 12 70 60
0.224921 -0.623966 -0.037566 52 101 92
0.225541 -0.622748 -0.025127 101 102 98
0.227622 -0.628754 0.007207 100 144 138
0.225609 -0.625181 0.014943 94 135 129
0.226625 -0.621207 0.023047 180 184 181
0.224700 -0.613802 -0.054849 112 143 137
0.226535 -0.616044 -0.035290 89 124 114
0.225873 -0.616121 -0.024435 151 158 155
0.225432 -0.614916 -0.014605 129 135 132
0.227428 -0.617383 0.027965 186 188 186
0.225701 -0.613244 0.034582 182 184 182
0.223800 -0.613882 0.043131 162 164 159
0.225056 -0.604383 -0.055112 0 80 70
0.227663 -0.607428 -0.035453 142 171 161
0.226283 -0.604924 -0.026820 204 204 197
0.225385 -0.605632 -0.002911 167 174 171
0.225814 -0.603447 0.004636 135 143 140
0.225048 -0.602338 0.014080 123 128 126
0.227883 -0.607628 0.037091 182 182 180
0.224451 -0.605079 0.044332 173 174 172
0.222699 -0.601470 0.053528 187 185 183
0.224509 -0.605278 0.066915 194 190 178
0.223712 -0.604032 0.073993 200 200 186
0.225109 -0.603408 0.084703 210 213 204
0.223544 -0.603799 0.093419 218 218 212
0.225118 -0.594853 -0.053700 0 83 72
0.224666 -0.596123 0.006334 170 176 174
0.223403 -0.595237 0.014429 178 183 183
0.224604 -0.593826 0.025218 166 170 165
0.224512 -0.593396 0.033910 168 171 167
0.224417 -0.595713 0.047870 190 197 193
0.225068 -0.596313 0.055112 193 197 193
0.225007 -0.593881 0.065008 196 196 193
0.226010 -0.595400 0.075183 201 199 191
0.225225 -0.588877 -0.050817 2 84 72
0.224956 -0.583796 -0.048562 2 83 73
0.222294 -0.584905 0.015204 110 116 109
0.223793 -0.585756 0.025442 196 195 190
0.226326 -0.585544 0.036179 197 197 193
0.226753 -0.585391 0.042947 208 212 207
0.224913 -0.584844 0.055355 219 222 215
0.224924 -0.584761 0.065519 214 216 211
0.224932 -0.574927 -0.045626 4 85 74
0.222921 -0.577509 0.016905 134 138 130
0.224861 -0.575382 0.024027 170 167 156
0.224999 -0.564870 -0.043012 4 80 71
0.226507 -0.557799 -0.041598 6 50 42
0.224416 -0.553297 -0.035784 128 132 120
0.224633 -0.544064 -0.031874 206 174 128
0.225129 -0.545672 -0.028954 216 197 171
0.224978 -0.534752 -0.032728 214 188 162
0.224783 -0.526382 -0.035933 170 134 90
0.222654 -0.517827 -0.033309 154 116 67
0.226020 -0.515240 -0.024012 164 119 60
0.227009 -0.512077 -0.016034 191 150 94
0.224882 -0.506855 -0.012073 172 136 92
0.225363 -0.503378 -0.007907 178 150 119
0.222482 -0.497443 -0.003124 168 154 146
0.224531 -0.493644 0.006094 202 192 188
0.227035 -0.491666 0.012077 156 146 142
0.225446 -0.485814 0.007222 155 152 148
0.226356 -0.487288 0.011984 168 161 158
0.227252 -0.486307 0.025838 148 137 122
0.225495 -0.485941 0.031611 184 168 150
0.223614 -0.477521 -0.032844 118 114 116
0.223018 -0.474165 -0.025657 162 156 158
0.226133 -0.472641 -0.012429 191 179 174
0.225637 -0.473748 -0.004029 210 197 192
0.226294 -0.474570 0.003963 162 163 157
0.225147 -0.476743 0.043964 196 177 158
0.223873 -0.466747 -0.013547 180 172 172
0.226218 -0.465720 -0.004464 208 194 188
0.223080 -0.464322 0.003080 156 164 159
0.222627 -0.464878 0.013175 190 189 185
0.227509 -0.463452 0.033060 186 176 158
0.228217 -0.453096 -0.004415 88 105 96
0.224646 -0.454692 0.004678 155 165 159
0.226420 -0.451119 0.010470 236 221 218
0.224990 -0.454605 0.027821 189 176 154
0.225288 -0.455217 0.034566 174 160 137
0.224040 -0.453367 0.045019 196 172 142
0.226677 -0.443869 -0.013977 160 146 129
0.228620 -0.445196 -0.002765 166 160 152
0.226543 -0.444938 0.003654 131 133 119
0.224180 -0.445064 0.028236 140 148 136
0.222811 -0.445215 0.035114 148 146 136
0.221892 -0.446911 0.043881 179 161 140
0.224700 -0.435491 -0.022353 158 153 142
0.225382 -0.435114 -0.011906 140 136 122
0.224778 -0.435226 -0.004247 209 190 173
0.224450 -0.435724 0.002630 176 178 170
0.223733 -0.435863 0.036137 207 198 182
0.223413 -0.434496 0.044481 182 178 167
0.228102 -0.425236 -0.014536 200 182 138
0.226381 -0.425532 -0.004360 175 165 144
0.223324 -0.425741 0.002915 164 172 162
0.225922 -0.424856 0.013246 210 204 199
0.222722 -0.424701 0.045228 192 176 150
0.222714 -0.424090 0.054947 200 178 152
0.225687 -0.415209 -0.033953 142 134 112
0.226095 -0.415237 -0.026646 122 123 105
0.225915 -0.414743 -0.013834 111 112 95
0.226501 -0.416524 -0.004026 116 125 111
0.224671 -0.415935 0.003507 138 153 145
0.224863 -0.414415 0.015556 148 163 156
0.225709 -0.413696 0.024041 142 154 149
0.224061 -0.415510 0.035538 94 114 94
0.222287 -0.414366 0.044079 120 128 120
0.221453 -0.417358 0.054722 182 170 158
0.224595 -0.407126 -0.022954 136 136 129
0.224880 -0.405122 -0.013513 149 143 137
0.225377 -0.405013 -0.003715 147 145 134
0.224939 -0.404821 0.003377 135 145 132
0.223265 -0.407422 0.014768 158 162 153
0.225302 -0.405035 0.023678 140 150 144
0.226923 -0.405080 0.035924 172 174 170
0.224194 -0.401998 0.043807 164 160 156
0.223358 -0.406335 0.053634 134 130 126
0.226354 -0.394425 -0.025001 128 118 78
0.226785 -0.394058 -0.014768 128 110 82
0.224252 -0.394639 -0.005144 166 151 133
0.225544 -0.395496 0.004962 135 142 127
0.223693 -0.393722 0.013064 167 161 149
0.224150 -0.395954 0.024293 198 194 182
0.224801 -0.394764 0.045226 174 175 170
0.223778 -0.394568 0.055404 195 189 184
0.227340 -0.383521 -0.034892 149 150 134
0.225314 -0.384272 -0.025494 174 171 160
0.224171 -0.383195 -0.015565 143 155 152
0.223638 -0.382762 -0.005600 122 140 138
0.224858 -0.384205 0.004656 116 136 134
0.224876 -0.385640 0.014870 169 170 169
0.226787 -0.383228 0.023513 193 180 158
0.223674 -0.386983 0.037209 124 135 116
0.223421 -0.385737 0.045620 148 141 120
0.222819 -0.385076 0.054863 170 160 146
0.221734 -0.386074 0.064594 200 190 184
0.227220 -0.377501 -0.035200 94 124 122
0.225898 -0.375686 -0.023855 91 113 112
0.225653 -0.371987 -0.015912 106 104 94
0.224124 -0.374749 -0.003991 120 140 138
0.224408 -0.374286 0.004728 148 160 158
0.222063 -0.373407 0.015045 164 175 173
0.224617 -0.374731 0.024712 116 140 136
0.225131 -0.374107 0.034511 86 106 86
0.223642 -0.374481 0.044962 67 82 74
0.222098 -0.374409 0.054776 122 123 119
0.222738 -0.375193 0.065051 193 185 180
0.221683 -0.375400 0.071699 201 190 186
0.228382 -0.362520 -0.024972 148 148 138
0.226728 -0.365263 -0.013783 161 154 143
0.224945 -0.365888 -0.005194 164 154 140
0.223586 -0.365191 0.004490 147 155 148
0.222309 -0.365956 0.015353 147 159 157
0.222539 -0.362712 0.026070 119 132 132
0.225539 -0.362808 0.035091 149 152 144
0.225077 -0.363303 0.055411 132 120 112
0.223986 -0.362306 0.063080 172 160 156
0.228202 -0.357928 -0.023450 82 96 90
0.225847 -0.357868 -0.014233 113 121 120
0.224437 -0.356994 -0.004000 156 161 158
0.226037 -0.354342 0.005880 146 153 144
0.224244 -0.353897 0.014902 155 163 161
0.224403 -0.352974 0.023305 114 128 126
0.224375 -0.357431 0.037253 181 165 142
0.225985 -0.356060 0.045258 161 138 108
0.224907 -0.355423 0.056061 171 152 126
0.222508 -0.355306 0.064429 192 174 157
0.228119 -0.344487 -0.013986 164 144 111
0.226589 -0.346013 -0.005717 140 128 108
0.227157 -0.346395 0.005457 167 164 158
0.224238 -0.347321 0.016721 159 168 166
0.224755 -0.344749 0.024247 111 128 126
0.221647 -0.342756 0.034647 109 121 118
0.225178 -0.343951 0.044946 106 106 97
0.224688 -0.343922 0.055495 134 132 127
0.224003 -0.343541 0.065954 183 174 169
0.223012 -0.342828 0.071959 193 182 177
0.226606 -0.334512 -0.023808 96 96 92
0.227646 -0.334030 -0.017148 116 114 108
0.226669 -0.333644 -0.006183 182 179 175
0.224999 -0.334973 0.006066 209 208 205
0.223877 -0.336723 0.015873 209 206 205
0.221902 -0.335686 0.023596 206 203 201
0.225076 -0.337955 0.065784 182 174 172
0.225825 -0.327734 -0.003702 111 113 107
0.226159 -0.325762 0.005383 188 182 176
0.224224 -0.323396 0.014603 195 193 193
0.221969 -0.323554 0.023006 176 173 174
0.223564 -0.324287 0.046062 194 190 190
0.226047 -0.322666 0.053609 164 160 162
0.227335 -0.316232 -0.005056 135 132 118
0.226053 -0.316443 0.005939 185 181 181
0.224362 -0.315250 0.015998 201 197 197
0.222901 -0.314724 0.024483 203 197 198
0.223626 -0.314778 0.035682 186 185 187
0.222408 -0.315554 0.041915 178 174 176
0.222869 -0.316789 0.056882 176 172 173
0.224579 -0.314241 0.063692 164 162 162
0.227567 -0.302353 -0.005265 166 165 165
0.226097 -0.303360 0.004733 182 180 180
0.223678 -0.303761 0.015621 170 167 166
0.222130 -0.302821 0.022211 194 190 188
0.226489 -0.307513 0.035658 120 125 125
0.224128 -0.304127 0.044044 178 175 176
0.223515 -0.304255 0.053721 185 182 184
0.228469 -0.296806 -0.013162 121 125 127
0.226576 -0.296678 -0.005322 144 145 142
0.226004 -0.294801 0.005086 172 162 149
0.226394 -0.295624 0.015458 177 172 167
0.224282 -0.294103 0.024236 190 187 188
0.224495 -0.297661 0.046355 196 192 194
0.224131 -0.293830 0.065057 164 160 164
0.225742 -0.293148 0.074043 167 164 168
0.226644 -0.292568 0.086360 154 150 155
0.229004 -0.281343 -0.003027 184 186 186
0.227701 -0.284016 0.006587 202 201 201
0.225028 -0.284737 0.014174 194 191 191
0.224067 -0.284196 0.025373 174 169 170
0.223355 -0.282798 0.036012 185 179 181
0.224288 -0.283508 0.042509 194 189 190
0.225235 -0.287112 0.055791 184 180 183
0.224632 -0.285707 0.062345 166 162 165
0.223080 -0.283884 0.076396 155 152 155
0.224725 -0.284055 0.085080 178 174 180
0.226302 -0.283469 0.095876 162 160 163
0.226505 -0.275566 0.005113 192 187 189
0.224157 -0.275263 0.014563 201 199 200
0.223167 -0.277483 0.025211 194 191 192
0.223544 -0.276278 0.035068 201 195 196
0.225191 -0.276384 0.046674 210 204 203
0.223544 -0.273479 0.055010 195 188 190
0.223957 -0.276971 0.106635 162 160 165
0.226144 -0.264462 -0.014481 115 118 120
0.224977 -0.265013 -0.003294 154 152 154
0.226384 -0.264835 0.005948 185 182 182
0.225772 -0.264903 0.014291 194 189 188
0.225313 -0.263441 0.021932 184 179 179
0.223423 -0.266858 0.045108 168 162 162
0.221891 -0.268212 0.053770 209 202 204
0.221283 -0.264325 0.074724 193 188 192
0.223459 -0.262939 0.084525 184 179 182
0.224499 -0.261871 0.093852 170 163 168
0.223010 -0.264538 0.106260 173 167 172
0.225108 -0.264768 0.115840 182 176 182
0.226858 -0.255335 -0.003045 181 171 166
0.226544 -0.255158 0.005191 192 186 183
0.225717 -0.254985 0.016053 188 180 179
0.223685 -0.254113 0.023443 203 194 192
0.224278 -0.255185 0.033607 210 203 204
0.225591 -0.253328 0.062382 206 194 194
0.220995 -0.259364 0.094706 174 166 170
0.224595 -0.258674 0.114265 179 172 178
0.225812 -0.244263 -0.005181 164 152 148
0.224308 -0.245021 0.005031 202 192 191
0.223779 -0.244387 0.014259 190 181 177
0.222704 -0.246060 0.024856 179 169 168
0.221951 -0.244413 0.034584 203 194 193
0.222299 -0.242754 0.044165 202 192 193
0.226431 -0.242126 0.055615 188 178 176
0.224227 -0.247486 0.065460 178 169 168
0.224375 -0.243728 0.073975 165 152 152
0.222994 -0.234567 -0.013008 146 141 144
0.226074 -0.236090 -0.003469 138 133 133
0.225649 -0.235734 0.003889 168 159 155
0.224575 -0.236158 0.013875 194 182 177
0.224315 -0.235680 0.025464 198 185 178
0.222923 -0.234640 0.034588 205 193 190
0.223898 -0.236849 0.045225 211 198 196
0.224549 -0.237735 0.052819 190 180 178
0.223917 -0.233621 0.093934 200 136 130
0.227283 -0.227004 -0.003424 188 178 176
0.224590 -0.223769 0.005996 181 169 166
0.225226 -0.224651 0.013481 174 156 150
0.226091 -0.224042 0.024538 207 184 171
0.227250 -0.226125 0.035816 197 148 132
0.225473 -0.225648 0.044651 202 147 138
0.224899 -0.224852 0.051085 212 145 134
0.224854 -0.224597 0.095706 179 166 168
0.225746 -0.224207 0.101001 193 184 188
0.226779 -0.216606 -0.002964 186 171 166
0.224801 -0.213508 0.003653 180 167 164
0.225272 -0.213123 0.015439 182 170 170
0.224898 -0.213470 0.023864 194 183 180
0.226176 -0.213686 0.034024 187 154 149
0.224606 -0.217133 0.045837 197 152 146
0.224153 -0.216992 0.086270 190 180 182
0.225674 -0.215537 0.095327 188 178 178
0.224014 -0.214156 0.105478 187 180 178
0.225256 -0.211433 0.112773 189 182 180
0.225177 -0.206613 -0.002564 192 181 180
0.225797 -0.206166 0.005708 184 168 157
0.225300 -0.205868 0.015355 181 171 168
0.223176 -0.204984 0.025386 189 179 178
0.222646 -0.206627 0.034382 193 183 182
0.224939 -0.202031 0.046378 218 209 212
0.225390 -0.202251 0.052712 210 198 200
0.223988 -0.207047 0.067283 222 208 208
0.224649 -0.207065 0.072936 215 198 193
0.223370 -0.206090 0.106024 181 176 174
0.223643 -0.204832 0.115709 210 204 206
0.224266 -0.201551 0.121369 210 204 206
0.225895 -0.193632 -0.004451 181 170 165
0.224466 -0.194501 0.003624 183 172 167
0.222478 -0.195315 0.012526 186 174 169
0.222202 -0.197864 0.023037 207 195 192
0.223475 -0.198256 0.046519 216 204 206
0.224099 -0.196321 0.054903 204 194 193
0.224914 -0.192637 0.063881 179 169 167
0.225856 -0.193698 0.076782 184 172 169
0.226224 -0.192872 0.086170 182 173 172
0.223953 -0.195253 0.095150 174 166 163
0.223087 -0.195158 0.102554 187 178 176
0.225889 -0.195189 0.116071 174 170 172
0.223965 -0.194825 0.123243 212 206 208
0.227463 -0.184627 -0.012239 160 142 123
0.226274 -0.184420 -0.003540 181 167 158
0.225132 -0.185740 0.004150 185 176 173
0.225043 -0.183415 0.014743 188 179 177
0.222805 -0.184100 0.025270 195 185 185
0.225913 -0.185335 0.035475 196 183 179
0.224386 -0.184737 0.044455 192 180 180
0.223747 -0.185630 0.052114 200 186 185
0.223751 -0.187626 0.066232 178 166 164
0.223444 -0.188434 0.076347 186 176 175
0.226806 -0.185227 0.084833 171 165 164
0.224183 -0.184876 0.093755 169 163 162
0.223125 -0.183228 0.103764 169 163 166
0.225817 -0.183642 0.113787 204 200 202
0.225733 -0.174615 -0.005048 195 178 165
0.227156 -0.174371 0.006548 188 176 170
0.223658 -0.175446 0.016225 199 190 189
0.223673 -0.174148 0.022926 200 190 188
0.227173 -0.172293 0.077278 174 170 172
0.225602 -0.174678 0.084966 171 166 168
0.222757 -0.176342 0.096462 178 172 172
0.223077 -0.177432 0.103288 169 164 165
0.225614 -0.164552 -0.004185 192 178 172
0.224451 -0.162918 0.006412 138 129 126
0.223488 -0.163320 0.014343 174 165 165
0.222716 -0.162903 0.023974 199 190 190
0.224127 -0.164516 0.035498 180 176 179
0.224911 -0.163871 0.044830 168 166 168
0.225836 -0.161934 0.055080 142 139 140
0.225295 -0.163425 0.065051 167 163 165
0.223690 -0.165774 0.075653 171 162 163
0.223273 -0.164516 0.084893 174 167 168
0.223530 -0.164936 0.092582 171 162 161
0.224257 -0.153580 -0.003033 182 172 166
0.225252 -0.156820 0.006513 183 171 166
0.222479 -0.155460 0.013948 194 182 178
0.221781 -0.157169 0.023453 209 194 190
0.227779 -0.151693 0.046679 194 188 188
0.225805 -0.157069 0.055008 181 174 175
0.224535 -0.155586 0.065575 192 185 184
0.224101 -0.155918 0.073591 191 184 185
0.223688 -0.156360 0.083058 181 175 176
0.221594 -0.151441 0.104950 142 135 133
0.223224 -0.153541 0.116077 228 225 228
0.223104 -0.156505 0.122066 236 231 233
0.221342 -0.153284 0.136971 160 154 156
0.226109 -0.147140 -0.004755 183 172 168
0.226400 -0.146511 0.003529 178 170 170
0.228650 -0.145680 0.026101 176 156 144
0.225407 -0.145973 0.036340 182 172 170
0.225568 -0.145105 0.046157 191 181 180
0.223554 -0.142879 0.053824 169 161 160
0.223494 -0.144320 0.065230 172 161 159
0.223621 -0.145083 0.072415 158 153 148
0.224653 -0.145165 0.085998 180 174 173
0.224454 -0.143231 0.094565 187 181 180
0.226350 -0.143771 0.107494 208 202 205
0.224830 -0.144699 0.114125 208 202 204
0.226435 -0.133301 0.005782 166 151 142
0.223681 -0.133463 0.013843 160 151 148
0.223547 -0.134233 0.024194 150 144 142
0.225073 -0.133072 0.035854 145 130 118
0.224294 -0.134102 0.044131 160 150 147
0.223931 -0.137634 0.054949 154 139 132
0.224146 -0.136011 0.064706 170 160 157
0.223570 -0.132844 0.075221 163 151 141
0.225721 -0.134985 0.085657 174 170 167
0.225273 -0.137549 0.092663 178 176 176
0.226501 -0.134241 0.106628 216 212 214
0.222564 -0.136187 0.114401 210 204 207
0.220738 -0.135994 0.122601 193 189 192
0.228701 -0.126997 -0.003005 173 158 148
0.226645 -0.126031 0.006123 168 156 148
0.224880 -0.127751 0.014640 168 156 150
0.226244 -0.126894 0.023872 164 153 146
0.224877 -0.125710 0.036809 173 154 139
0.224373 -0.125075 0.045811 171 160 156
0.226801 -0.124531 0.056129 166 155 149
0.224603 -0.125793 0.064780 162 150 144
0.224410 -0.127085 0.072296 165 145 130
0.226296 -0.125354 0.105697 195 192 196
0.224475 -0.124940 0.113889 204 198 202
0.226448 -0.113472 -0.004566 176 170 166
0.223736 -0.115834 0.004416 182 176 174
0.225808 -0.117015 0.036636 180 170 166
0.226254 -0.115225 0.046340 131 130 123
0.226427 -0.113363 0.055276 117 116 106
0.223844 -0.112263 0.065033 108 115 114
0.223617 -0.113652 0.073842 145 145 144
0.225925 -0.114174 0.096615 213 208 211
0.225230 -0.116090 0.104220 217 211 215
0.228046 -0.102380 -0.003306 148 139 131
0.225739 -0.104962 0.004724 184 176 172
0.223543 -0.105534 0.014196 126 132 129
0.222799 -0.104787 0.024846 100 114 112
0.224322 -0.106189 0.037505 119 134 132
0.224359 -0.105445 0.043153 144 150 146
0.225889 -0.104520 0.065689 148 143 142
0.223737 -0.104545 0.073707 152 146 147
0.224725 -0.104339 0.084755 164 159 161
0.224974 -0.102981 0.093866 181 175 178
0.221850 -0.106409 0.100997 202 198 200
0.226916 -0.097585 -0.005231 162 156 154
0.225320 -0.095937 0.005090 153 151 149
0.223163 -0.095542 0.013674 158 154 153
0.224686 -0.094459 0.022910 168 168 163
0.227367 -0.093717 0.036110 175 169 165
0.225341 -0.094395 0.053929 156 155 155
0.222155 -0.095613 0.063666 152 150 150
0.226185 -0.096471 0.086092 185 179 182
0.225996 -0.095574 0.093379 195 189 191
0.221878 -0.094804 0.104558 213 203 207
0.223348 -0.092709 0.112792 197 187 190
0.226149 -0.083783 -0.005368 172 166 162
0.224147 -0.086340 0.005900 176 170 166
0.226439 -0.085167 0.014533 162 160 158
0.223843 -0.083591 0.025721 148 154 151
0.224028 -0.083513 0.035650 130 136 134
0.224205 -0.085252 0.046240 138 136 134
0.223555 -0.082543 0.055049 165 164 164
0.225069 -0.084618 0.076811 204 201 204
0.227164 -0.084423 0.084181 217 211 215
0.223949 -0.086218 0.092699 234 226 228
0.228890 -0.084350 0.104898 174 166 164
0.221860 -0.081825 0.134977 202 194 197
0.227196 -0.074221 0.004928 156 151 148
0.226451 -0.076448 0.014169 115 127 123
0.225556 -0.076297 0.025424 116 118 118
0.226701 -0.072555 0.036799 171 170 172
0.224887 -0.074918 0.044620 168 166 168
0.223113 -0.075979 0.053916 154 154 155
0.224565 -0.072345 0.066743 202 196 198
0.223704 -0.074100 0.075291 216 209 212
0.222944 -0.076612 0.083498 228 219 222
0.224689 -0.072939 0.126362 206 194 197
0.225470 -0.066359 0.002566 150 146 143
0.227421 -0.065290 0.026704 159 166 166
0.225631 -0.066931 0.034012 154 156 158
0.224134 -0.063422 0.045791 166 162 162
0.225625 -0.064325 0.057177 200 195 196
0.223785 -0.063451 0.065659 199 190 190
0.223155 -0.065382 0.075044 160 151 151
0.221774 -0.063748 0.085217 155 144 143
0.223318 -0.064469 0.096448 200 188 188
0.223106 -0.064606 0.103372 223 211 210
0.227098 -0.063062 0.117519 204 195 197
0.224032 -0.066864 0.122689 189 178 181
0.224802 -0.056367 0.025570 155 150 147
0.223067 -0.055202 0.033968 157 146 143
0.225227 -0.053609 0.056778 219 206 204
0.226047 -0.056362 0.064093 190 180 181
0.225641 -0.055164 0.074521 200 188 186
0.225075 -0.055089 0.085821 210 197 192
0.224163 -0.053910 0.093939 231 217 214
0.227103 -0.046816 0.026464 154 136 120
0.223735 -0.046283 0.033531 152 138 132
0.224313 -0.043877 0.047036 224 212 210
0.226162 -0.044795 0.086518 235 220 218
0.226529 -0.046935 0.093907 240 225 224
0.225489 -0.037761 0.036561 198 184 180
0.227165 -0.036423 0.044407 200 187 184
0.223068 -0.024914 0.054266 236 216 212
0.226152 -0.017224 0.045378 196 168 160
0.225935 -0.002814 0.044106 171 136 128
0.223346 -0.001653 0.087258 172 154 149
0.223920 0.004962 0.045550 188 175 171
0.225944 0.006120 0.056298 168 159 156
0.227225 0.007387 0.062740 177 172 168
0.226829 0.003897 0.085862 177 156 148
0.225122 0.001593 0.094063 208 190 186
0.224083 0.017005 0.036930 204 190 183
0.223293 0.015129 0.044302 199 189 185
0.223396 0.016304 0.056061 163 155 150
0.224460 0.015853 0.064600 197 179 166
0.229066 0.017366 0.071977 210 192 174
0.226252 0.023767 0.035196 137 144 130
0.223227 0.023245 0.045555 100 106 98
0.224543 0.024199 0.056071 156 132 118
0.223603 0.023791 0.063783 210 189 170
0.225771 0.025060 0.073163 218 208 200
0.224795 0.033114 0.032457 114 146 142
0.227234 0.037497 0.047343 158 120 104
0.222509 0.035176 0.053499 177 159 136
0.224629 0.033524 0.063675 196 187 178
0.225911 0.047225 0.025341 106 142 138
0.228466 0.043515 0.049026 162 127 118
0.225986 0.042104 0.053826 175 154 149
0.226746 0.068600 0.047062 238 219 217
0.225324 0.066536 0.054365 237 219 216
0.223677 0.075148 0.014439 174 160 159
0.224200 0.073279 0.045324 216 202 199
0.222548 0.082953 0.014311 164 165 164
0.222797 0.083468 0.032644 199 196 194
0.226874 0.107018 -0.001960 35 122 109
0.224403 0.114440 -0.003934 16 106 92
0.236882 -0.664281 -0.056012 12 94 86
0.233648 -0.663843 -0.044495 6 88 78
0.236369 -0.654328 -0.044231 3 85 76
0.236850 -0.655869 -0.037997 3 86 76
0.234601 -0.647065 -0.041044 0 88 77
0.236414 -0.645165 -0.036267 9 83 75
0.235677 -0.643443 -0.026764 24 89 84
0.232443 -0.643043 0.023050 92 112 106
0.235814 -0.633485 -0.037536 44 92 84
0.237071 -0.634136 -0.011783 78 116 112
0.235245 -0.635850 0.028376 88 112 105
0.234387 -0.634644 0.033086 78 100 92
0.236284 -0.625679 -0.034007 59 108 102
0.238763 -0.629116 -0.004404 88 116 115
0.236189 -0.624886 0.006056 136 150 147
0.233154 -0.622478 0.014597 153 160 159
0.238892 -0.626412 0.068086 134 136 129
0.235081 -0.625979 0.073221 145 150 145
0.232167 -0.613759 -0.053131 136 163 154
0.233370 -0.612788 -0.046629 138 161 153
0.234521 -0.615101 -0.035008 2 72 61
0.232349 -0.615452 -0.022552 63 88 86
0.237691 -0.617516 0.016046 166 168 164
0.234741 -0.613661 0.024268 181 182 178
0.234532 -0.611688 0.033360 161 160 154
0.234163 -0.604228 -0.052639 7 81 70
0.237534 -0.606523 -0.046764 82 127 118
0.235875 -0.605889 -0.035127 105 146 136
0.236218 -0.604331 -0.025260 118 143 134
0.232865 -0.605510 -0.017956 118 138 131
0.231285 -0.604078 0.005496 39 53 51
0.235027 -0.605489 0.015158 90 98 94
0.236146 -0.607426 0.026064 175 179 173
0.232982 -0.606464 0.032905 162 166 160
0.235908 -0.603526 0.045056 120 118 109
0.235138 -0.595157 -0.052601 2 82 72
0.236706 -0.597164 -0.032315 126 174 162
0.238062 -0.594911 -0.026192 122 170 158
0.236741 -0.596055 -0.014384 132 150 142
0.236426 -0.594007 -0.005171 147 162 150
0.232808 -0.592991 0.013203 133 145 136
0.231581 -0.595055 0.034723 26 56 56
0.234671 -0.595798 0.045055 94 124 120
0.235653 -0.593796 0.053896 131 146 139
0.233892 -0.593997 0.066080 212 209 197
0.232976 -0.593723 0.075133 198 193 182
0.234261 -0.593712 0.084832 223 220 214
0.233633 -0.588821 -0.050839 1 83 72
0.235440 -0.583806 -0.048066 2 82 72
0.236491 -0.588856 -0.002018 228 230 220
0.237518 -0.587171 0.004914 158 165 155
0.235878 -0.585539 0.015053 166 174 162
0.234753 -0.582782 0.023915 181 187 177
0.233553 -0.582961 0.036014 147 155 147
0.231313 -0.581991 0.045402 209 215 205
0.235175 -0.585125 0.056818 205 212 207
0.235201 -0.585663 0.065725 210 208 199
0.235504 -0.584739 0.074861 218 215 206
0.238404 -0.587497 0.082880 226 222 214
0.234907 -0.574673 -0.045145 3 83 74
0.236035 -0.577718 0.027576 188 194 183
0.235301 -0.576429 0.035131 206 208 200
0.236147 -0.575183 0.045284 226 226 217
0.236708 -0.575007 0.056083 229 227 219
0.235965 -0.576317 0.064430 227 224 218
0.234668 -0.564457 -0.042632 4 83 74
0.239504 -0.568831 0.047069 229 226 218
0.238936 -0.568702 0.054380 234 226 222
0.235176 -0.555192 -0.041997 8 70 61
0.232002 -0.550906 -0.039200 76 98 86
0.237685 -0.547393 -0.041456 10 55 46
0.233775 -0.544239 -0.035093 154 156 140
0.234833 -0.533964 -0.031752 199 183 160
0.234400 -0.526481 -0.032089 180 137 84
0.236534 -0.525498 -0.028025 174 145 106
0.233517 -0.516548 -0.023725 168 133 92
0.233229 -0.513982 -0.016702 191 161 120
0.234472 -0.505853 -0.004065 181 166 152
0.236871 -0.503592 0.005283 202 190 182
0.232321 -0.497909 0.007876 209 198 190
0.235798 -0.494258 0.012798 226 214 210
0.234592 -0.482995 0.008189 168 165 159
0.235422 -0.486614 0.012819 185 178 172
0.234590 -0.485780 0.025309 186 177 164
0.234852 -0.472292 -0.025545 95 99 91
0.236337 -0.472908 -0.017358 108 105 90
0.234655 -0.471393 -0.002612 173 156 136
0.234381 -0.475010 0.005589 162 164 157
0.235473 -0.477132 0.012033 138 140 136
0.235757 -0.475120 0.025496 124 122 114
0.238077 -0.462585 -0.032844 134 128 122
0.235430 -0.465984 -0.024406 110 116 110
0.235267 -0.465776 -0.015242 158 146 126
0.235811 -0.464913 -0.004964 171 157 138
0.237573 -0.466314 0.003151 154 152 132
0.235255 -0.466303 0.027468 223 218 210
0.233863 -0.462752 0.033773 207 197 186
0.238588 -0.457344 -0.033932 126 128 122
0.235148 -0.456779 -0.025114 148 148 142
0.234126 -0.456923 -0.013997 92 95 72
0.234773 -0.456394 -0.004673 174 155 127
0.235027 -0.453663 0.003812 143 150 136
0.235579 -0.453061 0.013281 209 192 170
0.232556 -0.457436 0.034658 198 180 155
0.235793 -0.445537 -0.024793 128 122 108
0.234343 -0.445287 -0.015051 92 105 92
0.236386 -0.446053 -0.003919 63 101 93
0.234756 -0.445947 0.004921 159 168 152
0.235001 -0.445036 0.012479 234 219 197
0.236451 -0.434814 -0.035036 113 132 120
0.236832 -0.435338 -0.024613 186 183 165
0.233947 -0.435114 -0.015518 152 157 135
0.231750 -0.433381 -0.006571 222 210 205
0.234183 -0.435540 0.004123 86 119 111
0.236088 -0.438133 0.014769 230 210 175
0.237158 -0.425908 -0.033269 119 133 90
0.236407 -0.426320 -0.023822 176 172 143
0.234699 -0.425963 -0.014157 157 166 139
0.233154 -0.426218 -0.006369 167 169 146
0.234210 -0.423278 0.003102 90 120 113
0.236975 -0.414282 -0.043242 25 83 65
0.235308 -0.413817 -0.035363 82 105 86
0.235324 -0.413931 -0.025244 105 127 111
0.233723 -0.414779 -0.014215 122 144 127
0.233501 -0.413893 -0.005965 59 89 72
0.234888 -0.415588 0.003601 100 134 124
0.234128 -0.412785 0.014702 152 160 153
0.232661 -0.405041 -0.035490 132 148 140
0.234436 -0.405382 -0.023181 167 164 162
0.235081 -0.404330 -0.014459 124 136 133
0.233523 -0.404458 -0.004402 123 152 139
0.234429 -0.404036 0.003782 81 116 91
0.234908 -0.406598 0.013494 157 162 143
0.233010 -0.404513 0.035658 182 190 186
0.235044 -0.394877 -0.033167 123 134 89
0.236754 -0.395953 -0.027424 114 130 92
0.235445 -0.394171 -0.014093 171 155 125
0.234853 -0.394810 -0.003772 219 205 175
0.233113 -0.395225 0.003479 134 149 127
0.234835 -0.382936 -0.042007 38 98 82
0.233872 -0.386178 -0.037623 125 128 82
0.235840 -0.383659 -0.015019 127 164 158
0.235076 -0.382919 -0.005254 150 177 174
0.235126 -0.384452 0.004300 85 119 116
0.234315 -0.383659 0.013924 219 217 216
0.234917 -0.382195 0.022494 118 147 136
0.234211 -0.378572 -0.041527 6 82 76
0.234690 -0.377071 -0.035876 4 79 72
0.236546 -0.375296 -0.025097 53 94 86
0.233814 -0.374570 -0.016244 93 117 99
0.234537 -0.373174 -0.004176 236 232 231
0.233741 -0.375032 0.003914 157 176 172
0.234090 -0.376383 0.023657 194 198 193
0.235184 -0.362984 -0.035971 141 154 144
0.234783 -0.366269 -0.025104 225 212 184
0.235056 -0.367921 -0.014540 190 177 157
0.234129 -0.363955 0.003098 110 137 135
0.236283 -0.364470 0.042762 81 114 102
0.235465 -0.356639 -0.033634 44 91 86
0.236097 -0.355517 -0.025503 6 62 56
0.235162 -0.354475 -0.014557 70 100 84
0.235960 -0.353980 -0.003405 177 181 162
0.233667 -0.354839 0.003397 143 147 130
0.233152 -0.351444 0.011959 105 128 121
0.234277 -0.343924 -0.024401 146 127 80
0.234294 -0.344267 -0.015490 140 124 80
0.235653 -0.344713 -0.004745 136 131 115
0.234705 -0.345213 0.005728 161 161 152
0.234560 -0.347068 0.015586 147 161 158
0.233090 -0.343635 0.023304 119 139 138
0.234420 -0.347093 0.036381 101 106 75
0.236390 -0.346400 0.041717 126 134 111
0.238687 -0.338246 -0.040668 56 58 34
0.236350 -0.337341 -0.033950 72 78 67
0.235689 -0.336590 -0.025662 75 91 83
0.232678 -0.335216 -0.017175 142 137 124
0.234976 -0.333160 -0.005695 201 195 194
0.235010 -0.335502 0.004315 216 208 199
0.232597 -0.338821 0.045601 100 113 107
0.234115 -0.336843 0.051437 148 160 158
0.235306 -0.327649 -0.014461 64 91 81
0.235826 -0.326086 -0.004263 150 151 135
0.233715 -0.324787 0.003963 193 184 163
0.231404 -0.323292 0.010678 214 212 213
0.236045 -0.322507 0.043652 156 162 166
0.235077 -0.324332 0.054888 150 154 154
0.235368 -0.322063 0.063428 139 140 142
0.235620 -0.316502 -0.010741 42 72 55
0.235369 -0.315188 -0.005285 127 133 115
0.234206 -0.315624 0.004826 160 168 168
0.234081 -0.316927 0.044536 148 152 158
0.235094 -0.312299 0.056555 83 88 92
0.234704 -0.315538 0.065643 115 119 120
0.235294 -0.315461 0.073261 134 137 138
0.236569 -0.301847 -0.012289 119 135 129
0.234174 -0.304547 -0.007227 201 190 171
0.234478 -0.305581 0.004801 226 221 221
0.232447 -0.306342 0.042125 96 106 106
0.235834 -0.307880 0.053986 96 107 109
0.236323 -0.297720 -0.022782 65 86 86
0.234831 -0.295707 -0.015020 62 88 84
0.234808 -0.293164 -0.004567 121 118 101
0.231936 -0.292549 0.001606 190 176 151
0.234025 -0.295972 0.075557 170 170 174
0.235140 -0.295307 0.085541 158 156 162
0.236342 -0.293163 0.094288 159 159 164
0.234771 -0.284009 -0.005106 204 193 177
0.234566 -0.284292 0.005723 200 200 198
0.232762 -0.284667 0.013131 200 194 192
0.230951 -0.285137 0.023454 184 178 180
0.234735 -0.283551 0.046870 198 192 192
0.235442 -0.283930 0.054944 201 196 198
0.236750 -0.284971 0.064104 196 192 194
0.234720 -0.284619 0.097339 166 164 171
0.233813 -0.283047 0.103412 174 174 178
0.235774 -0.274898 -0.022944 6 62 56
0.234673 -0.277249 -0.015021 60 90 86
0.236576 -0.275054 -0.002971 138 153 151
0.234803 -0.273480 0.004529 186 185 185
0.233101 -0.273969 0.012962 222 216 214
0.234833 -0.278822 0.055699 196 188 188
0.237947 -0.275982 0.113866 172 170 176
0.235405 -0.263821 -0.024137 71 86 86
0.235939 -0.262210 -0.013998 145 146 144
0.235420 -0.263195 -0.005264 214 211 210
0.233998 -0.267044 0.004439 212 207 207
0.237999 -0.264680 0.084237 202 198 200
0.234868 -0.264401 0.093475 174 168 173
0.235566 -0.262667 0.104362 176 171 174
0.236075 -0.265791 0.116964 170 168 174
0.234702 -0.264929 0.123908 172 168 174
0.235725 -0.255847 -0.015810 112 127 127
0.233861 -0.254540 -0.004642 183 175 169
0.231998 -0.253672 0.003136 199 193 191
0.233690 -0.252585 0.013813 176 170 170
0.234254 -0.255816 0.065014 210 179 177
0.235314 -0.254760 0.073009 214 181 178
0.236164 -0.246199 -0.014840 54 73 62
0.235200 -0.245413 -0.004872 161 154 143
0.233222 -0.246122 0.003992 208 200 197
0.233837 -0.246873 0.013626 188 177 172
0.235055 -0.244816 0.053686 198 190 191
0.233455 -0.244245 0.075080 178 124 114
0.235753 -0.244296 0.084618 198 140 131
0.238164 -0.245405 0.116176 204 142 140
0.237582 -0.234275 -0.011699 122 122 122
0.234822 -0.234669 -0.005338 145 141 140
0.232994 -0.234794 0.003216 206 182 151
0.237460 -0.237029 0.064500 106 95 95
0.236427 -0.225922 -0.002902 187 178 175
0.234498 -0.225564 0.003725 194 178 172
0.235606 -0.228371 0.034705 152 91 68
0.234146 -0.226539 0.073278 214 150 142
0.234707 -0.223706 0.096731 202 155 153
0.236581 -0.225907 0.103324 206 140 135
0.236206 -0.214142 -0.004190 198 190 186
0.236963 -0.218327 0.006441 208 200 196
0.233384 -0.212253 0.014374 204 172 170
0.232434 -0.213698 0.024505 190 144 140
0.232985 -0.212599 0.036108 179 122 117
0.235557 -0.212556 0.046963 200 101 90
0.235317 -0.214722 0.055649 212 120 91
0.235380 -0.217215 0.065287 226 108 94
0.235463 -0.213636 0.073965 239 175 172
0.236141 -0.216844 0.088232 195 182 187
0.235914 -0.215998 0.094713 197 185 186
0.234333 -0.203979 -0.004021 192 173 161
0.234578 -0.204066 0.004680 166 148 141
0.234633 -0.204673 0.012880 182 146 139
0.235024 -0.206168 0.023483 195 154 149
0.236418 -0.207284 0.036544 180 141 135
0.235243 -0.203437 0.046111 197 173 170
0.235221 -0.203576 0.055128 200 166 164
0.236408 -0.205173 0.064733 201 158 146
0.236952 -0.205641 0.073527 192 155 147
0.236374 -0.194980 -0.005306 191 181 176
0.236046 -0.196299 0.003681 178 168 165
0.235856 -0.196092 0.016177 160 143 127
0.234792 -0.196294 0.025090 148 122 102
0.234523 -0.195571 0.034608 158 140 130
0.234712 -0.194028 0.045408 217 176 171
0.235014 -0.195837 0.055198 202 166 163
0.235100 -0.196447 0.063411 193 151 147
0.234031 -0.193175 0.076329 171 164 160
0.233768 -0.195347 0.084227 142 132 128
0.235788 -0.195521 0.097995 208 200 202
0.236092 -0.194491 0.103580 214 206 208
0.234757 -0.197387 0.125522 144 137 135
0.233808 -0.186773 -0.012355 186 170 156
0.234048 -0.185954 -0.005357 193 179 165
0.233774 -0.185188 0.004380 187 172 163
0.233900 -0.184882 0.014345 192 172 160
0.232186 -0.184372 0.023604 209 195 190
0.233137 -0.184767 0.034876 208 180 176
0.235295 -0.187886 0.042663 211 148 140
0.234451 -0.187232 0.054755 192 174 173
0.236908 -0.185242 0.065286 186 179 180
0.233155 -0.186876 0.074333 190 183 184
0.231814 -0.186965 0.085437 183 176 177
0.232219 -0.185432 0.114100 197 192 195
0.232130 -0.174170 -0.002487 174 156 138
0.232792 -0.175056 0.003470 197 185 180
0.236441 -0.176112 0.016078 200 182 180
0.235648 -0.174985 0.025214 204 166 161
0.234945 -0.173629 0.043285 169 165 169
0.236910 -0.174019 0.056087 172 164 168
0.235517 -0.175033 0.064790 172 166 168
0.233408 -0.176806 0.073463 170 166 168
0.236371 -0.172766 0.104105 232 224 227
0.234289 -0.176859 0.113344 214 208 212
0.235534 -0.165266 0.004955 194 152 142
0.232852 -0.164586 0.013357 192 150 144
0.236798 -0.167072 0.033353 189 184 187
0.236326 -0.164431 0.045293 176 169 171
0.235621 -0.165104 0.055672 154 150 153
0.234042 -0.165559 0.065421 184 179 180
0.235411 -0.165818 0.074570 203 192 189
0.232794 -0.166149 0.084579 198 187 185
0.235895 -0.162722 0.112669 219 216 221
0.235390 -0.153931 -0.004624 185 164 154
0.235470 -0.156091 0.005049 194 182 176
0.235384 -0.154120 0.013826 192 176 164
0.234888 -0.154694 0.023553 168 148 124
0.236800 -0.152782 0.037072 167 164 166
0.234964 -0.154305 0.045210 180 176 178
0.234181 -0.156749 0.054100 189 182 184
0.235139 -0.156846 0.064738 208 199 200
0.236756 -0.153102 0.105359 216 209 209
0.232131 -0.153945 0.113282 220 216 222
0.232667 -0.157054 0.145054 152 150 152
0.236442 -0.143486 -0.013555 200 190 188
0.234777 -0.145946 -0.006445 192 178 172
0.236494 -0.145464 0.014247 168 166 170
0.235010 -0.146592 0.025531 185 160 138
0.236710 -0.146742 0.036672 190 172 158
0.234304 -0.145065 0.044527 195 173 155
0.235446 -0.144656 0.084815 172 170 171
0.234577 -0.143426 0.096219 199 197 198
0.235247 -0.146511 0.105141 206 201 203
0.232519 -0.145136 0.113390 202 198 199
0.237530 -0.132313 -0.011757 198 186 184
0.234626 -0.133188 -0.004789 176 150 130
0.234193 -0.134077 0.004219 173 156 142
0.233179 -0.134680 0.015461 125 125 123
0.235167 -0.131764 0.024563 137 132 125
0.234437 -0.132495 0.036639 138 127 121
0.234598 -0.136251 0.044621 145 126 106
0.232994 -0.136061 0.055349 126 108 89
0.233864 -0.130897 0.068496 168 156 150
0.235493 -0.132878 0.077345 165 166 166
0.234719 -0.136749 0.085881 166 168 168
0.234034 -0.135885 0.093995 195 193 195
0.232275 -0.134960 0.103984 220 216 219
0.236646 -0.126092 -0.012682 186 168 148
0.234160 -0.125458 -0.004578 139 122 109
0.234466 -0.125967 0.003922 131 122 115
0.234118 -0.124514 0.015499 165 154 147
0.234739 -0.124897 0.024261 191 181 178
0.235746 -0.125136 0.035409 169 159 155
0.234271 -0.123807 0.045348 160 153 151
0.234066 -0.123923 0.054311 171 167 167
0.234506 -0.125758 0.064730 183 178 174
0.232905 -0.126178 0.074080 204 194 186
0.237115 -0.122666 0.086024 203 195 195
0.234100 -0.126242 0.094866 211 208 211
0.239206 -0.113534 -0.013102 192 184 180
0.234715 -0.115613 -0.006261 179 172 168
0.236122 -0.116582 0.015377 177 172 172
0.235949 -0.116062 0.023500 170 161 160
0.236254 -0.116557 0.036316 130 131 128
0.233950 -0.115889 0.044758 72 101 93
0.233500 -0.116223 0.053536 116 123 118
0.233806 -0.115344 0.065764 144 150 148
0.237336 -0.113543 0.086554 222 215 218
0.234650 -0.114109 0.095380 210 204 207
0.235853 -0.116143 0.102843 203 195 198
0.236276 -0.104182 -0.013060 177 169 161
0.233355 -0.102958 -0.006911 176 160 144
0.235341 -0.103355 0.004518 92 120 116
0.235365 -0.102621 0.016255 37 78 73
0.237409 -0.103686 0.024216 12 60 55
0.234637 -0.106305 0.035935 75 104 99
0.235273 -0.105526 0.044634 168 166 162
0.235880 -0.104890 0.054558 170 165 165
0.233668 -0.103656 0.065210 185 178 179
0.231514 -0.103949 0.072161 163 156 157
0.236281 -0.106317 0.086042 213 206 209
0.232273 -0.108133 0.091446 217 212 216
0.236377 -0.097510 -0.013156 174 166 156
0.234860 -0.095657 -0.007240 126 126 120
0.231700 -0.095750 0.006721 147 154 152
0.233781 -0.095777 0.014707 82 97 94
0.236305 -0.094457 0.034447 172 174 174
0.236308 -0.095845 0.046301 166 163 164
0.237361 -0.096920 0.053791 194 187 190
0.237119 -0.097260 0.064589 200 190 192
0.236227 -0.093250 0.076888 192 187 191
0.233089 -0.094898 0.084745 201 196 199
0.235251 -0.081808 -0.011439 174 175 170
0.234526 -0.085111 -0.005006 156 157 152
0.236189 -0.083039 0.006487 164 164 166
0.233699 -0.086276 0.014084 151 149 145
0.233344 -0.086437 0.024254 151 151 144
0.232459 -0.083811 0.036430 146 146 146
0.237528 -0.083888 0.067320 184 180 182
0.236247 -0.085201 0.074778 203 199 200
0.233572 -0.085113 0.084756 217 208 211
0.235846 -0.084939 0.095156 191 186 187
0.233019 -0.082489 0.103061 178 170 170
0.230695 -0.084280 0.111183 194 185 183
0.235227 -0.073381 -0.014556 160 160 158
0.233461 -0.074254 -0.004411 147 148 144
0.232661 -0.075307 0.004079 177 170 164
0.234379 -0.074920 0.013352 69 90 86
0.237615 -0.071288 0.059039 116 124 126
0.236814 -0.073960 0.066096 196 194 198
0.235491 -0.075601 0.074545 199 192 192
0.235339 -0.075458 0.085358 167 162 161
0.235797 -0.077684 0.094739 166 160 159
0.231078 -0.077456 0.102893 190 182 181
0.234748 -0.068689 -0.015746 145 145 142
0.234045 -0.067131 -0.005351 143 146 142
0.235495 -0.062810 0.014349 184 178 177
0.234019 -0.064527 0.022385 183 178 178
0.237215 -0.062151 0.036247 170 168 166
0.234032 -0.062849 0.048302 178 176 177
0.235675 -0.065338 0.055019 193 192 195
0.234339 -0.066014 0.063858 211 205 207
0.235333 -0.068808 0.070349 186 177 172
0.232730 -0.063129 0.115908 206 199 201
0.235603 -0.057150 0.006285 162 162 165
0.235886 -0.058608 0.014276 170 158 145
0.236762 -0.055027 0.045076 190 186 187
0.235383 -0.055341 0.054125 198 192 193
0.233091 -0.054130 0.063054 205 197 197
0.236836 -0.051385 0.074297 180 170 166
0.237407 -0.052421 0.084299 217 208 201
0.233708 -0.058260 0.115190 208 202 202
0.237535 -0.047823 0.035366 188 178 172
0.235605 -0.045674 0.052575 194 188 189
0.232856 -0.049230 0.063432 192 184 183
0.234980 -0.044350 0.086994 234 222 218
0.234817 -0.046805 0.094892 238 225 224
0.234349 -0.035490 0.035941 190 180 170
0.233723 -0.033123 0.045011 208 194 186
0.236063 -0.024415 0.038000 192 151 128
0.235081 -0.027580 0.043657 218 188 181
0.236182 -0.013784 0.035701 210 189 176
0.234759 -0.016575 0.044956 214 192 183
0.231519 -0.016131 0.052299 240 222 216
0.237360 -0.005665 0.017523 90 118 104
0.235987 -0.006536 0.026025 145 141 130
0.234315 -0.007642 0.033532 170 158 146
0.236544 0.008173 -0.002097 186 170 160
0.236573 0.007472 0.002721 196 177 166
0.236747 0.004455 0.015938 170 154 134
0.235101 0.004506 0.024045 189 170 145
0.236433 0.005584 0.046197 210 188 168
0.234017 0.003866 0.054073 209 188 180
0.232044 0.005085 0.064172 210 198 193
0.236189 0.015733 -0.003922 161 159 152
0.235136 0.013944 0.003137 182 176 170
0.236509 0.014804 0.027643 150 140 114
0.235163 0.014589 0.034976 186 178 158
0.236535 0.013120 0.044019 215 200 182
0.231521 0.012404 0.064179 192 178 170
0.237342 0.024221 -0.011688 56 94 88
0.236383 0.023897 -0.005835 74 104 98
0.236236 0.025348 0.004448 129 138 123
0.235036 0.026681 0.014540 158 140 119
0.233092 0.025617 0.024416 187 168 142
0.234131 0.026602 0.033985 159 172 164
0.234748 0.033534 0.003800 155 145 128
0.237216 0.033977 0.014245 207 202 192
0.234097 0.033436 0.025457 216 202 192
0.233057 0.033583 0.033241 137 150 135
0.231941 0.037091 0.045183 177 132 98
0.235726 0.046170 0.014579 180 152 138
0.236397 0.041904 0.023924 188 166 142
0.235929 0.046641 0.035686 134 148 140
0.235624 0.046939 0.044384 178 155 146
0.235988 0.054377 0.014687 212 195 184
0.236624 0.052072 0.033819 135 147 131
0.235884 0.053203 0.045551 194 174 166
0.237785 0.064189 0.007674 87 104 97
0.237895 0.066253 0.015852 135 120 109
0.239402 0.066826 0.026743 189 160 148
0.237121 0.067522 0.036753 210 188 186
0.234709 0.066332 0.046118 242 226 224
0.236828 0.076088 0.007306 170 128 129
0.234830 0.073526 0.014357 204 180 180
0.237062 0.072408 0.026087 170 150 148
0.235110 0.073222 0.034266 222 206 204
0.233070 0.070856 0.043722 236 221 219
0.236265 0.094389 -0.000772 73 133 124
0.235863 0.106176 -0.002268 46 118 108
0.234282 0.113689 -0.004321 32 113 104
0.245053 -0.663947 -0.057677 6 95 86
0.245924 -0.656967 -0.054862 2 92 82
0.243064 -0.652267 -0.047921 1 86 78
0.244823 -0.644671 -0.035938 11 83 73
0.246115 -0.644163 -0.026695 96 142 132
0.244003 -0.635200 -0.033959 6 67 60
0.246496 -0.638008 -0.022837 58 114 108
0.246871 -0.632381 -0.014623 79 124 116
0.246276 -0.632450 0.054912 125 136 132
0.244977 -0.624711 -0.025979 21 67 62
0.245415 -0.627130 -0.004598 177 181 176
0.244994 -0.623897 0.005163 166 167 162
0.244759 -0.625983 0.065230 144 149 144
0.242445 -0.614142 -0.003044 83 97 90
0.246391 -0.616047 0.007552 168 171 165
0.244594 -0.615459 0.012805 159 160 156
0.241217 -0.601493 -0.045224 56 104 94
0.241735 -0.606108 -0.035698 67 118 109
0.246775 -0.602632 -0.024611 97 145 132
0.246902 -0.608016 0.016170 159 161 155
0.244329 -0.605573 0.023303 172 171 164
0.243993 -0.602913 0.032640 160 158 152
0.241639 -0.594918 -0.051235 6 82 72
0.243255 -0.594643 -0.046382 22 80 71
0.243880 -0.594466 -0.035396 106 142 133
0.243876 -0.594306 -0.025465 83 131 118
0.245929 -0.595540 -0.017030 67 103 89
0.246174 -0.597470 0.026953 114 132 128
0.245736 -0.594621 0.035629 133 143 137
0.244508 -0.594382 0.043901 173 170 165
0.244373 -0.584317 -0.045569 6 79 70
0.247203 -0.584515 -0.035879 46 91 80
0.244237 -0.586416 -0.024863 75 125 114
0.245242 -0.585512 -0.015823 85 125 112
0.244856 -0.585339 -0.003866 139 147 137
0.243162 -0.583384 0.003607 165 171 160
0.241376 -0.581397 0.013444 136 144 132
0.244722 -0.584977 0.034280 92 91 85
0.246788 -0.587327 0.045911 154 157 152
0.245254 -0.584232 0.054718 201 199 193
0.242265 -0.582160 0.062543 205 200 193
0.241724 -0.581656 0.076431 227 222 212
0.244025 -0.583979 0.084008 222 217 211
0.244012 -0.574992 -0.043862 4 79 70
0.248433 -0.575444 -0.036621 12 73 62
0.248788 -0.576166 -0.024266 37 72 60
0.246548 -0.575291 -0.014236 60 109 96
0.246666 -0.573610 -0.005853 79 115 103
0.246375 -0.576585 0.005595 159 160 149
0.244490 -0.574399 0.014807 178 177 167
0.242955 -0.574425 0.024611 196 199 191
0.240953 -0.572139 0.034727 198 200 190
0.246556 -0.575887 0.058062 209 204 198
0.245160 -0.574714 0.064970 216 210 203
0.246257 -0.575508 0.075511 226 220 212
0.248681 -0.577518 0.082505 225 219 214
0.243973 -0.565027 -0.041785 6 81 72
0.248336 -0.564125 -0.037264 12 79 70
0.245030 -0.565853 -0.007010 31 80 68
0.247553 -0.564999 0.004066 84 100 87
0.248248 -0.566132 0.017144 182 179 168
0.247141 -0.565982 0.023717 195 192 182
0.245196 -0.563858 0.034787 195 192 180
0.242492 -0.564223 0.045176 209 205 195
0.244375 -0.564183 0.055882 230 223 217
0.246295 -0.566924 0.063143 230 223 217
0.244336 -0.554712 -0.041438 5 81 72
0.249363 -0.558693 0.026572 184 179 168
0.248808 -0.557542 0.035686 191 186 176
0.246122 -0.556578 0.045385 204 193 176
0.247705 -0.557234 0.054129 219 209 198
0.244613 -0.545773 -0.041523 2 72 64
0.247728 -0.541558 -0.039710 3 72 63
0.244219 -0.538658 -0.040349 2 64 58
0.244913 -0.534900 -0.037585 26 74 66
0.243528 -0.527128 -0.033569 40 60 54
0.244459 -0.514510 -0.004541 176 171 166
0.246689 -0.511744 0.004632 188 182 176
0.242611 -0.507580 0.007546 205 196 189
0.245567 -0.503724 0.013604 220 210 204
0.245165 -0.494659 0.015506 236 223 218
0.247778 -0.482656 -0.026314 119 122 112
0.243851 -0.485046 0.014559 164 155 151
0.244018 -0.484770 0.025249 162 152 142
0.243561 -0.473735 0.004989 225 212 195
0.243704 -0.476039 0.013298 130 128 123
0.246409 -0.475405 0.023925 151 142 130
0.243297 -0.463838 -0.036313 144 138 130
0.243917 -0.463334 -0.025613 90 117 104
0.243263 -0.462304 -0.014540 158 148 136
0.242671 -0.463379 -0.003321 194 190 177
0.244005 -0.465764 0.004800 161 156 142
0.244606 -0.463575 0.013462 78 82 62
0.246623 -0.465570 0.024472 162 155 144
0.241462 -0.463610 0.032819 209 206 198
0.243951 -0.455208 -0.034700 138 135 126
0.246583 -0.455521 -0.024406 48 80 65
0.244556 -0.455309 -0.015633 112 123 105
0.245771 -0.455683 -0.004930 222 210 201
0.245028 -0.455479 0.002456 170 177 170
0.246811 -0.458039 0.017280 138 138 122
0.245270 -0.445079 -0.034347 148 158 145
0.247327 -0.446892 -0.024754 93 118 110
0.246827 -0.446072 -0.014848 77 101 93
0.244810 -0.444230 -0.004361 105 129 122
0.244450 -0.445431 0.003735 157 175 169
0.247344 -0.433864 -0.045132 116 152 145
0.246006 -0.433276 -0.034294 198 197 190
0.244178 -0.434443 -0.026773 204 203 196
0.246452 -0.434116 -0.005815 136 164 156
0.244728 -0.434854 0.002808 111 140 134
0.247250 -0.425396 -0.042620 87 128 109
0.243297 -0.425180 -0.035192 128 147 125
0.241083 -0.425346 -0.027143 171 176 154
0.246112 -0.423204 0.003183 36 98 90
0.246317 -0.415805 -0.043003 50 105 101
0.242773 -0.414520 -0.035937 74 105 94
0.241254 -0.416741 -0.028472 103 132 123
0.244097 -0.414970 0.003789 10 72 58
0.246954 -0.405016 -0.042152 2 86 82
0.244835 -0.405046 -0.025700 155 171 166
0.242053 -0.404081 -0.016201 158 176 173
0.242940 -0.406486 0.005477 24 72 46
0.248054 -0.396892 -0.040624 20 102 90
0.246324 -0.395376 -0.034941 98 141 129
0.243888 -0.395715 -0.024725 160 165 144
0.240967 -0.396273 -0.014727 170 172 151
0.240588 -0.394623 -0.007391 201 194 160
0.246621 -0.395408 0.006275 10 71 64
0.244954 -0.383990 -0.041107 18 96 84
0.246244 -0.383764 -0.037895 28 100 96
0.244352 -0.386454 -0.026013 176 200 196
0.243637 -0.382880 -0.016641 148 188 185
0.242339 -0.384333 -0.004771 124 164 160
0.243620 -0.383227 0.004354 70 119 116
0.243345 -0.382602 0.014601 147 168 167
0.243785 -0.377614 -0.040839 5 88 84
0.245447 -0.376429 -0.033999 57 103 95
0.244744 -0.373905 -0.026836 115 135 118
0.244105 -0.375347 -0.016288 160 177 178
0.243610 -0.375523 0.005412 121 153 149
0.242725 -0.377720 0.016010 178 192 192
0.247397 -0.362374 -0.041110 37 84 80
0.243704 -0.364962 -0.036287 164 172 154
0.246816 -0.365223 -0.023138 236 236 234
0.242921 -0.367300 -0.013029 197 197 195
0.246165 -0.356754 -0.040858 7 82 78
0.245718 -0.355392 -0.036790 22 85 82
0.245322 -0.354718 -0.023701 100 134 127
0.243200 -0.353735 -0.016118 159 171 156
0.240983 -0.353954 -0.007654 171 178 163
0.246890 -0.342118 -0.041011 97 106 78
0.245978 -0.344928 -0.035929 113 120 87
0.245442 -0.347181 -0.025377 189 179 148
0.242915 -0.345098 -0.014150 161 162 146
0.241951 -0.344748 -0.006179 145 149 148
0.243599 -0.345389 0.015634 107 136 135
0.244400 -0.344775 0.043613 88 118 118
0.243397 -0.337478 -0.040616 14 40 31
0.245186 -0.337171 -0.035103 53 72 69
0.245063 -0.335440 -0.024549 65 93 92
0.246320 -0.333778 -0.016692 97 121 123
0.244378 -0.337436 -0.006362 207 209 208
0.246116 -0.336551 0.036003 82 107 110
0.245964 -0.335910 0.044438 87 110 112
0.243801 -0.336156 0.054019 62 92 93
0.244632 -0.335455 0.065474 158 165 166
0.245466 -0.324363 -0.013092 107 134 127
0.243274 -0.324831 -0.007022 128 145 135
0.243642 -0.323513 0.045706 161 166 172
0.244497 -0.324039 0.054062 169 178 182
0.245716 -0.323953 0.064037 157 167 168
0.247383 -0.322080 0.073626 152 156 158
0.244416 -0.315226 -0.012333 81 119 115
0.243762 -0.313075 -0.008971 96 116 77
0.243748 -0.319112 0.045278 166 170 176
0.244907 -0.314638 0.084858 158 156 158
0.244135 -0.301155 -0.022848 104 128 127
0.246488 -0.304788 -0.014603 89 134 130
0.243212 -0.305228 -0.006862 164 184 184
0.245616 -0.305068 0.005586 210 210 212
0.244043 -0.307275 0.062014 127 134 136
0.246260 -0.294393 -0.022259 88 109 98
0.245090 -0.294244 -0.014951 73 102 93
0.243127 -0.293222 -0.005697 157 155 136
0.242496 -0.295612 0.086380 178 179 183
0.247618 -0.283190 -0.022142 134 157 146
0.244748 -0.287288 -0.016881 216 197 162
0.243635 -0.283183 -0.006452 215 212 210
0.245049 -0.283729 0.005599 189 189 186
0.244068 -0.284543 0.056738 205 202 204
0.245689 -0.283760 0.064587 208 204 206
0.245985 -0.283790 0.072305 204 200 204
0.245009 -0.275174 -0.023150 8 69 65
0.245253 -0.276177 -0.014878 91 119 115
0.244136 -0.275325 -0.004063 138 159 158
0.244561 -0.272555 0.004586 192 188 188
0.244379 -0.265903 -0.022858 102 116 116
0.244605 -0.263800 -0.013969 164 167 166
0.245332 -0.265945 -0.005031 218 216 214
0.244574 -0.266859 0.002449 206 202 200
0.244614 -0.265278 0.105693 184 180 184
0.246293 -0.264683 0.114088 175 174 178
0.245085 -0.253686 -0.015515 111 124 118
0.246019 -0.253829 -0.005442 146 148 141
0.246210 -0.254180 0.004073 149 148 146
0.244582 -0.256727 0.065830 200 192 194
0.243701 -0.255287 0.073471 209 186 184
0.243963 -0.245943 -0.015869 88 106 97
0.242443 -0.245176 -0.007886 196 180 158
0.244410 -0.246679 0.005341 222 214 208
0.246554 -0.244516 0.048858 202 194 194
0.244247 -0.244556 0.053985 202 192 194
0.246682 -0.244708 0.076796 213 143 104
0.243154 -0.246287 0.116796 195 147 144
0.245351 -0.243403 0.124981 210 153 152
0.244523 -0.235895 -0.013728 90 95 93
0.243705 -0.232973 -0.005948 121 119 111
0.247239 -0.231934 0.027325 153 159 146
0.243570 -0.238527 0.065772 168 149 134
0.245175 -0.224124 -0.012158 154 154 135
0.244705 -0.225742 -0.005261 176 174 165
0.244967 -0.223332 0.003605 181 179 178
0.246909 -0.227349 0.028576 59 56 50
0.244836 -0.227378 0.034459 130 99 68
0.244595 -0.223015 0.105860 230 161 157
0.245547 -0.222977 0.112439 226 158 154
0.247699 -0.213674 -0.011457 192 191 190
0.244988 -0.215453 -0.006350 194 191 190
0.243560 -0.217067 0.004258 198 192 192
0.246138 -0.215512 0.014631 195 134 130
0.246105 -0.214117 0.025226 198 138 132
0.245430 -0.212783 0.031406 207 145 138
0.246835 -0.214877 0.048502 143 96 85
0.245163 -0.214535 0.054668 144 94 83
0.244649 -0.215578 0.066009 214 143 134
0.243725 -0.213845 0.074260 223 178 176
0.242879 -0.213697 0.085091 199 189 191
0.243438 -0.217356 0.095323 197 185 190
0.242717 -0.217092 0.103245 204 193 197
0.247407 -0.205123 -0.014711 169 166 159
0.244377 -0.205719 -0.005379 136 140 130
0.242607 -0.204576 0.007399 162 155 153
0.243765 -0.207004 0.014625 201 148 141
0.245402 -0.204555 0.025695 164 119 111
0.244347 -0.206736 0.035727 155 145 142
0.243496 -0.204156 0.045909 182 166 165
0.245546 -0.203677 0.055457 193 164 160
0.244389 -0.206720 0.065402 180 154 147
0.242819 -0.205039 0.071915 166 147 139
0.247054 -0.202538 0.124065 192 176 176
0.247933 -0.204300 0.132886 158 90 84
0.245162 -0.194605 -0.015112 130 134 130
0.244460 -0.193851 -0.005938 194 188 186
0.242471 -0.196366 0.004662 148 147 143
0.243309 -0.197143 0.014259 129 141 134
0.244456 -0.195448 0.022056 70 91 81
0.246477 -0.194343 0.046028 226 187 183
0.246172 -0.197994 0.054060 211 180 180
0.243601 -0.195628 0.064601 194 192 192
0.246649 -0.193578 0.085384 164 168 169
0.245684 -0.194278 0.104760 198 192 193
0.245126 -0.196462 0.127961 167 160 159
0.247996 -0.196588 0.134359 164 159 159
0.247692 -0.184734 -0.012394 192 188 188
0.245465 -0.186016 -0.006803 192 185 184
0.242581 -0.184755 0.003506 174 170 168
0.247446 -0.184189 0.028867 102 109 108
0.245237 -0.184928 0.035156 219 190 185
0.245739 -0.185945 0.043860 206 174 170
0.243266 -0.182744 0.063560 180 174 175
0.246888 -0.185740 0.085679 195 190 194
0.244720 -0.184774 0.094693 197 194 198
0.244247 -0.175164 0.004902 178 172 172
0.244127 -0.172342 0.015337 212 172 167
0.243161 -0.177448 0.026375 215 176 173
0.245883 -0.174653 0.037048 182 176 178
0.245260 -0.177911 0.044441 153 149 149
0.245325 -0.175603 0.054357 192 184 181
0.244876 -0.172851 0.063563 198 190 184
0.246301 -0.173334 0.077110 190 190 184
0.246694 -0.174055 0.084457 198 193 191
0.246150 -0.177940 0.092632 196 195 199
0.244686 -0.175148 0.102299 216 210 212
0.245167 -0.163694 0.004586 230 169 158
0.245176 -0.166546 0.014473 212 179 176
0.245265 -0.164963 0.024748 190 183 184
0.243718 -0.165427 0.034278 178 172 172
0.242738 -0.164336 0.043234 179 172 173
0.242003 -0.164291 0.058100 200 196 198
0.245392 -0.164684 0.063928 199 196 193
0.246166 -0.165892 0.074243 193 188 181
0.246342 -0.165962 0.086678 228 222 224
0.243469 -0.167633 0.094785 230 224 226
0.242243 -0.165080 0.105076 218 217 222
0.243414 -0.155488 -0.003113 211 172 162
0.244116 -0.155049 0.004646 190 184 180
0.245727 -0.152018 0.012884 127 126 124
0.245442 -0.153235 0.025868 158 158 159
0.244381 -0.154305 0.035125 192 188 189
0.243927 -0.155848 0.044528 199 194 196
0.243776 -0.155715 0.054584 208 200 199
0.244613 -0.153531 0.065302 138 146 140
0.246324 -0.152176 0.086495 214 208 208
0.244772 -0.153877 0.095443 220 214 213
0.244337 -0.143398 -0.012899 202 173 170
0.245635 -0.144297 -0.005446 198 166 162
0.246148 -0.144594 0.005087 171 170 173
0.246602 -0.147171 0.016317 128 129 127
0.244887 -0.146042 0.027114 152 150 146
0.242378 -0.144526 0.033721 191 168 147
0.246181 -0.142685 0.056430 34 62 56
0.244551 -0.144800 0.066064 110 112 108
0.246174 -0.143379 0.076726 182 181 182
0.244618 -0.143988 0.085327 208 206 208
0.243743 -0.145160 0.095932 212 207 210
0.244409 -0.145209 0.104039 191 185 186
0.245529 -0.133771 -0.015143 199 192 190
0.241007 -0.134966 0.005443 188 177 170
0.245239 -0.131570 0.023066 54 58 50
0.247378 -0.134574 0.035027 137 137 129
0.246985 -0.136470 0.045313 28 64 57
0.247167 -0.133413 0.056879 128 132 132
0.246261 -0.133351 0.065010 160 160 161
0.244485 -0.136220 0.075098 164 166 168
0.244907 -0.137188 0.084490 197 196 199
0.243677 -0.135138 0.095353 206 201 203
0.244634 -0.135318 0.105025 194 190 190
0.246627 -0.135836 0.113369 212 210 210
0.244604 -0.125288 -0.017766 162 156 150
0.241705 -0.127387 -0.002628 182 154 132
0.245348 -0.127862 0.005033 196 186 178
0.246665 -0.125715 0.014745 169 165 162
0.245718 -0.124724 0.025036 147 142 139
0.244397 -0.123877 0.034022 134 138 135
0.245404 -0.123015 0.044163 162 162 159
0.244228 -0.126720 0.054834 170 171 172
0.245074 -0.127715 0.062137 85 108 104
0.245314 -0.122596 0.076996 183 175 171
0.243597 -0.124279 0.083146 203 192 188
0.247012 -0.124873 0.104518 232 226 225
0.245244 -0.124411 0.117079 222 210 210
0.246337 -0.126410 0.124128 215 205 206
0.244503 -0.124382 0.131525 211 200 202
0.246325 -0.113318 -0.014370 170 166 164
0.247229 -0.115820 -0.003140 166 162 161
0.247935 -0.114631 0.006301 162 159 159
0.246553 -0.114262 0.014992 148 152 150
0.245524 -0.117207 0.026318 127 133 129
0.243593 -0.117317 0.033205 124 130 127
0.245008 -0.117319 0.042553 147 145 142
0.243678 -0.117823 0.054801 222 219 218
0.244783 -0.115645 0.075480 215 214 218
0.244451 -0.114910 0.085603 219 215 216
0.244588 -0.116420 0.095430 218 212 213
0.241971 -0.114510 0.102945 206 196 198
0.246410 -0.115272 0.145045 238 230 231
0.245921 -0.105081 -0.015716 160 160 159
0.245425 -0.105724 0.004904 141 152 150
0.243785 -0.103534 0.012959 14 64 58
0.243320 -0.107319 0.026886 13 60 53
0.246439 -0.104323 0.036552 172 170 170
0.244836 -0.106596 0.045831 129 136 134
0.241922 -0.105987 0.051661 86 84 84
0.246791 -0.105944 0.077071 237 231 232
0.243819 -0.106343 0.083504 230 226 229
0.241743 -0.107359 0.092703 206 202 202
0.245712 -0.103418 0.105827 173 169 168
0.247636 -0.102709 0.115960 209 205 206
0.248139 -0.102322 0.122227 239 237 237
0.244535 -0.096176 -0.014930 152 152 148
0.245417 -0.095119 -0.007440 93 112 105
0.241635 -0.096150 0.003453 14 58 54
0.241625 -0.092112 0.026764 163 163 164
0.243459 -0.093441 0.033613 178 178 180
0.243333 -0.096207 0.046242 182 176 179
0.243457 -0.095722 0.054793 207 196 198
0.246334 -0.094212 0.064745 164 164 166
0.245271 -0.093729 0.074496 191 196 197
0.243842 -0.096187 0.082959 180 184 187
0.246974 -0.092852 0.095772 203 198 202
0.247478 -0.096061 0.104584 221 214 214
0.247429 -0.096514 0.114127 229 221 221
0.246428 -0.082904 0.004734 165 166 166
0.246359 -0.086421 0.014411 166 166 168
0.244007 -0.088220 0.023506 164 164 165
0.243885 -0.086586 0.055798 152 156 158
0.245030 -0.085227 0.065902 191 193 196
0.244567 -0.084586 0.074356 193 190 194
0.246584 -0.082683 0.084081 174 176 176
0.245387 -0.083823 0.094174 202 195 194
0.244519 -0.084747 0.104644 198 191 189
0.243273 -0.075532 -0.016245 118 131 129
0.249233 -0.076750 0.002418 92 116 115
0.246871 -0.073087 0.056882 192 192 194
0.246291 -0.076464 0.062012 210 207 209
0.244139 -0.076555 0.075787 168 162 158
0.245140 -0.075895 0.083486 171 162 153
0.245768 -0.075523 0.094545 215 208 206
0.244493 -0.065165 -0.024883 146 144 140
0.244955 -0.063433 0.014424 188 182 179
0.244691 -0.065518 0.024150 204 200 201
0.245876 -0.064767 0.033648 202 199 200
0.246183 -0.063564 0.045894 182 182 183
0.244398 -0.064430 0.054606 209 203 205
0.242655 -0.068814 0.062212 222 218 220
0.244252 -0.055575 -0.003438 82 100 95
0.245104 -0.057614 0.005804 135 136 123
0.244130 -0.056565 0.014058 152 142 123
0.243981 -0.051728 0.037150 175 176 178
0.244452 -0.056274 0.044940 208 203 205
0.242939 -0.054848 0.053982 207 201 201
0.244290 -0.054845 0.065769 198 192 189
0.246182 -0.055377 0.074995 208 200 198
0.245394 -0.053638 0.085763 215 204 200
0.246746 -0.051871 0.095269 207 199 197
0.246716 -0.052493 0.106369 195 180 173
0.247415 -0.056643 0.111839 210 196 188
0.248449 -0.045911 0.018571 159 168 163
0.245100 -0.044161 0.026538 176 170 161
0.245280 -0.045165 0.033685 154 151 144
0.244190 -0.046914 0.044538 150 154 152
0.243320 -0.044987 0.053007 209 204 204
0.244076 -0.044460 0.086686 218 210 207
0.243980 -0.047445 0.094295 210 194 189
0.244717 -0.049306 0.102081 190 153 134
0.247585 -0.031917 0.016965 180 176 163
0.246771 -0.032738 0.024552 186 178 164
0.245401 -0.032201 0.045785 234 220 214
0.245344 -0.039185 0.083006 232 224 222
0.245448 -0.022618 0.007218 171 173 166
0.244545 -0.024421 0.015646 179 177 164
0.242063 -0.024026 0.026623 168 162 136
0.243809 -0.024045 0.036118 213 190 162
0.244369 -0.025516 0.044490 181 180 168
0.245189 -0.015487 -0.005064 100 139 134
0.245626 -0.015994 0.004549 137 158 153
0.244898 -0.014896 0.013189 110 135 121
0.244707 -0.015171 0.026636 210 202 191
0.242729 -0.017153 0.033058 230 204 183
0.244748 -0.003017 0.006121 184 186 160
0.242552 -0.004034 0.013941 178 180 150
0.241507 -0.006347 0.023409 182 176 146
0.244301 0.006676 -0.005269 126 142 131
0.243985 0.003097 0.004101 126 153 145
0.246887 0.014966 -0.013512 119 148 137
0.243403 0.013987 -0.005337 127 156 145
0.242730 0.015807 0.033213 120 137 112
0.246857 0.023297 -0.015195 110 156 146
0.244692 0.025484 -0.003802 71 122 106
0.242189 0.026402 0.002262 127 137 112
0.244124 0.026156 0.032642 52 114 100
0.245924 0.034801 -0.004329 120 139 112
0.244836 0.034257 0.003687 130 143 126
0.243662 0.036066 0.014903 188 184 158
0.244589 0.034398 0.033965 75 118 86
0.243652 0.043109 -0.005645 28 86 66
0.245857 0.045356 0.006070 128 156 146
0.242783 0.045748 0.013849 136 138 130
0.243300 0.045352 0.033619 79 111 105
0.245001 0.054182 0.014090 142 154 146
0.245416 0.066685 -0.003951 24 85 76
0.243968 0.064799 0.005407 116 105 95
0.242773 0.066860 0.012293 166 145 123
0.244053 0.066175 0.026405 174 160 153
0.245606 0.075495 -0.004093 25 104 88
0.244324 0.073687 0.004962 139 133 124
0.242173 0.071491 0.012802 138 121 119
0.245422 0.085609 -0.002975 74 141 133
0.245705 0.084968 0.006116 221 224 220
0.245735 0.095565 -0.003904 88 138 129
0.247584 0.105015 -0.013392 100 150 142
0.244001 0.104156 -0.003808 11 96 84
0.257011 -0.665463 -0.060849 5 96 86
0.254529 -0.663922 -0.058547 8 94 84
0.255474 -0.656079 -0.055563 3 92 84
0.254366 -0.646815 -0.044328 2 80 72
0.255213 -0.642416 -0.037296 30 92 86
0.253915 -0.634709 -0.024561 62 115 106
0.255746 -0.630900 -0.016914 150 166 163
0.255279 -0.627171 -0.013979 121 155 147
0.253786 -0.623767 -0.004223 175 181 177
0.252733 -0.620919 0.000854 182 184 179
0.256852 -0.617362 -0.002069 122 148 141
0.254920 -0.614884 0.004947 186 185 183
0.251246 -0.610969 0.010535 181 180 173
0.255979 -0.605448 0.007481 136 155 146
0.253621 -0.604681 0.012670 198 198 194
0.257961 -0.607559 0.067048 118 130 128
0.255693 -0.605850 0.070633 86 100 100
0.251739 -0.595531 -0.015587 91 114 98
0.254846 -0.596447 0.013800 111 140 129
0.254060 -0.595421 0.024197 173 173 167
0.252404 -0.591546 0.033770 176 174 172
0.254531 -0.586331 -0.013144 102 132 121
0.253734 -0.585145 -0.004881 168 167 152
0.252402 -0.580626 0.001793 170 168 154
0.252928 -0.583094 0.023601 53 74 64
0.254751 -0.587074 0.036267 175 174 169
0.253144 -0.582760 0.045759 172 169 165
0.252991 -0.581626 0.051769 198 193 191
0.250591 -0.571498 -0.033661 104 128 115
0.250812 -0.571912 -0.026484 98 100 88
0.255116 -0.575631 -0.014620 170 164 156
0.253548 -0.573240 -0.005235 121 142 129
0.254251 -0.574723 0.005584 172 170 155
0.253943 -0.574939 0.012754 160 153 140
0.255681 -0.573929 0.023862 148 155 144
0.254995 -0.577506 0.046516 170 168 162
0.254012 -0.574671 0.056377 204 199 193
0.252208 -0.572131 0.062876 215 207 201
0.252906 -0.575368 0.083737 223 216 210
0.251158 -0.563158 -0.035192 37 86 76
0.252227 -0.564157 -0.025658 164 164 152
0.252778 -0.564239 -0.016266 159 154 141
0.254079 -0.564876 -0.004410 170 165 153
0.253539 -0.562842 0.005629 134 138 126
0.252573 -0.562741 0.014189 190 188 176
0.256617 -0.565175 0.022680 195 190 178
0.254568 -0.564512 0.057399 208 200 189
0.253826 -0.564375 0.063746 222 214 208
0.254557 -0.565242 0.074490 222 214 207
0.250415 -0.552683 -0.040406 6 83 72
0.253349 -0.554214 -0.036210 11 80 69
0.254972 -0.555708 -0.025459 139 152 138
0.255944 -0.555294 -0.015379 164 160 146
0.255253 -0.555248 -0.005525 164 158 144
0.254810 -0.556163 0.005728 134 145 131
0.254592 -0.554339 0.015078 158 161 149
0.253819 -0.553577 0.023929 181 176 162
0.253994 -0.553615 0.035163 185 177 164
0.254177 -0.552822 0.045932 211 202 190
0.254327 -0.554465 0.056609 220 210 197
0.255794 -0.556919 0.063160 230 220 214
0.250870 -0.547360 -0.040665 4 81 71
0.254670 -0.544763 -0.037498 6 80 72
0.258150 -0.546742 -0.026125 85 119 107
0.258519 -0.546282 -0.015462 122 130 119
0.258119 -0.545277 -0.004539 162 158 146
0.257482 -0.544529 0.004980 172 166 153
0.255227 -0.543629 0.016313 167 168 158
0.256324 -0.544641 0.025011 174 168 155
0.256889 -0.546164 0.034969 199 189 178
0.256511 -0.545519 0.045383 231 220 215
0.255828 -0.546997 0.054552 225 213 207
0.257090 -0.547196 0.062905 230 220 214
0.253702 -0.535813 -0.035894 4 77 70
0.259032 -0.535914 0.006513 192 186 176
0.258585 -0.536872 0.015465 193 186 175
0.257362 -0.535750 0.025136 200 194 182
0.258670 -0.536310 0.034080 212 202 190
0.259626 -0.539002 0.041313 230 220 214
0.254913 -0.524697 -0.024361 9 59 53
0.256580 -0.523318 -0.012935 36 72 64
0.257006 -0.522446 -0.006328 76 94 90
0.255571 -0.525387 0.025371 218 210 200
0.254549 -0.515773 0.005396 184 181 176
0.256736 -0.513306 0.015207 206 198 190
0.254358 -0.504687 0.016443 216 204 196
0.259156 -0.505149 0.021009 226 214 208
0.255005 -0.494967 0.016171 226 213 208
0.254983 -0.485768 0.013162 238 224 218
0.255113 -0.474356 0.007180 234 220 215
0.255888 -0.476724 0.013712 202 188 180
0.251619 -0.473577 0.025557 164 156 144
0.254230 -0.464573 -0.014200 94 100 88
0.255366 -0.463787 -0.003325 148 141 128
0.255717 -0.465475 0.004541 192 180 169
0.251121 -0.463900 0.025307 182 174 164
0.252263 -0.454341 -0.023446 53 88 76
0.254767 -0.454052 -0.015573 99 115 105
0.257120 -0.456470 -0.004071 160 154 143
0.256900 -0.456774 0.003237 160 163 154
0.253212 -0.457901 0.016623 196 186 175
0.252752 -0.456786 0.024059 220 214 202
0.254878 -0.445701 -0.041775 116 152 144
0.254896 -0.443906 -0.035273 130 152 144
0.254114 -0.446295 -0.022943 122 125 114
0.255248 -0.446609 -0.014239 103 123 112
0.257493 -0.445217 -0.006315 186 176 167
0.252754 -0.443033 0.003181 122 156 150
0.254675 -0.434713 -0.043819 72 114 105
0.257019 -0.435391 -0.036068 137 167 160
0.254122 -0.435791 -0.027296 218 213 206
0.258055 -0.438055 -0.015190 185 177 166
0.254017 -0.437151 -0.006029 116 150 142
0.254135 -0.434853 0.004173 85 136 128
0.254093 -0.424517 -0.043643 61 122 114
0.252817 -0.423112 0.004975 0 78 67
0.254199 -0.415357 -0.042785 48 116 112
0.254349 -0.413957 -0.037441 47 105 100
0.255460 -0.404164 -0.042783 69 130 118
0.257329 -0.404577 -0.038557 67 131 119
0.254732 -0.402902 0.007092 46 108 104
0.252892 -0.394832 -0.041150 44 117 112
0.255146 -0.395260 -0.039064 71 136 128
0.254074 -0.396053 0.007194 50 108 104
0.252703 -0.385219 -0.040748 2 100 92
0.256157 -0.384917 -0.038077 53 128 122
0.254774 -0.376219 -0.035974 55 111 108
0.255437 -0.363243 -0.041118 0 90 84
0.256139 -0.365684 -0.037589 118 162 160
0.257504 -0.362754 0.003591 70 108 108
0.254615 -0.354529 -0.041380 1 88 85
0.254588 -0.353975 -0.038876 64 117 111
0.255991 -0.355684 0.004489 70 96 96
0.256173 -0.352402 0.013948 66 94 95
0.254926 -0.344640 -0.042391 4 72 68
0.256131 -0.345781 -0.036818 100 150 148
0.255148 -0.348443 0.016328 73 107 108
0.254600 -0.346144 0.025406 82 118 119
0.254974 -0.343423 0.034964 89 123 124
0.254357 -0.341407 0.042989 102 130 130
0.255974 -0.336995 -0.042428 0 44 42
0.253856 -0.335353 -0.035563 41 69 69
0.253282 -0.332273 -0.026131 81 108 109
0.254390 -0.336888 0.036188 92 120 122
0.254520 -0.337376 0.043277 107 134 135
0.256381 -0.334056 0.054894 86 118 120
0.256503 -0.326295 -0.034997 116 138 138
0.252686 -0.324454 -0.023709 119 150 148
0.255154 -0.324658 -0.012653 14 90 88
0.256017 -0.321650 -0.009537 14 90 87
0.254108 -0.324690 0.058164 161 166 170
0.255278 -0.324883 0.064728 160 171 176
0.256516 -0.324006 0.076407 166 175 176
0.258225 -0.322463 0.084337 154 164 166
0.255415 -0.314896 -0.011570 29 106 103
0.254293 -0.302877 -0.023628 102 132 132
0.253354 -0.305105 -0.016543 76 136 135
0.254030 -0.306333 0.037866 121 166 160
0.256369 -0.307114 0.045015 60 110 102
0.256203 -0.306702 0.085043 183 184 188
0.253953 -0.294799 -0.022394 42 84 82
0.253155 -0.294088 -0.017439 54 97 95
0.256681 -0.295300 0.027378 85 104 104
0.255792 -0.294375 0.034274 96 111 110
0.256876 -0.295743 0.044464 64 107 100
0.257903 -0.295588 0.054363 20 76 68
0.253542 -0.285313 -0.023515 113 152 150
0.256316 -0.282003 -0.003977 114 132 128
0.255048 -0.284683 0.005259 208 208 205
0.255300 -0.285561 0.032415 82 105 104
0.253555 -0.282550 0.074417 168 177 178
0.254760 -0.275769 -0.023547 82 119 116
0.253796 -0.275659 -0.017355 82 114 111
0.253257 -0.273626 -0.002298 124 147 144
0.255128 -0.272905 0.004303 214 210 209
0.254733 -0.274598 0.010979 212 206 204
0.252331 -0.268458 -0.023076 114 126 125
0.253335 -0.265083 -0.016044 148 153 151
0.255265 -0.265693 -0.006201 226 224 221
0.253965 -0.263794 0.093665 210 205 208
0.252883 -0.266787 0.109024 192 190 193
0.254903 -0.254860 -0.016142 40 80 74
0.254464 -0.256879 -0.005996 180 184 181
0.254971 -0.256901 0.003702 138 136 133
0.255722 -0.243802 -0.013949 89 101 97
0.255348 -0.243896 -0.007101 188 187 184
0.254505 -0.246249 0.046965 198 191 193
0.254125 -0.245647 0.054689 198 192 194
0.254926 -0.241089 0.081586 208 180 140
0.252309 -0.243460 0.135215 198 160 161
0.252433 -0.237142 -0.012526 11 29 27
0.256513 -0.233259 -0.004283 147 156 151
0.256814 -0.231911 0.026316 68 102 94
0.257057 -0.234508 0.031771 158 164 162
0.255334 -0.234663 0.044712 166 173 172
0.255497 -0.233105 0.055047 122 130 128
0.253903 -0.235392 0.064378 161 159 154
0.254218 -0.235496 0.075133 185 170 152
0.252849 -0.233283 0.082167 189 172 170
0.252337 -0.237566 0.135160 186 182 187
0.253511 -0.225319 -0.013578 87 114 108
0.255080 -0.226470 -0.004775 136 150 144
0.255840 -0.224032 0.004004 133 117 107
0.256486 -0.222869 0.013824 112 72 62
0.255373 -0.226687 0.027496 21 60 52
0.253669 -0.224725 0.035259 26 58 51
0.254159 -0.225186 0.043063 43 78 71
0.253333 -0.222757 0.104890 212 202 204
0.258336 -0.222352 0.113662 191 186 188
0.255282 -0.213392 -0.013307 162 164 162
0.254161 -0.214850 -0.006700 204 194 191
0.253519 -0.213936 0.006454 184 156 154
0.254564 -0.216000 0.014169 198 139 134
0.255557 -0.213717 0.026514 209 168 163
0.254933 -0.213387 0.033234 217 154 146
0.256065 -0.215393 0.044630 98 130 124
0.258071 -0.218853 0.104778 202 193 196
0.253642 -0.204288 -0.022394 104 118 114
0.254027 -0.204104 -0.016965 124 132 129
0.254823 -0.205501 -0.004208 110 128 124
0.254539 -0.207246 0.003960 176 149 147
0.255957 -0.207719 0.016521 200 142 136
0.255603 -0.207796 0.024803 206 147 140
0.254757 -0.203404 0.035942 193 166 162
0.253523 -0.203769 0.044006 202 159 156
0.253609 -0.204902 0.054831 168 156 150
0.254706 -0.204425 0.065258 111 149 146
0.255128 -0.204677 0.116600 152 147 148
0.254903 -0.203545 0.126082 185 178 179
0.254745 -0.196619 -0.014029 146 152 148
0.254885 -0.194804 -0.008483 194 189 188
0.253478 -0.193862 0.005891 90 115 106
0.255442 -0.192217 0.015583 177 173 171
0.254498 -0.194058 0.025555 202 182 178
0.254181 -0.193531 0.034531 203 148 141
0.254450 -0.194954 0.044295 210 186 184
0.255848 -0.196781 0.053977 202 200 204
0.253338 -0.192979 0.075582 137 161 159
0.254509 -0.191564 0.082552 88 134 126
0.255507 -0.196791 0.126682 190 190 192
0.255682 -0.196484 0.133124 185 183 185
0.253674 -0.193635 0.142947 178 172 174
0.255519 -0.184554 -0.013284 184 180 179
0.252871 -0.186551 -0.007114 148 153 150
0.255050 -0.184640 0.026577 207 173 167
0.252668 -0.185119 0.036145 220 190 186
0.253414 -0.187721 0.042931 168 164 165
0.255684 -0.188337 0.053249 116 114 115
0.256265 -0.187164 0.065178 182 180 182
0.255210 -0.186413 0.075065 192 190 193
0.253299 -0.183147 0.083919 202 200 202
0.254499 -0.184198 0.106199 192 190 192
0.255574 -0.185244 0.124035 210 206 206
0.257430 -0.177704 -0.015354 96 112 107
0.257645 -0.177104 -0.003952 183 177 174
0.257568 -0.175856 0.003277 210 194 192
0.256712 -0.172538 0.013824 208 156 149
0.254608 -0.175382 0.022940 212 156 147
0.255484 -0.176481 0.036218 197 186 182
0.259192 -0.172279 0.047719 217 212 208
0.255327 -0.173202 0.066089 148 148 143
0.254573 -0.176478 0.076150 170 167 165
0.254015 -0.173333 0.083937 206 200 204
0.257198 -0.173066 0.094640 196 192 194
0.256348 -0.175846 0.104190 200 194 198
0.255853 -0.178949 0.113182 207 202 203
0.256332 -0.162198 -0.003111 208 174 170
0.254930 -0.164749 0.004577 224 185 179
0.253436 -0.164536 0.012915 227 189 184
0.254385 -0.164087 0.025115 182 176 178
0.255863 -0.165202 0.046632 118 116 114
0.255980 -0.163668 0.056667 160 158 156
0.253396 -0.164761 0.062459 174 170 168
0.253338 -0.164604 0.073082 204 198 195
0.255364 -0.165613 0.082717 203 199 202
0.255889 -0.155889 -0.004538 160 122 108
0.251889 -0.158081 0.002146 188 146 132
0.256385 -0.156932 0.018233 218 214 214
0.255098 -0.156018 0.025237 214 208 208
0.256558 -0.154475 0.034759 208 203 205
0.254185 -0.154276 0.043997 181 178 175
0.254087 -0.155359 0.052493 195 190 188
0.257522 -0.154876 0.076044 209 206 206
0.252724 -0.155642 0.084181 215 208 209
0.254223 -0.141839 -0.004383 172 172 174
0.254684 -0.145593 0.006024 117 141 138
0.252549 -0.145475 0.015289 117 139 135
0.256961 -0.142942 0.025438 98 121 117
0.255455 -0.142299 0.034156 196 190 186
0.256573 -0.143456 0.056522 159 164 161
0.255129 -0.142160 0.066200 156 160 160
0.253354 -0.144085 0.075800 208 209 212
0.252097 -0.146219 0.082979 217 216 220
0.255380 -0.145099 0.104136 132 158 155
0.255832 -0.133666 -0.021946 136 155 153
0.254843 -0.136822 -0.015901 187 187 188
0.254934 -0.139659 -0.007580 173 171 174
0.254668 -0.135070 0.016837 75 79 75
0.257962 -0.133542 0.027978 74 100 91
0.255314 -0.136329 0.033764 80 104 96
0.254885 -0.133642 0.044998 83 114 109
0.254914 -0.135949 0.054265 148 152 152
0.254809 -0.136395 0.065245 180 182 184
0.254271 -0.136801 0.074589 200 201 203
0.253454 -0.134321 0.084611 214 208 210
0.254396 -0.131932 0.125978 178 175 176
0.254636 -0.126439 -0.020918 112 132 126
0.255257 -0.124438 -0.017883 129 138 132
0.254344 -0.123998 -0.005127 163 157 151
0.255637 -0.124212 0.003646 134 130 123
0.252917 -0.124086 0.014996 148 147 140
0.254989 -0.123379 0.026223 144 147 145
0.252600 -0.122744 0.033471 152 154 151
0.254671 -0.126033 0.044670 181 179 176
0.253772 -0.126049 0.053065 125 148 142
0.256060 -0.126695 0.065837 150 171 170
0.252271 -0.129285 0.077075 213 210 214
0.256955 -0.122285 0.096787 225 220 223
0.252499 -0.124772 0.106089 233 226 226
0.251888 -0.123281 0.117793 236 224 222
0.255844 -0.115018 -0.003445 132 129 126
0.253930 -0.114680 0.004943 167 163 160
0.254871 -0.116542 0.015104 159 159 156
0.254751 -0.117504 0.024932 151 150 146
0.252834 -0.117334 0.033299 129 138 132
0.255125 -0.114728 0.074765 173 185 184
0.254499 -0.114227 0.087710 153 174 172
0.256063 -0.115587 0.092370 155 177 175
0.254585 -0.112673 0.136145 240 228 228
0.257414 -0.115621 0.145993 242 234 233
0.254765 -0.105182 -0.015281 138 140 140
0.255490 -0.106808 -0.005851 164 163 161
0.254017 -0.106670 0.007959 125 144 137
0.258374 -0.105036 0.012991 102 132 123
0.255158 -0.104161 0.027535 94 118 112
0.253170 -0.106139 0.035771 145 154 150
0.254048 -0.107356 0.043292 102 110 108
0.253801 -0.104160 0.055674 226 215 216
0.255015 -0.104207 0.064704 230 221 223
0.254744 -0.104141 0.074348 239 233 233
0.255582 -0.109089 0.085222 229 223 223
0.254681 -0.103496 0.096943 150 156 152
0.255338 -0.103469 0.104832 162 162 161
0.254157 -0.102967 0.115055 222 218 218
0.251760 -0.103266 0.122750 240 233 235
0.255577 -0.109055 0.134126 242 232 232
0.257419 -0.107501 0.142895 213 204 198
0.252432 -0.096604 -0.016080 103 120 112
0.254965 -0.097293 0.047383 170 172 171
0.254234 -0.096487 0.054318 219 212 212
0.254384 -0.092980 0.066461 161 167 166
0.256530 -0.097917 0.073382 242 236 234
0.253730 -0.096702 0.086086 178 177 176
0.255464 -0.093725 0.095783 217 211 211
0.255007 -0.093215 0.105402 240 234 234
0.256023 -0.094212 0.114314 221 210 207
0.254426 -0.094414 0.123092 209 200 198
0.254513 -0.082306 0.004524 170 170 172
0.255421 -0.083860 0.055975 145 156 155
0.257527 -0.085841 0.064375 144 155 154
0.254342 -0.083077 0.076787 153 157 155
0.254218 -0.083638 0.084657 177 177 177
0.253121 -0.081904 0.093092 191 177 160
0.256908 -0.088266 0.106974 204 182 166
0.256343 -0.073511 -0.016186 176 176 178
0.255413 -0.076318 -0.005828 148 157 157
0.254916 -0.071295 0.046990 205 201 203
0.253623 -0.074542 0.054281 203 200 203
0.255655 -0.075157 0.064500 184 182 184
0.255753 -0.077034 0.073842 93 112 108
0.255838 -0.077842 0.086442 205 181 160
0.255020 -0.076582 0.094457 233 226 224
0.253932 -0.064892 -0.022289 80 99 94
0.251849 -0.062438 0.015867 178 176 176
0.253571 -0.063423 0.026208 162 162 160
0.255740 -0.065334 0.036593 202 197 198
0.255402 -0.064923 0.044883 202 197 196
0.254337 -0.064540 0.052363 204 198 195
0.255412 -0.064048 0.106681 197 188 188
0.255440 -0.062598 0.113442 198 192 188
0.255965 -0.052647 0.034107 186 186 184
0.255424 -0.055137 0.043880 193 189 187
0.257052 -0.055552 0.054988 207 201 198
0.255952 -0.055591 0.065357 207 202 197
0.255048 -0.055499 0.075036 200 194 190
0.255215 -0.055337 0.085866 219 211 206
0.255032 -0.053388 0.094713 213 207 204
0.254847 -0.053696 0.105524 196 176 161
0.253631 -0.056950 0.112701 196 178 166
0.254637 -0.046413 0.026496 178 179 178
0.253676 -0.045834 0.035605 153 153 149
0.257169 -0.044928 0.047009 196 191 187
0.257261 -0.045035 0.052581 215 209 205
0.259589 -0.043456 0.075451 210 205 204
0.254152 -0.043941 0.086739 224 215 212
0.255753 -0.047808 0.092057 222 213 210
0.255152 -0.033380 0.015593 194 194 191
0.253659 -0.035073 0.023038 198 196 194
0.256488 -0.032844 0.046895 225 221 219
0.255388 -0.035420 0.053855 198 199 196
0.255605 -0.034697 0.066095 168 178 176
0.257050 -0.036702 0.072380 196 198 195
0.255972 -0.023443 0.037347 122 160 156
0.255582 -0.025354 0.044694 183 196 193
0.255410 -0.027121 0.054457 128 166 161
0.253881 -0.013422 -0.004708 111 145 141
0.254721 -0.014553 0.026864 242 236 235
0.255472 -0.006571 -0.006102 95 136 128
0.254055 -0.006529 0.003824 174 180 176
0.256739 0.004508 -0.012268 194 176 152
0.255053 0.005706 -0.005965 112 157 149
0.253742 0.015930 -0.017927 126 158 142
0.255070 0.026809 -0.021957 90 148 138
0.254948 0.025277 -0.016560 86 136 114
0.252476 0.025813 -0.006562 90 126 101
0.256458 0.034698 -0.020704 87 138 114
0.255218 0.035397 -0.017563 82 126 96
0.252689 0.036877 -0.004973 74 118 104
0.256862 0.041880 -0.020174 38 106 89
0.255356 0.043529 -0.017752 90 141 127
0.254622 0.044301 -0.004412 100 148 136
0.256963 0.057186 -0.002702 130 148 126
0.253335 0.057421 0.003029 201 200 190
0.257028 0.064132 -0.015462 80 138 123
0.255321 0.065275 -0.002960 85 122 97
0.251084 0.063582 0.002707 143 158 148
0.255982 0.075243 -0.003696 64 116 104
0.251191 0.075887 0.004634 113 145 138
0.254644 0.085142 -0.004888 73 140 129
0.257887 0.095514 -0.014289 112 162 154
0.253961 0.094478 -0.003952 40 114 104
0.253965 0.103246 -0.016655 111 161 154
0.264760 -0.662803 -0.057795 7 91 84
0.265246 -0.655687 -0.055390 4 90 84
0.265506 -0.644221 -0.045612 6 79 74
0.263128 -0.640434 -0.038585 18 84 77
0.268590 -0.638965 -0.040763 2 74 70
0.265754 -0.636055 -0.033334 84 136 133
0.263394 -0.631904 -0.024530 110 146 144
0.267779 -0.629008 -0.023965 126 154 152
0.265568 -0.624564 -0.015164 192 202 200
0.262242 -0.621764 -0.007191 188 191 191
0.265627 -0.615448 -0.003336 188 190 190
0.262604 -0.612483 0.001218 184 186 186
0.265112 -0.605728 0.004966 190 192 191
0.266831 -0.605250 0.066209 149 153 153
0.265698 -0.596050 0.014678 190 192 192
0.264809 -0.591999 0.022273 187 188 188
0.265849 -0.596262 0.074557 148 150 147
0.269288 -0.585666 0.015128 110 146 142
0.265523 -0.584480 0.035091 186 188 184
0.263373 -0.581366 0.043160 179 180 177
0.265580 -0.574484 0.015019 47 114 110
0.264489 -0.572108 0.021825 148 178 176
0.266774 -0.576519 0.046513 195 196 193
0.263929 -0.573230 0.055024 207 206 204
0.266728 -0.564542 0.016011 116 155 150
0.265034 -0.563861 0.021669 128 160 154
0.266156 -0.565841 0.057995 220 216 213
0.266004 -0.554986 0.015931 122 158 152
0.267722 -0.555621 0.021857 118 154 150
0.262827 -0.553417 0.057298 223 215 204
0.263792 -0.553848 0.064013 238 230 224
0.263742 -0.555164 0.075744 228 218 210
0.264896 -0.544439 -0.014092 177 170 158
0.264187 -0.543334 -0.005160 179 172 159
0.267605 -0.547202 0.015385 119 148 145
0.261683 -0.543034 0.046691 225 215 206
0.265097 -0.544658 0.055640 235 226 218
0.266500 -0.547449 0.062068 242 234 226
0.265409 -0.536767 -0.004339 178 172 159
0.265050 -0.535842 0.004602 203 194 185
0.264718 -0.536429 0.013239 218 208 201
0.260590 -0.531866 0.027044 213 204 195
0.261512 -0.533969 0.036848 218 209 198
0.264995 -0.534893 0.045155 231 220 213
0.268108 -0.537869 0.052011 233 225 219
0.262339 -0.523910 0.026672 218 208 200
0.264201 -0.524999 0.036208 227 215 208
0.267571 -0.527211 0.042513 231 221 214
0.264703 -0.514570 0.026115 226 216 210
0.265660 -0.515792 0.034991 231 219 210
0.265145 -0.504952 0.023526 230 218 214
0.263315 -0.494204 0.018108 230 216 210
0.265660 -0.495847 0.023837 233 220 212
0.264836 -0.485151 0.015050 235 221 216
0.261622 -0.473986 0.008458 222 206 200
0.264488 -0.475118 0.014389 222 208 200
0.262912 -0.464760 0.007522 222 206 200
0.265704 -0.464876 0.013342 221 206 197
0.261444 -0.452888 -0.001498 146 151 140
0.263859 -0.453688 0.006602 151 159 150
0.266337 -0.455580 0.013066 210 200 192
0.266856 -0.453907 0.024270 210 200 192
0.261623 -0.441452 -0.034827 144 157 146
0.260691 -0.443830 -0.002268 134 149 140
0.265671 -0.445459 0.006573 123 144 138
0.267702 -0.446047 0.012906 198 188 179
0.264647 -0.433217 -0.042605 92 138 125
0.263306 -0.434199 -0.035420 98 144 134
0.263197 -0.433878 -0.025028 110 142 132
0.262734 -0.434623 -0.013830 154 158 146
0.263417 -0.435231 -0.004462 191 184 174
0.266041 -0.435608 0.006465 151 168 163
0.268361 -0.435735 0.012298 122 144 138
0.262696 -0.423898 -0.040680 0 107 99
0.266605 -0.426759 0.006699 121 152 147
0.264044 -0.413775 -0.044302 117 170 165
0.264088 -0.405719 -0.043682 92 137 118
0.264256 -0.403499 -0.038234 0 108 97
0.263912 -0.395436 -0.038369 0 108 98
0.264284 -0.384614 -0.043065 83 143 138
0.264367 -0.385585 -0.038633 0 108 98
0.263185 -0.375557 -0.041912 67 116 112
0.265949 -0.376231 -0.038794 0 107 97
0.266766 -0.372867 0.006462 11 79 72
0.262886 -0.363547 -0.042387 65 128 119
0.265115 -0.365217 0.005390 48 94 92
0.263083 -0.354194 -0.042270 44 109 102
0.263824 -0.357767 0.006873 76 105 104
0.264631 -0.354878 0.012981 72 102 101
0.263939 -0.344170 -0.042099 58 115 110
0.263916 -0.346192 0.036319 86 134 134
0.264430 -0.337295 -0.042972 36 64 64
0.262914 -0.334900 -0.037338 64 92 90
0.263237 -0.337518 0.045634 90 126 128
0.264192 -0.335054 0.054882 88 122 122
0.265571 -0.333622 0.062749 82 118 118
0.265364 -0.333193 0.079857 78 111 111
0.266637 -0.332501 0.085048 76 108 111
0.264840 -0.326251 -0.044247 112 136 136
0.262606 -0.326958 -0.036787 116 140 140
0.264686 -0.324844 -0.012649 5 90 86
0.266561 -0.321723 -0.009150 14 102 98
0.262698 -0.323696 0.076426 156 164 166
0.264195 -0.324026 0.084696 158 169 174
0.264658 -0.313772 -0.012008 12 98 96
0.265446 -0.301789 -0.020466 8 84 82
0.265779 -0.305529 -0.017039 16 96 92
0.267026 -0.301256 0.027017 97 114 112
0.266266 -0.302537 0.034937 73 119 114
0.266002 -0.302462 0.044365 103 154 147
0.266421 -0.303281 0.053969 101 146 140
0.263795 -0.296704 -0.021645 4 69 64
0.263805 -0.298184 -0.017643 14 77 72
0.266970 -0.295820 0.005458 112 123 122
0.263811 -0.297368 0.027252 88 106 105
0.264298 -0.295709 0.034515 96 110 109
0.263957 -0.297553 0.044850 150 176 173
0.263310 -0.297079 0.053866 64 119 112
0.266454 -0.283082 -0.021421 14 67 63
0.266024 -0.282440 -0.016131 28 74 70
0.265036 -0.285418 -0.004537 133 152 148
0.263678 -0.286238 0.003884 218 214 212
0.262748 -0.278065 -0.021177 10 66 62
0.263568 -0.276462 -0.015176 30 75 72
0.267446 -0.272244 -0.005935 220 218 215
0.264445 -0.274788 0.004236 204 201 200
0.265141 -0.262340 -0.013656 110 126 122
0.265874 -0.264843 -0.006236 188 188 184
0.263727 -0.256548 -0.015688 16 60 52
0.265683 -0.251458 0.063933 217 209 207
0.264370 -0.245609 -0.012890 46 62 58
0.264331 -0.245718 -0.004651 137 161 154
0.266906 -0.243817 0.005258 100 120 116
0.266445 -0.244793 0.015233 188 182 180
0.266526 -0.242613 0.036347 185 180 181
0.264302 -0.246005 0.047073 182 178 179
0.264670 -0.245842 0.054765 184 179 181
0.264602 -0.248719 0.064406 217 209 207
0.263840 -0.235093 -0.003511 154 157 154
0.265360 -0.235995 0.004054 113 142 135
0.264391 -0.235023 0.014544 67 112 103
0.263099 -0.234101 0.026979 182 182 182
0.265114 -0.235245 0.033520 192 188 188
0.261530 -0.232342 0.053906 86 100 100
0.264845 -0.225208 -0.004494 136 133 129
0.262272 -0.226790 0.004292 139 110 102
0.264324 -0.226693 0.026005 63 91 87
0.264683 -0.224490 0.034381 119 143 140
0.264209 -0.226672 0.044613 166 162 163
0.265737 -0.215213 -0.015811 156 153 150
0.262935 -0.218663 -0.006745 210 188 185
0.265064 -0.216639 0.016006 212 155 146
0.262927 -0.213826 0.022760 218 158 148
0.266535 -0.217159 0.034841 131 153 149
0.266757 -0.213216 0.044952 78 115 110
0.264959 -0.215485 0.096456 199 194 198
0.263016 -0.218047 0.106643 203 196 200
0.264443 -0.203149 -0.005505 168 141 136
0.264542 -0.204207 0.005193 204 144 136
0.263910 -0.206257 0.014736 212 154 146
0.261504 -0.204463 0.024757 201 161 157
0.263104 -0.203480 0.032846 172 170 172
0.263849 -0.206958 0.055169 128 155 149
0.263596 -0.204199 0.062705 141 168 166
0.264900 -0.194263 -0.011847 168 162 158
0.264333 -0.197799 -0.009322 177 166 164
0.264757 -0.194125 0.016703 208 202 200
0.264917 -0.196546 0.025694 184 181 182
0.264201 -0.193291 0.035256 164 161 162
0.263956 -0.195238 0.043115 199 195 199
0.263308 -0.197668 0.057117 212 211 214
0.262040 -0.197314 0.124964 192 192 193
0.265020 -0.185496 -0.016201 171 170 167
0.265413 -0.181425 -0.004703 182 177 178
0.268709 -0.184628 0.005028 166 162 159
0.265535 -0.183860 0.014376 176 174 171
0.263879 -0.182472 0.025333 203 195 195
0.262620 -0.186084 0.033874 201 198 200
0.267941 -0.185038 0.047565 189 187 184
0.266217 -0.186662 0.052823 137 138 135
0.263539 -0.183696 0.064728 185 184 188
0.262825 -0.182770 0.073336 182 179 182
0.267142 -0.182327 0.095265 192 188 186
0.264669 -0.184231 0.115685 218 214 214
0.265890 -0.177754 -0.013508 147 153 151
0.266042 -0.174965 -0.005831 195 187 185
0.264849 -0.174786 0.004215 180 176 176
0.264103 -0.175066 0.016930 181 174 174
0.263611 -0.176349 0.023526 136 140 138
0.267351 -0.172565 0.035353 106 124 119
0.264752 -0.174271 0.046624 156 156 150
0.262675 -0.175240 0.053984 166 165 160
0.268060 -0.177672 0.065202 204 199 201
0.262926 -0.177673 0.074987 186 183 188
0.265199 -0.172879 0.084819 191 189 191
0.265924 -0.175777 0.094534 198 195 196
0.265134 -0.175730 0.103358 213 207 207
0.265375 -0.164433 -0.012400 184 176 173
0.264195 -0.165589 -0.005064 203 191 188
0.263852 -0.162956 0.003581 182 178 177
0.266684 -0.162299 0.026946 140 136 130
0.265095 -0.164741 0.034390 162 160 155
0.262633 -0.166681 0.052607 98 118 110
0.268317 -0.165330 0.067255 188 184 188
0.267000 -0.165954 0.073807 207 203 207
0.266577 -0.165715 0.085891 225 222 221
0.264206 -0.167136 0.094962 196 195 196
0.265764 -0.155865 -0.013188 170 160 156
0.267374 -0.158516 0.005797 210 207 204
0.266179 -0.155565 0.015724 195 192 188
0.265012 -0.154279 0.024604 214 208 205
0.264100 -0.155649 0.034354 194 191 192
0.263325 -0.156646 0.044670 165 164 164
0.268380 -0.155612 0.056870 162 179 180
0.265349 -0.155673 0.064561 98 133 130
0.262887 -0.152948 0.083662 106 132 130
0.265148 -0.143616 -0.015011 210 200 196
0.266078 -0.145951 -0.004669 114 144 140
0.265668 -0.146228 0.004346 126 142 136
0.263348 -0.143183 0.013686 94 129 118
0.266824 -0.146590 0.025362 199 194 193
0.264413 -0.145933 0.032782 199 193 191
0.265655 -0.141206 0.046968 181 182 181
0.264517 -0.145106 0.058310 185 185 188
0.267892 -0.147529 0.076259 100 121 118
0.266493 -0.142928 0.145792 228 218 220
0.266350 -0.140841 0.153684 148 143 142
0.264667 -0.134326 -0.022761 128 149 147
0.263795 -0.135567 -0.018738 159 174 171
0.265791 -0.134029 -0.005296 180 176 170
0.265470 -0.134504 0.007625 144 144 137
0.266224 -0.133812 0.015443 101 116 109
0.264943 -0.134328 0.026392 86 95 90
0.265741 -0.134800 0.034767 175 174 173
0.264788 -0.136468 0.044886 172 174 174
0.263587 -0.136020 0.054756 173 176 176
0.265038 -0.134923 0.064279 224 219 220
0.262770 -0.131462 0.073107 216 210 210
0.267896 -0.133985 0.104877 173 179 175
0.265580 -0.131922 0.116692 157 166 165
0.266358 -0.131844 0.123899 158 169 169
0.264809 -0.138520 0.137306 238 226 228
0.265915 -0.138463 0.151729 160 155 153
0.265504 -0.125239 -0.021645 128 136 129
0.265380 -0.125315 -0.017330 115 121 116
0.263283 -0.126264 -0.006002 111 113 106
0.264842 -0.127002 0.004883 98 104 98
0.267661 -0.123254 0.016836 167 166 165
0.265833 -0.124483 0.025977 148 150 149
0.264850 -0.125894 0.033011 186 182 179
0.264935 -0.125153 0.042745 160 163 156
0.264659 -0.122847 0.055230 224 219 222
0.264254 -0.123426 0.076603 118 127 130
0.264871 -0.124734 0.085030 151 163 159
0.265303 -0.122767 0.094548 204 206 205
0.262789 -0.125310 0.104986 190 188 192
0.266372 -0.126769 0.115905 216 209 209
0.265934 -0.126591 0.125558 198 196 194
0.263273 -0.114081 -0.001613 180 172 172
0.265477 -0.114347 0.004338 179 176 174
0.264665 -0.116641 0.014374 203 199 200
0.261731 -0.117231 0.024348 207 201 198
0.261503 -0.114695 0.032864 198 190 186
0.267469 -0.112331 0.046796 148 170 168
0.265659 -0.115276 0.054462 145 155 154
0.265537 -0.114501 0.064973 162 166 166
0.265323 -0.113522 0.076047 202 204 203
0.265260 -0.115437 0.084692 211 210 212
0.265580 -0.116649 0.094238 227 222 221
0.266921 -0.116686 0.103685 235 229 228
0.264953 -0.115836 0.113716 244 238 236
0.265733 -0.110841 0.125371 240 230 230
0.268292 -0.113532 0.135353 242 231 232
0.267043 -0.102016 -0.022658 166 168 170
0.264147 -0.104858 -0.015199 172 174 176
0.261611 -0.106455 -0.005995 158 163 165
0.263439 -0.104077 0.015019 28 92 80
0.266011 -0.105726 0.024894 101 139 130
0.263006 -0.106532 0.036773 180 189 188
0.265978 -0.105235 0.045205 189 191 192
0.263997 -0.104196 0.054571 210 206 208
0.264997 -0.103522 0.065320 214 211 213
0.264687 -0.107277 0.074033 162 172 170
0.264806 -0.108340 0.082984 181 177 179
0.264338 -0.101188 0.105511 220 212 212
0.264781 -0.104705 0.115613 240 233 233
0.266696 -0.107802 0.124354 240 230 230
0.266095 -0.105471 0.134768 214 204 201
0.263433 -0.107722 0.143209 218 210 206
0.266052 -0.097552 -0.013805 86 122 116
0.265696 -0.094669 0.026289 90 130 126
0.266408 -0.095775 0.033161 122 148 147
0.267066 -0.095712 0.044569 125 151 149
0.265549 -0.096005 0.052387 164 176 173
0.266118 -0.095775 0.064296 236 232 229
0.265441 -0.092451 0.074788 186 179 174
0.263858 -0.093216 0.086079 201 192 191
0.265057 -0.094808 0.095778 223 216 216
0.264099 -0.096829 0.106282 237 231 231
0.264024 -0.094945 0.113652 234 212 193
0.263241 -0.082904 0.045134 166 172 172
0.265284 -0.083715 0.054912 178 178 177
0.265064 -0.085946 0.063684 148 164 160
0.263318 -0.083509 0.076044 142 159 157
0.265927 -0.085677 0.085098 175 184 180
0.265353 -0.087630 0.094518 165 171 168
0.264038 -0.087517 0.105137 211 180 148
0.266784 -0.075347 0.035375 185 182 182
0.266328 -0.072899 0.045217 185 183 184
0.263954 -0.073439 0.054141 195 194 194
0.264549 -0.075121 0.064966 183 182 182
0.264887 -0.077085 0.075671 86 120 115
0.262865 -0.076889 0.084307 178 193 189
0.267057 -0.065527 0.036874 196 194 195
0.264880 -0.067299 0.044328 184 185 185
0.263982 -0.066922 0.053584 188 188 187
0.268610 -0.063954 0.065392 220 217 216
0.266245 -0.064466 0.072779 228 224 223
0.265579 -0.065620 0.106066 201 198 196
0.264359 -0.065273 0.112484 201 199 198
0.264008 -0.053589 0.027763 196 196 198
0.267378 -0.055875 0.034452 199 200 201
0.267232 -0.053157 0.046650 229 226 224
0.264121 -0.053271 0.066347 160 171 168
0.264786 -0.054734 0.075393 188 188 185
0.265303 -0.056428 0.085790 209 205 201
0.265237 -0.055049 0.094106 226 220 218
0.265070 -0.056540 0.105163 222 214 204
0.265674 -0.058324 0.112256 220 200 173
0.267337 -0.042200 0.018108 194 196 198
0.266643 -0.044168 0.025114 191 190 191
0.265840 -0.043492 0.035111 182 185 183
0.264688 -0.044695 0.045489 205 203 199
0.264345 -0.044061 0.053783 213 211 208
0.264449 -0.044288 0.076293 196 200 197
0.265257 -0.047201 0.086027 214 217 214
0.262796 -0.049131 0.091458 216 210 208
0.263766 -0.034326 0.005943 166 177 176
0.266677 -0.037725 0.016208 192 194 196
0.266141 -0.038227 0.023548 195 199 198
0.265551 -0.034452 0.036637 172 186 186
0.264615 -0.034854 0.045748 222 224 223
0.265165 -0.034235 0.054337 198 211 207
0.265305 -0.038774 0.071840 128 170 166
0.265672 -0.022670 -0.003455 81 132 126
0.264222 -0.023272 0.037111 169 191 188
0.265519 -0.025795 0.042620 173 199 195
0.263632 -0.028949 0.054333 129 166 165
0.265605 -0.014556 -0.005520 80 129 122
0.265278 -0.011481 0.015980 244 236 238
0.265910 -0.014579 0.022660 244 238 235
0.263447 -0.004328 -0.007961 112 152 145
0.265872 -0.005579 0.002558 230 227 227
0.263518 -0.007307 0.010519 244 240 237
0.266122 0.005787 -0.014241 134 158 154
0.265033 0.003252 -0.005862 152 180 174
0.264132 0.035498 -0.023233 61 118 85
0.265608 0.044597 -0.024142 92 144 118
0.263887 0.054529 -0.018728 42 116 106
0.263680 0.065565 -0.017194 70 126 100
0.267251 0.073514 -0.021699 56 124 103
0.263820 0.074603 -0.016084 96 144 121
0.264082 0.077182 -0.006533 56 114 104
0.265856 0.084723 -0.016615 88 147 138
0.263036 0.083572 -0.005381 74 130 122
0.264033 0.093603 -0.017236 113 170 162
0.275167 -0.661751 -0.056672 6 92 88
0.274833 -0.654909 -0.054748 4 92 88
0.275275 -0.646716 -0.051334 4 90 86
0.275354 -0.642402 -0.047978 2 88 82
0.276720 -0.636547 -0.044091 2 79 72
0.273156 -0.632551 -0.035754 46 104 100
0.278173 -0.627282 -0.034777 58 118 114
0.273891 -0.624932 -0.025460 134 168 166
0.272755 -0.621278 -0.018280 195 209 208
0.278225 -0.617767 -0.022753 175 196 194
0.274748 -0.615349 -0.014033 195 202 201
0.274825 -0.613473 -0.004184 128 158 154
0.274837 -0.613828 0.055058 154 159 160
0.278922 -0.606256 -0.013787 197 204 202
0.275255 -0.605100 -0.003968 194 198 196
0.273826 -0.604780 0.005574 130 159 157
0.273089 -0.605700 0.063389 138 142 140
0.278028 -0.596661 -0.003002 164 175 174
0.274637 -0.596443 0.005522 128 155 152
0.274275 -0.592420 0.012103 133 151 149
0.276158 -0.593922 0.065416 152 152 151
0.277679 -0.585430 0.006673 26 81 76
0.275552 -0.584086 0.012756 66 115 112
0.274363 -0.584057 0.023822 146 166 164
0.274576 -0.582575 0.030572 148 167 168
0.277893 -0.586285 0.068840 146 148 146
0.274691 -0.586293 0.073088 174 175 174
0.274381 -0.576027 0.008940 58 124 118
0.273956 -0.574400 0.013991 101 149 144
0.276052 -0.574641 0.026089 169 191 190
0.274919 -0.574498 0.035240 165 181 179
0.274004 -0.572303 0.042668 172 183 181
0.274789 -0.564616 0.013134 114 154 150
0.275126 -0.568662 0.028680 131 162 160
0.275177 -0.567255 0.035062 148 163 162
0.275404 -0.564513 0.045371 174 183 181
0.274124 -0.562762 0.053530 186 190 188
0.274022 -0.554957 0.014582 114 152 147
0.276970 -0.555917 0.045560 154 168 168
0.275811 -0.555163 0.055167 181 187 186
0.275109 -0.552195 0.064522 228 221 214
0.273657 -0.545013 0.015241 120 149 146
0.275222 -0.544145 0.056672 197 197 194
0.274610 -0.545615 0.062853 236 228 222
0.276788 -0.537390 0.013422 118 146 142
0.277386 -0.533864 0.037759 102 125 122
0.276185 -0.534567 0.045807 167 174 171
0.275396 -0.536321 0.054890 222 213 207
0.274891 -0.522758 0.038021 222 212 208
0.273811 -0.525679 0.044006 226 216 209
0.273106 -0.512262 0.028276 223 213 208
0.275463 -0.516504 0.033434 222 211 206
0.275279 -0.504801 0.025108 224 212 207
0.276417 -0.506217 0.034504 230 220 211
0.273648 -0.492106 0.019251 228 216 210
0.275414 -0.496576 0.021608 225 213 208
0.274666 -0.484821 0.016913 228 214 208
0.273941 -0.485747 0.024750 234 221 212
0.274876 -0.475197 0.014723 230 216 210
0.276064 -0.464263 0.013630 169 178 173
0.274864 -0.455628 0.013735 182 188 183
0.274332 -0.454785 0.026194 208 204 200
0.276320 -0.452882 0.032894 210 204 198
0.273426 -0.443384 0.008858 112 147 141
0.274229 -0.444484 0.014087 178 179 171
0.273842 -0.432910 -0.042552 94 139 130
0.275705 -0.434168 -0.036273 109 152 142
0.272993 -0.432845 0.008465 155 173 168
0.275845 -0.435651 0.012190 229 215 210
0.276297 -0.426627 -0.043758 87 136 124
0.275258 -0.424078 -0.035853 128 154 144
0.276906 -0.426298 -0.002994 230 224 216
0.275950 -0.427034 0.007407 152 172 166
0.277301 -0.414268 -0.041345 0 112 104
0.276596 -0.403240 0.006547 67 118 115
0.275220 -0.395475 0.006716 76 124 122
0.275261 -0.385355 -0.039214 0 110 100
0.277195 -0.373111 -0.040755 0 110 99
0.272501 -0.375170 -0.038855 0 109 98
0.273959 -0.373014 0.006464 32 98 90
0.277320 -0.367538 -0.040710 0 108 98
0.274097 -0.366229 0.005870 64 109 106
0.276563 -0.354913 -0.041373 0 106 98
0.274172 -0.354502 0.015330 74 105 103
0.273768 -0.344323 -0.041697 1 82 74
0.276131 -0.344117 0.043456 10 86 82
0.274893 -0.336749 -0.042391 0 40 38
0.276795 -0.336931 -0.037523 2 60 56
0.271370 -0.335157 0.056794 4 68 63
0.274363 -0.326243 -0.012443 0 90 84
0.275819 -0.322983 -0.008915 2 96 94
0.275083 -0.313235 -0.012243 12 102 100
0.272371 -0.303350 -0.020619 33 98 94
0.274679 -0.305406 -0.017025 10 80 76
0.277327 -0.305551 -0.003200 132 146 146
0.276304 -0.303880 0.002587 180 188 186
0.274870 -0.303452 0.035121 114 147 144
0.274355 -0.303817 0.045412 109 152 147
0.274614 -0.303974 0.054007 118 159 154
0.277245 -0.293495 -0.015159 93 132 130
0.276007 -0.293612 -0.003567 148 166 162
0.276617 -0.296794 0.004347 154 169 165
0.274677 -0.297094 0.034584 109 118 116
0.275671 -0.293157 0.044630 138 150 148
0.273937 -0.285481 -0.020744 11 64 59
0.274735 -0.286483 -0.016507 23 73 68
0.273335 -0.287227 -0.006153 162 176 172
0.276381 -0.287903 0.054154 163 166 164
0.275501 -0.275238 -0.013645 86 98 94
0.275103 -0.275055 -0.006377 218 216 212
0.272191 -0.275530 0.003055 203 201 201
0.274301 -0.264482 -0.013726 56 80 74
0.275686 -0.265676 -0.005000 167 169 165
0.276124 -0.265027 0.006262 98 103 103
0.277590 -0.263521 0.014163 131 136 137
0.276446 -0.263597 0.021850 176 180 180
0.274736 -0.253665 -0.013184 80 94 88
0.274975 -0.255598 -0.006413 150 152 148
0.275303 -0.255020 0.015227 177 178 178
0.274183 -0.254564 0.038099 164 165 168
0.275166 -0.253509 0.044298 164 163 166
0.274059 -0.253793 0.056106 180 174 176
0.275948 -0.251583 0.066988 214 204 202
0.274638 -0.251655 0.073446 212 205 204
0.272710 -0.247441 -0.012305 42 64 62
0.272894 -0.244853 -0.003253 90 122 116
0.274612 -0.244565 0.003240 136 154 148
0.272752 -0.247919 0.013798 188 184 182
0.274028 -0.244669 0.036809 187 182 182
0.277089 -0.246130 0.046086 185 183 184
0.274009 -0.245467 0.056235 190 186 188
0.275357 -0.246263 0.063642 199 193 192
0.275547 -0.237768 0.002375 107 136 128
0.274362 -0.233457 0.034172 194 188 188
0.277311 -0.220757 -0.013257 184 181 174
0.273816 -0.223162 -0.007447 192 180 174
0.275189 -0.226308 0.023397 163 164 162
0.274632 -0.222821 0.033163 121 134 131
0.273877 -0.217053 -0.014799 150 154 150
0.276243 -0.216046 -0.005722 188 170 164
0.274088 -0.215392 0.005468 204 150 140
0.278176 -0.215860 0.027396 46 61 58
0.274356 -0.216783 0.034723 61 79 77
0.271099 -0.214906 0.040937 62 90 84
0.274461 -0.215520 0.105272 200 196 200
0.275455 -0.203905 -0.007387 229 164 152
0.271963 -0.204527 0.006227 249 187 176
0.274977 -0.204865 0.056639 204 196 198
0.276825 -0.203656 0.116982 214 214 214
0.278224 -0.202345 0.123180 210 212 209
0.273661 -0.194950 -0.015238 152 140 135
0.273682 -0.197425 -0.006363 160 129 119
0.275550 -0.192538 0.005880 193 188 184
0.275149 -0.194359 0.014482 223 215 211
0.275000 -0.195048 0.024077 228 219 218
0.274228 -0.194287 0.033876 211 206 206
0.274012 -0.183578 -0.021208 96 120 115
0.275341 -0.183402 -0.014847 143 149 145
0.275667 -0.184028 -0.005265 134 146 140
0.273381 -0.184812 0.002583 130 142 139
0.271144 -0.185255 0.012388 112 144 138
0.276875 -0.185109 0.028261 236 228 228
0.276192 -0.185136 0.034013 227 218 216
0.274565 -0.184256 0.044596 165 163 160
0.273431 -0.185283 0.052403 120 121 118
0.278729 -0.182737 0.088093 207 196 193
0.273647 -0.183263 0.095181 208 199 195
0.272943 -0.183409 0.105824 212 208 209
0.273942 -0.186261 0.113872 234 232 232
0.277546 -0.187811 0.145060 209 204 204
0.272252 -0.179430 -0.020684 99 120 120
0.274220 -0.176379 -0.015547 141 146 142
0.271962 -0.177574 -0.006302 184 175 172
0.278166 -0.173906 0.016071 168 164 153
0.275778 -0.175481 0.025548 148 160 154
0.274516 -0.177814 0.032463 154 152 146
0.277197 -0.177398 0.047101 198 193 192
0.275388 -0.176465 0.054412 210 204 204
0.273972 -0.174879 0.063403 212 204 206
0.273682 -0.175295 0.082964 180 174 177
0.276920 -0.175799 0.095657 230 226 222
0.273379 -0.176962 0.101682 200 204 199
0.275570 -0.166117 -0.015177 187 176 170
0.275377 -0.164478 0.015124 106 122 114
0.275891 -0.164497 0.024567 172 169 164
0.275125 -0.165759 0.034153 148 153 146
0.273335 -0.166014 0.044505 104 134 128
0.277961 -0.163821 0.055671 200 196 200
0.275470 -0.166657 0.066555 207 201 203
0.274206 -0.167003 0.075303 222 215 217
0.274757 -0.164174 0.084672 252 246 244
0.276696 -0.163676 0.117091 189 180 176
0.276653 -0.162803 0.124970 142 140 136
0.277643 -0.161626 0.143851 164 156 152
0.276508 -0.152099 -0.003682 127 150 143
0.273954 -0.155416 0.005112 146 158 153
0.273812 -0.155897 0.014172 169 165 163
0.272910 -0.156524 0.023667 186 182 180
0.272768 -0.154597 0.032091 208 206 206
0.276940 -0.156565 0.046123 204 200 201
0.274137 -0.157638 0.054563 203 200 202
0.272756 -0.155323 0.064649 181 180 178
0.276068 -0.156398 0.093015 195 190 188
0.276697 -0.153143 0.105597 210 202 197
0.276056 -0.156176 0.135841 189 179 175
0.276140 -0.156374 0.143757 198 187 184
0.276106 -0.141710 -0.021494 100 122 116
0.275039 -0.145218 -0.016345 176 180 174
0.274517 -0.145849 -0.005038 143 157 151
0.275237 -0.147370 0.003146 199 195 193
0.274736 -0.145908 0.015673 223 216 214
0.273384 -0.145276 0.025975 225 221 221
0.276311 -0.143140 0.031959 224 219 219
0.274910 -0.143643 0.067619 200 198 193
0.274486 -0.145239 0.075205 210 206 202
0.276757 -0.147871 0.115418 220 214 212
0.276163 -0.143603 0.144855 238 228 228
0.272746 -0.141744 0.153140 178 170 169
0.273050 -0.134602 -0.022328 127 148 144
0.274923 -0.133955 -0.017635 118 132 124
0.277190 -0.134313 -0.001940 112 116 110
0.275615 -0.135095 0.004430 159 163 160
0.273999 -0.133101 0.014182 195 192 188
0.275386 -0.134692 0.025712 133 137 134
0.273533 -0.137059 0.033378 202 197 196
0.273332 -0.136651 0.044109 188 182 181
0.275370 -0.131670 0.055763 215 210 208
0.271371 -0.133408 0.064515 212 208 208
0.275390 -0.134279 0.085339 80 83 80
0.273939 -0.130850 0.105392 159 159 155
0.276442 -0.133425 0.126142 203 193 189
0.274837 -0.137716 0.135635 240 231 231
0.273089 -0.127793 -0.022001 136 143 138
0.273040 -0.127825 -0.017719 109 116 108
0.276185 -0.126315 -0.003243 128 136 132
0.276824 -0.123489 0.006241 192 190 190
0.274581 -0.126376 0.014407 133 144 141
0.273481 -0.126845 0.024550 138 149 143
0.275946 -0.122006 0.034243 72 106 94
0.275015 -0.123632 0.046974 157 157 154
0.274720 -0.127064 0.054111 203 197 194
0.276572 -0.121910 0.076019 90 111 104
0.274392 -0.122697 0.085739 171 169 167
0.272933 -0.124372 0.092316 232 228 228
0.275952 -0.127097 0.103940 200 195 193
0.276339 -0.124544 0.114221 185 178 177
0.272625 -0.126312 0.124204 186 177 173
0.274800 -0.115376 -0.003341 202 202 203
0.273915 -0.117597 0.004953 196 194 195
0.274072 -0.115127 0.046286 73 110 103
0.275251 -0.114126 0.054941 38 82 74
0.277273 -0.113952 0.067546 180 172 168
0.277602 -0.114911 0.075656 216 212 212
0.275054 -0.116579 0.083505 231 225 224
0.276600 -0.114218 0.095184 238 230 228
0.273760 -0.116020 0.104401 227 220 218
0.271625 -0.115323 0.111408 247 242 240
0.278104 -0.113095 0.125800 238 230 230
0.271566 -0.112999 0.133972 242 232 232
0.272947 -0.104661 0.005987 94 132 121
0.273217 -0.104557 0.015316 82 122 112
0.275262 -0.102812 0.025255 133 154 149
0.273767 -0.105496 0.035491 151 166 161
0.271076 -0.106760 0.041854 174 174 177
0.277241 -0.106054 0.056595 172 164 160
0.275490 -0.104147 0.065257 211 206 207
0.274034 -0.105320 0.072427 202 199 200
0.276129 -0.105033 0.106356 234 224 224
0.275047 -0.105904 0.115853 238 226 226
0.276857 -0.103908 0.125741 212 183 151
0.274072 -0.106582 0.133800 195 178 168
0.274957 -0.094499 -0.025875 134 154 152
0.273606 -0.094970 0.025984 134 145 142
0.274783 -0.094858 0.034500 175 174 171
0.273153 -0.095113 0.044226 186 184 178
0.274886 -0.094515 0.056543 217 213 209
0.275210 -0.092070 0.064572 198 193 190
0.275789 -0.093868 0.072957 188 180 179
0.276299 -0.094370 0.086665 215 208 208
0.273876 -0.094057 0.095058 210 210 210
0.272007 -0.093545 0.103820 169 183 179
0.273727 -0.084434 0.014850 176 176 181
0.273740 -0.084322 0.024007 171 171 175
0.275233 -0.083242 0.036624 184 178 177
0.277792 -0.082799 0.047826 206 201 203
0.274908 -0.085926 0.055478 157 162 157
0.274896 -0.086737 0.064507 172 174 170
0.273896 -0.085166 0.074547 196 197 194
0.276510 -0.085819 0.085944 158 169 164
0.274063 -0.087379 0.094721 119 142 134
0.277442 -0.074259 0.005308 159 156 157
0.275896 -0.073413 0.014855 151 149 146
0.276884 -0.074356 0.025124 208 206 207
0.276197 -0.074020 0.034540 187 187 186
0.274663 -0.073177 0.044616 189 187 185
0.274463 -0.075709 0.052133 192 190 188
0.274079 -0.077967 0.064892 217 214 211
0.275566 -0.076602 0.077665 122 146 136
0.278511 -0.075273 0.084851 176 178 172
0.275294 -0.070868 0.103296 219 215 210
0.276652 -0.065970 -0.004636 96 125 124
0.277938 -0.068167 0.007008 156 152 150
0.278171 -0.065486 0.016719 174 173 172
0.275788 -0.063402 0.027119 179 179 179
0.273742 -0.065565 0.034189 173 172 171
0.274432 -0.064792 0.043937 176 184 180
0.273554 -0.064306 0.054635 220 218 217
0.273338 -0.064684 0.063671 218 218 217
0.275566 -0.064870 0.075032 220 220 218
0.276673 -0.061434 0.084472 220 217 214
0.276990 -0.063308 0.092893 220 214 210
0.273262 -0.066082 0.104821 227 224 220
0.273999 -0.062173 0.113006 227 216 206
0.279461 -0.053891 -0.002423 106 130 129
0.276451 -0.054341 0.016786 170 169 169
0.274458 -0.055804 0.024946 180 180 181
0.276028 -0.053795 0.034260 190 194 192
0.275295 -0.056083 0.044130 194 199 195
0.271845 -0.058550 0.057576 219 219 217
0.276114 -0.053249 0.066886 131 150 145
0.274849 -0.054892 0.076117 182 182 178
0.273164 -0.057312 0.085827 227 221 219
0.272969 -0.055538 0.094604 211 215 212
0.274443 -0.057180 0.105459 225 224 221
0.276310 -0.045362 0.006355 172 178 178
0.274843 -0.043997 0.015464 194 195 196
0.273516 -0.045774 0.023511 197 198 197
0.274123 -0.044424 0.035301 94 140 131
0.275095 -0.043447 0.046123 125 159 154
0.274545 -0.044708 0.053465 137 164 157
0.274713 -0.045652 0.064591 124 151 145
0.273156 -0.048314 0.084711 129 166 162
0.276912 -0.033002 -0.004199 55 120 111
0.275515 -0.033002 0.005652 180 188 188
0.275831 -0.036938 0.014273 166 182 180
0.273134 -0.037281 0.022475 138 168 165
0.275210 -0.035413 0.045250 170 192 188
0.273570 -0.034928 0.053850 167 196 192
0.275704 -0.038270 0.065475 127 172 168
0.276508 -0.025257 -0.003835 66 128 122
0.275377 -0.028471 0.001702 125 156 153
0.275454 -0.026340 0.036159 170 199 194
0.272503 -0.027696 0.041908 168 197 192
0.275344 -0.014527 -0.005747 86 136 130
0.272515 -0.011923 0.015100 242 241 238
0.275424 -0.018836 0.026996 248 246 244
0.274028 -0.004483 -0.004187 165 188 184
0.275367 -0.006693 0.004879 244 240 238
0.276436 0.006469 -0.015737 150 180 176
0.274770 0.003654 -0.006627 112 162 156
0.272438 0.079010 -0.024809 69 126 96
0.271603 0.082759 -0.023074 72 133 115
0.273140 0.104779 -0.024455 115 175 166
0.284743 -0.661682 -0.056171 10 92 86
0.284860 -0.655133 -0.054712 2 96 89
0.284868 -0.646903 -0.051602 2 96 90
0.285182 -0.641718 -0.049279 2 96 90
0.285185 -0.635017 -0.047108 2 94 88
0.286958 -0.625445 -0.044286 2 94 88
0.282389 -0.623058 -0.036272 32 97 92
0.288524 -0.616382 -0.042178 4 97 90
0.285048 -0.614296 -0.035219 22 94 88
0.280997 -0.614223 -0.026432 162 188 184
0.288097 -0.605439 -0.034754 17 94 88
0.284256 -0.604382 -0.026070 82 131 128
0.280741 -0.603356 -0.015670 117 138 134
0.283643 -0.607581 0.046305 152 158 158
0.288129 -0.595437 -0.025753 8 92 86
0.284611 -0.594003 -0.015101 47 108 105
0.282155 -0.593124 -0.006078 73 126 122
0.285846 -0.593530 0.056644 147 152 152
0.288165 -0.587908 -0.016371 5 90 86
0.282740 -0.586806 -0.004563 7 74 72
0.282888 -0.584888 0.004676 6 74 69
0.284997 -0.576177 0.004992 74 126 122
0.285054 -0.572204 0.012803 78 132 127
0.284697 -0.578676 0.066629 144 149 149
0.286714 -0.573623 0.073072 148 151 150
0.286704 -0.566491 0.008529 110 151 145
0.285060 -0.565618 0.014700 86 135 131
0.285415 -0.564684 0.025146 144 180 178
0.280654 -0.564329 0.045247 156 170 166
0.286685 -0.554708 0.008920 113 150 145
0.283615 -0.556739 0.012089 114 152 147
0.288300 -0.554955 0.037063 91 134 132
0.284402 -0.554929 0.043649 139 166 164
0.281552 -0.552237 0.054248 182 193 193
0.282092 -0.553786 0.065907 156 160 156
0.284319 -0.554051 0.075013 166 169 164
0.282836 -0.544488 0.056544 170 175 175
0.282351 -0.544687 0.063795 178 180 177
0.284139 -0.545128 0.074513 152 156 150
0.287018 -0.545495 0.084414 166 168 165
0.282985 -0.533094 0.008176 118 149 144
0.283394 -0.533441 0.013271 119 150 146
0.281487 -0.530562 0.038009 98 123 120
0.280938 -0.532366 0.045739 200 190 186
0.282590 -0.534580 0.056683 180 181 176
0.284692 -0.534887 0.064146 183 184 180
0.287035 -0.535500 0.074420 155 159 154
0.287953 -0.535358 0.084843 164 168 165
0.285890 -0.524594 0.008239 115 146 142
0.286688 -0.526193 0.012320 115 146 142
0.283753 -0.524232 0.036757 138 152 147
0.283744 -0.524227 0.045923 158 164 159
0.284276 -0.525802 0.054668 170 173 167
0.286570 -0.526685 0.064581 190 191 186
0.287691 -0.526139 0.072569 170 179 180
0.287812 -0.516802 0.006439 112 144 138
0.285376 -0.515753 0.026542 104 130 126
0.284796 -0.514579 0.035796 210 200 194
0.287119 -0.516107 0.044918 213 201 193
0.287721 -0.518217 0.054027 216 206 197
0.288302 -0.518242 0.063917 224 218 214
0.284285 -0.503754 0.027704 213 202 196
0.285066 -0.505502 0.034715 215 204 194
0.285124 -0.495301 0.023747 213 202 195
0.285107 -0.483354 0.016541 146 159 154
0.286879 -0.486664 0.021618 212 201 194
0.285039 -0.474849 0.015604 153 164 159
0.288561 -0.478051 0.021135 199 199 197
0.283958 -0.465817 0.014839 151 165 160
0.286534 -0.464550 0.033002 194 198 196
0.284984 -0.454745 0.016625 219 206 201
0.284241 -0.454883 0.034832 206 204 198
0.284957 -0.444829 0.017236 220 206 202
0.283455 -0.432853 -0.032580 115 154 146
0.284804 -0.433259 -0.025573 136 153 146
0.284601 -0.434588 0.016585 222 209 204
0.284402 -0.437102 0.023967 206 198 190
0.284740 -0.424323 -0.044285 82 138 127
0.283325 -0.424344 -0.013845 153 167 167
0.284459 -0.425114 -0.005650 207 212 208
0.284285 -0.425318 0.006152 154 176 170
0.286699 -0.427391 0.014124 224 214 210
0.285212 -0.413941 -0.043211 4 113 104
0.286364 -0.417616 -0.035695 160 188 180
0.285258 -0.417706 -0.013846 178 186 184
0.287010 -0.417452 -0.007085 180 189 189
0.287479 -0.415658 0.003570 117 152 149
0.285435 -0.404943 -0.043133 0 114 104
0.284138 -0.405487 0.006268 60 115 112
0.285502 -0.394945 -0.042769 0 113 102
0.283947 -0.394475 0.007518 87 137 133
0.285010 -0.384945 -0.043112 0 112 102
0.285190 -0.374849 -0.043400 0 111 101
0.285612 -0.375309 0.006794 36 105 100
0.285479 -0.365337 -0.043264 0 108 100
0.283724 -0.367277 0.006189 74 120 118
0.285253 -0.355301 -0.042973 0 106 98
0.283005 -0.355057 0.017393 74 104 102
0.285286 -0.344689 -0.042747 2 80 73
0.284983 -0.336587 -0.042040 0 42 42
0.289598 -0.334881 0.067289 2 90 82
0.287012 -0.333261 0.103305 60 100 104
0.284625 -0.332967 0.114996 71 108 110
0.286215 -0.331830 0.123882 84 111 110
0.285346 -0.326723 -0.012606 2 90 86
0.285105 -0.323651 -0.008298 4 98 98
0.284914 -0.325553 0.116681 158 170 175
0.284995 -0.327075 0.125336 128 142 145
0.284939 -0.313442 -0.013082 4 94 94
0.283672 -0.306983 -0.016098 26 90 90
0.284243 -0.306718 -0.002412 116 128 128
0.286220 -0.304233 0.002508 174 180 178
0.284293 -0.302935 0.035837 184 184 184
0.284836 -0.303613 0.044133 140 156 155
0.284819 -0.304357 0.053213 104 146 142
0.284695 -0.293956 -0.016238 30 78 76
0.284895 -0.296469 -0.004920 126 150 148
0.283982 -0.297225 0.004141 210 210 204
0.282491 -0.298298 0.037104 162 164 163
0.285338 -0.294019 0.046587 184 183 182
0.286629 -0.283238 -0.013769 124 136 133
0.285656 -0.282906 -0.006061 222 220 218
0.287193 -0.287804 0.046946 172 172 172
0.283852 -0.284313 0.056066 162 160 160
0.283933 -0.284550 0.064208 176 174 174
0.285953 -0.273586 -0.004745 180 181 178
0.286835 -0.276289 0.036032 114 124 118
0.286489 -0.274621 0.042276 110 124 118
0.283278 -0.267173 -0.002840 148 146 143
0.283937 -0.264164 0.015658 161 164 170
0.283613 -0.262082 0.023561 160 162 166
0.281727 -0.264869 0.042457 180 177 176
0.285113 -0.262514 0.050796 184 182 178
0.286468 -0.255151 0.016629 166 166 169
0.286282 -0.255332 0.025062 175 174 176
0.285894 -0.254280 0.034513 178 176 178
0.287271 -0.254183 0.040710 162 165 164
0.286883 -0.252326 0.086702 196 193 195
0.286815 -0.256021 0.095086 184 183 184
0.286497 -0.255455 0.105062 184 183 184
0.284785 -0.244861 0.003072 120 141 134
0.282093 -0.243170 0.036861 194 189 190
0.284370 -0.244462 0.044231 203 199 199
0.284334 -0.243681 0.053848 202 198 197
0.284783 -0.244050 0.074145 210 212 208
0.286175 -0.247587 0.105986 172 173 172
0.286180 -0.244861 0.114853 166 168 167
0.283398 -0.243420 0.122732 204 198 196
0.286192 -0.235189 0.003941 192 187 183
0.283498 -0.235800 0.036012 196 192 194
0.287017 -0.234465 0.066889 184 190 188
0.283622 -0.237896 0.077107 216 216 211
0.283538 -0.235401 0.084307 181 179 174
0.283456 -0.233354 0.092934 105 108 104
0.286273 -0.238269 0.122529 171 172 175
0.285217 -0.225073 -0.005579 184 179 176
0.286174 -0.227903 0.006693 202 194 190
0.284700 -0.226314 0.013302 199 191 186
0.285099 -0.220929 0.025014 112 126 116
0.289186 -0.223542 0.054313 100 114 110
0.288714 -0.224967 0.066134 120 132 128
0.284678 -0.225283 0.083759 176 174 172
0.285047 -0.226450 0.096752 151 155 151
0.283627 -0.224837 0.105295 130 136 132
0.283455 -0.216323 -0.012408 178 146 136
0.284065 -0.215802 -0.006968 188 155 146
0.284988 -0.217337 0.025380 100 114 107
0.285949 -0.215673 0.034048 114 130 120
0.287351 -0.215426 0.045413 112 128 120
0.285738 -0.214225 0.096153 222 216 217
0.283504 -0.217454 0.116467 144 152 150
0.284477 -0.204038 -0.011317 235 178 165
0.285556 -0.203498 0.025118 204 195 190
0.288429 -0.205364 0.037178 110 127 118
0.286520 -0.204344 0.076483 205 200 204
0.286781 -0.208142 0.084686 206 202 205
0.285087 -0.206465 0.106675 156 156 150
0.286405 -0.205481 0.125398 118 125 120
0.287372 -0.205247 0.133393 166 149 135
0.283613 -0.196529 -0.016589 151 109 96
0.286555 -0.192462 -0.003481 178 173 168
0.285377 -0.194628 0.004509 214 206 204
0.285627 -0.194224 0.015879 212 204 199
0.284342 -0.192760 0.037096 210 205 206
0.284894 -0.196226 0.043926 212 205 206
0.284858 -0.197187 0.062601 162 168 167
0.285579 -0.197887 0.113146 218 212 208
0.287678 -0.196326 0.124784 209 204 202
0.286331 -0.194236 0.136657 217 211 210
0.287416 -0.195425 0.144572 212 206 204
0.282237 -0.193050 0.153926 218 212 210
0.282543 -0.185012 -0.023384 112 139 132
0.285221 -0.184224 -0.015256 116 132 126
0.283699 -0.186716 -0.003929 168 164 157
0.287670 -0.184324 0.004217 206 191 180
0.285451 -0.185389 0.015439 220 208 200
0.284754 -0.184494 0.026420 231 221 219
0.284701 -0.184788 0.033208 213 206 205
0.286032 -0.182009 0.044143 180 172 173
0.286366 -0.186517 0.066180 99 115 111
0.284827 -0.175071 -0.014165 172 160 154
0.286326 -0.176147 0.003963 199 184 172
0.285063 -0.172979 0.015449 214 203 196
0.284281 -0.177837 0.025630 213 203 200
0.287766 -0.179317 0.035561 166 158 158
0.285400 -0.176409 0.046144 212 204 206
0.283671 -0.173197 0.075109 199 196 201
0.285748 -0.174892 0.083112 211 209 210
0.283793 -0.174259 0.094827 170 182 176
0.283952 -0.172817 0.173621 215 203 200
0.284786 -0.166397 -0.014682 178 165 156
0.285304 -0.163897 -0.005869 200 187 179
0.283832 -0.162550 0.004112 212 202 198
0.286775 -0.166099 0.014314 204 192 184
0.283543 -0.166931 0.021114 202 190 182
0.287215 -0.160670 0.036774 193 184 182
0.285717 -0.163609 0.046945 190 184 188
0.283250 -0.164750 0.055323 195 192 196
0.284461 -0.166155 0.063634 208 202 205
0.283161 -0.166110 0.074751 230 225 226
0.282734 -0.161046 0.113858 170 162 157
0.283821 -0.162007 0.143933 163 152 146
0.285051 -0.153991 -0.014250 191 180 173
0.284431 -0.155710 -0.004789 149 150 144
0.284330 -0.156745 0.004523 192 185 183
0.287072 -0.153338 0.035841 210 202 202
0.283656 -0.156452 0.043836 199 194 194
0.284164 -0.150890 0.088701 220 209 208
0.281847 -0.153168 0.095108 212 202 196
0.287188 -0.157784 0.107357 192 182 177
0.286413 -0.158277 0.113292 180 168 164
0.284421 -0.152274 0.126622 230 220 218
0.283790 -0.154545 0.134619 180 171 167
0.283097 -0.148155 -0.016747 149 146 142
0.285792 -0.144276 -0.001545 206 198 196
0.285809 -0.143670 0.003887 221 213 212
0.285148 -0.143752 0.014087 224 215 214
0.287204 -0.142916 0.026731 223 222 224
0.285318 -0.146957 0.033906 219 216 220
0.285264 -0.145947 0.046119 192 180 174
0.286702 -0.144138 0.055585 190 180 173
0.283835 -0.145095 0.066842 194 185 179
0.283878 -0.146078 0.096107 226 216 214
0.285670 -0.142913 0.106556 254 242 238
0.285897 -0.145298 0.115655 252 242 240
0.287573 -0.147860 0.126484 242 233 231
0.285244 -0.142175 0.144611 181 168 166
0.283119 -0.134176 -0.001537 106 108 103
0.284147 -0.134124 0.003965 109 121 115
0.284212 -0.135026 0.015008 174 176 172
0.285360 -0.135246 0.024878 166 162 160
0.285521 -0.136126 0.033704 205 196 196
0.283408 -0.134519 0.043348 216 206 204
0.286956 -0.134065 0.055253 123 131 125
0.284540 -0.135292 0.063186 179 172 168
0.285786 -0.137119 0.072513 142 141 134
0.284027 -0.134965 0.084478 210 199 194
0.285527 -0.135380 0.116383 242 230 229
0.285570 -0.134153 0.126289 210 201 198
0.285246 -0.134150 0.134249 168 158 154
0.283281 -0.125108 0.006833 180 176 176
0.285015 -0.125626 0.015201 110 132 126
0.286769 -0.124839 0.025357 146 155 149
0.285746 -0.125971 0.035024 122 132 125
0.286283 -0.127928 0.045952 170 165 162
0.283249 -0.125751 0.053176 184 184 179
0.284435 -0.121358 0.076153 141 134 128
0.284229 -0.124261 0.086092 179 170 166
0.285673 -0.124276 0.096159 218 209 206
0.283999 -0.123341 0.104335 210 202 200
0.283869 -0.125873 0.114126 175 168 168
0.286701 -0.117278 0.006900 136 132 128
0.285702 -0.118462 0.015389 160 154 153
0.286446 -0.116231 0.026285 164 162 162
0.284691 -0.115297 0.033924 174 172 171
0.286542 -0.112066 0.056227 152 146 136
0.284572 -0.115496 0.065496 209 200 196
0.284474 -0.116364 0.075632 219 212 210
0.285088 -0.113810 0.085169 241 231 231
0.285887 -0.117950 0.105095 236 224 222
0.283823 -0.112707 0.123079 239 226 228
0.284256 -0.102430 0.025921 174 172 172
0.285821 -0.104631 0.035672 98 110 107
0.286444 -0.105324 0.046523 105 104 98
0.285080 -0.106406 0.055940 156 152 147
0.285194 -0.103225 0.063286 162 159 159
0.283509 -0.107183 0.071605 244 242 242
0.286222 -0.105939 0.085549 238 228 227
0.285509 -0.104380 0.105209 238 226 226
0.285209 -0.104981 0.114943 202 202 202
0.284003 -0.105432 0.124134 144 156 144
0.288220 -0.093676 0.015965 200 198 200
0.285787 -0.094378 0.034483 203 196 194
0.286335 -0.095659 0.042609 193 186 178
0.286081 -0.097437 0.054228 159 165 161
0.285025 -0.095468 0.062902 180 180 177
0.284393 -0.093328 0.074952 208 204 202
0.281742 -0.093792 0.085257 229 223 223
0.282647 -0.082631 0.006785 205 203 204
0.285554 -0.087145 0.014604 203 201 203
0.284912 -0.084880 0.024010 164 160 156
0.283781 -0.082131 0.036449 152 145 142
0.285427 -0.084241 0.046809 163 162 159
0.285785 -0.086349 0.055037 185 180 177
0.285685 -0.086985 0.066279 203 198 192
0.285506 -0.084846 0.075681 212 206 201
0.283277 -0.087195 0.084211 181 181 178
0.285639 -0.074596 -0.004339 206 204 204
0.282248 -0.077023 0.004369 170 168 168
0.285586 -0.073715 0.015463 162 159 154
0.286388 -0.076368 0.023514 152 146 142
0.285242 -0.075282 0.036342 182 184 184
0.283675 -0.074057 0.044809 184 183 181
0.283444 -0.077767 0.055605 206 203 200
0.286093 -0.074553 0.065532 221 215 213
0.285223 -0.076844 0.085515 194 194 189
0.284759 -0.073687 0.095568 193 193 190
0.283151 -0.073331 0.102346 208 204 199
0.286148 -0.064595 -0.013238 148 160 158
0.285331 -0.065453 -0.007993 138 142 138
0.286797 -0.064148 0.005669 154 159 156
0.284413 -0.067115 0.013393 160 159 156
0.286008 -0.062410 0.025231 182 182 179
0.285631 -0.062139 0.036060 190 186 185
0.286081 -0.063532 0.044097 202 198 196
0.286550 -0.065893 0.056301 180 182 180
0.284791 -0.066287 0.065081 200 202 198
0.286083 -0.064275 0.076438 191 194 192
0.284894 -0.063316 0.084391 196 196 194
0.285329 -0.066019 0.093793 220 216 212
0.284087 -0.062540 0.106833 151 180 175
0.284541 -0.054883 -0.004646 86 130 125
0.286303 -0.057106 0.005577 146 161 160
0.285910 -0.053020 0.015888 214 214 214
0.285108 -0.056161 0.025074 198 198 196
0.284076 -0.056246 0.033246 184 194 191
0.281939 -0.057112 0.042913 166 180 176
0.285930 -0.054746 0.064960 122 146 142
0.285143 -0.056829 0.074918 184 187 186
0.284346 -0.053417 0.084743 124 166 162
0.284142 -0.056876 0.094981 120 162 158
0.285044 -0.041637 0.007487 181 183 183
0.283776 -0.046005 0.013977 181 184 183
0.282222 -0.044776 0.025914 106 158 152
0.284278 -0.043358 0.035230 37 118 110
0.283320 -0.045027 0.045965 122 161 156
0.283828 -0.049194 0.055183 76 122 120
0.286268 -0.043912 0.066571 128 172 168
0.285398 -0.047525 0.075290 128 171 167
0.285128 -0.034343 -0.005074 43 119 109
0.285194 -0.036634 0.004828 175 183 182
0.284146 -0.033944 0.014403 35 123 114
0.283236 -0.037523 0.024656 1 113 102
0.284923 -0.034272 0.037490 127 175 168
0.285345 -0.036148 0.043195 128 175 170
0.285037 -0.037262 0.054035 127 172 168
0.284754 -0.024992 -0.005113 57 125 119
0.285624 -0.026314 0.002703 87 144 142
0.284507 -0.022354 0.027860 250 247 244
0.285183 -0.026484 0.033492 248 248 245
0.284179 -0.016720 -0.005654 80 134 128
0.284753 -0.014777 0.002941 216 220 220
0.286390 -0.014178 0.014457 250 247 246
0.284832 -0.003445 -0.005025 160 191 185
0.283981 -0.008615 0.005953 248 245 243
0.284751 0.005597 -0.016568 132 174 168
0.283890 0.003071 -0.007643 104 162 152
0.295109 -0.661878 -0.056440 16 78 73
0.294697 -0.655347 -0.054426 1 98 89
0.294785 -0.646270 -0.051473 0 99 90
0.295111 -0.641545 -0.049152 0 99 90
0.295016 -0.634718 -0.047541 0 100 90
0.295107 -0.624561 -0.045436 2 102 93
0.294901 -0.615182 -0.044393 2 100 92
0.297258 -0.605478 -0.042124 6 102 96
0.293212 -0.603386 -0.037779 4 100 94
0.298266 -0.597225 -0.041316 4 97 90
0.295455 -0.596117 -0.036317 6 96 90
0.293654 -0.594846 -0.024847 5 93 88
0.295339 -0.584283 -0.024757 1 94 88
0.295243 -0.582339 -0.013055 104 153 148
0.291919 -0.583124 0.056831 111 134 132
0.293832 -0.573677 -0.005194 77 128 123
0.293335 -0.572759 0.005218 110 150 143
0.294908 -0.571817 0.065712 137 146 145
0.297093 -0.566242 -0.002271 136 171 168
0.294432 -0.565641 0.005338 75 135 128
0.294222 -0.563094 0.012434 73 136 131
0.293379 -0.568184 0.067185 122 136 136
0.295983 -0.556485 0.006262 133 159 155
0.295360 -0.556546 0.013951 62 123 119
0.295385 -0.555235 0.023684 97 148 148
0.291368 -0.552487 0.035555 104 136 136
0.292820 -0.555639 0.076695 145 150 150
0.295369 -0.547224 0.005971 112 151 145
0.296191 -0.545496 0.012741 144 154 149
0.297518 -0.545219 0.026420 188 195 195
0.294399 -0.546185 0.035067 178 184 184
0.292239 -0.543558 0.043092 189 194 194
0.292168 -0.546743 0.085453 158 161 158
0.297422 -0.535556 0.036020 188 202 198
0.293619 -0.535511 0.045333 210 212 210
0.291130 -0.533114 0.053676 215 217 214
0.292011 -0.533283 0.064492 208 202 194
0.293942 -0.523896 0.007535 104 135 128
0.297530 -0.526387 0.046547 138 174 172
0.294219 -0.524482 0.056299 201 203 198
0.293004 -0.524235 0.063484 213 209 202
0.295529 -0.525805 0.085074 149 155 150
0.296347 -0.523896 0.094656 129 137 137
0.295888 -0.514970 0.006963 105 136 130
0.295102 -0.514475 0.013294 100 130 124
0.294926 -0.514248 0.023939 111 140 136
0.292493 -0.511763 0.036967 109 138 132
0.293284 -0.512740 0.046774 157 164 156
0.294959 -0.514271 0.054473 155 163 156
0.295153 -0.516693 0.063726 156 165 159
0.294790 -0.514606 0.071053 138 160 158
0.298330 -0.516953 0.095467 147 152 148
0.299115 -0.515212 0.103599 122 129 130
0.296983 -0.505885 0.005215 106 139 132
0.292046 -0.502298 0.027583 137 153 146
0.293840 -0.504073 0.034948 137 149 145
0.296337 -0.505141 0.045656 154 162 155
0.298798 -0.507282 0.052753 151 159 152
0.298910 -0.506196 0.064819 196 192 186
0.299156 -0.505382 0.071634 192 189 183
0.294160 -0.494224 0.025549 137 152 146
0.296043 -0.494739 0.035529 155 160 154
0.298055 -0.496887 0.043388 153 156 150
0.294733 -0.493079 0.085632 201 193 190
0.295917 -0.493056 0.093322 207 202 198
0.294179 -0.485058 0.023810 146 152 148
0.296308 -0.486099 0.034413 164 171 166
0.295685 -0.484160 0.076627 196 184 180
0.296327 -0.485592 0.085345 203 194 190
0.298051 -0.486514 0.092866 208 200 198
0.290703 -0.473199 0.019241 211 200 192
0.293863 -0.476029 0.024355 199 198 196
0.293894 -0.474198 0.035993 192 196 193
0.297446 -0.474786 0.041763 192 194 192
0.291001 -0.464311 0.018723 211 200 192
0.296130 -0.465197 0.023276 208 196 188
0.292476 -0.466154 0.036943 189 194 192
0.296776 -0.464600 0.043096 188 192 190
0.291783 -0.455384 0.018923 212 200 194
0.296815 -0.455091 0.022804 208 196 191
0.294966 -0.456744 0.044988 195 196 194
0.291502 -0.445522 0.019212 214 201 196
0.294293 -0.444777 0.024949 214 204 198
0.296503 -0.432749 -0.024243 170 181 180
0.296323 -0.430909 -0.018059 146 168 170
0.296730 -0.433235 0.005445 103 149 144
0.295689 -0.435405 0.023486 212 202 197
0.295951 -0.423823 -0.053506 30 116 108
0.293231 -0.423230 -0.047018 69 137 128
0.294891 -0.426268 -0.022823 174 180 178
0.293832 -0.426050 -0.006994 161 184 186
0.294652 -0.424800 0.006204 150 177 173
0.292997 -0.426092 0.015897 223 216 212
0.294198 -0.415813 -0.045181 78 145 135
0.294371 -0.417009 -0.034457 226 221 214
0.294844 -0.417771 -0.025375 231 220 214
0.294264 -0.415737 -0.005467 196 204 205
0.295227 -0.416923 0.002980 121 157 156
0.293179 -0.405340 -0.046599 1 112 103
0.292817 -0.404008 0.003205 86 140 136
0.293152 -0.395754 -0.047440 0 112 102
0.293511 -0.385142 -0.047734 0 111 102
0.293914 -0.374571 -0.047538 0 110 100
0.294500 -0.375521 0.005485 42 112 106
0.294347 -0.365340 -0.046954 0 108 99
0.294503 -0.355376 -0.046259 0 100 91
0.293826 -0.344990 -0.046786 2 66 62
0.294722 -0.336714 -0.045475 0 42 44
0.295443 -0.334210 0.068093 0 89 80
0.297530 -0.331800 0.073309 0 86 78
0.292843 -0.333011 0.104266 47 96 97
0.295058 -0.325512 -0.012527 2 92 88
0.295143 -0.324711 -0.007716 2 104 104
0.297309 -0.327951 0.076595 6 86 78
0.298024 -0.327471 0.084008 18 98 89
0.297967 -0.329276 0.116874 78 114 116
0.295625 -0.326763 0.125932 116 140 142
0.294113 -0.324213 0.133898 142 156 158
0.294808 -0.314132 -0.013019 4 103 104
0.294691 -0.313976 -0.007628 68 140 141
0.297083 -0.315759 0.085194 126 164 160
0.298072 -0.312681 0.093540 100 142 136
0.296451 -0.303659 -0.015645 22 92 92
0.295493 -0.302727 -0.003477 157 175 174
0.293206 -0.304776 0.003278 195 203 201
0.291227 -0.300605 0.047809 202 201 198
0.295388 -0.303973 0.125923 98 121 120
0.294173 -0.296608 -0.016275 16 84 84
0.296496 -0.294794 -0.003647 86 120 119
0.295119 -0.294661 0.001765 134 142 142
0.292437 -0.294245 0.048428 192 189 187
0.293698 -0.296133 0.054162 186 194 190
0.296959 -0.293116 0.105127 164 170 170
0.296720 -0.294985 0.112505 99 118 115
0.296537 -0.291593 0.147179 205 204 200
0.293853 -0.285548 -0.014211 62 84 82
0.294547 -0.285686 -0.006333 186 189 189
0.292067 -0.284254 0.065595 110 124 120
0.294409 -0.284109 0.083285 145 159 155
0.295011 -0.282966 0.117479 183 186 187
0.296580 -0.282240 0.126325 186 192 192
0.298092 -0.286169 0.145820 174 172 170
0.299572 -0.284477 0.154755 216 212 206
0.294253 -0.275460 -0.004021 132 144 144
0.295267 -0.272998 0.001380 180 178 179
0.293651 -0.276198 0.034788 38 64 58
0.297250 -0.277868 0.066476 90 106 104
0.296171 -0.275850 0.116006 197 196 196
0.297126 -0.275004 0.124421 195 197 197
0.298837 -0.272456 0.134951 190 196 195
0.295372 -0.268047 0.003209 183 180 182
0.294219 -0.264106 0.045531 132 145 140
0.295863 -0.267387 0.096337 192 190 187
0.296548 -0.262977 0.114916 202 196 196
0.296208 -0.264703 0.126164 207 207 205
0.297659 -0.264485 0.136199 206 206 206
0.297483 -0.265980 0.144687 207 206 206
0.295926 -0.252341 0.004592 144 152 144
0.293274 -0.255893 0.016260 198 196 196
0.293338 -0.254263 0.024817 212 208 206
0.293551 -0.253140 0.032795 216 212 210
0.293964 -0.251508 0.083882 190 188 188
0.293431 -0.253494 0.094395 184 182 184
0.294721 -0.256696 0.106439 195 192 192
0.294709 -0.256822 0.116845 206 206 205
0.297451 -0.255046 0.125186 100 149 147
0.298962 -0.258612 0.136425 197 199 196
0.296091 -0.253328 0.147410 192 189 186
0.297634 -0.254528 0.155847 206 198 192
0.295229 -0.244828 0.005262 162 164 159
0.296106 -0.244144 0.013292 175 171 166
0.294479 -0.248975 0.025136 203 199 196
0.294924 -0.241646 0.045366 217 211 209
0.294331 -0.242529 0.053656 220 216 213
0.295929 -0.245349 0.065142 182 183 182
0.294426 -0.247438 0.075038 194 192 192
0.295968 -0.243911 0.105858 148 148 148
0.294850 -0.243834 0.117234 154 155 153
0.294508 -0.244263 0.126803 126 135 132
0.296378 -0.245300 0.137272 214 206 206
0.298752 -0.248233 0.144563 146 148 141
0.295976 -0.233493 -0.002922 198 192 189
0.294589 -0.236419 0.004024 181 180 176
0.293432 -0.236276 0.012815 193 189 185
0.296795 -0.232241 0.037094 216 210 206
0.296484 -0.236274 0.045395 185 194 191
0.297305 -0.235509 0.055001 148 168 166
0.295675 -0.234140 0.064227 177 183 180
0.297715 -0.234328 0.074917 171 170 169
0.295596 -0.235553 0.086042 178 177 176
0.295755 -0.234788 0.096450 176 174 172
0.294437 -0.234747 0.104746 194 189 189
0.294832 -0.236770 0.117278 180 180 180
0.294123 -0.235850 0.124875 178 179 178
0.296066 -0.233952 0.135572 193 193 191
0.296517 -0.232958 0.143071 175 183 180
0.294929 -0.224312 -0.004480 159 162 158
0.296825 -0.223710 0.003862 160 165 157
0.294357 -0.224165 0.012954 163 164 158
0.297961 -0.222355 0.028542 20 71 64
0.295608 -0.225331 0.033162 76 122 116
0.296402 -0.227703 0.044684 128 164 157
0.296883 -0.228960 0.054636 142 158 154
0.295315 -0.225622 0.065467 144 152 148
0.297842 -0.226083 0.086609 189 184 184
0.296720 -0.225829 0.095297 190 188 188
0.294378 -0.228597 0.102709 190 187 188
0.296794 -0.223977 0.126365 222 218 219
0.296665 -0.227172 0.134364 219 215 215
0.295716 -0.227306 0.143936 223 219 219
0.292294 -0.217490 -0.002667 202 195 190
0.298536 -0.216957 0.006213 145 152 147
0.296569 -0.215138 0.014724 96 130 126
0.293286 -0.216213 0.024713 18 65 58
0.293454 -0.215372 0.033878 86 112 106
0.294638 -0.214978 0.086168 225 222 218
0.291577 -0.215060 0.096571 214 212 216
0.295633 -0.214520 0.114465 210 204 201
0.297033 -0.215496 0.146302 194 176 165
0.295087 -0.215992 0.155142 186 168 157
0.295902 -0.215577 0.163668 198 186 179
0.297368 -0.203714 0.006231 90 139 134
0.296047 -0.207156 0.015983 163 172 166
0.295125 -0.205983 0.024808 200 188 179
0.292323 -0.205669 0.033422 180 180 172
0.295232 -0.202069 0.065344 202 198 202
0.295890 -0.204209 0.074188 208 204 208
0.294631 -0.205313 0.083856 208 202 204
0.297350 -0.205031 0.093493 214 206 202
0.296781 -0.203627 0.104512 203 194 187
0.295255 -0.206071 0.113561 148 150 145
0.295210 -0.204654 0.124783 187 178 174
0.297547 -0.205115 0.165984 244 237 234
0.294829 -0.193522 -0.016144 91 129 118
0.294619 -0.192240 -0.003686 174 180 176
0.294515 -0.195028 0.004426 197 192 188
0.295950 -0.196270 0.037069 198 188 186
0.296124 -0.193551 0.045251 174 173 175
0.295827 -0.194689 0.054648 200 196 200
0.295621 -0.197249 0.064505 204 200 203
0.296682 -0.196312 0.074418 204 198 196
0.296823 -0.192591 0.086652 189 175 164
0.294515 -0.194062 0.094999 192 182 174
0.295352 -0.195964 0.105304 222 213 207
0.297166 -0.194778 0.127718 139 149 143
0.295077 -0.194695 0.136101 216 210 204
0.294787 -0.195600 0.143603 229 222 220
0.293096 -0.186767 -0.015399 117 140 135
0.294398 -0.185033 -0.003617 185 174 166
0.295157 -0.186447 0.004667 159 170 163
0.296256 -0.184376 0.015539 192 197 194
0.295875 -0.182376 0.024781 210 202 199
0.296435 -0.184209 0.036062 196 189 190
0.296528 -0.186177 0.044913 194 190 192
0.297325 -0.185911 0.054240 197 190 188
0.294493 -0.184736 0.063426 191 183 181
0.297337 -0.184256 0.076608 180 168 162
0.296645 -0.186321 0.086676 180 172 166
0.295270 -0.186459 0.095178 218 212 210
0.297215 -0.185257 0.118109 213 203 195
0.295415 -0.186100 0.125596 210 199 189
0.294833 -0.184405 0.132154 226 216 208
0.296549 -0.186548 0.145229 203 204 202
0.296481 -0.174811 -0.004421 193 177 168
0.297558 -0.176604 0.017549 224 216 213
0.295174 -0.177690 0.027326 195 186 185
0.295766 -0.175745 0.034873 197 188 188
0.294427 -0.175368 0.042883 207 199 201
0.296037 -0.177016 0.066827 134 143 141
0.295825 -0.175279 0.075974 161 172 167
0.291795 -0.174515 0.085248 230 228 230
0.296019 -0.177867 0.136633 240 234 230
0.296543 -0.167203 -0.002444 202 185 177
0.295881 -0.164576 0.005008 201 188 184
0.294565 -0.163856 0.014144 210 198 192
0.296651 -0.162298 0.035632 186 180 183
0.294364 -0.164739 0.044313 209 201 202
0.295415 -0.165013 0.056093 211 206 208
0.295373 -0.165006 0.065251 214 212 215
0.291687 -0.169175 0.084708 214 213 210
0.295136 -0.163787 0.102915 97 100 94
0.296799 -0.163799 0.116119 190 184 179
0.292423 -0.160573 0.136447 118 112 112
0.293898 -0.164669 0.144887 175 167 162
0.294503 -0.166641 0.154248 186 176 168
0.293588 -0.154375 -0.003641 191 183 182
0.295122 -0.156073 0.015067 205 191 186
0.295770 -0.155272 0.024579 198 186 185
0.293412 -0.154409 0.034515 202 194 195
0.296093 -0.155423 0.044114 198 193 198
0.295082 -0.156344 0.053766 204 201 206
0.295611 -0.156809 0.064963 244 238 234
0.297859 -0.155514 0.095930 181 172 166
0.297315 -0.153472 0.104173 186 187 184
0.296660 -0.155714 0.115959 113 131 125
0.294999 -0.154016 0.125154 126 129 125
0.295269 -0.157900 0.135369 126 126 125
0.294858 -0.144812 -0.005056 196 186 185
0.294115 -0.146084 0.017607 220 214 218
0.296029 -0.143376 0.024972 194 184 182
0.294439 -0.147380 0.034303 203 194 193
0.298268 -0.140341 0.047821 194 182 174
0.293559 -0.143355 0.054812 208 198 193
0.297764 -0.145897 0.087290 134 154 146
0.297314 -0.143680 0.097659 224 218 214
0.294803 -0.145516 0.104959 195 197 192
0.296354 -0.146571 0.116364 240 230 229
0.295034 -0.146202 0.123327 242 232 231
0.293181 -0.136486 -0.003484 200 190 182
0.293404 -0.135422 0.005312 185 169 160
0.295587 -0.134548 0.015249 196 180 176
0.293406 -0.135851 0.023844 177 163 158
0.294814 -0.132761 0.045638 158 152 146
0.294333 -0.137606 0.054191 141 141 134
0.294202 -0.133995 0.075287 142 152 145
0.295379 -0.139360 0.093653 248 236 234
0.297943 -0.133960 0.105654 238 228 226
0.295664 -0.133297 0.115813 218 210 206
0.295385 -0.133719 0.125474 194 185 183
0.292869 -0.135542 0.133542 153 145 142
0.293443 -0.127107 -0.005452 123 108 98
0.295568 -0.125387 0.004458 158 148 146
0.295183 -0.125507 0.014663 167 158 156
0.292734 -0.125108 0.024299 166 157 153
0.293019 -0.124549 0.034095 180 171 167
0.293932 -0.125527 0.043186 210 202 199
0.296705 -0.126144 0.068218 154 156 146
0.294615 -0.125921 0.073416 152 143 137
0.295397 -0.122632 0.087319 204 194 192
0.293722 -0.122927 0.094849 217 207 205
0.292724 -0.124179 0.103888 230 222 221
0.295674 -0.114857 -0.003878 156 154 147
0.294993 -0.114807 0.005233 132 134 126
0.294013 -0.115707 0.015600 158 160 156
0.295985 -0.114899 0.023292 148 156 152
0.292754 -0.118403 0.036556 168 160 157
0.296952 -0.114018 0.055339 167 173 169
0.295389 -0.115515 0.065486 174 169 164
0.293759 -0.115561 0.071344 193 184 180
0.297664 -0.115889 0.086545 219 206 203
0.296077 -0.115716 0.095220 240 227 224
0.293974 -0.114253 0.102776 236 224 223
0.297221 -0.104309 0.016585 174 167 161
0.293025 -0.105587 0.024650 143 144 141
0.296631 -0.104927 0.057040 198 193 189
0.297096 -0.107193 0.066002 222 213 211
0.295888 -0.106649 0.075866 244 232 229
0.295596 -0.104878 0.085392 228 215 213
0.294779 -0.104172 0.095090 230 218 216
0.294631 -0.105200 0.105490 194 192 190
0.293365 -0.104493 0.113416 135 148 145
0.294833 -0.096906 0.014908 180 178 179
0.295844 -0.095561 0.024769 79 144 137
0.296546 -0.094484 0.036335 147 183 174
0.297009 -0.093763 0.045910 170 163 158
0.292808 -0.094969 0.054005 191 189 185
0.294571 -0.092167 0.066889 164 166 164
0.293456 -0.092774 0.071995 194 187 185
0.295181 -0.083479 0.004938 197 193 195
0.294890 -0.084169 0.015341 156 184 180
0.292942 -0.084993 0.026376 154 180 175
0.297098 -0.083391 0.037045 180 173 170
0.295077 -0.084735 0.044737 166 165 161
0.295112 -0.085949 0.054904 175 173 169
0.293682 -0.086380 0.064331 189 184 178
0.292983 -0.085563 0.074037 210 202 197
0.296528 -0.072357 -0.010248 209 206 206
0.296885 -0.073949 -0.004385 198 195 196
0.297327 -0.072921 0.004471 125 160 156
0.295911 -0.073405 0.013945 137 162 156
0.296476 -0.073533 0.024851 178 178 175
0.296364 -0.073544 0.034831 180 180 179
0.296849 -0.072930 0.044915 208 209 208
0.295015 -0.075571 0.054934 206 206 204
0.295812 -0.076670 0.076082 174 173 168
0.294943 -0.075065 0.085050 178 178 174
0.295339 -0.074397 0.094343 198 198 194
0.294525 -0.064698 -0.012239 171 176 176
0.295800 -0.064677 -0.003952 119 144 141
0.293902 -0.066229 0.003537 122 148 144
0.295615 -0.064694 0.016330 200 202 203
0.295340 -0.065531 0.025384 200 202 202
0.294137 -0.064323 0.034904 159 178 175
0.293441 -0.066532 0.044416 184 186 184
0.292952 -0.068129 0.053677 202 198 196
0.292953 -0.065262 0.065841 158 173 170
0.294234 -0.065535 0.074706 177 184 182
0.294185 -0.065252 0.084576 192 196 196
0.298076 -0.062645 0.097292 126 164 160
0.295283 -0.063182 0.102790 136 169 162
0.295289 -0.056137 -0.005875 70 129 124
0.296481 -0.054028 0.015074 190 191 188
0.293582 -0.057078 0.023796 202 203 201
0.292489 -0.057489 0.033839 116 158 152
0.295261 -0.053194 0.046471 12 96 91
0.296527 -0.054425 0.055748 41 116 106
0.295718 -0.054423 0.075762 122 166 160
0.292608 -0.058637 0.096908 122 164 160
0.294541 -0.055050 0.103682 235 228 226
0.295975 -0.043229 -0.002307 92 149 140
0.294849 -0.043349 0.004413 193 196 195
0.295214 -0.044265 0.036659 99 154 146
0.293815 -0.044168 0.043853 121 166 160
0.296031 -0.042327 0.054663 152 182 176
0.292887 -0.045384 0.063032 125 174 168
0.294934 -0.035568 -0.004502 110 148 144
0.294020 -0.034917 0.003028 92 148 144
0.295216 -0.034961 0.013400 6 117 106
0.294116 -0.038789 0.022931 12 112 102
0.297252 -0.034030 0.037944 249 249 248
0.293433 -0.036859 0.044102 170 196 191
0.294468 -0.039381 0.051514 126 174 167
0.295267 -0.025162 -0.011664 76 134 130
0.294981 -0.026437 -0.006103 92 151 144
0.294436 -0.024679 0.026007 252 252 249
0.293403 -0.029739 0.034629 250 250 246
0.293211 -0.017174 -0.006812 80 136 130
0.294211 -0.016642 0.013504 248 244 242
0.294988 -0.004698 -0.005176 153 190 182
0.293365 0.003343 -0.013510 124 176 168
0.304872 -0.654999 -0.053481 2 98 90
0.305008 -0.646430 -0.051442 0 100 90
0.303973 -0.641420 -0.049194 0 100 91
0.304777 -0.634773 -0.047009 0 101 92
0.305089 -0.624902 -0.045602 0 106 94
0.305044 -0.615105 -0.046041 2 104 96
0.306867 -0.606383 -0.044307 4 103 97
0.302537 -0.602946 -0.036755 6 104 98
0.305440 -0.595296 -0.043864 4 104 96
0.301754 -0.594730 -0.037794 19 110 102
0.307129 -0.586992 -0.042031 0 97 90
0.304296 -0.583584 -0.036708 0 96 88
0.307851 -0.575603 -0.034618 2 94 88
0.304159 -0.574548 -0.025639 11 94 90
0.303917 -0.573483 -0.015527 135 150 146
0.308509 -0.566343 -0.024994 8 96 88
0.304788 -0.565077 -0.013166 91 155 149
0.302936 -0.563020 -0.006203 87 148 142
0.308748 -0.557943 -0.013316 75 134 132
0.304279 -0.555440 -0.004302 105 147 143
0.304419 -0.552782 0.002662 103 149 144
0.308180 -0.544485 -0.003814 44 94 91
0.303932 -0.544997 0.005084 99 134 131
0.301833 -0.545492 0.013281 118 137 136
0.305380 -0.536310 0.006092 66 124 118
0.303142 -0.534858 0.016208 143 172 167
0.302407 -0.534115 0.024383 70 120 116
0.306281 -0.528597 0.017012 108 160 154
0.305514 -0.524913 0.024088 74 124 121
0.304227 -0.525117 0.036064 79 140 136
0.302564 -0.513058 0.007357 103 136 128
0.305195 -0.518395 0.046302 76 134 130
0.302114 -0.512471 0.056708 139 154 147
0.302404 -0.512053 0.064299 195 199 194
0.301902 -0.512225 0.087060 148 154 148
0.302624 -0.514640 0.104436 134 142 142
0.304062 -0.504312 0.006358 104 138 131
0.300235 -0.501720 0.049325 140 151 146
0.302470 -0.505303 0.054847 198 190 183
0.304233 -0.504788 0.065605 144 156 152
0.304824 -0.503988 0.074301 142 157 153
0.303282 -0.504257 0.084076 141 153 147
0.303917 -0.505469 0.095670 126 136 130
0.304040 -0.504972 0.105297 146 154 152
0.306250 -0.503321 0.114310 159 166 164
0.306041 -0.495484 0.003838 102 137 130
0.300881 -0.491482 0.036989 200 188 184
0.301447 -0.493413 0.046798 153 154 149
0.303341 -0.494881 0.053348 152 155 150
0.304577 -0.494938 0.063672 148 152 148
0.306146 -0.495002 0.075380 198 196 191
0.304623 -0.495679 0.085538 203 200 195
0.303198 -0.492810 0.093289 212 208 201
0.302995 -0.492857 0.114252 222 215 212
0.307768 -0.485613 -0.003500 104 138 132
0.301348 -0.483200 0.027370 198 188 181
0.303095 -0.484895 0.034792 198 187 182
0.303207 -0.485576 0.045137 165 168 163
0.305178 -0.485468 0.054051 166 168 164
0.305889 -0.485255 0.065190 168 170 165
0.304613 -0.484169 0.075067 198 189 182
0.305071 -0.485391 0.085494 210 204 199
0.304243 -0.484638 0.094357 224 219 214
0.305250 -0.483889 0.106839 220 211 204
0.306368 -0.487006 0.114134 224 216 211
0.302666 -0.474934 0.025701 197 186 180
0.306181 -0.474957 0.034495 196 185 180
0.304270 -0.475312 0.045246 194 191 185
0.306542 -0.475483 0.055960 188 185 181
0.307219 -0.476047 0.064838 182 182 176
0.306205 -0.475069 0.075581 205 195 188
0.306039 -0.475399 0.085708 217 211 205
0.304997 -0.476659 0.094327 225 221 218
0.307532 -0.477296 0.104185 224 218 213
0.305653 -0.465454 0.024850 193 195 188
0.307455 -0.466540 0.033679 194 184 178
0.304517 -0.464759 0.045626 195 184 176
0.305936 -0.465998 0.056736 188 186 182
0.307264 -0.464753 0.065191 193 191 188
0.308585 -0.465417 0.073812 171 171 170
0.305741 -0.465568 0.084835 219 217 217
0.307103 -0.465656 0.093909 224 224 226
0.304406 -0.455401 0.026457 150 158 151
0.307146 -0.454113 0.033305 201 200 194
0.304362 -0.453919 0.046079 199 190 182
0.306269 -0.454539 0.055697 206 197 190
0.306421 -0.455765 0.065705 200 202 201
0.307933 -0.456636 0.073869 209 208 206
0.307581 -0.457047 0.083141 218 218 221
0.305129 -0.443004 -0.024523 172 173 172
0.304355 -0.446358 0.027935 133 158 150
0.305002 -0.443967 0.034633 171 176 170
0.306424 -0.443435 0.043952 210 205 199
0.307336 -0.447653 0.054191 218 214 208
0.305303 -0.436861 -0.032487 156 172 175
0.303953 -0.435185 -0.024012 194 198 196
0.305260 -0.433994 -0.016372 185 188 186
0.306758 -0.434866 -0.002774 110 157 152
0.304066 -0.434356 0.003637 109 156 150
0.302713 -0.436014 0.027034 209 204 200
0.303505 -0.435693 0.036179 141 155 149
0.305040 -0.435828 0.042117 146 170 164
0.306594 -0.423489 -0.063422 20 104 94
0.304833 -0.423512 -0.055205 50 122 112
0.303573 -0.424935 -0.015074 180 184 183
0.306270 -0.423136 -0.002467 116 152 149
0.304944 -0.423143 0.003794 113 157 152
0.305554 -0.412656 -0.054569 96 149 142
0.304067 -0.415872 -0.044750 181 194 188
0.304453 -0.416647 -0.034219 226 220 214
0.306272 -0.417099 -0.023773 226 221 215
0.305815 -0.418146 -0.016889 226 220 216
0.305268 -0.415585 -0.004225 131 165 164
0.304109 -0.417253 0.003454 118 153 149
0.305111 -0.404639 -0.055302 4 112 102
0.305894 -0.407392 -0.002453 85 140 138
0.304319 -0.405695 0.000899 86 141 137
0.305432 -0.394952 -0.055565 0 110 102
0.305429 -0.384781 -0.054514 0 110 100
0.305633 -0.374963 -0.053737 0 108 99
0.306782 -0.376255 -0.002808 63 112 110
0.302441 -0.374426 0.002139 58 113 112
0.306160 -0.365274 -0.053529 1 104 98
0.305310 -0.366992 0.005307 64 99 98
0.305253 -0.364330 0.010883 60 100 100
0.306095 -0.355480 -0.053193 2 84 78
0.305824 -0.346703 -0.051902 1 54 50
0.303392 -0.343816 -0.047406 1 58 54
0.302179 -0.336828 -0.044052 0 52 51
0.303366 -0.335978 -0.033974 0 61 58
0.305532 -0.335088 -0.024479 1 66 62
0.307095 -0.332675 -0.016328 2 80 77
0.305841 -0.324903 -0.013524 2 88 84
0.305153 -0.325468 -0.007490 4 116 114
0.304329 -0.324923 0.084408 27 87 79
0.303208 -0.324126 0.092625 4 83 74
0.303376 -0.326041 0.105865 109 126 128
0.303460 -0.325396 0.115153 67 100 101
0.303888 -0.325872 0.124398 83 119 120
0.305490 -0.324079 0.133488 80 111 111
0.305146 -0.314504 -0.013982 3 114 114
0.307228 -0.314639 -0.007713 2 116 117
0.301896 -0.312988 0.097782 102 154 147
0.303397 -0.316099 0.117131 180 184 184
0.303510 -0.316614 0.126228 172 180 180
0.305866 -0.316971 0.135650 195 196 196
0.305690 -0.315134 0.140689 206 206 206
0.303780 -0.305414 -0.016601 5 102 100
0.301002 -0.302870 0.135855 85 108 103
0.303605 -0.302876 0.143665 114 130 127
0.302876 -0.295757 -0.004681 148 167 168
0.304946 -0.295847 0.003908 130 151 149
0.306706 -0.293088 0.014114 106 123 122
0.305955 -0.294071 0.024898 164 169 170
0.307003 -0.295206 0.033939 116 141 141
0.304195 -0.292398 0.043634 179 181 182
0.305108 -0.292791 0.054849 192 193 194
0.305722 -0.294517 0.064178 188 187 188
0.306402 -0.296049 0.072907 154 153 154
0.305327 -0.293911 0.108110 131 158 154
0.304793 -0.293048 0.114722 125 162 156
0.303861 -0.292425 0.123020 98 148 140
0.303221 -0.295477 0.135665 123 136 133
0.304132 -0.283278 -0.004190 76 113 114
0.306367 -0.283581 0.005874 169 172 173
0.307153 -0.285906 0.013787 138 147 145
0.305126 -0.286302 0.023544 159 166 165
0.304154 -0.285425 0.037263 144 150 150
0.306473 -0.286683 0.045148 185 186 185
0.306825 -0.286677 0.053079 184 186 185
0.304331 -0.284535 0.075021 83 100 98
0.306223 -0.283484 0.083619 114 124 122
0.305410 -0.286105 0.096148 110 124 120
0.304600 -0.286109 0.104006 197 192 191
0.306310 -0.285543 0.115754 193 188 187
0.303958 -0.283485 0.125914 171 185 182
0.305713 -0.283156 0.134621 176 187 182
0.304746 -0.284851 0.146500 162 166 162
0.305379 -0.285087 0.154070 176 176 172
0.303417 -0.277418 -0.006074 84 120 120
0.302408 -0.273724 0.002650 180 180 181
0.308596 -0.272751 0.027664 177 174 168
0.306436 -0.274532 0.045307 162 160 158
0.306160 -0.275358 0.056194 199 193 191
0.305723 -0.274152 0.065149 179 177 174
0.305281 -0.274433 0.074219 177 172 171
0.305699 -0.271428 0.095846 174 172 169
0.305535 -0.273806 0.104336 186 184 180
0.306943 -0.275047 0.114917 200 200 196
0.305524 -0.275156 0.125913 208 205 204
0.305684 -0.275575 0.134124 190 202 200
0.305916 -0.266655 -0.004923 146 154 154
0.303775 -0.268028 0.002358 172 172 172
0.307172 -0.267177 0.026996 188 184 176
0.305430 -0.263928 0.036122 196 190 184
0.305027 -0.264781 0.077572 218 213 210
0.303349 -0.263255 0.085545 189 187 184
0.303526 -0.265274 0.094248 177 174 174
0.304493 -0.266394 0.104373 184 180 178
0.306108 -0.265673 0.115388 229 224 219
0.304676 -0.261821 0.126712 208 214 211
0.305997 -0.265089 0.135777 221 218 217
0.304289 -0.263905 0.145166 225 223 222
0.303300 -0.264679 0.154010 224 224 224
0.304066 -0.252500 0.008203 192 188 184
0.306300 -0.254577 0.012986 205 200 196
0.303109 -0.254878 0.023452 212 206 204
0.307838 -0.255555 0.035337 103 150 148
0.306145 -0.255489 0.045992 154 169 164
0.306444 -0.253849 0.054571 194 189 185
0.306788 -0.256717 0.074802 170 170 168
0.306015 -0.255434 0.085074 181 178 177
0.305311 -0.254971 0.095315 213 208 206
0.306055 -0.255772 0.106302 184 194 189
0.305060 -0.255581 0.116157 184 192 189
0.306777 -0.257429 0.124788 212 212 207
0.305403 -0.254750 0.134541 215 214 208
0.304533 -0.256374 0.143807 215 221 216
0.304186 -0.252688 0.155608 204 198 195
0.303098 -0.246690 0.007120 178 171 166
0.306712 -0.243397 0.016372 104 156 148
0.307156 -0.244108 0.024620 126 177 170
0.303849 -0.244334 0.034289 178 194 188
0.305438 -0.244575 0.056576 185 186 183
0.304539 -0.245051 0.064411 185 186 188
0.306008 -0.244920 0.085919 176 173 172
0.305610 -0.242070 0.095994 81 112 108
0.304048 -0.242880 0.106306 145 175 171
0.304357 -0.243727 0.115886 187 194 194
0.305085 -0.243999 0.124370 204 200 198
0.303947 -0.245100 0.135485 205 201 195
0.306430 -0.246115 0.146805 202 201 194
0.304687 -0.235670 -0.004236 175 176 174
0.305892 -0.233571 0.003509 94 118 115
0.306756 -0.234235 0.014857 151 169 162
0.305724 -0.235164 0.024613 191 186 177
0.303588 -0.234085 0.036607 210 202 198
0.305269 -0.234654 0.044795 200 195 194
0.304376 -0.236561 0.055249 185 183 183
0.303604 -0.235184 0.064376 165 164 161
0.305907 -0.235444 0.077521 125 126 126
0.305052 -0.234745 0.105474 106 122 118
0.306573 -0.238296 0.114235 184 188 184
0.305802 -0.234509 0.125724 206 202 198
0.304421 -0.234868 0.135711 216 212 208
0.302409 -0.233486 0.141326 218 214 208
0.306542 -0.235618 0.154998 242 234 230
0.302727 -0.226113 -0.003232 124 148 144
0.303718 -0.225435 0.003771 131 143 136
0.304814 -0.223023 0.014102 174 170 164
0.302979 -0.225211 0.025758 138 144 138
0.304265 -0.224724 0.033950 140 150 150
0.306821 -0.226576 0.047062 197 193 192
0.304874 -0.223402 0.055860 179 176 174
0.302821 -0.224456 0.064397 189 189 186
0.303792 -0.224487 0.074751 129 136 135
0.305141 -0.225295 0.085612 126 139 134
0.304547 -0.224681 0.094395 145 158 157
0.305370 -0.223958 0.116077 190 195 191
0.305598 -0.225495 0.126427 220 216 214
0.305141 -0.224978 0.135906 234 233 231
0.304851 -0.226543 0.144482 224 223 222
0.306477 -0.225131 0.152274 227 222 220
0.303200 -0.214605 0.005085 190 184 180
0.303613 -0.216533 0.013721 179 174 169
0.307380 -0.214844 0.022804 182 176 170
0.305553 -0.217536 0.034882 92 108 106
0.307173 -0.216257 0.045788 163 162 160
0.303886 -0.218244 0.054140 176 172 171
0.306872 -0.215377 0.074436 239 234 234
0.304162 -0.215724 0.083155 240 234 234
0.305332 -0.214089 0.106438 192 192 190
0.302974 -0.217093 0.115109 202 198 196
0.303100 -0.216943 0.124422 214 212 215
0.306472 -0.219047 0.135215 231 228 222
0.303727 -0.215018 0.146645 201 185 172
0.305431 -0.215156 0.154899 204 192 184
0.303616 -0.215266 0.163396 200 186 178
0.305229 -0.207411 0.005700 64 104 96
0.304056 -0.202819 0.074995 204 200 203
0.303658 -0.202801 0.083771 199 192 191
0.303782 -0.205956 0.095955 199 191 189
0.304371 -0.204814 0.106155 162 169 164
0.304488 -0.205256 0.113184 140 152 147
0.305804 -0.207334 0.122387 194 193 191
0.302296 -0.200834 0.141431 223 218 216
0.303363 -0.205009 0.163840 240 234 231
0.304750 -0.197412 -0.012658 95 136 126
0.303936 -0.194859 -0.005802 128 160 152
0.305810 -0.192744 0.028045 119 139 137
0.303834 -0.193969 0.035065 162 164 163
0.303747 -0.192597 0.044685 175 175 174
0.306234 -0.194594 0.056984 201 197 198
0.302753 -0.196529 0.066552 203 197 198
0.304479 -0.194405 0.075978 183 185 179
0.306164 -0.193030 0.095343 215 213 212
0.305545 -0.194742 0.103017 224 220 219
0.305601 -0.193873 0.126096 174 175 168
0.304944 -0.195105 0.135777 188 190 188
0.303455 -0.196914 0.142835 231 224 222
0.306086 -0.185301 -0.005623 89 126 122
0.305412 -0.182626 0.004958 172 181 176
0.303557 -0.182931 0.013167 193 193 190
0.302291 -0.183192 0.025679 186 181 179
0.303612 -0.186151 0.034906 148 152 150
0.304532 -0.184159 0.044530 175 177 176
0.302947 -0.183694 0.053537 189 183 182
0.304276 -0.186959 0.065990 176 168 164
0.302233 -0.182398 0.077330 188 178 174
0.308180 -0.187246 0.096682 225 221 219
0.307403 -0.187996 0.104363 250 244 242
0.305492 -0.186280 0.114364 222 217 210
0.303396 -0.185460 0.123057 211 206 198
0.306507 -0.185813 0.142106 230 226 222
0.301995 -0.174783 -0.003816 196 182 174
0.304548 -0.174714 0.003642 207 194 186
0.303225 -0.175783 0.015895 211 202 199
0.304028 -0.175056 0.024458 202 195 194
0.303477 -0.174319 0.034879 190 181 180
0.305187 -0.176377 0.044065 186 179 178
0.304813 -0.177054 0.054820 145 156 153
0.304069 -0.174815 0.064618 183 183 180
0.305819 -0.173855 0.076853 203 199 200
0.306492 -0.176703 0.104127 190 184 180
0.304274 -0.164743 -0.002211 194 180 173
0.305371 -0.164939 0.003225 191 178 169
0.305960 -0.166057 0.027080 198 189 190
0.305715 -0.165522 0.035309 218 213 214
0.303687 -0.165228 0.044787 210 204 204
0.305525 -0.162682 0.057823 203 200 199
0.304544 -0.164159 0.063121 214 213 213
0.303579 -0.166904 0.075377 212 207 207
0.305676 -0.165207 0.137898 130 145 138
0.305753 -0.165874 0.146424 156 161 156
0.305459 -0.167382 0.153174 184 184 181
0.306620 -0.152903 0.016120 199 191 187
0.303131 -0.154526 0.025526 195 185 182
0.305055 -0.155898 0.034103 187 183 186
0.307016 -0.155822 0.046893 231 226 226
0.306023 -0.154379 0.055423 250 242 238
0.301493 -0.155226 0.063771 245 239 236
0.305986 -0.153531 0.086042 170 162 157
0.303829 -0.152984 0.094081 182 177 173
0.303863 -0.153620 0.104575 212 206 203
0.304508 -0.156252 0.115303 155 169 166
0.302606 -0.156003 0.124179 124 145 141
0.303558 -0.158518 0.131240 126 144 142
0.307800 -0.143658 0.008778 203 198 202
0.305511 -0.147034 0.016087 202 191 188
0.304317 -0.145916 0.026673 187 176 171
0.307016 -0.143293 0.032700 189 176 169
0.303972 -0.141822 0.044013 211 201 194
0.307743 -0.145436 0.066214 134 136 130
0.306006 -0.143682 0.075490 146 152 145
0.302987 -0.143997 0.085869 153 162 154
0.305511 -0.144287 0.096045 226 220 217
0.304797 -0.146297 0.104398 177 186 182
0.303059 -0.145197 0.113781 238 230 228
0.307440 -0.133529 -0.002961 207 197 195
0.306793 -0.136098 0.004720 222 218 220
0.304272 -0.137453 0.015454 174 158 153
0.305929 -0.134566 0.036305 168 158 153
0.304711 -0.136666 0.043381 178 166 158
0.305060 -0.134012 0.054193 172 155 145
0.306185 -0.135051 0.075667 204 198 192
0.307255 -0.137640 0.085784 226 220 217
0.304812 -0.135046 0.095135 235 227 225
0.307082 -0.133190 0.105329 226 219 216
0.303982 -0.133437 0.114809 188 181 179
0.303073 -0.134974 0.123351 184 176 174
0.304745 -0.123555 -0.004259 178 166 160
0.305314 -0.125822 0.004560 191 180 178
0.304173 -0.123592 0.014496 200 188 186
0.306992 -0.122435 0.026398 220 210 208
0.306386 -0.123704 0.037705 199 192 192
0.307214 -0.123062 0.046175 212 205 205
0.306324 -0.123051 0.058205 185 173 165
0.304852 -0.125179 0.065417 176 167 160
0.303548 -0.123912 0.074541 191 182 178
0.302150 -0.123351 0.083935 221 215 214
0.306302 -0.126097 0.114715 228 218 215
0.305315 -0.113585 -0.002040 214 200 193
0.306498 -0.114635 0.004832 206 194 188
0.305197 -0.114041 0.014790 210 200 197
0.305037 -0.116040 0.024648 201 190 186
0.305206 -0.116275 0.033649 203 192 189
0.305989 -0.113105 0.045336 169 160 154
0.305289 -0.114849 0.054490 179 171 166
0.305394 -0.116615 0.065187 207 199 196
0.305950 -0.115634 0.075650 224 212 209
0.305055 -0.114128 0.085171 224 214 212
0.304260 -0.112838 0.094815 226 214 212
0.306885 -0.101771 -0.013425 234 227 229
0.306755 -0.107437 -0.005319 229 223 224
0.304276 -0.105876 0.005096 206 198 194
0.304161 -0.104674 0.016058 174 164 158
0.306658 -0.105146 0.025065 156 144 137
0.307408 -0.106116 0.035003 148 140 133
0.307423 -0.105957 0.044124 160 152 146
0.305860 -0.105814 0.053553 192 185 181
0.304479 -0.106445 0.063449 230 221 216
0.305684 -0.103118 0.075175 196 185 182
0.305872 -0.103527 0.085661 195 184 180
0.304619 -0.103158 0.095335 186 174 170
0.303452 -0.105557 0.103359 198 188 184
0.306050 -0.095706 -0.004359 166 156 152
0.305579 -0.094986 0.005173 181 176 174
0.307495 -0.095166 0.026597 175 167 162
0.306945 -0.095312 0.036029 175 171 168
0.305626 -0.095901 0.044193 188 181 178
0.305119 -0.096855 0.055319 200 194 192
0.305646 -0.083874 -0.004415 169 166 167
0.306555 -0.084046 0.004218 204 201 202
0.306601 -0.081747 0.012909 178 202 197
0.304856 -0.083034 0.036164 160 159 154
0.305317 -0.084570 0.042373 165 163 158
0.304320 -0.085776 0.054082 174 170 166
0.304439 -0.083819 0.064336 167 162 158
0.305239 -0.083437 0.072625 178 174 170
0.307035 -0.075124 -0.011987 184 181 182
0.304166 -0.072818 -0.004153 140 156 153
0.304556 -0.074403 0.003859 112 147 142
0.304438 -0.076807 0.015592 172 166 162
0.305736 -0.075861 0.026461 190 186 183
0.304169 -0.075321 0.034719 185 201 199
0.303108 -0.075237 0.044141 206 207 205
0.304558 -0.074021 0.053502 197 196 196
0.307985 -0.075389 0.072616 96 138 133
0.307186 -0.065105 -0.013922 160 168 169
0.303754 -0.065500 -0.004973 115 146 142
0.305972 -0.062457 0.007385 200 202 206
0.305833 -0.062200 0.016090 193 194 195
0.305126 -0.067102 0.024232 223 224 223
0.301598 -0.067820 0.033678 118 165 158
0.304238 -0.067237 0.053760 117 162 157
0.305639 -0.065933 0.066698 114 162 156
0.305496 -0.064496 0.073857 118 162 158
0.304380 -0.061554 0.087401 116 162 156
0.304670 -0.063936 0.095628 125 168 162
0.302766 -0.065101 0.102999 174 184 180
0.306144 -0.054581 -0.004129 113 160 154
0.304931 -0.053696 0.004580 161 164 163
0.303676 -0.057158 0.014003 191 194 193
0.303100 -0.056013 0.046596 68 126 118
0.304168 -0.053741 0.065989 128 158 151
0.305597 -0.055069 0.072901 175 196 191
0.308378 -0.046586 -0.014020 98 137 137
0.304570 -0.043936 -0.003614 131 176 169
0.304281 -0.046121 0.002909 201 205 203
0.305671 -0.043837 0.027558 90 141 130
0.306668 -0.047264 0.036109 124 159 148
0.304402 -0.043827 0.043258 180 198 193
0.302596 -0.043756 0.056255 231 230 224
0.303881 -0.047958 0.063380 209 212 208
0.305416 -0.033960 -0.014878 93 142 138
0.305085 -0.034026 -0.005036 64 133 126
0.302746 -0.032927 0.003858 6 118 108
0.304925 -0.037968 0.015977 24 122 112
0.305765 -0.033718 0.033208 230 229 226
0.305885 -0.038409 0.041398 184 184 180
0.302684 -0.026446 -0.012870 92 145 142
0.304030 -0.026554 -0.006246 54 129 121
0.305582 -0.022901 0.017095 250 248 245
0.304979 -0.027527 0.023714 250 249 244
0.306119 -0.013691 -0.003196 116 169 162
0.307086 -0.017199 0.007227 248 249 246
0.303369 -0.018038 0.010913 248 248 248
0.307136 -0.001960 -0.013479 150 184 179
0.305390 -0.005564 -0.006746 151 189 181
0.305575 0.004057 -0.017257 124 180 174
0.314837 -0.654321 -0.052912 0 101 92
0.314484 -0.646327 -0.051155 0 102 92
0.313660 -0.642090 -0.049398 0 104 94
0.314973 -0.634820 -0.046917 0 104 94
0.315087 -0.624933 -0.045404 0 108 98
0.314912 -0.614443 -0.047470 4 108 100
0.315185 -0.604986 -0.046870 1 108 98
0.314987 -0.595155 -0.045909 0 105 96
0.315302 -0.585026 -0.044535 0 100 91
0.313884 -0.584058 -0.036948 100 151 145
0.316296 -0.575970 -0.042089 2 102 93
0.312530 -0.573225 -0.037849 2 98 91
0.318926 -0.568221 -0.040602 2 101 90
0.315866 -0.564997 -0.036141 6 100 91
0.312621 -0.565776 -0.025628 56 134 127
0.313277 -0.562004 -0.018297 71 142 135
0.317959 -0.555526 -0.033309 4 102 93
0.313402 -0.555364 -0.025703 4 98 91
0.310655 -0.553145 -0.017289 16 88 85
0.316054 -0.547174 -0.023568 3 104 96
0.315141 -0.544886 -0.016852 17 104 96
0.313753 -0.542852 -0.003610 52 120 115
0.312254 -0.544486 0.001287 94 134 128
0.317753 -0.538059 -0.012918 2 107 99
0.315966 -0.536253 -0.002825 2 94 88
0.313335 -0.533615 0.005056 39 110 105
0.316512 -0.524864 0.003735 0 94 87
0.312339 -0.526552 0.016813 17 75 73
0.316936 -0.512683 0.027623 59 105 102
0.313660 -0.513415 0.035005 61 107 105
0.317774 -0.504256 0.036014 115 155 152
0.318153 -0.505257 0.042050 102 160 158
0.313014 -0.503590 0.056082 106 162 160
0.311354 -0.503349 0.063017 102 150 149
0.314992 -0.493295 -0.003455 31 102 96
0.313650 -0.493225 0.004576 126 158 151
0.315683 -0.494307 0.013347 185 188 183
0.318945 -0.492526 0.044439 190 192 192
0.317063 -0.494088 0.055016 76 111 110
0.314050 -0.494975 0.065362 164 189 190
0.311311 -0.493246 0.074250 135 162 164
0.311830 -0.493151 0.083196 110 136 138
0.314398 -0.494172 0.105434 110 127 126
0.312912 -0.494282 0.113397 154 164 164
0.313212 -0.485715 -0.002524 72 118 110
0.312097 -0.485503 0.002398 103 142 133
0.318232 -0.483485 0.024646 184 184 180
0.316996 -0.485040 0.053901 196 196 197
0.316433 -0.483811 0.063812 139 151 152
0.313405 -0.483637 0.075079 193 208 210
0.314000 -0.484811 0.084817 172 188 192
0.316365 -0.481899 0.094211 208 221 224
0.316818 -0.486333 0.105974 114 128 128
0.313924 -0.476333 -0.002841 68 122 113
0.313754 -0.475315 0.002998 67 120 111
0.315310 -0.477034 0.015282 191 197 189
0.317504 -0.478270 0.022167 186 193 186
0.315851 -0.472831 0.038797 188 185 180
0.313454 -0.473670 0.045089 202 194 189
0.315207 -0.474073 0.055400 209 209 206
0.315620 -0.475918 0.066584 151 161 164
0.314475 -0.474268 0.075888 201 211 215
0.313044 -0.473707 0.084362 208 212 212
0.314755 -0.473699 0.093095 211 217 217
0.315514 -0.464812 -0.004831 100 140 131
0.314701 -0.468489 0.002516 98 134 126
0.310811 -0.464417 0.027230 206 208 201
0.315380 -0.466087 0.037064 191 189 183
0.315783 -0.464435 0.045239 199 195 191
0.316770 -0.464459 0.054276 202 203 201
0.315324 -0.463311 0.064638 171 170 170
0.314350 -0.464434 0.076205 208 215 217
0.314167 -0.464967 0.084945 217 221 222
0.314770 -0.465407 0.092889 218 221 223
0.315563 -0.455068 -0.005563 102 141 132
0.315234 -0.455334 0.026297 204 203 200
0.313532 -0.454459 0.035916 213 214 210
0.315325 -0.455794 0.045430 210 208 206
0.313298 -0.454071 0.056248 207 206 204
0.313454 -0.454442 0.065641 175 175 174
0.312410 -0.457125 0.075063 212 216 219
0.313233 -0.457401 0.083639 216 220 223
0.314733 -0.441958 -0.033809 194 206 206
0.316473 -0.443173 -0.029179 185 194 194
0.314166 -0.443410 -0.013129 218 212 208
0.316734 -0.445371 -0.005181 141 172 165
0.311534 -0.445626 0.036143 211 206 202
0.311775 -0.445772 0.045262 212 208 206
0.311657 -0.446997 0.055501 223 221 219
0.312331 -0.447846 0.064036 234 230 228
0.312968 -0.438233 -0.033020 198 212 212
0.314248 -0.437497 -0.025033 197 203 204
0.313278 -0.435852 -0.015719 193 195 191
0.316067 -0.435055 -0.006018 100 139 130
0.314913 -0.435200 0.005260 212 209 204
0.314138 -0.435367 0.025831 227 228 226
0.315408 -0.424272 -0.064458 40 121 110
0.313716 -0.424746 -0.056857 98 157 144
0.316360 -0.425745 -0.012328 149 170 165
0.315610 -0.424092 -0.004580 147 173 169
0.315924 -0.425394 0.005708 222 217 214
0.316677 -0.412775 -0.062127 112 164 157
0.314931 -0.417377 -0.033353 223 221 216
0.314143 -0.417882 -0.024499 225 221 218
0.314003 -0.419006 -0.015396 215 210 208
0.314407 -0.417882 -0.007720 136 165 162
0.316308 -0.404673 -0.062446 12 118 108
0.316273 -0.395197 -0.062686 0 111 101
0.316701 -0.385031 -0.062497 0 108 98
0.311922 -0.383859 -0.058739 0 109 100
0.315517 -0.382092 -0.012978 76 122 120
0.316950 -0.374837 -0.061848 0 105 96
0.312112 -0.374027 -0.058302 0 106 97
0.318633 -0.376564 -0.012860 116 150 145
0.314174 -0.376062 -0.007809 93 130 128
0.317093 -0.364729 -0.061875 2 98 92
0.312306 -0.365249 -0.058106 0 103 96
0.317443 -0.357373 -0.061956 2 76 72
0.314299 -0.353884 -0.056958 0 70 65
0.313048 -0.347263 -0.053926 0 52 49
0.315954 -0.344974 -0.044710 8 70 67
0.316043 -0.343607 -0.033708 6 74 70
0.314870 -0.341332 -0.027852 4 79 74
0.314629 -0.338568 -0.024011 0 76 74
0.314704 -0.334549 -0.014579 1 90 88
0.315863 -0.332081 -0.008136 1 107 102
0.313323 -0.325981 -0.012585 2 90 86
0.314911 -0.326783 -0.007444 4 120 118
0.316032 -0.323626 0.033429 46 106 99
0.316390 -0.325857 0.076874 154 166 162
0.315475 -0.323892 0.084613 145 157 152
0.316124 -0.323893 0.124858 178 181 180
0.314220 -0.322664 0.133472 140 151 151
0.313942 -0.315526 -0.013294 4 120 120
0.314777 -0.317994 -0.008097 4 120 120
0.316475 -0.314056 0.027161 21 97 96
0.316285 -0.315343 0.034489 65 117 112
0.314916 -0.313501 0.045162 97 134 130
0.315081 -0.312762 0.053739 146 174 171
0.313714 -0.313892 0.064782 112 142 142
0.315140 -0.313515 0.074133 137 157 159
0.315546 -0.314222 0.084192 139 152 148
0.315444 -0.313614 0.094459 76 112 106
0.316455 -0.314469 0.126085 208 208 206
0.314420 -0.315164 0.133961 206 202 202
0.314824 -0.305098 0.005660 124 146 144
0.316140 -0.302813 0.014558 170 176 174
0.316116 -0.304043 0.025306 127 154 152
0.316409 -0.305782 0.032621 65 108 108
0.314484 -0.307368 0.046024 147 160 157
0.316128 -0.304816 0.055450 172 175 172
0.315660 -0.304686 0.065176 189 191 188
0.317229 -0.306739 0.074792 152 157 158
0.314738 -0.306520 0.083398 168 170 170
0.315966 -0.304801 0.095667 150 164 158
0.316238 -0.302867 0.106185 192 193 190
0.314234 -0.305460 0.111512 217 218 215
0.311030 -0.298511 0.007683 78 108 106
0.313743 -0.296443 0.014320 104 118 116
0.315295 -0.296336 0.023965 196 196 192
0.314768 -0.295055 0.033885 135 161 157
0.313853 -0.293686 0.043807 151 164 163
0.315898 -0.296059 0.056852 108 133 128
0.316308 -0.296097 0.064344 166 178 178
0.315759 -0.293629 0.075757 159 167 163
0.315496 -0.294165 0.086497 177 179 177
0.313305 -0.293755 0.096880 176 182 182
0.313877 -0.295121 0.104524 175 181 177
0.315942 -0.294089 0.135976 178 176 175
0.313780 -0.294089 0.145140 212 206 204
0.312970 -0.283293 0.005759 126 146 146
0.313594 -0.284243 0.015320 150 153 149
0.315134 -0.283124 0.024530 175 173 168
0.315483 -0.283818 0.034924 117 140 136
0.314021 -0.284869 0.044376 148 161 160
0.317240 -0.282242 0.052460 202 202 199
0.316592 -0.284050 0.064489 191 190 187
0.317704 -0.287493 0.073418 175 181 178
0.317169 -0.285360 0.086256 212 210 207
0.313783 -0.283653 0.093752 178 182 177
0.315248 -0.283762 0.105158 148 154 153
0.313277 -0.283471 0.115977 146 155 151
0.313861 -0.284910 0.125233 119 129 123
0.313267 -0.282516 0.133021 190 192 186
0.313270 -0.283318 0.145632 222 215 213
0.314525 -0.272627 -0.002972 180 178 178
0.315458 -0.275404 0.005381 186 182 180
0.317433 -0.275550 0.013977 142 153 147
0.315318 -0.272821 0.025823 187 182 176
0.317783 -0.275351 0.033443 136 155 148
0.316869 -0.273765 0.044824 178 175 173
0.314449 -0.275835 0.054090 201 194 190
0.315395 -0.273891 0.063884 204 196 191
0.317210 -0.275615 0.074554 154 164 157
0.315809 -0.275147 0.084829 188 187 183
0.316258 -0.274606 0.093067 158 159 155
0.314684 -0.273638 0.106265 199 198 191
0.316728 -0.277101 0.115129 148 170 168
0.315588 -0.274076 0.125199 182 188 187
0.313969 -0.276521 0.133793 201 204 200
0.315887 -0.276308 0.144890 196 192 188
0.315583 -0.276657 0.152780 162 158 154
0.313194 -0.267645 -0.005792 142 152 152
0.313976 -0.265160 0.006243 132 156 154
0.315861 -0.263772 0.035500 107 137 132
0.314227 -0.264632 0.044008 77 126 123
0.318272 -0.263723 0.064478 87 111 112
0.316083 -0.263119 0.075148 215 214 210
0.311877 -0.262689 0.097761 190 188 182
0.316004 -0.266345 0.106299 204 203 199
0.316364 -0.264382 0.115676 232 231 227
0.315512 -0.263679 0.126527 200 202 201
0.314166 -0.262255 0.135200 212 209 208
0.315034 -0.264520 0.144980 227 228 225
0.312507 -0.253142 0.008052 154 161 160
0.314553 -0.253897 0.012947 187 178 176
0.313506 -0.254478 0.025813 138 158 156
0.314923 -0.254857 0.035591 77 124 122
0.315253 -0.254248 0.043004 94 132 128
0.315342 -0.253802 0.053309 179 178 176
0.314607 -0.253831 0.063302 210 208 205
0.316268 -0.252894 0.074613 206 203 202
0.315614 -0.255815 0.084808 228 224 220
0.315714 -0.254702 0.096823 218 215 214
0.315552 -0.254204 0.107141 168 185 181
0.316330 -0.256547 0.116320 200 202 200
0.315995 -0.257122 0.125015 225 221 218
0.315490 -0.254680 0.135122 232 229 226
0.312348 -0.250792 0.155150 207 202 200
0.315302 -0.244119 0.005186 167 169 165
0.315958 -0.243257 0.013779 162 190 186
0.318431 -0.247437 0.037402 80 122 120
0.317722 -0.246171 0.044338 114 138 134
0.312233 -0.243180 0.056466 112 134 128
0.314258 -0.242960 0.065270 180 183 185
0.314855 -0.246339 0.074364 178 178 180
0.315530 -0.243646 0.085668 215 210 207
0.315090 -0.248056 0.095097 228 223 218
0.317831 -0.245033 0.114918 204 202 197
0.315924 -0.247022 0.126244 216 222 216
0.315266 -0.243101 0.136824 175 180 174
0.315172 -0.243873 0.144919 170 168 166
0.313686 -0.245536 0.152821 212 206 203
0.312820 -0.236778 -0.004819 128 150 148
0.313958 -0.236441 0.005254 69 122 117
0.315051 -0.236212 0.014305 164 164 158
0.313368 -0.235823 0.025080 204 196 192
0.314201 -0.234817 0.036064 190 189 187
0.312597 -0.233118 0.043601 199 198 199
0.316992 -0.236234 0.056841 154 159 158
0.318992 -0.238310 0.063001 123 155 154
0.317083 -0.237162 0.085610 158 156 152
0.313211 -0.234460 0.096021 40 66 61
0.314454 -0.234968 0.107008 167 170 166
0.315447 -0.234875 0.114796 176 179 176
0.315346 -0.234049 0.126411 146 152 148
0.314488 -0.235309 0.133383 150 162 157
0.312755 -0.234832 0.154927 238 232 230
0.315521 -0.225450 0.038380 181 186 186
0.314622 -0.225698 0.044933 173 175 173
0.313989 -0.221500 0.055249 191 188 183
0.315224 -0.223930 0.066153 178 176 174
0.315668 -0.224848 0.076175 164 168 163
0.315478 -0.224710 0.082911 181 179 175
0.316314 -0.224864 0.093372 202 199 198
0.314682 -0.221673 0.104837 156 203 199
0.315653 -0.224206 0.116170 173 188 186
0.316306 -0.225993 0.125586 222 220 217
0.315210 -0.223862 0.134315 220 220 219
0.314616 -0.223879 0.144264 214 211 211
0.313137 -0.212093 0.006263 94 121 114
0.315273 -0.212417 0.014529 169 173 170
0.314441 -0.213504 0.024326 195 188 182
0.315878 -0.213735 0.035496 204 202 204
0.313699 -0.216085 0.045523 186 184 184
0.314280 -0.217198 0.055808 206 202 202
0.315246 -0.215442 0.064762 220 216 215
0.313589 -0.217299 0.074160 228 226 228
0.317629 -0.215935 0.085670 174 184 183
0.314534 -0.215945 0.093520 192 200 197
0.315291 -0.216579 0.104575 158 191 191
0.315224 -0.216985 0.126493 234 232 234
0.315695 -0.215578 0.135412 213 212 207
0.316772 -0.213731 0.145465 200 197 192
0.314189 -0.214728 0.153559 166 164 161
0.313642 -0.205979 0.007606 99 129 122
0.315422 -0.204719 0.014050 144 156 150
0.318089 -0.204666 0.023260 214 211 210
0.315310 -0.203774 0.034652 168 168 171
0.314119 -0.205272 0.041523 167 168 171
0.316643 -0.205737 0.066464 222 221 218
0.316151 -0.202360 0.078531 154 173 174
0.313752 -0.203652 0.083204 184 187 185
0.314350 -0.205425 0.095517 190 184 184
0.315499 -0.202470 0.108138 190 186 182
0.314657 -0.203691 0.114291 213 209 207
0.314781 -0.206511 0.124108 214 211 209
0.314954 -0.205214 0.132312 202 195 192
0.315139 -0.192597 -0.014243 104 132 128
0.316929 -0.192985 -0.003272 84 108 104
0.315847 -0.195168 0.004702 183 186 186
0.315243 -0.195942 0.016446 177 178 176
0.316629 -0.195003 0.025819 174 170 166
0.311786 -0.196460 0.031145 172 171 174
0.314640 -0.192450 0.046607 190 184 182
0.314579 -0.194848 0.053349 196 191 191
0.314139 -0.197381 0.065014 192 186 185
0.316964 -0.193024 0.077713 170 163 158
0.316490 -0.194940 0.084560 214 212 210
0.313946 -0.193475 0.096847 228 226 224
0.314385 -0.196392 0.104816 194 202 199
0.316044 -0.192001 0.116570 169 173 168
0.315897 -0.196158 0.126104 208 203 200
0.313479 -0.197276 0.133422 224 218 217
0.313667 -0.194629 0.142185 222 219 220
0.316132 -0.186878 -0.015178 19 99 93
0.314633 -0.186525 -0.004739 28 92 88
0.314962 -0.186652 0.003830 143 162 159
0.315032 -0.187840 0.014804 160 166 166
0.314576 -0.187200 0.024328 181 176 173
0.313542 -0.182293 0.035394 169 162 159
0.313300 -0.184015 0.045405 193 185 179
0.315707 -0.185611 0.053424 186 180 176
0.316818 -0.187392 0.068170 139 130 127
0.316221 -0.184221 0.075429 218 214 213
0.313423 -0.183812 0.085840 215 211 210
0.315558 -0.185988 0.095438 233 228 227
0.314667 -0.184401 0.104960 225 220 218
0.314134 -0.185094 0.113581 206 204 201
0.317456 -0.183981 0.126358 194 194 191
0.313766 -0.184853 0.133567 222 223 220
0.313775 -0.173168 0.014434 217 209 210
0.314927 -0.175945 0.037011 138 132 129
0.315739 -0.174975 0.045314 168 165 161
0.313022 -0.174390 0.054688 193 186 181
0.313347 -0.174124 0.064601 234 231 230
0.314218 -0.175896 0.085520 196 196 202
0.316647 -0.173846 0.095164 192 187 186
0.313504 -0.163951 0.005586 202 190 184
0.314750 -0.164592 0.014354 216 206 200
0.316144 -0.164912 0.025058 220 212 211
0.313656 -0.164296 0.034237 212 205 204
0.314494 -0.163291 0.057511 163 174 173
0.314332 -0.165282 0.064361 200 197 198
0.315266 -0.163752 0.134905 122 146 140
0.314307 -0.166210 0.143926 123 142 135
0.316486 -0.153779 0.005697 178 164 158
0.315436 -0.155716 0.014457 191 179 176
0.316932 -0.157817 0.023679 208 198 192
0.314853 -0.152353 0.036758 219 212 209
0.315097 -0.152807 0.045403 214 207 204
0.314469 -0.155740 0.052217 219 214 214
0.312814 -0.151205 0.075470 167 156 149
0.315501 -0.154416 0.083995 146 142 139
0.313287 -0.152194 0.094961 130 146 142
0.313780 -0.152651 0.104361 118 142 138
0.314419 -0.155039 0.114751 122 149 146
0.316410 -0.144561 -0.003267 184 172 170
0.315398 -0.145677 0.003864 191 182 180
0.315366 -0.145786 0.014203 194 182 174
0.315362 -0.145241 0.022463 187 174 167
0.316310 -0.145148 0.037297 184 175 171
0.316813 -0.146517 0.044169 196 185 181
0.317339 -0.144341 0.055958 179 165 157
0.316609 -0.145949 0.065114 177 165 156
0.315151 -0.147026 0.073124 169 159 151
0.315907 -0.144258 0.086620 155 163 161
0.312665 -0.145177 0.095714 156 170 165
0.316128 -0.143710 0.106368 222 218 220
0.316403 -0.146019 0.113870 224 220 222
0.315218 -0.133063 -0.012072 206 192 188
0.315947 -0.135568 -0.004886 193 182 178
0.315538 -0.137033 0.001447 189 180 177
0.318651 -0.137791 0.023102 178 160 148
0.316257 -0.134666 0.035624 184 171 165
0.314428 -0.133600 0.045237 168 148 139
0.318702 -0.137002 0.057189 184 168 159
0.317073 -0.133522 0.065732 210 200 198
0.316448 -0.135107 0.076612 209 202 199
0.313845 -0.134354 0.084953 220 214 213
0.313814 -0.134509 0.094116 185 180 177
0.313691 -0.133942 0.103639 180 172 167
0.314809 -0.125255 -0.002552 190 183 180
0.311314 -0.122227 0.003448 162 147 140
0.313773 -0.121164 0.015360 220 212 206
0.317687 -0.123875 0.027261 228 224 226
0.316224 -0.124667 0.034231 183 169 164
0.315289 -0.124291 0.045552 169 154 148
0.314634 -0.126500 0.053988 198 189 185
0.312661 -0.122875 0.065809 180 178 175
0.313719 -0.125013 0.073758 178 174 171
0.314822 -0.114228 0.006408 209 200 197
0.315080 -0.115016 0.013772 207 197 193
0.314085 -0.112551 0.027098 156 141 133
0.315855 -0.113767 0.035615 162 147 140
0.314521 -0.113286 0.045378 156 146 138
0.314025 -0.114120 0.055785 180 172 168
0.315131 -0.114992 0.064364 187 179 174
0.314662 -0.112969 0.074305 194 181 178
0.315761 -0.102883 -0.014238 224 216 216
0.314182 -0.106902 -0.005876 199 191 190
0.314735 -0.103479 0.004976 170 161 157
0.314058 -0.105358 0.014878 174 163 158
0.314190 -0.104829 0.025757 170 159 152
0.315473 -0.105369 0.033832 178 167 162
0.314234 -0.104429 0.045045 195 186 183
0.313680 -0.105345 0.053494 195 189 185
0.314538 -0.104533 0.064832 157 150 145
0.313764 -0.106025 0.074590 180 172 169
0.314584 -0.097113 -0.014882 190 179 176
0.316147 -0.095008 -0.006416 154 148 146
0.311232 -0.096059 0.004263 178 174 172
0.318003 -0.093248 0.016367 186 178 173
0.313759 -0.095802 0.025851 179 171 165
0.314351 -0.095776 0.035194 189 182 180
0.314538 -0.096815 0.044225 178 175 172
0.314588 -0.098646 0.053001 138 134 128
0.314526 -0.081613 -0.010722 178 174 174
0.315646 -0.083308 -0.004101 192 189 187
0.313795 -0.083114 0.004742 192 184 180
0.313805 -0.084057 0.013974 201 193 188
0.312867 -0.084035 0.036009 142 145 139
0.313627 -0.087854 0.042821 171 166 160
0.314456 -0.083397 0.053287 102 146 137
0.313145 -0.078013 -0.012629 178 175 176
0.314687 -0.075306 -0.003491 110 132 122
0.314415 -0.075955 0.004175 158 152 146
0.315954 -0.075667 0.015041 178 170 163
0.314328 -0.075252 0.026146 193 188 184
0.311465 -0.075911 0.032744 148 172 166
0.314242 -0.073842 0.045309 112 157 152
0.314737 -0.077565 0.065897 80 122 111
0.317271 -0.077642 0.074806 85 124 116
0.314092 -0.073860 0.086004 122 164 156
0.315722 -0.072694 0.092289 146 176 168
0.314138 -0.066103 -0.013451 170 164 162
0.313772 -0.067480 -0.005314 114 144 136
0.317994 -0.064970 0.003960 60 111 98
0.313700 -0.064006 0.015920 182 181 179
0.311664 -0.068624 0.023411 219 219 218
0.312710 -0.068241 0.062574 110 154 149
0.316372 -0.062258 0.087187 206 210 208
0.314612 -0.065931 0.095038 148 168 162
0.314774 -0.054019 -0.003348 94 139 134
0.316077 -0.056928 0.006132 172 173 168
0.316878 -0.057076 0.013442 198 199 196
0.311605 -0.056543 0.074185 228 226 223
0.315977 -0.046407 -0.014090 91 144 140
0.315802 -0.046413 -0.005095 76 133 123
0.316306 -0.043859 0.016155 113 157 147
0.314131 -0.046011 0.024599 96 154 145
0.313696 -0.047205 0.033832 113 155 146
0.313765 -0.041572 0.042517 161 162 160
0.314410 -0.037147 -0.013828 118 173 167
0.315289 -0.035932 -0.004209 2 112 99
0.313187 -0.036160 0.006543 18 118 106
0.314848 -0.026751 -0.002101 2 114 102
0.313967 -0.024550 0.014627 248 248 244
0.315096 -0.014224 -0.003855 102 162 153
0.315520 -0.016124 0.001251 246 248 245
0.315635 -0.004580 -0.012836 130 183 175
0.313887 -0.006918 -0.006763 133 177 170
0.324644 -0.654214 -0.052833 0 102 92
0.323035 -0.647005 -0.050950 0 103 92
0.326023 -0.643257 -0.048583 0 102 93
0.325150 -0.635071 -0.046387 0 104 94
0.324839 -0.625052 -0.045246 0 110 98
0.323895 -0.614617 -0.053826 2 102 95
0.324766 -0.615263 -0.046859 0 112 100
0.325216 -0.604886 -0.047191 0 110 98
0.324747 -0.595300 -0.046318 33 114 106
0.324379 -0.585796 -0.044123 28 115 104
0.325018 -0.574625 -0.043973 0 103 92
0.325542 -0.565227 -0.042138 0 102 92
0.323973 -0.563557 -0.036471 6 101 92
0.327301 -0.555536 -0.041294 4 108 100
0.323349 -0.554473 -0.037998 8 106 99
0.325389 -0.545908 -0.035572 3 110 102
0.325589 -0.542852 -0.002901 16 68 64
0.326561 -0.534205 -0.023582 5 100 92
0.325401 -0.532890 -0.017470 33 118 111
0.322317 -0.535865 0.000777 24 66 60
0.327463 -0.526390 -0.025355 2 99 92
0.327391 -0.526266 -0.015210 55 116 112
0.326807 -0.524336 -0.004654 44 113 107
0.325074 -0.523168 0.001840 55 116 112
0.326211 -0.517016 -0.006740 87 152 146
0.327149 -0.514189 0.002507 58 122 118
0.325299 -0.511154 0.017173 142 158 158
0.325029 -0.504835 -0.000767 86 138 134
0.324125 -0.504681 0.005777 92 140 134
0.326760 -0.507809 0.014918 66 138 133
0.325655 -0.505509 0.026347 78 120 117
0.322428 -0.505098 0.033864 17 76 72
0.324588 -0.496370 0.013131 146 165 164
0.325359 -0.495074 0.023826 128 162 159
0.324331 -0.496307 0.033109 138 173 170
0.323229 -0.494430 0.042917 96 133 133
0.324110 -0.483359 -0.005563 1 92 84
0.321678 -0.486765 0.025821 186 185 181
0.324500 -0.484320 0.034884 154 178 176
0.324109 -0.485366 0.046157 161 182 183
0.324165 -0.482406 0.055555 180 198 198
0.320534 -0.484401 0.095840 151 176 178
0.324776 -0.474394 -0.003883 0 92 84
0.325160 -0.474009 0.025134 206 204 200
0.322525 -0.474489 0.036237 196 198 195
0.324586 -0.473488 0.044707 173 199 201
0.321791 -0.473274 0.054992 216 219 221
0.321920 -0.472670 0.062150 190 206 206
0.320963 -0.475569 0.093681 196 203 206
0.325890 -0.464337 -0.002971 101 149 143
0.325344 -0.465098 0.005345 135 166 159
0.324216 -0.464333 0.016513 200 198 195
0.323753 -0.464032 0.026406 198 198 194
0.322476 -0.464289 0.034995 200 198 196
0.321574 -0.462083 0.046539 226 228 229
0.323146 -0.464240 0.054132 194 207 208
0.322219 -0.467973 0.067036 191 206 206
0.321382 -0.464608 0.072986 220 224 226
0.326732 -0.455532 -0.013593 106 157 152
0.321607 -0.454124 -0.004781 141 169 164
0.323491 -0.455671 0.004883 200 197 193
0.322823 -0.456703 0.026022 200 198 196
0.321763 -0.455413 0.036412 212 214 214
0.326067 -0.454806 0.045606 216 218 218
0.324115 -0.456087 0.053583 174 176 177
0.323761 -0.446913 -0.012799 113 164 157
0.320838 -0.445360 -0.005650 98 138 130
0.326092 -0.442662 0.023501 234 231 229
0.325791 -0.446203 0.034797 234 232 232
0.325914 -0.447793 0.044786 142 144 146
0.323272 -0.435647 -0.003889 143 169 164
0.323489 -0.433881 0.006949 216 210 208
0.325504 -0.435771 0.015832 220 218 216
0.324335 -0.436744 0.023870 230 228 226
0.325945 -0.420600 -0.044545 218 218 214
0.327554 -0.421249 -0.035394 176 182 180
0.325301 -0.423305 -0.025264 147 149 146
0.325174 -0.423830 -0.014597 116 139 136
0.322086 -0.424002 -0.005734 122 150 147
0.321844 -0.426844 0.006115 216 216 213
0.323474 -0.429381 0.010764 229 229 226
0.325252 -0.413546 -0.065087 113 166 162
0.321501 -0.419065 -0.035516 201 211 210
0.321725 -0.419019 -0.024898 156 154 153
0.323447 -0.416400 -0.013506 82 112 106
0.321144 -0.416943 -0.009196 45 90 86
0.324659 -0.405249 -0.065908 13 118 109
0.321738 -0.404742 -0.006608 124 164 158
0.324438 -0.395089 -0.066454 0 112 104
0.324229 -0.384929 -0.066790 0 110 101
0.324372 -0.375221 -0.066647 0 106 98
0.323802 -0.373493 -0.012484 127 154 150
0.324392 -0.364651 -0.066450 2 92 85
0.323373 -0.367811 -0.006810 126 147 142
0.324858 -0.356124 -0.064330 0 61 58
0.327387 -0.346429 -0.042793 0 82 76
0.325270 -0.344122 -0.035330 3 74 70
0.320959 -0.340975 -0.029195 2 75 71
0.324374 -0.336684 -0.025427 2 78 76
0.325319 -0.333526 -0.013971 2 98 94
0.324600 -0.323846 -0.007063 4 118 116
0.321066 -0.323856 0.114036 187 192 195
0.323462 -0.316775 0.026374 4 96 94
0.325895 -0.312765 0.034666 4 76 74
0.320795 -0.313354 0.045689 101 144 136
0.320826 -0.311745 0.052806 129 159 153
0.322343 -0.315273 0.085728 134 151 146
0.323541 -0.315011 0.116169 174 178 180
0.323442 -0.314602 0.123690 190 195 196
0.322707 -0.302822 0.015485 204 206 203
0.324906 -0.301743 0.022721 208 209 205
0.324766 -0.305093 0.033096 76 124 122
0.324951 -0.305469 0.045564 196 204 198
0.323385 -0.305073 0.054499 200 212 207
0.321008 -0.304063 0.064281 232 235 230
0.324708 -0.304146 0.086013 104 118 113
0.326006 -0.303326 0.094356 138 142 137
0.326171 -0.303893 0.116930 188 192 193
0.324373 -0.306030 0.125058 202 201 200
0.327525 -0.290525 0.009432 6 77 71
0.324444 -0.294280 0.015683 139 159 154
0.325303 -0.294658 0.025254 179 188 184
0.323675 -0.293133 0.034186 122 149 144
0.323829 -0.292924 0.043227 121 140 139
0.324286 -0.295435 0.055644 158 162 156
0.322205 -0.291793 0.065637 135 145 141
0.322867 -0.293229 0.073713 169 177 174
0.325367 -0.295605 0.086172 151 154 153
0.325211 -0.295266 0.094443 162 168 166
0.325202 -0.295382 0.103048 180 183 178
0.325853 -0.286500 0.006282 8 90 82
0.323900 -0.285196 0.015387 119 143 134
0.325204 -0.284800 0.024005 186 194 189
0.324805 -0.284801 0.035388 124 153 148
0.325740 -0.285108 0.043838 183 191 186
0.325112 -0.285278 0.055448 123 152 150
0.323912 -0.285705 0.065634 163 166 164
0.324450 -0.285482 0.074694 150 156 154
0.321839 -0.284348 0.084555 216 218 216
0.325251 -0.283648 0.116058 154 152 147
0.325469 -0.283539 0.124385 136 148 144
0.325164 -0.285044 0.135141 142 156 155
0.323864 -0.283977 0.143399 167 172 170
0.324286 -0.276632 0.006874 106 142 132
0.323199 -0.276209 0.014198 130 148 142
0.324487 -0.274562 0.024604 177 179 173
0.323096 -0.274862 0.035500 140 155 149
0.323231 -0.274664 0.045485 204 200 194
0.323271 -0.274007 0.053309 204 199 195
0.327583 -0.276022 0.067363 159 171 174
0.325680 -0.275084 0.073953 167 171 170
0.324391 -0.273983 0.084434 183 189 186
0.323081 -0.274063 0.094433 169 168 166
0.326860 -0.276682 0.106035 152 151 149
0.325721 -0.275971 0.114423 182 180 177
0.323596 -0.273986 0.127556 182 176 172
0.325642 -0.273525 0.135125 198 197 194
0.324181 -0.274790 0.143820 208 206 203
0.324177 -0.265536 0.016059 96 135 126
0.325744 -0.263870 0.026562 126 143 136
0.325566 -0.264155 0.033853 130 154 148
0.325592 -0.261714 0.058420 66 92 97
0.325689 -0.264080 0.064919 133 146 147
0.326239 -0.263952 0.074968 170 178 177
0.326549 -0.265485 0.085360 136 152 151
0.325628 -0.265519 0.095558 193 192 188
0.323775 -0.264598 0.104057 213 215 212
0.323787 -0.264966 0.113906 199 201 200
0.322622 -0.253718 0.014610 212 205 204
0.324431 -0.254722 0.027534 203 208 201
0.323956 -0.253929 0.035136 150 170 164
0.323157 -0.253188 0.053266 129 159 158
0.324058 -0.253657 0.062788 165 181 182
0.327541 -0.255246 0.074834 161 179 178
0.325376 -0.254942 0.083209 197 201 203
0.325748 -0.254101 0.094506 185 195 194
0.325537 -0.253450 0.106050 188 197 196
0.325602 -0.254594 0.115022 210 209 208
0.324381 -0.255556 0.125417 219 217 217
0.324191 -0.256708 0.132634 216 210 210
0.321795 -0.244969 0.006698 217 211 207
0.325289 -0.242202 0.014540 198 196 191
0.327397 -0.244873 0.026124 138 167 163
0.325498 -0.246428 0.034657 148 165 161
0.324846 -0.245462 0.043195 149 166 160
0.327933 -0.247350 0.052578 124 160 157
0.326663 -0.247225 0.062059 154 177 177
0.326789 -0.244796 0.076259 218 218 219
0.327103 -0.247996 0.084035 228 228 227
0.323665 -0.246883 0.094704 216 212 210
0.327510 -0.248757 0.103067 166 170 168
0.326504 -0.243474 0.117208 174 173 168
0.325635 -0.246307 0.124252 227 226 223
0.323892 -0.241562 0.143283 145 152 148
0.320735 -0.237514 0.009270 199 196 194
0.325358 -0.236461 0.014649 183 181 176
0.325590 -0.234988 0.025519 137 159 154
0.324962 -0.236349 0.033518 70 119 116
0.326121 -0.234164 0.045332 71 114 109
0.325582 -0.233308 0.054351 163 167 164
0.323912 -0.235430 0.064355 178 178 179
0.324937 -0.235102 0.073153 142 162 161
0.321671 -0.232089 0.084488 176 173 174
0.325057 -0.234990 0.095250 213 209 204
0.321318 -0.233496 0.105522 212 208 204
0.326107 -0.235441 0.114901 171 168 163
0.326264 -0.236157 0.125030 185 185 180
0.325378 -0.237291 0.134861 168 172 168
0.325241 -0.238271 0.141670 196 194 192
0.326990 -0.221853 0.006910 39 98 92
0.325850 -0.221761 0.013923 141 166 160
0.325242 -0.224178 0.027391 109 151 144
0.324789 -0.223383 0.034308 137 162 159
0.324482 -0.225854 0.044723 143 158 158
0.327291 -0.225389 0.055861 144 157 154
0.326372 -0.226457 0.063763 147 153 148
0.325439 -0.224639 0.072634 177 171 168
0.325349 -0.224542 0.085886 199 194 194
0.323415 -0.226544 0.095289 208 206 206
0.325736 -0.224431 0.106806 173 186 183
0.324047 -0.223759 0.115505 204 203 200
0.324373 -0.223752 0.125167 216 216 212
0.323404 -0.222300 0.136185 214 213 212
0.324431 -0.215621 0.005620 60 118 112
0.323579 -0.216007 0.013438 112 150 146
0.325964 -0.213489 0.026722 139 159 157
0.325278 -0.214601 0.032642 166 174 173
0.324211 -0.214121 0.044402 204 205 205
0.325257 -0.216272 0.053224 203 204 202
0.325031 -0.217196 0.066697 177 181 176
0.326893 -0.215593 0.073639 176 183 182
0.324704 -0.215846 0.084891 238 235 233
0.324476 -0.215028 0.094800 159 202 201
0.324384 -0.215566 0.105972 179 189 189
0.326522 -0.216350 0.114459 208 206 205
0.324955 -0.216326 0.125131 216 214 211
0.323237 -0.211791 0.136707 202 195 191
0.325365 -0.212248 0.143965 142 146 142
0.325496 -0.204949 0.005236 202 200 199
0.326171 -0.204403 0.016180 152 160 160
0.324759 -0.205611 0.025529 152 170 168
0.324598 -0.206227 0.033243 159 170 169
0.328097 -0.207176 0.046404 126 160 157
0.325930 -0.205379 0.053864 145 169 168
0.324328 -0.203404 0.062816 220 218 217
0.323865 -0.202673 0.083338 149 170 165
0.324621 -0.205456 0.093566 64 129 126
0.326166 -0.201243 0.108145 207 202 201
0.323580 -0.203613 0.113877 224 224 224
0.323656 -0.205787 0.123809 156 172 169
0.326232 -0.193328 -0.013938 99 140 134
0.325754 -0.196073 -0.005449 109 130 127
0.325299 -0.195925 0.003948 112 141 138
0.325503 -0.195200 0.015832 162 166 164
0.324313 -0.195955 0.025335 145 158 154
0.324316 -0.196278 0.033223 142 155 150
0.325964 -0.194423 0.044488 146 156 155
0.325083 -0.195108 0.054092 200 200 200
0.327064 -0.195205 0.064128 131 153 151
0.326245 -0.197039 0.072983 152 172 169
0.326660 -0.195435 0.084846 161 157 154
0.325577 -0.196402 0.096716 210 208 206
0.326404 -0.197184 0.104621 220 224 224
0.323629 -0.192578 0.114128 206 204 202
0.323032 -0.195631 0.124186 216 214 214
0.323887 -0.188348 -0.015163 6 96 89
0.322563 -0.188698 -0.007050 12 96 89
0.327374 -0.187251 0.006969 87 127 124
0.326006 -0.185224 0.014284 100 136 136
0.325280 -0.182578 0.025247 75 117 115
0.325835 -0.184390 0.034938 118 138 138
0.325328 -0.184723 0.046301 133 132 131
0.325502 -0.185661 0.055136 88 104 105
0.324886 -0.183568 0.064348 135 130 130
0.323687 -0.183565 0.072708 194 187 186
0.326707 -0.184364 0.084429 218 213 210
0.324221 -0.185331 0.094435 234 231 229
0.324905 -0.186508 0.104183 210 207 207
0.322843 -0.185178 0.116006 204 202 201
0.326286 -0.186906 0.124833 218 217 220
0.327172 -0.176470 0.026861 101 122 119
0.325482 -0.174259 0.033292 136 143 140
0.324337 -0.175110 0.044942 199 198 195
0.326576 -0.176615 0.053953 198 194 192
0.327065 -0.178688 0.062713 180 174 174
0.328038 -0.176338 0.074446 230 224 226
0.326337 -0.174663 0.086186 212 209 207
0.324559 -0.175183 0.094079 208 205 203
0.323507 -0.176351 0.102604 214 210 203
0.326270 -0.175635 0.115310 229 226 225
0.322557 -0.176691 0.123300 231 227 224
0.326603 -0.162527 0.015392 199 194 193
0.325161 -0.166423 0.024277 207 203 203
0.325264 -0.167519 0.032199 199 192 189
0.324486 -0.160667 0.056356 184 178 177
0.325303 -0.164338 0.064810 220 216 216
0.328076 -0.163947 0.075021 191 187 184
0.327606 -0.162576 0.116417 118 134 128
0.324226 -0.162932 0.125178 119 142 135
0.323185 -0.165127 0.133740 126 144 137
0.324779 -0.155816 0.007594 188 177 172
0.324183 -0.156030 0.013743 188 179 173
0.322248 -0.155522 0.023802 187 176 170
0.324718 -0.153158 0.045881 172 160 156
0.325806 -0.155910 0.052971 194 183 179
0.325013 -0.154365 0.062122 185 174 169
0.325939 -0.153431 0.074023 140 130 121
0.324322 -0.152642 0.092684 136 136 132
0.323219 -0.143465 -0.005221 176 164 159
0.323519 -0.145067 0.005868 185 173 164
0.324074 -0.147253 0.014395 189 175 165
0.322706 -0.143801 0.036500 180 166 159
0.327036 -0.144373 0.045268 174 164 159
0.324207 -0.144904 0.054926 170 157 150
0.322877 -0.144700 0.063827 180 168 162
0.324561 -0.144969 0.075282 179 169 164
0.324793 -0.145535 0.084590 176 170 169
0.324686 -0.145695 0.094299 198 196 195
0.321936 -0.136588 -0.002160 182 169 162
0.323937 -0.137759 0.003126 176 165 158
0.323984 -0.136093 0.025546 185 173 167
0.325068 -0.136771 0.034473 177 164 156
0.326890 -0.135996 0.046792 181 168 160
0.324429 -0.135352 0.055200 179 166 159
0.323683 -0.135050 0.064683 189 178 174
0.322585 -0.136110 0.075186 201 192 190
0.322770 -0.139236 0.084040 207 204 202
0.326771 -0.122759 0.016975 183 174 168
0.326971 -0.124084 0.023096 187 178 175
0.325356 -0.124303 0.035343 181 168 162
0.324870 -0.126178 0.045023 180 166 158
0.324390 -0.127804 0.053189 214 202 197
0.325145 -0.111836 0.007827 195 185 180
0.325662 -0.114583 0.014394 198 190 187
0.324738 -0.115148 0.024459 186 174 167
0.322385 -0.115088 0.033824 168 154 145
0.324884 -0.116183 0.044227 146 130 122
0.323048 -0.105206 -0.004655 204 199 197
0.325145 -0.104884 0.005263 182 172 167
0.325595 -0.105238 0.014292 177 164 156
0.322372 -0.105725 0.023884 188 176 168
0.322433 -0.106064 0.033163 190 178 172
0.323772 -0.105613 0.042413 162 152 146
0.324613 -0.096326 -0.003913 169 164 162
0.325961 -0.095074 0.004802 167 157 151
0.324596 -0.094941 0.014145 162 153 149
0.324545 -0.094758 0.025609 198 188 182
0.323546 -0.096159 0.034669 179 167 158
0.322883 -0.085676 -0.003709 170 166 164
0.324059 -0.084581 0.004244 182 174 171
0.324072 -0.086927 0.013305 188 180 178
0.324189 -0.088164 0.045838 142 132 120
0.324621 -0.085094 0.054110 118 135 125
0.324867 -0.083682 0.065157 112 132 123
0.322800 -0.074402 -0.002596 147 143 131
0.324861 -0.073694 0.005698 151 143 133
0.324296 -0.073425 0.014638 158 147 139
0.327426 -0.072891 0.023263 168 157 149
0.324073 -0.072091 0.095639 238 234 230
0.322244 -0.066126 -0.004370 75 124 114
0.325726 -0.066214 0.005132 127 148 138
0.325479 -0.066268 0.014242 176 171 163
0.327886 -0.068284 0.022749 168 159 150
0.326162 -0.064632 0.066279 202 197 192
0.326519 -0.063809 0.074373 232 228 224
0.322639 -0.064386 0.088275 236 230 230
0.324286 -0.067036 0.094791 206 201 200
0.324883 -0.053608 -0.003072 113 168 160
0.326843 -0.056306 0.004107 126 162 153
0.326094 -0.053779 0.055682 202 196 188
0.325757 -0.055339 0.064803 211 209 204
0.323634 -0.047054 -0.005463 88 143 134
0.328126 -0.045219 0.004397 90 142 133
0.325535 -0.046558 0.015394 149 167 160
0.324793 -0.046863 0.022996 97 134 125
0.325552 -0.043562 0.037224 222 217 212
0.326278 -0.044870 0.046756 208 214 208
0.326260 -0.047875 0.053499 181 198 192
0.325906 -0.032479 -0.003108 6 114 102
0.327200 -0.037562 0.002416 22 112 98
0.327463 -0.022824 -0.001519 116 170 162
0.323892 -0.026956 0.014405 202 203 202
0.325078 -0.014034 -0.005656 145 186 180
0.322448 -0.018201 0.000669 240 241 239
0.325408 -0.005632 -0.014163 127 186 179
0.335128 -0.654070 -0.052807 2 102 92
0.336267 -0.648515 -0.051270 0 103 92
0.334414 -0.643254 -0.047999 0 104 94
0.334937 -0.634748 -0.045203 0 106 96
0.335057 -0.625225 -0.045109 0 111 100
0.334826 -0.615140 -0.046685 0 112 101
0.335073 -0.604894 -0.047058 0 112 100
0.334906 -0.594608 -0.046985 0 108 96
0.334495 -0.584128 -0.046046 1 105 95
0.337300 -0.586085 0.003613 4 98 88
0.334888 -0.575529 -0.043963 0 101 92
0.337038 -0.575532 0.005300 12 92 86
0.335011 -0.564738 -0.043355 0 108 100
0.339032 -0.561989 -0.001951 64 115 111
0.336349 -0.566563 0.004580 61 127 122
0.334942 -0.554956 -0.044472 2 112 104
0.336628 -0.553772 -0.024692 4 106 98
0.336878 -0.553997 -0.003766 44 114 106
0.336244 -0.545315 -0.045029 2 110 102
0.335452 -0.543885 -0.033905 1 102 92
0.334346 -0.548233 -0.015658 28 74 73
0.337371 -0.536333 -0.043343 0 104 98
0.335012 -0.533696 -0.034845 0 101 92
0.332114 -0.534950 -0.026982 4 94 86
0.333754 -0.535553 -0.002529 76 130 126
0.331807 -0.531311 0.002938 100 144 140
0.337014 -0.526273 -0.034046 0 103 94
0.334194 -0.524206 -0.028124 1 102 93
0.332377 -0.527847 -0.003746 102 146 144
0.333721 -0.526551 0.005019 99 144 138
0.337912 -0.516390 -0.031472 0 100 90
0.335823 -0.515631 -0.025672 1 103 94
0.333914 -0.515138 -0.012609 2 96 89
0.333751 -0.515519 -0.004303 1 90 85
0.335372 -0.505860 -0.025474 1 91 84
0.334386 -0.505529 -0.003248 22 107 101
0.335048 -0.505875 0.001592 2 106 99
0.334964 -0.495012 -0.004146 6 87 82
0.334640 -0.493102 0.006454 22 112 105
0.336162 -0.483984 -0.014890 88 153 146
0.336425 -0.484861 -0.006654 98 156 154
0.334404 -0.482976 0.012955 86 154 156
0.337100 -0.475353 -0.014668 109 165 159
0.335835 -0.464191 -0.011837 70 141 133
0.333240 -0.466876 -0.006464 0 100 90
0.334312 -0.442719 0.017866 144 143 143
0.332418 -0.445575 0.024198 153 156 157
0.335380 -0.434662 -0.017266 120 166 160
0.335004 -0.433092 -0.005547 133 133 132
0.333055 -0.435146 0.004096 132 132 130
0.336614 -0.424030 -0.072802 98 157 149
0.336726 -0.422739 -0.065293 116 170 164
0.335912 -0.423198 -0.054705 212 220 216
0.335075 -0.423961 -0.044777 197 194 192
0.337123 -0.424726 -0.037412 126 129 127
0.333428 -0.426360 -0.022820 128 128 127
0.332712 -0.425959 -0.016102 77 108 105
0.334244 -0.414888 -0.067435 92 155 150
0.333175 -0.405607 -0.068224 2 114 105
0.337355 -0.394578 -0.071460 0 113 102
0.332490 -0.396189 -0.068899 2 114 104
0.336446 -0.396654 -0.014386 123 168 159
0.336871 -0.384402 -0.071946 0 110 100
0.336190 -0.375116 -0.072912 0 106 98
0.335803 -0.365829 -0.071516 1 88 82
0.335128 -0.356378 -0.066399 0 61 58
0.336946 -0.345292 -0.052831 0 48 44
0.335610 -0.345791 -0.043984 4 66 61
0.332783 -0.342376 -0.036978 4 79 74
0.334737 -0.336699 -0.036476 2 69 66
0.335134 -0.334775 -0.024268 0 82 79
0.335141 -0.332266 -0.015078 1 97 93
0.335801 -0.326210 -0.011809 2 109 106
0.332789 -0.322676 -0.008093 3 114 111
0.336748 -0.316264 -0.012727 6 122 120
0.334372 -0.317649 -0.006861 5 118 116
0.336035 -0.302659 0.005652 77 96 96
0.333688 -0.303139 0.015657 102 126 125
0.332201 -0.301757 0.023679 145 170 168
0.333058 -0.303917 0.033755 76 136 132
0.335851 -0.293985 -0.015522 87 140 134
0.337334 -0.295289 -0.005342 92 108 100
0.334732 -0.295861 0.006392 89 117 112
0.334502 -0.295508 0.015348 144 155 151
0.333309 -0.294370 0.023144 204 207 203
0.333452 -0.295311 0.034273 91 138 133
0.335629 -0.287076 -0.015955 92 141 136
0.332742 -0.286214 0.005809 6 100 90
0.335058 -0.285301 0.015686 88 142 136
0.333422 -0.285026 0.025485 162 179 177
0.332905 -0.285914 0.033817 128 160 160
0.335159 -0.283587 0.044708 103 147 149
0.334821 -0.284127 0.054370 76 128 130
0.332842 -0.284489 0.064023 150 155 153
0.331194 -0.282725 0.071524 165 167 166
0.332913 -0.281305 0.117157 134 154 151
0.333076 -0.281102 0.124135 139 152 152
0.333404 -0.275938 0.016352 60 118 114
0.335337 -0.275410 0.025916 19 99 93
0.335142 -0.276402 0.034615 52 112 108
0.336544 -0.273549 0.044579 166 194 193
0.334232 -0.273677 0.052765 163 178 178
0.333515 -0.275263 0.062063 168 170 173
0.330509 -0.277548 0.072460 152 156 156
0.333259 -0.273635 0.096395 142 154 154
0.333092 -0.275179 0.105032 148 153 154
0.334803 -0.274561 0.115444 157 162 161
0.334686 -0.273758 0.125525 167 173 173
0.332928 -0.273412 0.133018 182 184 185
0.336190 -0.262872 -0.013791 104 150 143
0.335134 -0.263768 0.014028 60 116 110
0.334606 -0.263133 0.026156 176 181 174
0.333966 -0.264464 0.034520 125 154 149
0.336257 -0.264255 0.045221 178 180 181
0.334610 -0.265423 0.055459 165 169 167
0.332804 -0.264117 0.062889 184 186 183
0.332287 -0.263601 0.074495 132 134 132
0.331425 -0.264131 0.084489 94 105 110
0.331815 -0.263262 0.094656 138 150 152
0.334980 -0.266467 0.105131 138 146 148
0.336859 -0.267565 0.115160 167 174 174
0.336083 -0.268653 0.124937 187 194 193
0.334379 -0.269194 0.131893 178 182 182
0.336327 -0.258437 -0.014825 94 146 140
0.335303 -0.256330 0.004918 57 83 81
0.336706 -0.254138 0.016064 77 104 101
0.335072 -0.254446 0.026117 94 138 131
0.333776 -0.256590 0.033393 121 150 144
0.336116 -0.257158 0.044767 181 179 176
0.335463 -0.255880 0.054730 115 154 152
0.334331 -0.254938 0.066568 108 138 134
0.333601 -0.254952 0.074716 133 149 149
0.335077 -0.255831 0.086701 139 158 160
0.333755 -0.255071 0.094961 159 168 166
0.333471 -0.252388 0.105624 176 183 184
0.332680 -0.253560 0.114866 195 196 197
0.336649 -0.242904 0.007259 127 130 131
0.334624 -0.244682 0.015185 142 141 140
0.335370 -0.245334 0.026174 86 134 130
0.333676 -0.246000 0.033894 79 144 137
0.335491 -0.245168 0.042387 141 183 176
0.333625 -0.245837 0.054352 121 156 153
0.336183 -0.246697 0.065010 150 167 168
0.335454 -0.245264 0.075412 186 196 195
0.334824 -0.245252 0.083923 202 204 203
0.334394 -0.247001 0.095214 190 189 188
0.336234 -0.247110 0.105906 190 190 191
0.334452 -0.245077 0.114089 193 200 200
0.338730 -0.232579 -0.001360 187 188 188
0.336916 -0.234846 0.004096 168 170 169
0.332897 -0.236010 0.013843 166 168 165
0.332410 -0.234933 0.027001 58 119 114
0.331312 -0.238897 0.034445 8 91 84
0.338424 -0.232230 0.046812 177 174 171
0.334613 -0.232255 0.055933 152 169 170
0.334090 -0.233012 0.064599 189 194 194
0.335338 -0.235371 0.074416 190 191 190
0.337534 -0.236940 0.083974 181 184 182
0.334695 -0.232842 0.115274 180 176 172
0.334010 -0.234998 0.124691 198 192 190
0.337636 -0.226431 -0.003971 161 168 166
0.335044 -0.226915 0.003527 98 131 128
0.335176 -0.226083 0.012048 93 138 130
0.336726 -0.227122 0.026666 53 110 104
0.336351 -0.225245 0.037241 175 175 173
0.335808 -0.225555 0.046035 188 192 191
0.334560 -0.224371 0.055067 192 191 188
0.332251 -0.224714 0.062723 193 187 185
0.333502 -0.226778 0.075317 158 167 168
0.334723 -0.223925 0.084768 155 157 155
0.335004 -0.224126 0.093773 176 181 178
0.335384 -0.226758 0.104834 175 171 168
0.336024 -0.227271 0.113011 171 166 164
0.335674 -0.213950 0.016560 149 159 157
0.333999 -0.214425 0.025889 131 154 150
0.335304 -0.214770 0.033827 208 207 205
0.334823 -0.216020 0.043336 164 176 172
0.338111 -0.219188 0.053281 162 170 170
0.332864 -0.213040 0.066511 162 174 174
0.336195 -0.213482 0.075728 175 187 187
0.334875 -0.215019 0.082422 190 195 196
0.335500 -0.214509 0.096776 186 185 181
0.335716 -0.212912 0.105792 197 193 190
0.333250 -0.213753 0.113306 204 202 201
0.336314 -0.215835 0.126476 212 210 209
0.332806 -0.217030 0.131613 214 212 210
0.336227 -0.203167 0.004937 152 165 163
0.335764 -0.204532 0.015422 179 186 185
0.335644 -0.205097 0.025484 149 167 164
0.333237 -0.206398 0.033345 206 200 197
0.334705 -0.204101 0.043249 224 219 214
0.334813 -0.204977 0.055896 182 195 193
0.335593 -0.205481 0.064709 184 190 190
0.335182 -0.204815 0.075196 176 177 178
0.335750 -0.204573 0.084437 152 170 172
0.338290 -0.209083 0.096754 175 172 169
0.337267 -0.207563 0.105238 199 196 195
0.334326 -0.204611 0.114520 204 198 195
0.334142 -0.205019 0.125002 170 170 163
0.333128 -0.206932 0.133918 163 172 166
0.334418 -0.196335 -0.012400 130 156 152
0.334290 -0.196429 -0.006482 135 158 157
0.334112 -0.194702 0.004887 88 121 118
0.335560 -0.195329 0.014654 133 148 145
0.335532 -0.195092 0.026271 98 130 120
0.336347 -0.193668 0.033361 122 147 139
0.334750 -0.194530 0.043872 198 192 186
0.333922 -0.195436 0.054211 172 171 170
0.335675 -0.195200 0.065392 129 142 139
0.333586 -0.196163 0.074495 119 153 151
0.332677 -0.192442 0.085240 172 173 174
0.333532 -0.192870 0.095027 144 158 156
0.334261 -0.196228 0.103445 192 189 189
0.336852 -0.196649 0.114604 192 188 185
0.334573 -0.186248 -0.003170 102 140 140
0.332620 -0.185024 0.027294 84 129 120
0.335931 -0.183439 0.034055 117 139 133
0.334058 -0.181886 0.043949 122 126 122
0.333105 -0.184813 0.053517 146 153 148
0.332133 -0.183526 0.066666 166 162 156
0.335104 -0.182847 0.076237 182 178 176
0.335139 -0.183985 0.085471 204 204 203
0.335447 -0.184133 0.095559 180 180 181
0.334607 -0.185178 0.105293 195 194 195
0.334113 -0.183656 0.114336 204 203 206
0.332372 -0.187311 0.123635 212 211 214
0.334251 -0.176109 0.027774 107 126 121
0.334732 -0.175009 0.034178 140 151 148
0.334097 -0.175613 0.043972 182 185 183
0.335078 -0.175055 0.054794 197 191 188
0.334275 -0.174644 0.065140 194 191 189
0.336469 -0.176136 0.074290 209 208 207
0.335196 -0.175457 0.084154 200 197 194
0.335790 -0.176491 0.093772 183 181 181
0.334428 -0.176728 0.103069 202 200 200
0.334595 -0.160855 0.008576 182 182 182
0.334640 -0.164355 0.015073 174 176 176
0.334104 -0.167080 0.026262 144 154 151
0.335495 -0.167023 0.032650 144 158 154
0.336109 -0.165647 0.045192 145 152 145
0.336870 -0.164292 0.056784 201 195 191
0.335920 -0.165604 0.063882 199 193 189
0.335076 -0.166457 0.074883 194 188 185
0.335917 -0.167695 0.083004 200 194 188
0.332060 -0.163896 0.113572 170 175 172
0.335195 -0.152502 -0.002466 184 182 183
0.333945 -0.156197 0.004230 186 185 186
0.333671 -0.155674 0.014401 186 182 178
0.335591 -0.154288 0.025561 176 162 150
0.337961 -0.155621 0.034063 94 118 110
0.334428 -0.153691 0.046419 208 198 194
0.334144 -0.155949 0.055572 196 182 175
0.335697 -0.155383 0.064940 196 188 182
0.335939 -0.143626 0.022225 176 162 150
0.334755 -0.143748 0.035298 184 175 169
0.332413 -0.146168 0.045191 176 168 162
0.333311 -0.143448 0.055285 166 155 147
0.334288 -0.144612 0.064361 174 164 158
0.334888 -0.134735 0.016883 170 156 147
0.335794 -0.135755 0.024225 184 174 168
0.335110 -0.136127 0.033619 184 174 168
0.335462 -0.135784 0.044246 189 183 180
0.332152 -0.135353 0.053412 177 168 164
0.334146 -0.135543 0.063298 176 166 162
0.335556 -0.126552 0.014840 174 165 161
0.336334 -0.123899 0.025257 193 181 176
0.336568 -0.126727 0.034707 195 187 184
0.333953 -0.126738 0.045518 175 167 163
0.332685 -0.127081 0.053721 148 140 134
0.337254 -0.126796 0.062812 179 172 166
0.333666 -0.113602 0.015006 195 183 176
0.334572 -0.117310 0.023771 189 176 169
0.334578 -0.114860 0.047327 129 112 101
0.336181 -0.113424 0.052648 138 123 110
0.338053 -0.112860 0.064485 154 139 129
0.339108 -0.112160 0.074431 142 130 120
0.332801 -0.104687 0.007543 163 148 140
0.334838 -0.105931 0.013689 166 150 139
0.335232 -0.103647 0.024247 164 150 140
0.335376 -0.106208 0.055007 136 121 110
0.335244 -0.105064 0.064629 136 122 112
0.336565 -0.105365 0.075278 146 134 124
0.337475 -0.104445 0.086347 150 139 129
0.338383 -0.102182 0.095560 173 175 167
0.338489 -0.102070 0.104143 178 178 169
0.335145 -0.095410 0.017597 187 174 167
0.334543 -0.096458 0.023808 185 172 165
0.337220 -0.093050 0.036577 172 156 147
0.337729 -0.093576 0.046123 176 161 152
0.338285 -0.093758 0.054725 191 180 172
0.336438 -0.096412 0.065219 153 142 133
0.336099 -0.094858 0.075540 152 145 136
0.335492 -0.094390 0.085875 132 152 144
0.335344 -0.095256 0.095626 159 173 165
0.336712 -0.096232 0.102962 201 203 195
0.335311 -0.082421 0.005858 183 177 175
0.337164 -0.084573 0.014463 202 196 192
0.334564 -0.086949 0.022448 196 186 181
0.333475 -0.087493 0.043264 175 162 152
0.335050 -0.086212 0.057209 192 181 174
0.335716 -0.086155 0.064857 178 170 162
0.334221 -0.083737 0.075330 200 193 188
0.336770 -0.083773 0.084032 196 190 188
0.338385 -0.088091 0.093906 223 213 207
0.334573 -0.075415 0.006122 87 116 108
0.334118 -0.075483 0.014494 168 162 156
0.333472 -0.075024 0.025274 188 185 178
0.333314 -0.076163 0.034039 177 176 170
0.333783 -0.075263 0.043040 204 203 197
0.334180 -0.074074 0.055451 205 205 200
0.335335 -0.072689 0.065612 220 217 213
0.335584 -0.076251 0.074757 208 201 197
0.336496 -0.075088 0.086277 194 190 184
0.337666 -0.073861 0.094402 216 210 205
0.334642 -0.073977 0.104379 216 207 204
0.335430 -0.065671 -0.001327 76 124 114
0.335772 -0.063960 0.004280 114 150 141
0.332764 -0.066088 0.014992 179 190 179
0.333574 -0.067277 0.024249 173 176 168
0.338280 -0.062185 0.056937 194 192 186
0.334169 -0.064902 0.066897 203 200 193
0.334965 -0.066270 0.075918 219 212 208
0.336339 -0.066186 0.083641 174 190 185
0.335054 -0.068371 0.091839 219 218 215
0.334805 -0.053411 -0.002732 81 141 134
0.334740 -0.056387 0.002138 118 165 157
0.338673 -0.052558 0.026487 104 138 130
0.336391 -0.052243 0.036392 128 172 164
0.337429 -0.053448 0.043448 193 200 194
0.333375 -0.055399 0.054829 207 201 195
0.334151 -0.054694 0.063131 176 198 190
0.334300 -0.059412 0.074853 194 206 201
0.336702 -0.044301 -0.013022 110 168 162
0.336084 -0.045311 -0.004527 67 135 127
0.335192 -0.045430 0.002841 40 110 101
0.335114 -0.046865 0.015590 72 128 120
0.334636 -0.048329 0.024497 86 142 134
0.335643 -0.045344 0.037126 182 190 184
0.335099 -0.046415 0.042814 156 168 163
0.333191 -0.048242 0.052522 127 174 166
0.336895 -0.037536 -0.004770 21 116 104
0.333956 -0.037343 0.000267 11 115 104
0.336295 -0.023581 -0.001438 118 169 160
0.337146 -0.012142 -0.013311 136 180 175
0.333241 -0.016661 -0.004087 144 184 177
0.335669 -0.006956 -0.016100 126 186 180
0.345292 -0.654045 -0.052790 2 99 88
0.344961 -0.648045 -0.051026 0 102 91
0.345013 -0.643085 -0.048492 0 104 94
0.345098 -0.635064 -0.044952 0 109 98
0.344881 -0.624861 -0.044865 0 112 100
0.344896 -0.614990 -0.046054 0 116 104
0.344914 -0.605285 -0.047279 0 115 102
0.345511 -0.594371 -0.054669 4 112 100
0.344853 -0.594584 -0.047717 0 112 98
0.347256 -0.584834 -0.053094 2 108 98
0.345032 -0.584773 -0.047223 0 112 98
0.344900 -0.574603 -0.045470 0 112 100
0.343549 -0.565369 -0.043608 8 103 94
0.346138 -0.561674 -0.034425 4 110 100
0.344576 -0.555573 -0.046907 2 116 106
0.343150 -0.556776 -0.028201 6 66 59
0.344846 -0.544402 -0.048417 0 110 100
0.345632 -0.534818 -0.047847 0 107 98
0.345694 -0.525891 -0.045579 0 109 100
0.342512 -0.523407 -0.035787 1 106 95
0.347584 -0.516812 -0.043724 0 112 104
0.344301 -0.514842 -0.034690 0 108 97
0.345924 -0.505344 -0.033342 0 113 103
0.342770 -0.505242 -0.025803 2 117 110
0.342981 -0.502941 -0.005798 0 107 101
0.345725 -0.495103 -0.033474 2 102 92
0.343762 -0.495905 -0.026706 3 113 103
0.342798 -0.493759 -0.017613 4 108 102
0.343357 -0.495132 -0.005434 2 110 104
0.346348 -0.485269 -0.034250 64 134 126
0.342211 -0.483927 -0.026589 103 164 158
0.348329 -0.483825 -0.014000 2 114 110
0.344170 -0.485122 -0.005988 1 108 102
0.344979 -0.475684 -0.035144 104 166 160
0.342656 -0.476236 -0.027587 108 168 160
0.343797 -0.475226 -0.005757 2 117 110
0.345449 -0.464486 -0.014038 13 115 109
0.345638 -0.455708 -0.016738 81 152 145
0.345690 -0.445312 -0.021632 122 180 176
0.343517 -0.445781 -0.014144 122 172 167
0.345503 -0.432794 -0.064722 120 174 169
0.346228 -0.434552 -0.025888 88 121 117
0.343977 -0.433421 -0.016235 16 64 62
0.344193 -0.426255 -0.073463 114 169 162
0.343956 -0.426504 -0.066937 154 191 186
0.346011 -0.426704 -0.056696 121 126 124
0.341475 -0.425803 -0.047517 118 122 121
0.344857 -0.426769 -0.020906 14 61 56
0.344053 -0.427528 -0.018540 18 65 62
0.345854 -0.413910 -0.072698 3 114 105
0.344900 -0.405007 -0.073886 2 114 105
0.344087 -0.395395 -0.074984 1 112 102
0.343301 -0.385151 -0.076144 0 108 98
0.344230 -0.374517 -0.077011 0 102 94
0.344891 -0.365385 -0.073774 0 77 70
0.344409 -0.356477 -0.065281 0 69 64
0.345922 -0.352941 -0.054345 2 82 79
0.343911 -0.350839 -0.048879 4 91 86
0.345384 -0.347598 -0.061949 0 44 40
0.345592 -0.345255 -0.054075 4 51 46
0.342931 -0.345571 -0.047339 7 67 63
0.345355 -0.335654 -0.043496 1 65 62
0.344975 -0.335185 -0.034428 2 76 74
0.345234 -0.333693 -0.024017 0 88 84
0.343438 -0.331986 -0.017640 2 97 94
0.345307 -0.325471 -0.014562 2 107 104
0.345392 -0.315277 -0.015374 5 120 117
0.346713 -0.312518 0.031973 22 70 68
0.346618 -0.304432 -0.015730 21 103 97
0.343916 -0.303884 -0.005474 32 74 73
0.342294 -0.303952 0.001977 22 56 54
0.346672 -0.306617 0.032804 26 73 73
0.344087 -0.303309 0.055856 157 160 162
0.345376 -0.297480 -0.013688 53 123 115
0.345409 -0.294310 -0.005959 90 120 117
0.342826 -0.294681 0.004436 139 150 149
0.346897 -0.295251 0.036203 70 119 120
0.346465 -0.285287 -0.013732 51 116 110
0.346194 -0.285425 -0.004819 89 103 100
0.344861 -0.283977 0.004825 153 154 152
0.344308 -0.283284 0.013515 158 160 162
0.346191 -0.285020 0.035957 72 122 126
0.347420 -0.275896 -0.012893 43 121 115
0.345519 -0.274962 -0.005612 55 123 119
0.344039 -0.275110 0.003822 60 126 121
0.344960 -0.273384 0.014589 50 118 114
0.344225 -0.273605 0.022657 80 129 126
0.345774 -0.274685 0.033452 112 145 146
0.343113 -0.275235 0.043075 116 144 148
0.345004 -0.267347 -0.012446 90 148 140
0.345939 -0.266402 -0.004233 76 138 133
0.346470 -0.265744 0.004870 82 139 134
0.344130 -0.265051 0.014424 82 121 117
0.345131 -0.266123 0.024187 105 155 150
0.344575 -0.264938 0.033695 127 156 156
0.341932 -0.265015 0.042910 158 155 157
0.343322 -0.264690 0.106578 175 184 186
0.342254 -0.265801 0.115512 180 190 190
0.342048 -0.258131 -0.013351 160 168 162
0.347500 -0.253227 0.008360 161 162 165
0.342599 -0.255623 0.014828 92 121 119
0.345492 -0.256018 0.026941 81 130 128
0.344196 -0.254570 0.033549 62 113 110
0.344457 -0.254034 0.044679 91 131 127
0.341559 -0.254017 0.055858 178 177 175
0.344061 -0.253558 0.085919 186 188 185
0.342941 -0.252990 0.094804 144 169 170
0.344882 -0.243207 -0.002789 116 120 120
0.345102 -0.243286 0.004724 194 194 196
0.345339 -0.244353 0.014534 151 168 166
0.345857 -0.243875 0.027280 106 155 152
0.345753 -0.243565 0.033515 142 175 175
0.345184 -0.244470 0.045806 144 162 158
0.344726 -0.244125 0.054621 158 162 158
0.343589 -0.244315 0.064834 168 167 164
0.344245 -0.245375 0.073520 209 207 206
0.343477 -0.244653 0.086328 167 173 175
0.343070 -0.244110 0.094379 165 172 173
0.342289 -0.246046 0.103041 179 187 189
0.346425 -0.233040 -0.013038 131 147 142
0.344592 -0.234512 -0.005035 160 172 171
0.344272 -0.234629 0.004859 109 152 150
0.347101 -0.235239 0.015353 41 114 108
0.345002 -0.235541 0.025372 62 130 122
0.346585 -0.235026 0.035026 110 152 147
0.346843 -0.235982 0.044305 144 166 164
0.344937 -0.232994 0.054856 179 176 172
0.343106 -0.235498 0.064336 188 184 178
0.343667 -0.234380 0.075189 164 160 154
0.344773 -0.237974 0.084297 174 180 179
0.344019 -0.226768 -0.014317 174 174 168
0.343887 -0.227751 -0.005603 108 145 141
0.346968 -0.223211 0.026962 125 158 156
0.343343 -0.224857 0.036286 165 175 172
0.343981 -0.223492 0.043801 176 180 178
0.345089 -0.223350 0.053305 185 183 181
0.345376 -0.227340 0.064608 147 146 142
0.343300 -0.224080 0.096512 110 124 124
0.342977 -0.224097 0.104570 138 148 147
0.344202 -0.212901 0.015234 180 178 179
0.344846 -0.214802 0.026626 123 162 160
0.345533 -0.216409 0.034635 172 190 191
0.345337 -0.217458 0.044696 187 190 188
0.343989 -0.214212 0.053332 178 183 180
0.343181 -0.213658 0.063445 205 208 205
0.343298 -0.213506 0.074104 160 156 153
0.343269 -0.214237 0.086469 157 166 166
0.342907 -0.213738 0.095661 176 180 181
0.344774 -0.214913 0.105274 178 181 184
0.344065 -0.204034 -0.003044 169 168 169
0.342726 -0.203639 0.005892 209 208 209
0.342255 -0.204743 0.015655 169 177 174
0.343218 -0.206104 0.024963 173 195 194
0.346097 -0.200765 0.033952 116 159 156
0.345953 -0.205160 0.055724 220 215 213
0.344606 -0.206598 0.064791 218 214 211
0.344950 -0.205231 0.074172 193 188 185
0.343992 -0.205067 0.084762 176 179 179
0.342291 -0.206894 0.094304 191 192 191
0.343917 -0.206665 0.103358 204 205 206
0.340199 -0.198100 -0.011233 184 186 188
0.342752 -0.195474 -0.004787 175 183 184
0.343902 -0.195998 0.004646 188 190 192
0.345501 -0.194983 0.028305 123 153 148
0.346971 -0.194832 0.033077 132 163 159
0.346361 -0.193087 0.044564 172 173 170
0.345719 -0.195480 0.054508 175 172 170
0.344416 -0.194792 0.066027 137 135 130
0.344086 -0.195672 0.072657 147 145 141
0.342244 -0.195590 0.105865 188 188 187
0.342409 -0.196965 0.113728 198 197 198
0.346308 -0.185279 0.026470 108 132 127
0.346560 -0.185300 0.034076 126 146 143
0.345465 -0.186507 0.045315 131 151 146
0.345610 -0.185558 0.055846 176 190 188
0.344291 -0.186037 0.064068 194 193 189
0.340859 -0.183072 0.095606 168 170 172
0.346820 -0.174697 0.005692 78 100 98
0.346359 -0.173707 0.015499 140 140 134
0.343174 -0.174109 0.027071 135 155 151
0.344975 -0.173925 0.034514 165 180 178
0.344846 -0.174170 0.044769 205 199 196
0.343222 -0.174106 0.056343 218 214 212
0.345418 -0.175035 0.064822 215 215 215
0.343106 -0.176195 0.074228 185 182 180
0.345487 -0.167499 0.015023 148 154 151
0.344987 -0.164718 0.027114 119 141 134
0.345015 -0.166699 0.033848 141 157 154
0.344631 -0.166622 0.043704 186 189 186
0.343110 -0.164303 0.056683 201 198 194
0.342449 -0.164983 0.063799 195 190 187
0.345971 -0.153789 0.004012 190 184 184
0.344645 -0.157614 0.026968 125 144 137
0.344191 -0.154276 0.032327 97 128 120
0.343726 -0.153674 0.046004 156 170 168
0.345262 -0.156037 0.054616 193 196 194
0.345091 -0.157002 0.064789 179 176 172
0.346655 -0.144028 -0.011961 94 130 131
0.345810 -0.146127 -0.004682 125 141 141
0.344835 -0.144409 0.034891 147 166 159
0.346658 -0.144604 0.043694 154 162 156
0.346362 -0.146904 0.053185 156 162 160
0.346323 -0.134389 0.004915 176 178 172
0.345372 -0.136573 0.014873 168 163 158
0.344170 -0.134812 0.024865 170 162 154
0.344697 -0.134177 0.033275 165 174 170
0.346409 -0.136380 0.043251 134 144 138
0.349167 -0.135192 0.053273 142 154 147
0.346445 -0.132950 0.074842 182 172 165
0.342561 -0.124291 0.026813 191 180 173
0.344607 -0.125424 0.034494 142 153 147
0.346234 -0.125365 0.044051 149 155 148
0.345525 -0.127139 0.054098 154 162 157
0.343541 -0.126417 0.067393 154 139 130
0.344667 -0.124480 0.075253 171 158 149
0.347331 -0.125026 0.084633 171 160 153
0.347499 -0.123466 0.095890 142 133 124
0.348166 -0.121894 0.104439 137 130 122
0.342212 -0.112785 0.027525 184 168 157
0.345084 -0.116393 0.034753 120 132 123
0.346260 -0.116823 0.043826 124 135 127
0.345103 -0.114245 0.054797 188 174 166
0.345351 -0.114262 0.064829 196 184 175
0.344723 -0.114814 0.073428 177 166 157
0.342295 -0.115228 0.085135 140 128 118
0.343462 -0.114711 0.094719 148 135 124
0.344771 -0.114307 0.105575 164 154 144
0.347322 -0.114089 0.114886 183 176 168
0.341872 -0.104000 0.016257 178 166 156
0.342754 -0.106997 0.027105 182 166 154
0.343356 -0.106335 0.035292 182 167 156
0.343182 -0.104969 0.086916 190 178 170
0.341841 -0.105589 0.096695 185 176 167
0.341693 -0.104150 0.104788 208 201 193
0.344125 -0.105166 0.115611 194 186 177
0.346420 -0.106096 0.123687 206 202 197
0.343799 -0.096435 0.017058 196 186 178
0.341559 -0.096881 0.055813 172 163 156
0.343062 -0.095368 0.064722 165 157 150
0.344629 -0.094771 0.074150 172 164 158
0.344633 -0.094101 0.084172 194 186 181
0.342351 -0.095748 0.103805 238 230 226
0.348118 -0.094663 0.115220 222 210 207
0.345503 -0.083024 0.004588 172 185 182
0.344482 -0.085843 0.013362 226 222 220
0.342646 -0.084970 0.024779 190 182 176
0.344874 -0.087497 0.064454 206 203 200
0.345687 -0.084429 0.077687 90 85 84
0.344208 -0.084614 0.085753 160 156 152
0.345282 -0.085641 0.095671 219 212 206
0.346954 -0.085739 0.105519 219 209 204
0.345886 -0.085018 0.115725 203 196 192
0.346781 -0.077493 0.000971 115 166 156
0.343897 -0.076230 0.026762 211 204 199
0.345581 -0.076173 0.035350 202 196 193
0.346008 -0.076118 0.044400 221 215 212
0.347018 -0.076858 0.052959 212 211 210
0.344908 -0.072553 0.067151 181 185 182
0.345330 -0.073691 0.075745 176 175 173
0.345035 -0.074141 0.084090 202 198 195
0.344857 -0.074756 0.095068 189 199 193
0.343451 -0.076365 0.104950 182 194 189
0.343606 -0.064951 0.001237 98 151 141
0.344406 -0.063345 0.045590 185 193 186
0.345537 -0.064082 0.055514 142 161 154
0.344484 -0.065649 0.064519 124 130 124
0.344166 -0.064995 0.076942 148 173 165
0.343587 -0.067688 0.085770 145 176 169
0.342789 -0.054730 -0.002715 29 102 92
0.343474 -0.054731 0.003572 13 113 98
0.345588 -0.052333 0.014493 128 140 130
0.344276 -0.053332 0.025919 130 144 134
0.343220 -0.055836 0.035999 125 144 136
0.342761 -0.055914 0.044789 145 170 165
0.345546 -0.054193 0.054808 108 132 126
0.345554 -0.057270 0.063992 85 111 90
0.343309 -0.058943 0.074234 70 122 102
0.344442 -0.043721 -0.013108 60 117 110
0.344203 -0.044745 -0.004199 34 107 98
0.345484 -0.046925 0.003395 45 104 93
0.343676 -0.048846 0.015349 66 120 110
0.341868 -0.049201 0.044401 57 102 94
0.345068 -0.023298 -0.002173 110 164 154
0.346204 -0.026343 0.002885 120 172 162
0.344235 -0.011709 -0.014541 127 183 176
0.344496 -0.016733 -0.004883 74 132 124
0.345999 -0.007287 -0.016712 92 154 148
0.352683 -0.654288 -0.050992 1 97 88
0.356067 -0.653837 -0.048684 1 100 90
0.355504 -0.644529 -0.047561 0 104 95
0.355001 -0.634924 -0.045758 0 113 102
0.354655 -0.624746 -0.046094 1 115 104
0.354868 -0.614726 -0.046349 0 116 104
0.354848 -0.604556 -0.047322 0 116 104
0.355881 -0.593680 -0.046426 11 89 81
0.354876 -0.585035 -0.047415 0 114 103
0.354732 -0.575046 -0.046699 0 117 106
0.353355 -0.564997 -0.045706 10 112 104
0.357642 -0.555193 -0.050723 0 115 104
0.352943 -0.556713 -0.048978 0 118 107
0.356376 -0.545535 -0.050893 0 110 100
0.353028 -0.543483 -0.049608 0 110 98
0.356904 -0.536648 -0.051015 0 112 102
0.353459 -0.533866 -0.049259 0 111 102
0.356925 -0.523519 -0.051363 0 116 108
0.353382 -0.527668 -0.049230 0 112 104
0.357710 -0.515369 -0.052147 0 118 110
0.352590 -0.515096 -0.047977 0 116 108
0.352485 -0.512824 -0.037289 0 116 104
0.355595 -0.503213 -0.045012 0 116 108
0.353347 -0.504852 -0.037366 0 118 108
0.355309 -0.496343 -0.044386 0 118 109
0.353852 -0.495369 -0.037158 1 120 110
0.357302 -0.484977 -0.043276 1 122 114
0.353149 -0.486026 -0.036049 2 122 113
0.357913 -0.475488 -0.043676 2 124 117
0.353983 -0.476930 -0.036627 3 124 115
0.352730 -0.473599 -0.015063 2 119 112
0.355282 -0.463051 -0.037610 98 172 170
0.352996 -0.465235 -0.015677 30 130 126
0.357489 -0.454385 -0.045721 124 182 178
0.353748 -0.454528 -0.036439 123 180 177
0.355691 -0.446768 -0.044695 124 182 178
0.351578 -0.445769 -0.037012 124 180 178
0.352745 -0.443017 -0.016142 20 70 66
0.355778 -0.433030 -0.083634 104 164 157
0.355807 -0.433506 -0.075093 138 179 175
0.356944 -0.432937 -0.066230 136 140 139
0.353915 -0.425040 -0.075365 20 119 112
0.352310 -0.427025 -0.065948 112 124 124
0.356529 -0.414572 -0.083070 2 113 104
0.352282 -0.416950 -0.076723 3 116 106
0.355982 -0.404907 -0.084715 0 110 100
0.355412 -0.394945 -0.085426 0 108 98
0.354979 -0.384904 -0.084215 0 100 94
0.355470 -0.377858 -0.081621 0 88 84
0.354834 -0.372939 -0.077909 0 88 84
0.354717 -0.366437 -0.073101 1 77 72
0.356429 -0.361720 -0.067436 1 76 70
0.355943 -0.355968 -0.064318 1 72 65
0.353815 -0.354051 -0.056144 4 89 84
0.358815 -0.343700 -0.071490 0 32 25
0.355600 -0.344954 -0.064185 8 45 41
0.354180 -0.344853 -0.054562 6 74 69
0.355480 -0.336369 -0.044058 0 72 66
0.356037 -0.335154 -0.034321 0 80 75
0.354592 -0.332440 -0.025858 0 92 89
0.356859 -0.327528 -0.021820 0 98 95
0.353812 -0.324051 -0.017439 1 107 102
0.357936 -0.311773 -0.021786 20 72 70
0.354721 -0.315767 -0.016858 2 120 114
0.353528 -0.313473 0.024873 26 76 72
0.355409 -0.312160 0.031213 19 81 79
0.355332 -0.307294 -0.023155 12 94 90
0.353900 -0.305474 -0.017435 9 87 82
0.354276 -0.305105 0.034841 35 99 96
0.352239 -0.302897 0.045274 58 84 79
0.355707 -0.293659 -0.014155 12 85 81
0.353546 -0.294015 0.034075 73 124 125
0.353391 -0.294777 0.045256 25 70 66
0.354726 -0.284937 -0.014749 15 89 85
0.352714 -0.284317 0.032164 71 122 124
0.354217 -0.276609 -0.015078 11 89 85
0.353757 -0.275510 0.033063 73 124 126
0.356235 -0.265704 -0.013598 2 115 112
0.353674 -0.263695 -0.005585 0 110 106
0.352890 -0.263495 0.005280 52 116 117
0.354043 -0.265063 0.012639 76 134 140
0.354007 -0.262722 0.027116 72 122 125
0.356586 -0.257160 -0.014316 18 97 94
0.357582 -0.254976 -0.004197 56 130 130
0.355287 -0.255044 0.004302 79 134 135
0.354097 -0.255045 0.013941 99 139 140
0.353212 -0.253096 0.025500 52 121 119
0.353034 -0.252839 0.035915 59 119 117
0.354394 -0.253972 0.044232 136 156 157
0.355936 -0.243763 -0.004020 170 173 178
0.355432 -0.246791 0.003977 162 164 170
0.353443 -0.244803 0.016522 85 120 118
0.353600 -0.245110 0.025766 62 115 113
0.355437 -0.243994 0.033057 71 119 116
0.355128 -0.244151 0.045589 176 179 179
0.353660 -0.244934 0.054468 189 195 194
0.352696 -0.244827 0.063536 186 188 190
0.352073 -0.235535 -0.014078 167 171 172
0.352998 -0.236569 -0.006939 178 185 186
0.353280 -0.236119 0.005167 188 190 192
0.354266 -0.233659 0.014289 131 171 173
0.355823 -0.232722 0.025660 92 146 145
0.352596 -0.235066 0.034634 100 129 127
0.354400 -0.236077 0.044167 127 133 133
0.353786 -0.231784 0.053113 163 165 164
0.353362 -0.232536 0.065601 158 161 162
0.350946 -0.235738 0.074512 158 162 163
0.355731 -0.225202 -0.012447 122 158 161
0.356244 -0.224755 -0.006400 84 146 148
0.357680 -0.223987 0.004911 126 170 171
0.356587 -0.225977 0.014213 126 169 169
0.353960 -0.226234 0.026223 123 155 153
0.355938 -0.226295 0.034142 95 150 146
0.355510 -0.222669 0.044587 179 188 186
0.354318 -0.227779 0.054418 108 113 113
0.353451 -0.226024 0.061947 173 178 176
0.356421 -0.215298 -0.004594 96 134 134
0.356519 -0.214640 0.004976 116 151 149
0.355315 -0.215055 0.015963 147 168 166
0.355152 -0.214296 0.025568 100 146 144
0.354432 -0.215261 0.035069 153 178 176
0.352726 -0.215690 0.044483 206 205 201
0.357283 -0.204975 0.006359 68 126 123
0.356760 -0.205817 0.014683 133 157 155
0.354655 -0.205291 0.026251 114 156 153
0.355513 -0.206774 0.032929 127 160 156
0.353541 -0.203147 0.043859 197 191 187
0.353194 -0.204148 0.055050 208 202 197
0.356489 -0.194504 0.004616 84 132 131
0.356185 -0.192913 0.013709 144 154 155
0.351522 -0.196363 0.026753 127 161 157
0.353938 -0.195325 0.033039 151 175 172
0.352800 -0.193982 0.044590 168 166 162
0.352354 -0.194297 0.053926 135 134 130
0.355323 -0.184036 -0.000702 136 157 156
0.356490 -0.185471 0.004565 114 152 148
0.354082 -0.185882 0.013700 145 157 154
0.353189 -0.185892 0.034458 107 150 147
0.356037 -0.178003 -0.000831 70 124 120
0.356627 -0.176637 0.003562 33 100 94
0.353683 -0.175943 0.024353 130 158 162
0.353021 -0.175499 0.032547 123 155 153
0.351332 -0.173692 0.044151 204 203 202
0.351643 -0.171723 0.064747 154 152 152
0.355683 -0.166204 0.006248 96 150 144
0.355017 -0.164544 0.015243 142 167 166
0.353365 -0.163672 0.024258 187 193 193
0.356181 -0.165524 0.033024 88 134 132
0.354157 -0.165944 0.055401 144 144 143
0.354708 -0.154893 0.004289 177 177 178
0.355595 -0.158013 0.016491 184 182 184
0.356938 -0.158920 0.023967 158 172 170
0.354488 -0.154031 0.033272 84 130 122
0.355397 -0.142637 -0.013224 98 140 140
0.354089 -0.147558 -0.006102 158 170 170
0.352944 -0.147128 0.035060 96 130 124
0.352477 -0.146673 0.044578 215 208 202
0.354988 -0.143779 0.065249 164 188 185
0.356943 -0.136316 -0.013754 59 106 106
0.354980 -0.132939 -0.005329 94 124 122
0.354419 -0.133856 0.004396 112 129 126
0.352009 -0.134744 0.014598 142 153 150
0.351756 -0.132899 0.027409 56 111 107
0.354164 -0.133040 0.033348 65 112 108
0.350688 -0.135713 0.056211 160 165 159
0.352437 -0.135559 0.065271 166 170 166
0.355211 -0.136423 0.075481 149 154 151
0.355369 -0.136010 0.086170 126 124 120
0.357452 -0.133375 0.093277 184 180 178
0.355595 -0.129098 -0.006771 81 122 115
0.353809 -0.126353 0.016917 118 142 141
0.355588 -0.125127 0.026513 112 110 108
0.354834 -0.125499 0.034354 60 87 85
0.352028 -0.124332 0.047414 88 106 104
0.354498 -0.124022 0.054124 94 113 112
0.357175 -0.122757 0.065001 108 132 130
0.354535 -0.127134 0.095058 181 175 174
0.353516 -0.125386 0.104844 172 166 161
0.352137 -0.122795 0.113771 182 176 169
0.351722 -0.116340 0.045917 84 114 110
0.354352 -0.116294 0.054360 84 119 115
0.356149 -0.117200 0.063679 114 147 144
0.352580 -0.114335 0.116839 198 192 186
0.353746 -0.113153 0.123912 228 222 218
0.352965 -0.106234 0.124868 233 226 222
0.355145 -0.093725 0.066985 187 186 184
0.352881 -0.094883 0.074451 140 138 138
0.356530 -0.095299 0.105498 222 214 209
0.354775 -0.093669 0.114285 229 220 215
0.355214 -0.084303 0.004379 137 158 150
0.355532 -0.085158 0.014874 196 191 188
0.356073 -0.083735 0.024786 194 190 188
0.357845 -0.083138 0.036261 131 164 159
0.357674 -0.083242 0.045169 126 155 150
0.355242 -0.083087 0.055504 204 202 198
0.357010 -0.084431 0.065680 206 205 204
0.355843 -0.083929 0.076216 204 203 200
0.354086 -0.085065 0.083140 215 213 210
0.354743 -0.084097 0.094432 211 208 206
0.354133 -0.085670 0.105237 220 214 211
0.355077 -0.084601 0.115730 131 171 163
0.355897 -0.086661 0.122690 194 193 190
0.354179 -0.075939 -0.001285 98 148 139
0.354648 -0.074729 0.002177 83 132 120
0.356298 -0.077011 0.036123 88 136 128
0.355383 -0.076438 0.045185 141 175 171
0.353436 -0.077602 0.053715 220 218 218
0.354563 -0.075859 0.064913 180 181 178
0.354668 -0.076509 0.074209 143 157 153
0.354781 -0.076412 0.084863 142 168 163
0.354375 -0.076167 0.094226 139 170 166
0.354539 -0.066576 -0.002198 57 112 100
0.353707 -0.064968 0.003303 48 104 92
0.353187 -0.066074 0.062897 103 133 128
0.353554 -0.064986 0.073617 63 108 96
0.354162 -0.068659 0.085020 57 104 96
0.354717 -0.054317 0.003881 49 104 93
0.354881 -0.054979 0.052853 118 110 88
0.352602 -0.046319 -0.000852 51 103 93
0.353869 -0.046878 0.002573 50 102 94
0.355394 -0.022452 -0.003199 94 151 142
0.354686 -0.025543 0.000946 116 168 159
0.354878 -0.016844 -0.005249 53 122 114
0.365279 -0.654391 -0.047952 1 106 96
0.364336 -0.645152 -0.047130 0 110 100
0.363961 -0.635310 -0.047197 0 114 103
0.364696 -0.624871 -0.047215 0 115 104
0.363725 -0.615410 -0.047323 0 116 104
0.365704 -0.605229 -0.052650 6 63 58
0.363569 -0.605625 -0.047928 0 117 105
0.366213 -0.596110 -0.053891 16 72 68
0.364409 -0.594962 -0.048131 0 117 106
0.363793 -0.585680 -0.048262 0 116 106
0.365376 -0.573960 -0.053497 15 121 114
0.363517 -0.576582 -0.048402 2 118 108
0.366606 -0.564537 -0.051284 2 120 110
0.365605 -0.555594 -0.051794 0 114 106
0.365832 -0.544723 -0.051802 0 115 106
0.365940 -0.534178 -0.052907 0 118 109
0.365106 -0.524664 -0.054103 0 119 111
0.365316 -0.523318 -0.045265 0 118 106
0.364130 -0.515211 -0.055575 0 120 113
0.367990 -0.502945 -0.062122 0 122 115
0.362963 -0.505477 -0.056914 0 122 115
0.366981 -0.495480 -0.063246 0 122 116
0.362636 -0.492854 -0.047245 0 122 113
0.366056 -0.485593 -0.064588 1 124 118
0.366188 -0.484130 -0.053490 0 123 114
0.362118 -0.485573 -0.048369 1 124 116
0.365248 -0.478550 -0.065187 4 128 122
0.365745 -0.475010 -0.054560 3 126 116
0.361657 -0.475323 -0.048056 2 127 117
0.365741 -0.465167 -0.055696 6 122 115
0.365744 -0.453549 -0.074921 121 178 176
0.364213 -0.455386 -0.055206 119 178 174
0.361361 -0.454734 -0.048982 122 179 176
0.366586 -0.443674 -0.083379 117 180 178
0.363855 -0.446589 -0.076694 117 175 173
0.365202 -0.445267 -0.054973 80 118 115
0.366148 -0.434735 -0.094774 81 134 128
0.363811 -0.434856 -0.086495 94 156 152
0.367492 -0.424742 -0.092188 1 113 104
0.362953 -0.425884 -0.087470 2 114 106
0.367067 -0.413838 -0.092447 0 112 102
0.365976 -0.404384 -0.092396 0 109 101
0.366127 -0.395969 -0.091016 0 102 95
0.363983 -0.393339 -0.088977 0 100 92
0.364792 -0.385039 -0.085371 0 89 82
0.361646 -0.378509 -0.081000 0 86 80
0.365152 -0.374522 -0.075557 0 88 82
0.363692 -0.368365 -0.071594 0 86 80
0.364987 -0.363487 -0.067322 2 87 80
0.367977 -0.352805 -0.072540 23 78 72
0.363851 -0.356691 -0.064710 6 87 80
0.368031 -0.344109 -0.083137 1 22 17
0.364360 -0.345584 -0.074489 10 40 36
0.362941 -0.345780 -0.063676 18 80 73
0.366337 -0.336687 -0.084391 2 28 24
0.365683 -0.337004 -0.044122 2 78 73
0.364652 -0.333233 -0.035182 1 88 84
0.368494 -0.328328 -0.031454 4 90 84
0.364723 -0.325227 -0.024426 2 97 92
0.362872 -0.316065 -0.017722 2 116 110
0.363008 -0.304190 -0.016022 11 88 86
0.368786 -0.295703 -0.021711 22 78 75
0.363974 -0.294390 -0.016191 14 93 91
0.365509 -0.293672 0.016082 82 116 118
0.365768 -0.293659 0.032766 1 94 90
0.363926 -0.284813 -0.016740 1 118 114
0.365223 -0.286959 0.008996 74 127 128
0.364018 -0.286702 0.013442 76 114 118
0.364765 -0.285964 0.034042 22 103 100
0.364166 -0.274734 -0.017056 1 118 114
0.368065 -0.274392 0.009302 67 124 125
0.365545 -0.274081 0.014204 69 124 126
0.361941 -0.274275 0.023853 88 127 130
0.363563 -0.276943 0.035419 93 144 140
0.364209 -0.264749 -0.016272 3 118 116
0.366644 -0.264771 0.008469 68 123 126
0.365767 -0.266450 0.012960 66 120 122
0.363107 -0.264672 0.033699 20 100 97
0.365129 -0.252825 -0.025682 32 85 84
0.364609 -0.255556 -0.015003 4 121 118
0.361144 -0.251675 -0.004385 49 129 129
0.364318 -0.252924 0.005037 47 118 118
0.363931 -0.256094 0.012980 66 120 120
0.364082 -0.253224 0.027524 10 96 91
0.363088 -0.255227 0.033467 32 108 104
0.367688 -0.246548 -0.014049 12 114 108
0.361757 -0.245070 -0.005537 104 148 152
0.365740 -0.243790 0.006173 82 136 137
0.363855 -0.245025 0.014304 66 124 121
0.363543 -0.244019 0.026414 46 109 108
0.363543 -0.244995 0.033819 77 122 119
0.366514 -0.233276 -0.006511 182 182 186
0.367441 -0.234780 0.004285 82 136 136
0.363445 -0.233634 0.014921 118 149 149
0.363127 -0.234924 0.025769 53 108 105
0.364127 -0.235511 0.033938 61 117 112
0.367184 -0.222857 -0.013548 3 68 66
0.365037 -0.223562 -0.003732 81 136 135
0.363115 -0.225445 0.003748 96 144 144
0.362113 -0.226859 0.026546 48 107 101
0.363052 -0.226510 0.034620 33 118 114
0.366222 -0.216925 -0.012892 18 116 112
0.366161 -0.216462 -0.005048 34 127 122
0.360475 -0.214033 0.026693 73 121 120
0.366072 -0.205363 -0.002611 12 112 106
0.363252 -0.203036 0.004608 61 121 118
0.363586 -0.206579 0.026855 73 120 115
0.363685 -0.204110 0.033122 76 124 117
0.367172 -0.194683 -0.003694 23 114 108
0.363128 -0.196311 0.004118 79 133 131
0.364416 -0.195475 0.033914 80 130 126
0.365506 -0.185378 -0.003686 76 148 142
0.363162 -0.163832 0.005364 117 157 156
0.362930 -0.163333 0.013797 80 139 137
0.363897 -0.162961 0.025773 103 158 154
0.365370 -0.162965 0.035526 65 99 96
0.362140 -0.157834 0.004042 172 176 180
0.362427 -0.158795 0.024665 40 92 88
0.364120 -0.156099 0.033744 4 106 99
0.367738 -0.142177 -0.021166 108 156 156
0.363922 -0.143877 -0.015854 106 148 148
0.366067 -0.133501 -0.023519 62 113 110
0.363732 -0.134923 -0.017062 44 92 90
0.363890 -0.133721 0.086034 144 152 152
0.363455 -0.133422 0.093686 186 188 188
0.365811 -0.127512 -0.023089 78 121 116
0.362915 -0.128350 -0.015677 82 124 120
0.364349 -0.125307 0.033349 3 52 48
0.366983 -0.125331 0.086207 152 171 170
0.364466 -0.117100 0.031987 110 156 150
0.363341 -0.114452 0.065199 120 158 156
0.368535 -0.115075 0.085161 186 194 196
0.367210 -0.102770 0.034451 12 62 58
0.365159 -0.104334 0.055267 98 144 138
0.363679 -0.104572 0.064062 148 174 172
0.368715 -0.106239 0.086724 208 208 208
0.365236 -0.094444 0.032552 98 148 142
0.364518 -0.092013 0.046607 63 94 91
0.365388 -0.093326 0.054599 86 99 96
0.363502 -0.093898 0.063745 170 171 171
0.366295 -0.096205 0.097903 117 115 114
0.366535 -0.095503 0.104671 112 110 108
0.365592 -0.092526 0.114095 138 136 135
0.363132 -0.086922 0.025172 157 154 152
0.364373 -0.085728 0.034880 122 157 152
0.363062 -0.086836 0.043333 111 141 138
0.364221 -0.085154 0.056692 131 141 140
0.363557 -0.085370 0.064026 136 142 142
0.367365 -0.084176 0.073703 150 157 156
0.363936 -0.084596 0.087201 155 166 164
0.364319 -0.084377 0.094050 144 164 162
0.364234 -0.085203 0.105049 142 162 158
0.364719 -0.087098 0.115281 158 168 164
0.363469 -0.073450 0.046536 96 146 140
0.363388 -0.075771 0.053668 126 167 162
0.364561 -0.077179 0.065141 118 132 130
0.367210 -0.077922 0.074868 136 143 142
0.362566 -0.078146 0.085703 104 148 142
0.363810 -0.065122 0.037648 70 124 114
0.363491 -0.065944 0.043304 78 130 122
0.364392 -0.066993 0.055026 122 154 150
0.364905 -0.066942 0.064021 124 144 141
0.364512 -0.064779 0.072283 130 131 131
0.365808 -0.065228 0.084817 158 157 158
0.364922 -0.054610 -0.004622 46 102 92
0.365135 -0.057693 0.066567 90 116 112
0.364313 -0.023122 -0.003448 90 154 146
0.365186 -0.026779 0.002103 90 136 106
0.367653 0.035353 -0.034840 24 63 58
0.377060 -0.652653 -0.052477 4 110 102
0.376534 -0.645268 -0.052769 2 110 102
0.375768 -0.635553 -0.052869 2 112 104
0.375729 -0.624309 -0.065197 11 64 60
0.375366 -0.625312 -0.053200 2 112 104
0.375587 -0.615571 -0.065579 8 64 58
0.375731 -0.614843 -0.053812 3 115 107
0.375246 -0.603956 -0.064428 20 72 68
0.375747 -0.604859 -0.053827 3 115 108
0.376426 -0.596358 -0.065799 39 68 68
0.376080 -0.595174 -0.053738 8 115 107
0.375454 -0.584565 -0.053197 10 116 106
0.375920 -0.583726 -0.045385 4 120 108
0.374703 -0.574769 -0.053114 8 118 108
0.375410 -0.576755 -0.044909 4 121 108
0.373590 -0.565754 -0.053995 3 120 111
0.375402 -0.564925 -0.046439 3 120 108
0.373116 -0.555180 -0.054561 2 117 108
0.372999 -0.544997 -0.054889 2 116 109
0.374597 -0.545719 -0.046128 2 116 106
0.377509 -0.534702 -0.063907 12 74 72
0.372635 -0.534458 -0.056463 5 116 108
0.374578 -0.537185 -0.046358 2 115 107
0.377057 -0.523977 -0.062322 8 99 94
0.372656 -0.525917 -0.057114 4 121 114
0.375945 -0.514287 -0.063773 0 118 112
0.374224 -0.505090 -0.065978 1 120 113
0.374702 -0.505341 -0.055299 2 118 110
0.377203 -0.493305 -0.072680 0 119 112
0.373032 -0.496029 -0.067425 0 120 114
0.375614 -0.484818 -0.074031 0 119 112
0.376441 -0.483968 -0.063953 3 119 112
0.374789 -0.474985 -0.076069 0 120 114
0.374702 -0.474882 -0.064977 4 124 116
0.376247 -0.465173 -0.083585 1 121 114
0.375258 -0.465151 -0.074885 2 117 110
0.373273 -0.466052 -0.065423 3 123 114
0.377121 -0.452782 -0.093262 8 116 111
0.373951 -0.455567 -0.086060 32 131 126
0.375666 -0.455285 -0.073795 79 150 146
0.372341 -0.457196 -0.067113 86 156 152
0.375582 -0.444706 -0.095770 10 116 110
0.374143 -0.448444 -0.074646 122 176 172
0.374941 -0.436716 -0.104816 101 157 154
0.374331 -0.434934 -0.096587 2 114 106
0.370513 -0.435255 -0.088008 32 77 74
0.373887 -0.424014 -0.096643 0 111 103
0.374615 -0.414223 -0.096602 0 109 101
0.375031 -0.404794 -0.095181 0 102 95
0.374317 -0.396571 -0.091856 0 93 85
0.376123 -0.392207 -0.088012 0 91 84
0.374508 -0.385542 -0.083696 0 93 86
0.373830 -0.380764 -0.078920 0 95 88
0.374346 -0.375187 -0.075306 1 98 91
0.374541 -0.366106 -0.074147 5 99 93
0.378273 -0.352360 -0.096199 7 28 24
0.375989 -0.353590 -0.084807 10 47 44
0.373271 -0.357021 -0.076921 18 91 86
0.374990 -0.344074 -0.094466 6 28 24
0.374088 -0.346423 -0.085899 2 23 19
0.376087 -0.345552 -0.075137 4 50 46
0.375903 -0.343417 -0.064781 3 68 63
0.374382 -0.341597 -0.057523 2 76 71
0.375394 -0.335926 -0.093224 4 36 32
0.374802 -0.333802 -0.085523 1 50 47
0.375493 -0.337780 -0.053402 6 81 76
0.373540 -0.334711 -0.045210 6 90 84
0.371523 -0.331609 -0.038320 2 90 84
0.378182 -0.326686 -0.044561 34 90 70
0.373339 -0.326145 -0.034662 18 94 82
0.371216 -0.322422 -0.026650 8 96 84
0.378631 -0.319571 -0.041745 31 48 26
0.377495 -0.315310 -0.036213 21 60 48
0.373184 -0.315428 -0.025921 10 98 90
0.377222 -0.303329 -0.033587 32 134 128
0.373444 -0.304334 -0.026101 22 98 95
0.371607 -0.303958 -0.016420 23 85 86
0.374943 -0.302792 -0.006724 9 64 60
0.373642 -0.296481 -0.025244 21 77 74
0.376113 -0.294162 -0.013810 4 108 104
0.373839 -0.297546 -0.005266 18 76 72
0.375292 -0.296054 0.027389 2 104 100
0.375052 -0.282248 -0.047025 12 65 60
0.374239 -0.285046 -0.025614 18 98 95
0.375647 -0.285427 -0.015395 6 113 110
0.377168 -0.274057 -0.031967 19 56 51
0.373040 -0.275398 -0.024249 30 125 120
0.374554 -0.274627 -0.016573 2 119 116
0.377303 -0.265943 -0.032153 26 62 45
0.375046 -0.264225 -0.022596 18 110 105
0.374080 -0.264222 -0.015335 6 122 118
0.375921 -0.252601 -0.047133 54 74 50
0.376967 -0.254840 -0.033047 33 64 46
0.375654 -0.256370 -0.025003 14 110 101
0.374248 -0.255483 -0.017154 3 122 117
0.373653 -0.246815 -0.044220 26 80 72
0.376174 -0.245766 -0.032731 24 81 70
0.376927 -0.245947 -0.023255 14 127 122
0.374007 -0.244299 -0.015557 7 120 116
0.377073 -0.234866 -0.022924 16 92 88
0.373928 -0.235704 -0.015646 5 116 112
0.370404 -0.236066 0.001412 82 138 138
0.373161 -0.236154 0.035327 42 94 92
0.375487 -0.224026 -0.023336 34 102 97
0.373651 -0.223341 -0.015932 4 124 118
0.371457 -0.222665 -0.006677 10 66 61
0.376036 -0.215145 -0.023159 9 65 58
0.373106 -0.216132 -0.015588 9 75 68
0.376414 -0.204787 -0.022945 27 84 61
0.374470 -0.206736 -0.016623 0 60 54
0.372332 -0.203079 0.034526 47 101 98
0.373040 -0.194786 0.032730 42 96 93
0.374932 -0.165917 0.026757 8 75 71
0.375006 -0.143009 -0.023882 66 70 64
0.376566 -0.133391 -0.032911 58 58 41
0.373214 -0.134469 -0.026026 40 44 36
0.374624 -0.122448 0.027620 4 60 58
0.371914 -0.122734 0.035472 9 65 60
0.372039 -0.123261 0.086681 162 172 170
0.372764 -0.115673 0.017620 86 86 85
0.376023 -0.113242 0.025621 94 148 145
0.374191 -0.114560 0.033883 5 60 56
0.371377 -0.114427 0.084070 200 200 200
0.376028 -0.105148 0.026396 102 156 152
0.375233 -0.104668 0.032311 20 76 72
0.371296 -0.103608 0.094512 122 122 118
0.377608 -0.092177 0.002544 24 80 76
0.379409 -0.092450 0.013994 60 113 110
0.375952 -0.096125 0.027258 82 137 133
0.374622 -0.094852 0.033096 42 82 78
0.372348 -0.092633 0.044735 64 68 65
0.371487 -0.092068 0.051148 89 92 88
0.375593 -0.094795 0.097229 80 82 80
0.373563 -0.094196 0.106790 82 84 82
0.376590 -0.086186 -0.005392 9 108 102
0.375335 -0.086835 0.004387 2 102 96
0.376118 -0.087926 0.014454 23 74 72
0.377318 -0.086390 0.025744 50 107 102
0.373290 -0.086735 0.033555 81 121 117
0.373813 -0.086417 0.044660 98 101 97
0.373992 -0.084960 0.054823 98 102 98
0.373860 -0.083229 0.064878 122 125 120
0.373578 -0.081643 0.073860 161 164 162
0.373433 -0.083484 0.085170 140 145 145
0.373303 -0.084676 0.094021 111 115 117
0.376214 -0.086201 0.104992 174 178 177
0.375236 -0.086130 0.113400 186 190 189
0.375590 -0.076975 0.035209 18 82 75
0.371228 -0.075330 0.077496 138 146 144
0.372310 -0.076482 0.084593 140 150 150
0.374536 -0.066339 0.035988 75 135 130
0.374039 -0.043427 0.026966 52 106 102
0.372399 -0.044656 0.033777 52 110 105
0.375514 0.024281 -0.056605 45 99 94
0.371873 0.036834 -0.045179 48 58 60
0.374470 0.046268 -0.053595 48 98 94
0.373695 0.044586 -0.048497 46 58 57
0.375618 0.055256 -0.055888 48 92 86
0.377700 0.063749 -0.061056 60 94 90
0.374662 0.066740 -0.054915 46 96 90
0.371654 0.061646 -0.045562 46 66 64
0.375184 0.074758 -0.057159 58 98 94
0.372543 0.074478 -0.047408 50 68 66
0.375031 0.084716 -0.057188 62 102 98
0.386253 -0.654539 -0.063615 27 100 87
0.384107 -0.654246 -0.055572 7 111 104
0.386454 -0.645621 -0.062275 12 104 96
0.383592 -0.645942 -0.055890 4 109 102
0.384530 -0.637143 -0.084879 12 104 98
0.384970 -0.632558 -0.076583 21 85 81
0.385276 -0.633416 -0.063739 4 100 94
0.385139 -0.635616 -0.055298 5 108 100
0.383225 -0.623477 -0.083755 34 106 102
0.383842 -0.626887 -0.067038 18 92 87
0.384490 -0.624947 -0.055684 7 114 107
0.386726 -0.612209 -0.076560 14 54 49
0.387479 -0.616540 -0.065955 6 78 71
0.383913 -0.616744 -0.055059 10 120 110
0.387456 -0.604105 -0.073100 8 47 42
0.384394 -0.604542 -0.064164 21 87 80
0.383449 -0.605879 -0.055691 10 120 110
0.388808 -0.597464 -0.071411 6 61 55
0.385696 -0.594514 -0.064094 14 78 72
0.385093 -0.593513 -0.054151 20 105 97
0.385726 -0.594271 -0.044311 2 92 85
0.384433 -0.585047 -0.064675 32 76 57
0.382546 -0.585189 -0.056226 24 128 118
0.385691 -0.585476 -0.045245 2 92 84
0.386279 -0.574115 -0.073772 27 70 54
0.383629 -0.575470 -0.065352 35 83 65
0.383686 -0.566567 -0.071468 30 67 61
0.386174 -0.562857 -0.065420 10 76 70
0.382760 -0.564522 -0.057073 20 108 102
0.382646 -0.554087 -0.057365 14 109 100
0.383756 -0.543073 -0.074581 17 38 34
0.382264 -0.547151 -0.057008 16 112 103
0.383349 -0.532700 -0.074256 24 36 32
0.384251 -0.534555 -0.063458 19 66 58
0.383998 -0.525229 -0.072747 34 45 30
0.384271 -0.524510 -0.066555 18 53 43
0.383689 -0.515192 -0.072985 26 82 69
0.383806 -0.515985 -0.065811 12 97 81
0.387347 -0.502930 -0.082750 7 79 70
0.383446 -0.505123 -0.075890 6 109 102
0.385207 -0.505168 -0.065547 0 114 105
0.386674 -0.494702 -0.083772 14 116 110
0.386111 -0.493115 -0.072451 0 114 105
0.383300 -0.496391 -0.066884 2 116 108
0.384333 -0.485244 -0.085238 2 116 109
0.385139 -0.484874 -0.075258 0 114 105
0.385876 -0.474973 -0.094516 2 116 108
0.384509 -0.476484 -0.085906 0 110 103
0.383153 -0.476027 -0.077428 0 112 104
0.383902 -0.465247 -0.096805 0 116 108
0.384604 -0.464933 -0.085275 1 114 106
0.386635 -0.454508 -0.102454 1 114 105
0.383313 -0.456518 -0.085558 2 118 112
0.384690 -0.443806 -0.104495 32 110 103
0.384161 -0.444008 -0.097654 36 98 94
0.386271 -0.435434 -0.101857 2 112 105
0.386378 -0.424002 -0.101809 1 110 102
0.389341 -0.413781 -0.142673 0 83 78
0.386461 -0.416926 -0.100885 0 104 95
0.385165 -0.412867 -0.099212 0 102 94
0.388713 -0.406353 -0.142582 0 82 76
0.386028 -0.404403 -0.136240 0 82 77
0.385311 -0.405111 -0.095847 0 98 90
0.386278 -0.396143 -0.093471 3 85 78
0.384803 -0.392920 -0.088275 8 100 92
0.386183 -0.384923 -0.085267 13 83 75
0.386588 -0.375292 -0.093194 7 54 48
0.386295 -0.375788 -0.084820 13 64 61
0.385970 -0.376245 -0.076845 9 82 76
0.387164 -0.373985 -0.043328 4 76 72
0.385905 -0.364359 -0.114833 9 70 62
0.387288 -0.363891 -0.103552 19 80 73
0.385128 -0.366071 -0.095390 20 92 86
0.386482 -0.358841 -0.111510 2 40 34
0.385752 -0.355934 -0.103618 7 47 41
0.383632 -0.353052 -0.096470 3 29 26
0.382238 -0.352847 -0.086833 8 58 55
0.385492 -0.341910 -0.114016 2 43 38
0.385049 -0.341295 -0.107244 6 48 42
0.385488 -0.345377 -0.092923 0 38 34
0.386760 -0.346368 -0.084225 6 59 56
0.385831 -0.344592 -0.074837 8 62 57
0.384367 -0.342825 -0.065756 14 76 71
0.383782 -0.342335 -0.056822 2 74 66
0.384739 -0.336870 -0.114746 2 34 30
0.384124 -0.335793 -0.104658 8 39 36
0.384187 -0.335322 -0.096230 6 42 39
0.384061 -0.333805 -0.086751 12 62 59
0.387304 -0.335909 -0.073608 4 56 52
0.384437 -0.336349 -0.064175 15 58 51
0.382124 -0.334866 -0.055559 16 60 53
0.382075 -0.332865 -0.047369 14 80 74
0.385329 -0.327227 -0.085070 8 47 46
0.384276 -0.325169 -0.076042 10 50 50
0.386127 -0.327633 -0.063737 1 29 25
0.384113 -0.323814 -0.054384 23 40 24
0.384061 -0.325737 -0.046675 4 38 34
0.388006 -0.324737 -0.037572 0 64 61
0.386549 -0.324403 -0.027055 1 66 64
0.385196 -0.303927 -0.036732 9 66 63
0.385541 -0.302880 -0.014065 2 97 95
0.384270 -0.306191 -0.005951 1 96 94
0.386469 -0.295080 -0.044149 14 67 66
0.386423 -0.295006 -0.034985 8 71 69
0.386533 -0.294748 -0.024847 0 93 90
0.384848 -0.295366 -0.015448 0 94 92
0.389164 -0.282881 -0.051914 0 91 90
0.386850 -0.283394 -0.042924 13 76 75
0.384802 -0.285499 -0.033621 6 69 68
0.384493 -0.285009 -0.024146 0 92 89
0.383456 -0.287610 -0.015842 0 92 88
0.388309 -0.273888 -0.054678 0 88 86
0.384611 -0.275092 -0.044614 10 60 59
0.384032 -0.274835 -0.035841 8 73 71
0.383591 -0.275166 -0.024956 1 93 90
0.387579 -0.263717 -0.053838 2 63 63
0.384814 -0.266533 -0.045610 16 63 55
0.383478 -0.263834 -0.034624 7 73 71
0.383412 -0.265392 -0.024696 1 94 91
0.388399 -0.256371 -0.063456 0 87 86
0.387496 -0.256964 -0.053593 7 69 69
0.386417 -0.255781 -0.045679 12 75 73
0.383601 -0.255253 -0.035144 11 78 76
0.383615 -0.253769 -0.025845 0 94 91
0.388210 -0.244901 -0.062485 0 88 86
0.387168 -0.242866 -0.053842 11 74 72
0.384917 -0.244666 -0.043906 4 69 69
0.382934 -0.245616 -0.036211 7 77 75
0.383232 -0.245848 -0.026819 0 97 94
0.387110 -0.234494 -0.055336 3 63 60
0.385039 -0.235789 -0.044981 0 93 90
0.382975 -0.234463 -0.034626 14 79 77
0.382502 -0.234807 -0.025894 0 98 94
0.387254 -0.225743 -0.062950 0 86 82
0.386900 -0.225497 -0.054164 15 75 72
0.384559 -0.223543 -0.045563 15 77 75
0.382073 -0.226018 -0.035462 12 80 76
0.386212 -0.214362 -0.053384 6 62 58
0.384282 -0.215504 -0.045374 4 66 61
0.382622 -0.215106 -0.035148 0 93 89
0.381554 -0.215433 -0.026034 0 98 93
0.385480 -0.205782 -0.054443 8 50 48
0.385250 -0.206312 -0.044115 9 70 68
0.383922 -0.204694 -0.034579 5 78 76
0.381877 -0.205326 -0.026098 0 94 90
0.382198 -0.197010 -0.025246 0 86 82
0.382160 -0.194430 -0.016125 4 76 74
0.382516 -0.143062 -0.025375 12 57 56
0.384239 -0.135544 -0.034536 24 70 70
0.382903 -0.136381 -0.024904 20 67 66
0.382430 -0.126784 -0.047001 34 77 60
0.381341 -0.114231 0.014855 14 64 62
0.383464 -0.104332 0.006797 6 59 57
0.380577 -0.107708 0.023869 6 60 57
0.380911 -0.094193 -0.024660 8 61 57
0.382215 -0.095572 -0.003742 76 126 124
0.384401 -0.094410 0.005796 55 90 87
0.382392 -0.093017 0.014668 55 92 89
0.380856 -0.096760 0.024380 14 67 64
0.380641 -0.083220 -0.023966 8 62 59
0.381773 -0.086993 0.023938 44 96 91
0.381133 -0.073308 -0.027534 9 60 56
0.381375 -0.056573 -0.023868 17 65 62
0.383044 -0.025823 -0.013206 43 92 88
0.393796 -0.662546 -0.076708 22 67 56
0.391465 -0.653813 -0.074576 52 79 57
0.391311 -0.652481 -0.067585 19 96 89
0.392726 -0.647600 -0.073076 14 76 72
0.395818 -0.641378 -0.063894 2 88 81
0.398938 -0.634297 -0.094837 0 80 71
0.395773 -0.633477 -0.082673 6 70 63
0.393795 -0.635972 -0.072601 11 89 82
0.394194 -0.634308 -0.064899 1 88 80
0.398931 -0.622853 -0.106551 0 81 74
0.397357 -0.625313 -0.095334 0 80 72
0.395803 -0.625389 -0.084496 0 82 75
0.394129 -0.625545 -0.075013 0 84 77
0.392698 -0.626547 -0.066376 0 88 79
0.395721 -0.613104 -0.092520 0 80 72
0.394995 -0.617226 -0.086353 0 81 72
0.393544 -0.615647 -0.076013 0 83 74
0.394806 -0.604822 -0.095584 0 80 73
0.393193 -0.605042 -0.084141 0 82 73
0.391250 -0.606834 -0.074989 8 67 62
0.394184 -0.597585 -0.096107 0 74 67
0.392775 -0.587252 -0.087278 1 78 72
0.391056 -0.586870 -0.074679 0 80 72
0.397756 -0.541692 -0.084418 18 64 57
0.397672 -0.532772 -0.084245 8 62 56
0.396830 -0.534040 -0.077576 12 67 61
0.399439 -0.516822 -0.083242 8 62 58
0.397109 -0.517121 -0.072327 13 84 78
0.395426 -0.517768 -0.063349 6 88 82
0.394880 -0.491595 -0.083890 18 106 100
0.395256 -0.482718 -0.093811 7 93 86
0.393661 -0.484657 -0.085695 10 116 108
0.395669 -0.473503 -0.103977 9 96 87
0.395670 -0.476625 -0.095074 3 78 69
0.395515 -0.464995 -0.105916 13 102 90
0.394898 -0.455175 -0.104993 7 106 94
0.398895 -0.457666 -0.092893 20 74 68
0.395876 -0.454616 -0.088599 21 76 72
0.397163 -0.444807 -0.140290 4 94 86
0.396226 -0.443631 -0.136332 10 93 88
0.394233 -0.444742 -0.104035 2 109 100
0.394273 -0.432970 -0.145798 3 88 82
0.395733 -0.437754 -0.133842 2 70 64
0.396422 -0.435371 -0.127160 7 48 46
0.395779 -0.433626 -0.103498 6 99 93
0.393452 -0.425319 -0.146589 2 87 82
0.395475 -0.425050 -0.103527 8 100 93
0.398297 -0.423210 -0.086102 12 73 69
0.392825 -0.414627 -0.142020 1 82 78
0.394898 -0.417007 -0.103066 6 84 78
0.395470 -0.413371 -0.097813 5 73 68
0.398721 -0.416359 -0.085033 12 86 81
0.396240 -0.413429 -0.075692 4 91 85
0.394758 -0.404076 -0.143975 0 74 68
0.395044 -0.400886 -0.138612 0 74 68
0.395655 -0.407217 -0.101955 2 34 32
0.393916 -0.405384 -0.095846 7 69 64
0.395888 -0.404987 -0.074621 7 86 80
0.395508 -0.404361 -0.067052 2 92 84
0.395461 -0.399121 -0.140987 0 66 60
0.394799 -0.395547 -0.135618 0 66 60
0.391790 -0.395999 -0.093038 21 70 59
0.391826 -0.394295 -0.087287 19 74 67
0.395058 -0.397381 -0.074722 14 75 71
0.393382 -0.395525 -0.064682 2 90 83
0.393306 -0.393574 -0.056602 2 94 86
0.395102 -0.385270 -0.125057 3 66 61
0.391779 -0.386251 -0.091480 40 46 29
0.390399 -0.387264 -0.087094 36 68 53
0.391820 -0.385393 -0.056044 2 86 79
0.395068 -0.365911 -0.123594 8 40 35
0.393672 -0.362985 -0.115118 11 50 45
0.394589 -0.356696 -0.113650 10 45 42
0.394188 -0.355502 -0.104808 7 54 49
0.392930 -0.353049 -0.095851 7 61 56
0.393039 -0.347977 -0.094455 16 64 60
0.391519 -0.347300 -0.085787 10 68 64
0.390721 -0.345459 -0.077590 12 75 70
0.392711 -0.324411 -0.086928 8 34 34
0.395684 -0.326447 -0.062714 6 40 40
0.394878 -0.322795 -0.053490 8 56 53
0.393414 -0.325185 -0.044063 0 70 65
0.397138 -0.302872 -0.053332 10 76 74
0.395388 -0.303262 -0.044081 6 86 84
0.394026 -0.303458 -0.036958 13 88 88
0.398920 -0.292339 -0.074865 5 84 82
0.397089 -0.294116 -0.065186 5 91 89
0.394859 -0.294350 -0.055303 12 96 94
0.392644 -0.295317 -0.045237 4 96 95
0.395978 -0.285274 -0.075213 2 92 90
0.393831 -0.285709 -0.066205 0 92 90
0.391721 -0.285977 -0.056262 0 92 91
0.390553 -0.288821 -0.048340 0 92 92
0.396413 -0.273802 -0.092824 0 90 89
0.394509 -0.275218 -0.082927 4 85 84
0.393964 -0.277193 -0.075354 5 82 82
0.391483 -0.276662 -0.066258 0 89 88
0.402066 -0.535406 -0.103290 10 52 46
0.400792 -0.536155 -0.096269 13 60 54
0.404690 -0.525547 -0.116510 10 52 50
0.404181 -0.514323 -0.106356 10 61 58
0.404418 -0.502859 -0.094615 7 72 66
0.402944 -0.504834 -0.084334 10 62 58
0.406820 -0.493810 -0.112907 4 57 52
0.405918 -0.496593 -0.105664 6 68 60
0.404259 -0.494298 -0.095443 5 80 74
0.403565 -0.495151 -0.085571 4 79 72
0.403481 -0.497478 -0.076623 19 60 58
0.405645 -0.484376 -0.104604 5 73 67
0.403887 -0.484517 -0.095127 3 90 82
0.403413 -0.485511 -0.086472 1 92 82
0.406422 -0.476670 -0.112996 7 53 50
0.405821 -0.474803 -0.103533 7 72 66
0.403924 -0.474857 -0.096479 2 89 82
0.405912 -0.461632 -0.111836 4 49 44
0.403832 -0.465787 -0.104539 12 59 55
0.403484 -0.464333 -0.095873 4 91 82
0.403621 -0.455685 -0.104223 14 65 61
0.403556 -0.453935 -0.093158 8 92 86
0.403330 -0.445413 -0.103875 14 64 58
0.403435 -0.446300 -0.086464 3 92 84
0.403442 -0.434600 -0.104811 13 48 45
0.402917 -0.436129 -0.096580 20 91 85
0.401672 -0.424725 -0.095212 24 60 57
0.400856 -0.423929 -0.084872 10 90 84
0.401596 -0.415021 -0.100251 18 24 20
0.402007 -0.417068 -0.098285 26 36 34
0.404731 -0.403727 -0.143694 6 71 64
0.407001 -0.404500 -0.138153 8 30 28
0.406035 -0.397586 -0.140963 0 20 18
0.404206 -0.395970 -0.135966 10 60 54
0.407121 -0.366198 -0.143618 2 32 28
0.402094 -0.322928 -0.083135 15 40 36
0.406553 -0.315698 -0.093104 14 43 39
0.405868 -0.303658 -0.084168 6 61 60
0.404212 -0.302948 -0.077039 0 57 56
0.403582 -0.294703 -0.086705 4 74 73
0.401914 -0.297323 -0.077009 2 62 64
0.403629 -0.284202 -0.104393 7 75 73
0.401856 -0.284839 -0.093555 18 77 76
0.401068 -0.286716 -0.086470 16 77 76
0.412867 -0.403513 -0.145793 6 32 29
0.415427 -0.396495 -0.144618 20 47 46
0.417386 -0.382551 -0.145474 22 55 52
0.416033 -0.374931 -0.152853 4 36 31
0.414517 -0.374758 -0.144628 4 38 32
0.411974 -0.367792 -0.142304 5 39 34
0.423023 -0.404111 -0.164573 26 53 50
0.425533 -0.393462 -0.166128 8 36 34
0.421996 -0.394451 -0.157206 28 57 55
0.424085 -0.383132 -0.162960 24 56 51
0.422764 -0.385261 -0.156956 27 58 54
0.566839 -0.422296 -0.122152 19 18 12
0.578726 -0.433381 -0.151574 21 18 14
0.576697 -0.432930 -0.148059 16 14 10
0.577757 -0.425599 -0.146177 17 17 13
0.578847 -0.426347 -0.137343 17 18 14
0.574346 -0.424612 -0.127404 19 17 14
0.589564 -0.443505 -0.122851 13 16 14
0.588931 -0.443540 -0.104401 12 16 18
0.584923 -0.435628 -0.151124 45 37 26
0.586762 -0.435229 -0.145375 54 38 23
0.587716 -0.435688 -0.136682 39 34 27
0.587481 -0.433137 -0.124756 18 19 17
0.582371 -0.425161 -0.151972 22 20 16
0.583295 -0.427055 -0.144525 22 19 12
0.583301 -0.427614 -0.136291 16 14 12
0.586703 -0.428755 -0.125361 17 19 17
0.586049 -0.427166 -0.116141 9 11 12
0.598106 -0.455408 -0.107292 26 26 24
0.592550 -0.442235 -0.124369 50 53 52
0.595000 -0.445345 -0.114652 43 47 46
0.595290 -0.443816 -0.105186 35 41 40
0.598729 -0.443426 -0.084571 13 15 12
0.592207 -0.435050 -0.144205 67 43 25
0.594626 -0.438004 -0.125909 40 44 40
0.592684 -0.435604 -0.114087 69 74 70
0.594367 -0.435972 -0.105332 45 49 49
0.598054 -0.434763 -0.096297 154 156 154
0.594504 -0.429054 -0.143720 43 34 32
0.593338 -0.428643 -0.113883 24 27 26
0.596218 -0.428374 -0.105648 34 38 36
0.601950 -0.455180 -0.106577 30 30 29
0.605610 -0.453789 -0.094796 19 21 22
0.606187 -0.454413 -0.087564 21 24 23
0.606456 -0.453796 -0.076930 22 24 22
0.601834 -0.446523 -0.104903 34 40 41
0.602281 -0.445135 -0.093955 44 46 46
0.603310 -0.445465 -0.084795 28 29 29
0.603199 -0.443624 -0.077339 53 54 52
0.603333 -0.434758 -0.106245 16 18 20
0.603527 -0.432670 -0.094202 78 79 80
0.604814 -0.434774 -0.084670 100 102 102
0.607696 -0.436604 -0.077353 118 120 118
0.602883 -0.427806 -0.122626 26 28 28
0.604740 -0.427547 -0.114111 22 24 26
0.609568 -0.426829 -0.073901 14 20 15
0.609753 -0.424831 -0.068556 18 22 19
0.604922 -0.385692 -0.104927 12 16 16
0.617783 -0.547041 -0.063506 56 62 60
0.618764 -0.543459 -0.057215 94 99 96
0.617069 -0.534772 -0.063673 48 54 51
0.617829 -0.534455 -0.056132 89 94 90
0.616760 -0.515785 -0.063777 38 45 40
0.617548 -0.503899 -0.064906 42 50 44
0.617748 -0.494413 -0.065039 46 54 50
0.616335 -0.483668 -0.063060 46 54 49
0.617960 -0.484096 -0.056392 102 108 104
0.617065 -0.474491 -0.064814 47 55 50
0.617308 -0.464971 -0.065264 48 56 50
0.613339 -0.453252 -0.073086 44 52 48
0.615306 -0.454322 -0.063979 46 54 50
0.617406 -0.453499 -0.056040 96 100 96
0.612453 -0.443484 -0.072673 111 117 115
0.612999 -0.444081 -0.064885 96 102 99
0.614938 -0.443999 -0.055641 112 116 114
0.611424 -0.432685 -0.083029 10 16 12
0.611691 -0.435177 -0.073833 64 68 65
0.614118 -0.434415 -0.064936 62 67 64
0.616049 -0.434846 -0.054973 70 74 72
0.618519 -0.434822 -0.046572 26 28 27
0.612727 -0.426656 -0.073325 16 20 17
0.615058 -0.425158 -0.065970 28 33 30
0.618383 -0.427087 -0.054229 86 92 88
0.615145 -0.411585 -0.104560 16 22 22
0.616427 -0.414835 -0.074198 31 37 32
0.616848 -0.415341 -0.065709 42 49 44
0.615515 -0.408095 -0.107849 26 32 32
0.617353 -0.404242 -0.074511 40 46 41
0.617700 -0.405218 -0.065404 43 50 45
0.617428 -0.393667 -0.073763 43 51 46
0.617586 -0.394850 -0.064379 44 51 47
0.618605 -0.392775 -0.056752 104 112 108
0.617955 -0.386438 -0.072667 41 52 47
0.617516 -0.385009 -0.064303 42 51 46
0.618525 -0.384852 -0.057628 102 108 104
0.617501 -0.375076 -0.064399 42 52 47
0.618262 -0.374846 -0.057138 90 98 94
0.616824 -0.364377 -0.062934 44 54 48
0.618527 -0.365005 -0.057149 93 100 96
0.617022 -0.354966 -0.063007 43 53 48
0.618443 -0.354815 -0.058444 89 98 92
0.617432 -0.345172 -0.064005 42 52 47
0.618744 -0.345874 -0.057960 100 108 103
0.617256 -0.336323 -0.063236 42 52 46
0.617980 -0.333713 -0.058335 77 84 79
0.616737 -0.325240 -0.063178 44 52 47
0.618027 -0.325536 -0.057154 90 96 92
0.616739 -0.314813 -0.062708 44 50 47
0.617888 -0.315374 -0.057327 93 100 96
0.616549 -0.305057 -0.062327 48 54 50
0.616537 -0.304360 -0.057589 69 74 72
0.616545 -0.295677 -0.064054 46 51 48
0.625746 -0.552996 -0.056322 148 150 146
0.624747 -0.544634 -0.055324 144 146 144
0.624029 -0.534961 -0.054085 140 144 141
0.623661 -0.525248 -0.054050 138 142 140
0.624084 -0.515088 -0.054780 146 149 146
0.624286 -0.504551 -0.054010 138 140 138
0.623984 -0.494607 -0.054223 120 122 120
0.623509 -0.484306 -0.053773 148 151 149
0.624056 -0.475041 -0.054767 150 151 150
0.623732 -0.465021 -0.054561 150 151 151
0.622822 -0.455484 -0.053412 150 151 150
0.623070 -0.445576 -0.106016 50 56 55
0.624454 -0.444156 -0.098399 52 60 58
0.624245 -0.445368 -0.044574 116 120 119
0.622366 -0.431607 -0.055063 83 86 84
0.623631 -0.424651 -0.054424 143 148 146
0.624167 -0.414864 -0.054793 146 150 148
0.623659 -0.404790 -0.054736 146 150 149
0.622974 -0.395269 -0.053999 144 150 148
0.622988 -0.385262 -0.054485 143 149 148
0.623001 -0.375249 -0.053425 142 147 146
0.623097 -0.364187 -0.054938 140 146 144
0.622841 -0.354647 -0.054813 140 145 143
0.622914 -0.344882 -0.054970 138 144 142
0.622923 -0.335389 -0.055150 137 142 140
0.623413 -0.325340 -0.054291 136 142 140
0.623298 -0.314938 -0.055002 134 140 138
0.623308 -0.305799 -0.056999 138 142 142
0.637820 -0.441050 -0.036051 156 157 157
0.636222 -0.436952 -0.037067 206 208 209
0.645996 -0.442753 -0.035391 196 196 198
0.645281 -0.436746 -0.036307 212 212 214
0.655248 -0.443510 -0.034752 184 185 186
0.654944 -0.437167 -0.036507 212 212 212
0.665079 -0.444157 -0.035348 180 182 182
0.662442 -0.437609 -0.036007 214 214 215
0.671848 -0.446074 -0.035874 186 186 187
0.235743 -0.240640 0.089931 40 255 80
0.235743 -0.240640 0.089931 40 255 80
0.235743 -0.240640 0.089931 40 255 80
0.235743 -0.240640 0.089931 40 255 80
0.235743 -0.240640 0.089931 40 255 80
0.235743 -0.240640 0.089931 40 255 80
0.235743 -0.240640 0.089931 40 255 80
0.235743 -0.240640 0.089931 40 255 80
0.235743 -0.240640 0.089931 40 255 80
0.235743 -0.240640 0.089931 40 255 80
0.235743 -0.240640 0.089931 40 255 80
0.235743 -0.240640 0.089931 40 255 80
0.235743 -0.240640 0.089931 40 255 80
0.235743 -0.240640 0.089931 40 255 80
0.235743 -0.240640 0.089931 40 255 80
0.235743 -0.240640 0.089931 40 255 80
0.235743 -0.240640 0.089931 40 255 80
0.235743 -0.240640 0.089931 40 255 80
0.235743 -0.240640 0.089931 40 255 80
0.235743 -0.240640 0.089931 40 255 80
0.235743 -0.240640 0.089931 40 255 80
0.235743 -0.240640 0.089931 40 255 80
0.235743 -0.240640 0.089931 40 255 80
0.235743 -0.240640 0.089931 40 255 80
0.235743 -0.240640 0.089931 40 255 80
0.235743 -0.240640 0.089931 40 255 80
0.235743 -0.240640 0.089931 40 255 80
0.235743 -0.240640 0.089931 40 255 80
0.235743 -0.240640 0.089931 40 255 80
0.235743 -0.240640 0.089931 40 255 80
0.235743 -0.240640 0.089931 40 255 80
0.235743 -0.240640 0.089931 40 255 80
0.235743 -0.240640 0.089931 40 255 80
0.235743 -0.240640 0.089931 40 255 80
0.235743 -0.240640 0.089931 40 255 80
0.235743 -0.240640 0.089931 40 255 80
0.235743 -0.240640 0.089931 40 255 80
0.235743 -0.240640 0.089931 40 255 80
0.235743 -0.240640 0.089931 40 255 80
0.235743 -0.240640 0.089931 40 255 80
0.235743 -0.240640 0.089931 40 255 80
0.235743 -0.240640 0.089931 40 255 80
0.235743 -0.240640 0.089931 40 255 80
0.235743 -0.240640 0.089931 40 255 80
0.235743 -0.240640 0.089931 40 255 80
0.235743 -0.240640 0.089931 40 255 80
0.235743 -0.240640 0.089931 40 255 80
0.235743 -0.240640 0.089931 40 255 80
0.237786 -0.240640 0.089792 40 255 80
0.237768 -0.240373 0.089792 40 255 80
0.237716 -0.240111 0.089792 40 255 80
0.237630 -0.239858 0.089792 40 255 80
0.237512 -0.239619 0.089792 40 255 80
0.237364 -0.239396 0.089792 40 255 80
0.237188 -0.239196 0.089792 40 255 80
0.236987 -0.239019 0.089792 40 255 80
0.236765 -0.238871 0.089792 40 255 80
0.236525 -0.238753 0.089792 40 255 80
0.236272 -0.238667 0.089792 40 255 80
0.236010 -0.238615 0.089792 40 255 80
0.235743 -0.238597 0.089792 40 255 80
0.235477 -0.238615 0.089792 40 255 80
0.235215 -0.238667 0.089792 40 255 80
0.234962 -0.238753 0.089792 40 255 80
0.234722 -0.238871 0.089792 40 255 80
0.234500 -0.239019 0.089792 40 255 80
0.234299 -0.239196 0.089792 40 255 80
0.234123 -0.239396 0.089792 40 255 80
0.233975 -0.239619 0.089792 40 255 80
0.233856 -0.239858 0.089792 40 255 80
0.233770 -0.240111 0.089792 40 255 80
0.233718 -0.240373 0.089792 40 255 80
0.233701 -0.240640 0.089792 40 255 80
0.233718 -0.240906 0.089792 40 255 80
0.233770 -0.241168 0.089792 40 255 80
0.233856 -0.241421 0.089792 40 255 80
0.233975 -0.241661 0.089792 40 255 80
0.234123 -0.241883 0.089792 40 255 80
0.234299 -0.242084 0.089792 40 255 80
0.234500 -0.242260 0.089792 40 255 80
0.234722 -0.242409 0.089792 40 255 80
0.234962 -0.242527 0.089792 40 255 80
0.235215 -0.242613 0.089792 40 255 80
0.235477 -0.242665 0.089792 40 255 80
0.235743 -0.242682 0.089792 40 255 80
0.236010 -0.242665 0.089792 40 255 80
0.236272 -0.242613 0.089792 40 255 80
0.236525 -0.242527 0.089792 40 255 80
0.236765 -0.242409 0.089792 40 255 80
0.236987 -0.242260 0.089792 40 255 80
0.237188 -0.242084 0.089792 40 255 80
0.237364 -0.241883 0.089792 40 255 80
0.237512 -0.241661 0.089792 40 255 80
0.237630 -0.241421 0.089792 40 255 80
0.237716 -0.241168 0.089792 40 255 80
0.237768 -0.240906 0.089792 40 255 80
0.239790 -0.240640 0.089375 40 255 80
0.239756 -0.240112 0.089375 40 255 80
0.239652 -0.239592 0.089375 40 255 80
0.239482 -0.239091 0.089375 40 255 80
0.239248 -0.238616 0.089375 40 255 80
0.238954 -0.238176 0.089375 40 255 80
0.238605 -0.237778 0.089375 40 255 80
0.238207 -0.237429 0.089375 40 255 80
0.237767 -0.237135 0.089375 40 255 80
0.237292 -0.236901 0.089375 40 255 80
0.236791 -0.236731 0.089375 40 255 80
0.236272 -0.236627 0.089375 40 255 80
0.235743 -0.236593 0.089375 40 255 80
0.235215 -0.236627 0.089375 40 255 80
0.234696 -0.236731 0.089375 40 255 80
0.234195 -0.236901 0.089375 40 255 80
0.233720 -0.237135 0.089375 40 255 80
0.233280 -0.237429 0.089375 40 255 80
0.232882 -0.237778 0.089375 40 255 80
0.232533 -0.238176 0.089375 40 255 80
0.232239 -0.238616 0.089375 40 255 80
0.232005 -0.239091 0.089375 40 255 80
0.231834 -0.239592 0.089375 40 255 80
0.231731 -0.240112 0.089375 40 255 80
0.231696 -0.240640 0.089375 40 255 80
0.231731 -0.241168 0.089375 40 255 80
0.231834 -0.241687 0.089375 40 255 80
0.232005 -0.242188 0.089375 40 255 80
0.232239 -0.242663 0.089375 40 255 80
0.232533 -0.243103 0.089375 40 255 80
0.232882 -0.243501 0.089375 40 255 80
0.233280 -0.243850 0.089375 40 255 80
0.233720 -0.244145 0.089375 40 255 80
0.234195 -0.244379 0.089375 40 255 80
0.234696 -0.244549 0.089375 40 255 80
0.235215 -0.244652 0.089375 40 255 80
0.235743 -0.244687 0.089375 40 255 80
0.236272 -0.244652 0.089375 40 255 80
0.236791 -0.244549 0.089375 40 255 80
0.237292 -0.244379 0.089375 40 255 80
0.237767 -0.244145 0.089375 40 255 80
0.238207 -0.243850 0.089375 40 255 80
0.238605 -0.243501 0.089375 40 255 80
0.238954 -0.243103 0.089375 40 255 80
0.239248 -0.242663 0.089375 40 255 80
0.239482 -0.242188 0.089375 40 255 80
0.239652 -0.241687 0.089375 40 255 80
0.239756 -0.241168 0.089375 40 255 80
0.241719 -0.240640 0.088689 40 255 80
0.241668 -0.239860 0.088689 40 255 80
0.241516 -0.239093 0.088689 40 255 80
0.241265 -0.238353 0.088689 40 255 80
0.240919 -0.237652 0.088689 40 255 80
0.240484 -0.237002 0.088689 40 255 80
0.239969 -0.236414 0.088689 40 255 80
0.239381 -0.235899 0.088689 40 255 80
0.238731 -0.235464 0.088689 40 255 80
0.238030 -0.235119 0.088689 40 255 80
0.237290 -0.234867 0.088689 40 255 80
0.236523 -0.234715 0.088689 40 255 80
0.235743 -0.234664 0.088689 40 255 80
0.234963 -0.234715 0.088689 40 255 80
0.234197 -0.234867 0.088689 40 255 80
0.233456 -0.235119 0.088689 40 255 80
0.232755 -0.235464 0.088689 40 255 80
0.232105 -0.235899 0.088689 40 255 80
0.231518 -0.236414 0.088689 40 255 80
0.231002 -0.237002 0.088689 40 255 80
0.230568 -0.237652 0.088689 40 255 80
0.230222 -0.238353 0.088689 40 255 80
0.229971 -0.239093 0.088689 40 255 80
0.229819 -0.239860 0.088689 40 255 80
0.229767 -0.240640 0.088689 40 255 80
0.229819 -0.241420 0.088689 40 255 80
0.229971 -0.242186 0.088689 40 255 80
0.230222 -0.242927 0.088689 40 255 80
0.230568 -0.243628 0.088689 40 255 80
0.231002 -0.244278 0.088689 40 255 80
0.231518 -0.244865 0.088689 40 255 80
0.232105 -0.245381 0.088689 40 255 80
0.232755 -0.245815 0.088689 40 255 80
0.233456 -0.246161 0.088689 40 255 80
0.234197 -0.246412 0.088689 40 255 80
0.234963 -0.246565 0.088689 40 255 80
0.235743 -0.246616 0.088689 40 255 80
0.236523 -0.246565 0.088689 40 255 80
0.237290 -0.246412 0.088689 40 255 80
0.238030 -0.246161 0.088689 40 255 80
0.238731 -0.245815 0.088689 40 255 80
0.239381 -0.245381 0.088689 40 255 80
0.239969 -0.244865 0.088689 40 255 80
0.240484 -0.244278 0.088689 40 255 80
0.240919 -0.243628 0.088689 40 255 80
0.241265 -0.242927 0.088689 40 255 80
0.241516 -0.242186 0.088689 40 255 80
0.241668 -0.241420 0.088689 40 255 80
0.243537 -0.240640 0.087748 40 255 80
0.243470 -0.239622 0.087748 40 255 80
0.243272 -0.238623 0.087748 40 255 80
0.242944 -0.237657 0.087748 40 255 80
0.242493 -0.236743 0.087748 40 255 80
0.241927 -0.235895 0.087748 40 255 80
0.241254 -0.235129 0.087748 40 255 80
0.240488 -0.234457 0.087748 40 255 80
0.239640 -0.233890 0.087748 40 255 80
0.238726 -0.233439 0.087748 40 255 80
0.237761 -0.233112 0.087748 40 255 80
0.236761 -0.232913 0.087748 40 255 80
0.235743 -0.232846 0.087748 40 255 80
0.234726 -0.232913 0.087748 40 255 80
0.233726 -0.233112 0.087748 40 255 80
0.232761 -0.233439 0.087748 40 255 80
0.231847 -0.233890 0.087748 40 255 80
0.230999 -0.234457 0.087748 40 255 80
0.230232 -0.235129 0.087748 40 255 80
0.229560 -0.235895 0.087748 40 255 80
0.228994 -0.236743 0.087748 40 255 80
0.228543 -0.237657 0.087748 40 255 80
0.228215 -0.238623 0.087748 40 255 80
0.228016 -0.239622 0.087748 40 255 80
0.227950 -0.240640 0.087748 40 255 80
0.228016 -0.241657 0.087748 40 255 80
0.228215 -0.242657 0.087748 40 255 80
0.228543 -0.243622 0.087748 40 255 80
0.228994 -0.244537 0.087748 40 255 80
0.229560 -0.245384 0.087748 40 255 80
0.230232 -0.246151 0.087748 40 255 80
0.230999 -0.246823 0.087748 40 255 80
0.231847 -0.247389 0.087748 40 255 80
0.232761 -0.247840 0.087748 40 255 80
0.233726 -0.248168 0.087748 40 255 80
0.234726 -0.248367 0.087748 40 255 80
0.235743 -0.248434 0.087748 40 255 80
0.236761 -0.248367 0.087748 40 255 80
0.237761 -0.248168 0.087748 40 255 80
0.238726 -0.247840 0.087748 40 255 80
0.239640 -0.247389 0.087748 40 255 80
0.240488 -0.246823 0.087748 40 255 80
0.241254 -0.246151 0.087748 40 255 80
0.241927 -0.245384 0.087748 40 255 80
0.242493 -0.244537 0.087748 40 255 80
0.242944 -0.243622 0.087748 40 255 80
0.243272 -0.242657 0.087748 40 255 80
0.243470 -0.241657 0.087748 40 255 80
0.245210 -0.240640 0.086567 40 255 80
0.245129 -0.239404 0.086567 40 255 80
0.244887 -0.238190 0.086567 40 255 80
0.244489 -0.237017 0.086567 40 255 80
0.243941 -0.235907 0.086567 40 255 80
0.243254 -0.234877 0.086567 40 255 80
0.242437 -0.233946 0.086567 40 255 80
0.241506 -0.233130 0.086567 40 255 80
0.240477 -0.232442 0.086567 40 255 80
0.239366 -0.231894 0.086567 40 255 80
0.238193 -0.231496 0.086567 40 255 80
0.236979 -0.231254 0.086567 40 255 80
0.235743 -0.231173 0.086567 40 255 80
0.234508 -0.231254 0.086567 40 255 80
0.233293 -0.231496 0.086567 40 255 80
0.232121 -0.231894 0.086567 40 255 80
0.231010 -0.232442 0.086567 40 255 80
0.229981 -0.233130 0.086567 40 255 80
0.229050 -0.233946 0.086567 40 255 80
0.228233 -0.234877 0.086567 40 255 80
0.227545 -0.235907 0.086567 40 255 80
0.226998 -0.237017 0.086567 40 255 80
0.226600 -0.238190 0.086567 40 255 80
0.226358 -0.239404 0.086567 40 255 80
0.226277 -0.240640 0.086567 40 255 80
0.226358 -0.241875 0.086567 40 255 80
0.226600 -0.243090 0.086567 40 255 80
0.226998 -0.244262 0.086567 40 255 80
0.227545 -0.245373 0.086567 40 255 80
0.228233 -0.246403 0.086567 40 255 80
0.229050 -0.247333 0.086567 40 255 80
0.229981 -0.248150 0.086567 40 255 80
0.231010 -0.248838 0.086567 40 255 80
0.232121 -0.249386 0.086567 40 255 80
0.233293 -0.249784 0.086567 40 255 80
0.234508 -0.250025 0.086567 40 255 80
0.235743 -0.250106 0.086567 40 255 80
0.236979 -0.250025 0.086567 40 255 80
0.238193 -0.249784 0.086567 40 255 80
0.239366 -0.249386 0.086567 40 255 80
0.240477 -0.248838 0.086567 40 255 80
0.241506 -0.248150 0.086567 40 255 80
0.242437 -0.247333 0.086567 40 255 80
0.243254 -0.246403 0.086567 40 255 80
0.243941 -0.245373 0.086567 40 255 80
0.244489 -0.244262 0.086567 40 255 80
0.244887 -0.243090 0.086567 40 255 80
0.245129 -0.241875 0.086567 40 255 80
0.246706 -0.240640 0.085170 40 255 80
0.246612 -0.239209 0.085170 40 255 80
0.246332 -0.237802 0.085170 40 255 80
0.245871 -0.236445 0.085170 40 255 80
0.245237 -0.235159 0.085170 40 255 80
0.244441 -0.233966 0.085170 40 255 80
0.243495 -0.232888 0.085170 40 255 80
0.242417 -0.231943 0.085170 40 255 80
0.241225 -0.231146 0.085170 40 255 80
0.239939 -0.230512 0.085170 40 255 80
0.238581 -0.230051 0.085170 40 255 80
0.237174 -0.229771 0.085170 40 255 80
0.235743 -0.229677 0.085170 40 255 80
0.234313 -0.229771 0.085170 40 255 80
0.232906 -0.230051 0.085170 40 255 80
0.231548 -0.230512 0.085170 40 255 80
0.230262 -0.231146 0.085170 40 255 80
0.229070 -0.231943 0.085170 40 255 80
0.227992 -0.232888 0.085170 40 255 80
0.227046 -0.233966 0.085170 40 255 80
0.226250 -0.235159 0.085170 40 255 80
0.225615 -0.236445 0.085170 40 255 80
0.225154 -0.237802 0.085170 40 255 80
0.224875 -0.239209 0.085170 40 255 80
0.224781 -0.240640 0.085170 40 255 80
0.224875 -0.242071 0.085170 40 255 80
0.225154 -0.243477 0.085170 40 255 80
0.225615 -0.244835 0.085170 40 255 80
0.226250 -0.246121 0.085170 40 255 80
0.227046 -0.247313 0.085170 40 255 80
0.227992 -0.248391 0.085170 40 255 80
0.229070 -0.249337 0.085170 40 255 80
0.230262 -0.250134 0.085170 40 255 80
0.231548 -0.250768 0.085170 40 255 80
0.232906 -0.251229 0.085170 40 255 80
0.234313 -0.251509 0.085170 40 255 80
0.235743 -0.251602 0.085170 40 255 80
0.237174 -0.251509 0.085170 40 255 80
0.238581 -0.251229 0.085170 40 255 80
0.239939 -0.250768 0.085170 40 255 80
0.241225 -0.250134 0.085170 40 255 80
0.242417 -0.249337 0.085170 40 255 80
0.243495 -0.248391 0.085170 40 255 80
0.244441 -0.247313 0.085170 40 255 80
0.245237 -0.246121 0.085170 40 255 80
0.245871 -0.244835 0.085170 40 255 80
0.246332 -0.243477 0.085170 40 255 80
0.246612 -0.242071 0.085170 40 255 80
0.247998 -0.240640 0.083581 40 255 80
0.247893 -0.239040 0.083581 40 255 80
0.247580 -0.237468 0.083581 40 255 80
0.247065 -0.235950 0.083581 40 255 80
0.246356 -0.234513 0.083581 40 255 80
0.245466 -0.233180 0.083581 40 255 80
0.244409 -0.231975 0.083581 40 255 80
0.243203 -0.230918 0.083581 40 255 80
0.241871 -0.230027 0.083581 40 255 80
0.240433 -0.229318 0.083581 40 255 80
0.238915 -0.228803 0.083581 40 255 80
0.237343 -0.228490 0.083581 40 255 80
0.235743 -0.228385 0.083581 40 255 80
0.234144 -0.228490 0.083581 40 255 80
0.232572 -0.228803 0.083581 40 255 80
0.231054 -0.229318 0.083581 40 255 80
0.229616 -0.230027 0.083581 40 255 80
0.228283 -0.230918 0.083581 40 255 80
0.227078 -0.231975 0.083581 40 255 80
0.226021 -0.233180 0.083581 40 255 80
0.225131 -0.234513 0.083581 40 255 80
0.224422 -0.235950 0.083581 40 255 80
0.223906 -0.237468 0.083581 40 255 80
0.223594 -0.239040 0.083581 40 255 80
0.223489 -0.240640 0.083581 40 255 80
0.223594 -0.242239 0.083581 40 255 80
0.223906 -0.243812 0.083581 40 255 80
0.224422 -0.245329 0.083581 40 255 80
0.225131 -0.246767 0.083581 40 255 80
0.226021 -0.248100 0.083581 40 255 80
0.227078 -0.249305 0.083581 40 255 80
0.228283 -0.250362 0.083581 40 255 80
0.229616 -0.251253 0.083581 40 255 80
0.231054 -0.251962 0.083581 40 255 80
0.232572 -0.252477 0.083581 40 255 80
0.234144 -0.252789 0.083581 40 255 80
0.235743 -0.252894 0.083581 40 255 80
0.237343 -0.252789 0.083581 40 255 80
0.238915 -0.252477 0.083581 40 255 80
0.240433 -0.251962 0.083581 40 255 80
0.241871 -0.251253 0.083581 40 255 80
0.243203 -0.250362 0.083581 40 255 80
0.244409 -0.249305 0.083581 40 255 80
0.245466 -0.248100 0.083581 40 255 80
0.246356 -0.246767 0.083581 40 255 80
0.247065 -0.245329 0.083581 40 255 80
0.247580 -0.243812 0.083581 40 255 80
0.247893 -0.242239 0.083581 40 255 80
0.249062 -0.240640 0.081832 40 255 80
0.248948 -0.238901 0.081832 40 255 80
0.248608 -0.237193 0.081832 40 255 80
0.248048 -0.235543 0.081832 40 255 80
0.247277 -0.233981 0.081832 40 255 80
0.246310 -0.232532 0.081832 40 255 80
0.245161 -0.231222 0.081832 40 255 80
0.243851 -0.230074 0.081832 40 255 80
0.242403 -0.229106 0.081832 40 255 80
0.240840 -0.228335 0.081832 40 255 80
0.239190 -0.227775 0.081832 40 255 80
0.237482 -0.227435 0.081832 40 255 80
0.235743 -0.227322 0.081832 40 255 80
0.234005 -0.227435 0.081832 40 255 80
0.232296 -0.227775 0.081832 40 255 80
0.230647 -0.228335 0.081832 40 255 80
0.229084 -0.229106 0.081832 40 255 80
0.227636 -0.230074 0.081832 40 255 80
0.226326 -0.231222 0.081832 40 255 80
0.225177 -0.232532 0.081832 40 255 80
0.224209 -0.233981 0.081832 40 255 80
0.223439 -0.235543 0.081832 40 255 80
0.222879 -0.237193 0.081832 40 255 80
0.222539 -0.238901 0.081832 40 255 80
0.222425 -0.240640 0.081832 40 255 80
0.222539 -0.242378 0.081832 40 255 80
0.222879 -0.244087 0.081832 40 255 80
0.223439 -0.245736 0.081832 40 255 80
0.224209 -0.247299 0.081832 40 255 80
0.225177 -0.248747 0.081832 40 255 80
0.226326 -0.250057 0.081832 40 255 80
0.227636 -0.251206 0.081832 40 255 80
0.229084 -0.252174 0.081832 40 255 80
0.230647 -0.252944 0.081832 40 255 80
0.232296 -0.253504 0.081832 40 255 80
0.234005 -0.253844 0.081832 40 255 80
0.235743 -0.253958 0.081832 40 255 80
0.237482 -0.253844 0.081832 40 255 80
0.239190 -0.253504 0.081832 40 255 80
0.240840 -0.252944 0.081832 40 255 80
0.242403 -0.252174 0.081832 40 255 80
0.243851 -0.251206 0.081832 40 255 80
0.245161 -0.250057 0.081832 40 255 80
0.246310 -0.248747 0.081832 40 255 80
0.247277 -0.247299 0.081832 40 255 80
0.248048 -0.245736 0.081832 40 255 80
0.248608 -0.244087 0.081832 40 255 80
0.248948 -0.242378 0.081832 40 255 80
0.249877 -0.240640 0.079954 40 255 80
0.249756 -0.238795 0.079954 40 255 80
0.249396 -0.236982 0.079954 40 255 80
0.248801 -0.235231 0.079954 40 255 80
0.247984 -0.233573 0.079954 40 255 80
0.246957 -0.232036 0.079954 40 255 80
0.245738 -0.230646 0.079954 40 255 80
0.244348 -0.229427 0.079954 40 255 80
0.242810 -0.228399 0.079954 40 255 80
0.241152 -0.227582 0.079954 40 255 80
0.239402 -0.226987 0.079954 40 255 80
0.237588 -0.226627 0.079954 40 255 80
0.235743 -0.226506 0.079954 40 255 80
0.233899 -0.226627 0.079954 40 255 80
0.232085 -0.226987 0.079954 40 255 80
0.230335 -0.227582 0.079954 40 255 80
0.228676 -0.228399 0.079954 40 255 80
0.227139 -0.229427 0.079954 40 255 80
0.225749 -0.230646 0.079954 40 255 80
0.224530 -0.232036 0.079954 40 255 80
0.223503 -0.233573 0.079954 40 255 80
0.222685 -0.235231 0.079954 40 255 80
0.222091 -0.236982 0.079954 40 255 80
0.221730 -0.238795 0.079954 40 255 80
0.221609 -0.240640 0.079954 40 255 80
0.221730 -0.242485 0.079954 40 255 80
0.222091 -0.244298 0.079954 40 255 80
0.222685 -0.246049 0.079954 40 255 80
0.223503 -0.247707 0.079954 40 255 80
0.224530 -0.249244 0.079954 40 255 80
0.225749 -0.250634 0.079954 40 255 80
0.227139 -0.251853 0.079954 40 255 80
0.228676 -0.252880 0.079954 40 255 80
0.230335 -0.253698 0.079954 40 255 80
0.232085 -0.254292 0.079954 40 255 80
0.233899 -0.254653 0.079954 40 255 80
0.235743 -0.254774 0.079954 40 255 80
0.237588 -0.254653 0.079954 40 255 80
0.239402 -0.254292 0.079954 40 255 80
0.241152 -0.253698 0.079954 40 255 80
0.242810 -0.252880 0.079954 40 255 80
0.244348 -0.251853 0.079954 40 255 80
0.245738 -0.250634 0.079954 40 255 80
0.246957 -0.249244 0.079954 40 255 80
0.247984 -0.247707 0.079954 40 255 80
0.248801 -0.246049 0.079954 40 255 80
0.249396 -0.244298 0.079954 40 255 80
0.249756 -0.242485 0.079954 40 255 80
0.250430 -0.240640 0.077983 40 255 80
0.250304 -0.238723 0.077983 40 255 80
0.249929 -0.236839 0.077983 40 255 80
0.249312 -0.235020 0.077983 40 255 80
0.248462 -0.233297 0.077983 40 255 80
0.247395 -0.231699 0.077983 40 255 80
0.246128 -0.230255 0.077983 40 255 80
0.244684 -0.228988 0.077983 40 255 80
0.243087 -0.227921 0.077983 40 255 80
0.241364 -0.227071 0.077983 40 255 80
0.239544 -0.226454 0.077983 40 255 80
0.237660 -0.226079 0.077983 40 255 80
0.235743 -0.225954 0.077983 40 255 80
0.233826 -0.226079 0.077983 40 255 80
0.231942 -0.226454 0.077983 40 255 80
0.230123 -0.227071 0.077983 40 255 80
0.228400 -0.227921 0.077983 40 255 80
0.226803 -0.228988 0.077983 40 255 80
0.225359 -0.230255 0.077983 40 255 80
0.224092 -0.231699 0.077983 40 255 80
0.223025 -0.233297 0.077983 40 255 80
0.222175 -0.235020 0.077983 40 255 80
0.221558 -0.236839 0.077983 40 255 80
0.221183 -0.238723 0.077983 40 255 80
0.221057 -0.240640 0.077983 40 255 80
0.221183 -0.242557 0.077983 40 255 80
0.221558 -0.244441 0.077983 40 255 80
0.222175 -0.246260 0.077983 40 255 80
0.223025 -0.247983 0.077983 40 255 80
0.224092 -0.249580 0.077983 40 255 80
0.225359 -0.251025 0.077983 40 255 80
0.226803 -0.252291 0.077983 40 255 80
0.228400 -0.253358 0.077983 40 255 80
0.230123 -0.254208 0.077983 40 255 80
0.231942 -0.254826 0.077983 40 255 80
0.233826 -0.255200 0.077983 40 255 80
0.235743 -0.255326 0.077983 40 255 80
0.237660 -0.255200 0.077983 40 255 80
0.239544 -0.254826 0.077983 40 255 80
0.241364 -0.254208 0.077983 40 255 80
0.243087 -0.253358 0.077983 40 255 80
0.244684 -0.252291 0.077983 40 255 80
0.246128 -0.251025 0.077983 40 255 80
0.247395 -0.249580 0.077983 40 255 80
0.248462 -0.247983 0.077983 40 255 80
0.249312 -0.246260 0.077983 40 255 80
0.249929 -0.244441 0.077983 40 255 80
0.250304 -0.242557 0.077983 40 255 80
0.250708 -0.240640 0.075955 40 255 80
0.250580 -0.238686 0.075955 40 255 80
0.250199 -0.236767 0.075955 40 255 80
0.249569 -0.234913 0.075955 40 255 80
0.248703 -0.233157 0.075955 40 255 80
0.247616 -0.231530 0.075955 40 255 80
0.246325 -0.230058 0.075955 40 255 80
0.244854 -0.228767 0.075955 40 255 80
0.243226 -0.227680 0.075955 40 255 80
0.241470 -0.226814 0.075955 40 255 80
0.239617 -0.226185 0.075955 40 255 80
0.237697 -0.225803 0.075955 40 255 80
0.235743 -0.225675 0.075955 40 255 80
0.233790 -0.225803 0.075955 40 255 80
0.231870 -0.226185 0.075955 40 255 80
0.230017 -0.226814 0.075955 40 255 80
0.228261 -0.227680 0.075955 40 255 80
0.226633 -0.228767 0.075955 40 255 80
0.225162 -0.230058 0.075955 40 255 80
0.223871 -0.231530 0.075955 40 255 80
0.222783 -0.233157 0.075955 40 255 80
0.221918 -0.234913 0.075955 40 255 80
0.221288 -0.236767 0.075955 40 255 80
0.220906 -0.238686 0.075955 40 255 80
0.220778 -0.240640 0.075955 40 255 80
0.220906 -0.242593 0.075955 40 255 80
0.221288 -0.244513 0.075955 40 255 80
0.221918 -0.246367 0.075955 40 255 80
0.222783 -0.248122 0.075955 40 255 80
0.223871 -0.249750 0.075955 40 255 80
0.225162 -0.251222 0.075955 40 255 80
0.226633 -0.252512 0.075955 40 255 80
0.228261 -0.253600 0.075955 40 255 80
0.230017 -0.254466 0.075955 40 255 80
0.231870 -0.255095 0.075955 40 255 80
0.233790 -0.255477 0.075955 40 255 80
0.235743 -0.255605 0.075955 40 255 80
0.237697 -0.255477 0.075955 40 255 80
0.239617 -0.255095 0.075955 40 255 80
0.241470 -0.254466 0.075955 40 255 80
0.243226 -0.253600 0.075955 40 255 80
0.244854 -0.252512 0.075955 40 255 80
0.246325 -0.251222 0.075955 40 255 80
0.247616 -0.249750 0.075955 40 255 80
0.248703 -0.248122 0.075955 40 255 80
0.249569 -0.246367 0.075955 40 255 80
0.250199 -0.244513 0.075955 40 255 80
0.250580 -0.242593 0.075955 40 255 80
0.250708 -0.240640 0.073908 40 255 80
0.250580 -0.238686 0.073908 40 255 80
0.250199 -0.236767 0.073908 40 255 80
0.249569 -0.234913 0.073908 40 255 80
0.248703 -0.233157 0.073908 40 255 80
0.247616 -0.231530 0.073908 40 255 80
0.246325 -0.230058 0.073908 40 255 80
0.244854 -0.228767 0.073908 40 255 80
0.243226 -0.227680 0.073908 40 255 80
0.241470 -0.226814 0.073908 40 255 80
0.239617 -0.226185 0.073908 40 255 80
0.237697 -0.225803 0.073908 40 255 80
0.235743 -0.225675 0.073908 40 255 80
0.233790 -0.225803 0.073908 40 255 80
0.231870 -0.226185 0.073908 40 255 80
0.230017 -0.226814 0.073908 40 255 80
0.228261 -0.227680 0.073908 40 255 80
0.226633 -0.228767 0.073908 40 255 80
0.225162 -0.230058 0.073908 40 255 80
0.223871 -0.231530 0.073908 40 255 80
0.222783 -0.233157 0.073908 40 255 80
0.221918 -0.234913 0.073908 40 255 80
0.221288 -0.236767 0.073908 40 255 80
0.220906 -0.238686 0.073908 40 255 80
0.220778 -0.240640 0.073908 40 255 80
0.220906 -0.242593 0.073908 40 255 80
0.221288 -0.244513 0.073908 40 255 80
0.221918 -0.246367 0.073908 40 255 80
0.222783 -0.248122 0.073908 40 255 80
0.223871 -0.249750 0.073908 40 255 80
0.225162 -0.251222 0.073908 40 255 80
0.226633 -0.252512 0.073908 40 255 80
0.228261 -0.253600 0.073908 40 255 80
0.230017 -0.254466 0.073908 40 255 80
0.231870 -0.255095 0.073908 40 255 80
0.233790 -0.255477 0.073908 40 255 80
0.235743 -0.255605 0.073908 40 255 80
0.237697 -0.255477 0.073908 40 255 80
0.239617 -0.255095 0.073908 40 255 80
0.241470 -0.254466 0.073908 40 255 80
0.243226 -0.253600 0.073908 40 255 80
0.244854 -0.252512 0.073908 40 255 80
0.246325 -0.251222 0.073908 40 255 80
0.247616 -0.249750 0.073908 40 255 80
0.248703 -0.248122 0.073908 40 255 80
0.249569 -0.246367 0.073908 40 255 80
0.250199 -0.244513 0.073908 40 255 80
0.250580 -0.242593 0.073908 40 255 80
0.250430 -0.240640 0.071879 40 255 80
0.250304 -0.238723 0.071879 40 255 80
0.249929 -0.236839 0.071879 40 255 80
0.249312 -0.235020 0.071879 40 255 80
0.248462 -0.233297 0.071879 40 255 80
0.247395 -0.231699 0.071879 40 255 80
0.246128 -0.230255 0.071879 40 255 80
0.244684 -0.228988 0.071879 40 255 80
0.243087 -0.227921 0.071879 40 255 80
0.241364 -0.227071 0.071879 40 255 80
0.239544 -0.226454 0.071879 40 255 80
0.237660 -0.226079 0.071879 40 255 80
0.235743 -0.225954 0.071879 40 255 80
0.233826 -0.226079 0.071879 40 255 80
0.231942 -0.226454 0.071879 40 255 80
0.230123 -0.227071 0.071879 40 255 80
0.228400 -0.227921 0.071879 40 255 80
0.226803 -0.228988 0.071879 40 255 80
0.225359 -0.230255 0.071879 40 255 80
0.224092 -0.231699 0.071879 40 255 80
0.223025 -0.233297 0.071879 40 255 80
0.222175 -0.235020 0.071879 40 255 80
0.221558 -0.236839 0.071879 40 255 80
0.221183 -0.238723 0.071879 40 255 80
0.221057 -0.240640 0.071879 40 255 80
0.221183 -0.242557 0.071879 40 255 80
0.221558 -0.244441 0.071879 40 255 80
0.222175 -0.246260 0.071879 40 255 80
0.223025 -0.247983 0.071879 40 255 80
0.224092 -0.249580 0.071879 40 255 80
0.225359 -0.251025 0.071879 40 255 80
0.226803 -0.252291 0.071879 40 255 80
0.228400 -0.253358 0.071879 40 255 80
0.230123 -0.254208 0.071879 40 255 80
0.231942 -0.254826 0.071879 40 255 80
0.233826 -0.255200 0.071879 40 255 80
0.235743 -0.255326 0.071879 40 255 80
0.237660 -0.255200 0.071879 40 255 80
0.239544 -0.254826 0.071879 40 255 80
0.241364 -0.254208 0.071879 40 255 80
0.243087 -0.253358 0.071879 40 255 80
0.244684 -0.252291 0.071879 40 255 80
0.246128 -0.251025 0.071879 40 255 80
0.247395 -0.249580 0.071879 40 255 80
0.248462 -0.247983 0.071879 40 255 80
0.249312 -0.246260 0.071879 40 255 80
0.249929 -0.244441 0.071879 40 255 80
0.250304 -0.242557 0.071879 40 255 80
0.249877 -0.240640 0.069908 40 255 80
0.249756 -0.238795 0.069908 40 255 80
0.249396 -0.236982 0.069908 40 255 80
0.248801 -0.235231 0.069908 40 255 80
0.247984 -0.233573 0.069908 40 255 80
0.246957 -0.232036 0.069908 40 255 80
0.245738 -0.230646 0.069908 40 255 80
0.244348 -0.229427 0.069908 40 255 80
0.242810 -0.228399 0.069908 40 255 80
0.241152 -0.227582 0.069908 40 255 80
0.239402 -0.226987 0.069908 40 255 80
0.237588 -0.226627 0.069908 40 255 80
0.235743 -0.226506 0.069908 40 255 80
0.233899 -0.226627 0.069908 40 255 80
0.232085 -0.226987 0.069908 40 255 80
0.230335 -0.227582 0.069908 40 255 80
0.228676 -0.228399 0.069908 40 255 80
0.227139 -0.229427 0.069908 40 255 80
0.225749 -0.230646 0.069908 40 255 80
0.224530 -0.232036 0.069908 40 255 80
0.223503 -0.233573 0.069908 40 255 80
0.222685 -0.235231 0.069908 40 255 80
0.222091 -0.236982 0.069908 40 255 80
0.221730 -0.238795 0.069908 40 255 80
0.221609 -0.240640 0.069908 40 255 80
0.221730 -0.242485 0.069908 40 255 80
0.222091 -0.244298 0.069908 40 255 80
0.222685 -0.246049 0.069908 40 255 80
0.223503 -0.247707 0.069908 40 255 80
0.224530 -0.249244 0.069908 40 255 80
0.225749 -0.250634 0.069908 40 255 80
0.227139 -0.251853 0.069908 40 255 80
0.228676 -0.252880 0.069908 40 255 80
0.230335 -0.253698 0.069908 40 255 80
0.232085 -0.254292 0.069908 40 255 80
0.233899 -0.254653 0.069908 40 255 80
0.235743 -0.254774 0.069908 40 255 80
0.237588 -0.254653 0.069908 40 255 80
0.239402 -0.254292 0.069908 40 255 80
0.241152 -0.253698 0.069908 40 255 80
0.242810 -0.252880 0.069908 40 255 80
0.244348 -0.251853 0.069908 40 255 80
0.245738 -0.250634 0.069908 40 255 80
0.246957 -0.249244 0.069908 40 255 80
0.247984 -0.247707 0.069908 40 255 80
0.248801 -0.246049 0.069908 40 255 80
0.249396 -0.244298 0.069908 40 255 80
0.249756 -0.242485 0.069908 40 255 80
0.249062 -0.240640 0.068030 40 255 80
0.248948 -0.238901 0.068030 40 255 80
0.248608 -0.237193 0.068030 40 255 80
0.248048 -0.235543 0.068030 40 255 80
0.247277 -0.233981 0.068030 40 255 80
0.246310 -0.232532 0.068030 40 255 80
0.245161 -0.231222 0.068030 40 255 80
0.243851 -0.230074 0.068030 40 255 80
0.242403 -0.229106 0.068030 40 255 80
0.240840 -0.228335 0.068030 40 255 80
0.239190 -0.227775 0.068030 40 255 80
0.237482 -0.227435 0.068030 40 255 80
0.235743 -0.227322 0.068030 40 255 80
0.234005 -0.227435 0.068030 40 255 80
0.232296 -0.227775 0.068030 40 255 80
0.230647 -0.228335 0.068030 40 255 80
0.229084 -0.229106 0.068030 40 255 80
0.227636 -0.230074 0.068030 40 255 80
0.226326 -0.231222 0.068030 40 255 80
0.225177 -0.232532 0.068030 40 255 80
0.224209 -0.233981 0.068030 40 255 80
0.223439 -0.235543 0.068030 40 255 80
0.222879 -0.237193 0.068030 40 255 80
0.222539 -0.238901 0.068030 40 255 80
0.222425 -0.240640 0.068030 40 255 80
0.222539 -0.242378 0.068030 40 255 80
0.222879 -0.244087 0.068030 40 255 80
0.223439 -0.245736 0.068030 40 255 80
0.224209 -0.247299 0.068030 40 255 80
0.225177 -0.248747 0.068030 40 255 80
0.226326 -0.250057 0.068030 40 255 80
0.227636 -0.251206 0.068030 40 255 80
0.229084 -0.252174 0.068030 40 255 80
0.230647 -0.252944 0.068030 40 255 80
0.232296 -0.253504 0.068030 40 255 80
0.234005 -0.253844 0.068030 40 255 80
0.235743 -0.253958 0.068030 40 255 80
0.237482 -0.253844 0.068030 40 255 80
0.239190 -0.253504 0.068030 40 255 80
0.240840 -0.252944 0.068030 40 255 80
0.242403 -0.252174 0.068030 40 255 80
0.243851 -0.251206 0.068030 40 255 80
0.245161 -0.250057 0.068030 40 255 80
0.246310 -0.248747 0.068030 40 255 80
0.247277 -0.247299 0.068030 40 255 80
0.248048 -0.245736 0.068030 40 255 80
0.248608 -0.244087 0.068030 40 255 80
0.248948 -0.242378 0.068030 40 255 80
0.247998 -0.240640 0.066281 40 255 80
0.247893 -0.239040 0.066281 40 255 80
0.247580 -0.237468 0.066281 40 255 80
0.247065 -0.235950 0.066281 40 255 80
0.246356 -0.234513 0.066281 40 255 80
0.245466 -0.233180 0.066281 40 255 80
0.244409 -0.231975 0.066281 40 255 80
0.243203 -0.230918 0.066281 40 255 80
0.241871 -0.230027 0.066281 40 255 80
0.240433 -0.229318 0.066281 40 255 80
0.238915 -0.228803 0.066281 40 255 80
0.237343 -0.228490 0.066281 40 255 80
0.235743 -0.228385 0.066281 40 255 80
0.234144 -0.228490 0.066281 40 255 80
0.232572 -0.228803 0.066281 40 255 80
0.231054 -0.229318 0.066281 40 255 80
0.229616 -0.230027 0.066281 40 255 80
0.228283 -0.230918 0.066281 40 255 80
0.227078 -0.231975 0.066281 40 255 80
0.226021 -0.233180 0.066281 40 255 80
0.225131 -0.234513 0.066281 40 255 80
0.224422 -0.235950 0.066281 40 255 80
0.223906 -0.237468 0.066281 40 255 80
0.223594 -0.239040 0.066281 40 255 80
0.223489 -0.240640 0.066281 40 255 80
0.223594 -0.242239 0.066281 40 255 80
0.223906 -0.243812 0.066281 40 255 80
0.224422 -0.245329 0.066281 40 255 80
0.225131 -0.246767 0.066281 40 255 80
0.226021 -0.248100 0.066281 40 255 80
0.227078 -0.249305 0.066281 40 255 80
0.228283 -0.250362 0.066281 40 255 80
0.229616 -0.251253 0.066281 40 255 80
0.231054 -0.251962 0.066281 40 255 80
0.232572 -0.252477 0.066281 40 255 80
0.234144 -0.252789 0.066281 40 255 80
0.235743 -0.252894 0.066281 40 255 80
0.237343 -0.252789 0.066281 40 255 80
0.238915 -0.252477 0.066281 40 255 80
0.240433 -0.251962 0.066281 40 255 80
0.241871 -0.251253 0.066281 40 255 80
0.243203 -0.250362 0.066281 40 255 80
0.244409 -0.249305 0.066281 40 255 80
0.245466 -0.248100 0.066281 40 255 80
0.246356 -0.246767 0.066281 40 255 80
0.247065 -0.245329 0.066281 40 255 80
0.247580 -0.243812 0.066281 40 255 80
0.247893 -0.242239 0.066281 40 255 80
0.246706 -0.240640 0.064693 40 255 80
0.246612 -0.239209 0.064693 40 255 80
0.246332 -0.237802 0.064693 40 255 80
0.245871 -0.236445 0.064693 40 255 80
0.245237 -0.235159 0.064693 40 255 80
0.244441 -0.233966 0.064693 40 255 80
0.243495 -0.232888 0.064693 40 255 80
0.242417 -0.231943 0.064693 40 255 80
0.241225 -0.231146 0.064693 40 255 80
0.239939 -0.230512 0.064693 40 255 80
0.238581 -0.230051 0.064693 40 255 80
0.237174 -0.229771 0.064693 40 255 80
0.235743 -0.229677 0.064693 40 255 80
0.234313 -0.229771 0.064693 40 255 80
0.232906 -0.230051 0.064693 40 255 80
0.231548 -0.230512 0.064693 40 255 80
0.230262 -0.231146 0.064693 40 255 80
0.229070 -0.231943 0.064693 40 255 80
0.227992 -0.232888 0.064693 40 255 80
0.227046 -0.233966 0.064693 40 255 80
0.226250 -0.235159 0.064693 40 255 80
0.225615 -0.236445 0.064693 40 255 80
0.225154 -0.237802 0.064693 40 255 80
0.224875 -0.239209 0.064693 40 255 80
0.224781 -0.240640 0.064693 40 255 80
0.224875 -0.242071 0.064693 40 255 80
0.225154 -0.243477 0.064693 40 255 80
0.225615 -0.244835 0.064693 40 255 80
0.226250 -0.246121 0.064693 40 255 80
0.227046 -0.247313 0.064693 40 255 80
0.227992 -0.248391 0.064693 40 255 80
0.229070 -0.249337 0.064693 40 255 80
0.230262 -0.250134 0.064693 40 255 80
0.231548 -0.250768 0.064693 40 255 80
0.232906 -0.251229 0.064693 40 255 80
0.234313 -0.251509 0.064693 40 255 80
0.235743 -0.251602 0.064693 40 255 80
0.237174 -0.251509 0.064693 40 255 80
0.238581 -0.251229 0.064693 40 255 80
0.239939 -0.250768 0.064693 40 255 80
0.241225 -0.250134 0.064693 40 255 80
0.242417 -0.249337 0.064693 40 255 80
0.243495 -0.248391 0.064693 40 255 80
0.244441 -0.247313 0.064693 40 255 80
0.245237 -0.246121 0.064693 40 255 80
0.245871 -0.244835 0.064693 40 255 80
0.246332 -0.243477 0.064693 40 255 80
0.246612 -0.242071 0.064693 40 255 80
0.245210 -0.240640 0.063296 40 255 80
0.245129 -0.239404 0.063296 40 255 80
0.244887 -0.238190 0.063296 40 255 80
0.244489 -0.237017 0.063296 40 255 80
0.243941 -0.235907 0.063296 40 255 80
0.243254 -0.234877 0.063296 40 255 80
0.242437 -0.233946 0.063296 40 255 80
0.241506 -0.233130 0.063296 40 255 80
0.240477 -0.232442 0.063296 40 255 80
0.239366 -0.231894 0.063296 40 255 80
0.238193 -0.231496 0.063296 40 255 80
0.236979 -0.231254 0.063296 40 255 80
0.235743 -0.231173 0.063296 40 255 80
0.234508 -0.231254 0.063296 40 255 80
0.233293 -0.231496 0.063296 40 255 80
0.232121 -0.231894 0.063296 40 255 80
0.231010 -0.232442 0.063296 40 255 80
0.229981 -0.233130 0.063296 40 255 80
0.229050 -0.233946 0.063296 40 255 80
0.228233 -0.234877 0.063296 40 255 80
0.227545 -0.235907 0.063296 40 255 80
0.226998 -0.237017 0.063296 40 255 80
0.226600 -0.238190 0.063296 40 255 80
0.226358 -0.239404 0.063296 40 255 80
0.226277 -0.240640 0.063296 40 255 80
0.226358 -0.241875 0.063296 40 255 80
0.226600 -0.243090 0.063296 40 255 80
0.226998 -0.244262 0.063296 40 255 80
0.227545 -0.245373 0.063296 40 255 80
0.228233 -0.246403 0.063296 40 255 80
0.229050 -0.247333 0.063296 40 255 80
0.229981 -0.248150 0.063296 40 255 80
0.231010 -0.248838 0.063296 40 255 80
0.232121 -0.249386 0.063296 40 255 80
0.233293 -0.249784 0.063296 40 255 80
0.234508 -0.250025 0.063296 40 255 80
0.235743 -0.250106 0.063296 40 255 80
0.236979 -0.250025 0.063296 40 255 80
0.238193 -0.249784 0.063296 40 255 80
0.239366 -0.249386 0.063296 40 255 80
0.240477 -0.248838 0.063296 40 255 80
0.241506 -0.248150 0.063296 40 255 80
0.242437 -0.247333 0.063296 40 255 80
0.243254 -0.246403 0.063296 40 255 80
0.243941 -0.245373 0.063296 40 255 80
0.244489 -0.244262 0.063296 40 255 80
0.244887 -0.243090 0.063296 40 255 80
0.245129 -0.241875 0.063296 40 255 80
0.243537 -0.240640 0.062115 40 255 80
0.243470 -0.239622 0.062115 40 255 80
0.243272 -0.238623 0.062115 40 255 80
0.242944 -0.237657 0.062115 40 255 80
0.242493 -0.236743 0.062115 40 255 80
0.241927 -0.235895 0.062115 40 255 80
0.241254 -0.235129 0.062115 40 255 80
0.240488 -0.234457 0.062115 40 255 80
0.239640 -0.233890 0.062115 40 255 80
0.238726 -0.233439 0.062115 40 255 80
0.237761 -0.233112 0.062115 40 255 80
0.236761 -0.232913 0.062115 40 255 80
0.235743 -0.232846 0.062115 40 255 80
0.234726 -0.232913 0.062115 40 255 80
0.233726 -0.233112 0.062115 40 255 80
0.232761 -0.233439 0.062115 40 255 80
0.231847 -0.233890 0.062115 40 255 80
0.230999 -0.234457 0.062115 40 255 80
0.230232 -0.235129 0.062115 40 255 80
0.229560 -0.235895 0.062115 40 255 80
0.228994 -0.236743 0.062115 40 255 80
0.228543 -0.237657 0.062115 40 255 80
0.228215 -0.238623 0.062115 40 255 80
0.228016 -0.239622 0.062115 40 255 80
0.227950 -0.240640 0.062115 40 255 80
0.228016 -0.241657 0.062115 40 255 80
0.228215 -0.242657 0.062115 40 255 80
0.228543 -0.243622 0.062115 40 255 80
0.228994 -0.244537 0.062115 40 255 80
0.229560 -0.245384 0.062115 40 255 80
0.230232 -0.246151 0.062115 40 255 80
0.230999 -0.246823 0.062115 40 255 80
0.231847 -0.247389 0.062115 40 255 80
0.232761 -0.247840 0.062115 40 255 80
0.233726 -0.248168 0.062115 40 255 80
0.234726 -0.248367 0.062115 40 255 80
0.235743 -0.248434 0.062115 40 255 80
0.236761 -0.248367 0.062115 40 255 80
0.237761 -0.248168 0.062115 40 255 80
0.238726 -0.247840 0.062115 40 255 80
0.239640 -0.247389 0.062115 40 255 80
0.240488 -0.246823 0.062115 40 255 80
0.241254 -0.246151 0.062115 40 255 80
0.241927 -0.245384 0.062115 40 255 80
0.242493 -0.244537 0.062115 40 255 80
0.242944 -0.243622 0.062115 40 255 80
0.243272 -0.242657 0.062115 40 255 80
0.243470 -0.241657 0.062115 40 255 80
0.241719 -0.240640 0.061173 40 255 80
0.241668 -0.239860 0.061173 40 255 80
0.241516 -0.239093 0.061173 40 255 80
0.241265 -0.238353 0.061173 40 255 80
0.240919 -0.237652 0.061173 40 255 80
0.240484 -0.237002 0.061173 40 255 80
0.239969 -0.236414 0.061173 40 255 80
0.239381 -0.235899 0.061173 40 255 80
0.238731 -0.235464 0.061173 40 255 80
0.238030 -0.235119 0.061173 40 255 80
0.237290 -0.234867 0.061173 40 255 80
0.236523 -0.234715 0.061173 40 255 80
0.235743 -0.234664 0.061173 40 255 80
0.234963 -0.234715 0.061173 40 255 80
0.234197 -0.234867 0.061173 40 255 80
0.233456 -0.235119 0.061173 40 255 80
0.232755 -0.235464 0.061173 40 255 80
0.232105 -0.235899 0.061173 40 255 80
0.231518 -0.236414 0.061173 40 255 80
0.231002 -0.237002 0.061173 40 255 80
0.230568 -0.237652 0.061173 40 255 80
0.230222 -0.238353 0.061173 40 255 80
0.229971 -0.239093 0.061173 40 255 80
0.229819 -0.239860 0.061173 40 255 80
0.229767 -0.240640 0.061173 40 255 80
0.229819 -0.241420 0.061173 40 255 80
0.229971 -0.242186 0.061173 40 255 80
0.230222 -0.242927 0.061173 40 255 80
0.230568 -0.243628 0.061173 40 255 80
0.231002 -0.244278 0.061173 40 255 80
0.231518 -0.244865 0.061173 40 255 80
0.232105 -0.245381 0.061173 40 255 80
0.232755 -0.245815 0.061173 40 255 80
0.233456 -0.246161 0.061173 40 255 80
0.234197 -0.246412 0.061173 40 255 80
0.234963 -0.246565 0.061173 40 255 80
0.235743 -0.246616 0.061173 40 255 80
0.236523 -0.246565 0.061173 40 255 80
0.237290 -0.246412 0.061173 40 255 80
0.238030 -0.246161 0.061173 40 255 80
0.238731 -0.245815 0.061173 40 255 80
0.239381 -0.245381 0.061173 40 255 80
0.239969 -0.244865 0.061173 40 255 80
0.240484 -0.244278 0.061173 40 255 80
0.240919 -0.243628 0.061173 40 255 80
0.241265 -0.242927 0.061173 40 255 80
0.241516 -0.242186 0.061173 40 255 80
0.241668 -0.241420 0.061173 40 255 80
0.239790 -0.240640 0.060488 40 255 80
0.239756 -0.240112 0.060488 40 255 80
0.239652 -0.239592 0.060488 40 255 80
0.239482 -0.239091 0.060488 40 255 80
0.239248 -0.238616 0.060488 40 255 80
0.238954 -0.238176 0.060488 40 255 80
0.238605 -0.237778 0.060488 40 255 80
0.238207 -0.237429 0.060488 40 255 80
0.237767 -0.237135 0.060488 40 255 80
0.237292 -0.236901 0.060488 40 255 80
0.236791 -0.236731 0.060488 40 255 80
0.236272 -0.236627 0.060488 40 255 80
0.235743 -0.236593 0.060488 40 255 80
0.235215 -0.236627 0.060488 40 255 80
0.234696 -0.236731 0.060488 40 255 80
0.234195 -0.236901 0.060488 40 255 80
0.233720 -0.237135 0.060488 40 255 80
0.233280 -0.237429 0.060488 40 255 80
0.232882 -0.237778 0.060488 40 255 80
0.232533 -0.238176 0.060488 40 255 80
0.232239 -0.238616 0.060488 40 255 80
0.232005 -0.239091 0.060488 40 255 80
0.231834 -0.239592 0.060488 40 255 80
0.231731 -0.240112 0.060488 40 255 80
0.231696 -0.240640 0.060488 40 255 80
0.231731 -0.241168 0.060488 40 255 80
0.231834 -0.241687 0.060488 40 255 80
0.232005 -0.242188 0.060488 40 255 80
0.232239 -0.242663 0.060488 40 255 80
0.232533 -0.243103 0.060488 40 255 80
0.232882 -0.243501 0.060488 40 255 80
0.233280 -0.243850 0.060488 40 255 80
0.233720 -0.244145 0.060488 40 255 80
0.234195 -0.244379 0.060488 40 255 80
0.234696 -0.244549 0.060488 40 255 80
0.235215 -0.244652 0.060488 40 255 80
0.235743 -0.244687 0.060488 40 255 80
0.236272 -0.244652 0.060488 40 255 80
0.236791 -0.244549 0.060488 40 255 80
0.237292 -0.244379 0.060488 40 255 80
0.237767 -0.244145 0.060488 40 255 80
0.238207 -0.243850 0.060488 40 255 80
0.238605 -0.243501 0.060488 40 255 80
0.238954 -0.243103 0.060488 40 255 80
0.239248 -0.242663 0.060488 40 255 80
0.239482 -0.242188 0.060488 40 255 80
0.239652 -0.241687 0.060488 40 255 80
0.239756 -0.241168 0.060488 40 255 80
0.237786 -0.240640 0.060071 40 255 80
0.237768 -0.240373 0.060071 40 255 80
0.237716 -0.240111 0.060071 40 255 80
0.237630 -0.239858 0.060071 40 255 80
0.237512 -0.239619 0.060071 40 255 80
0.237364 -0.239396 0.060071 40 255 80
0.237188 -0.239196 0.060071 40 255 80
0.236987 -0.239019 0.060071 40 255 80
0.236765 -0.238871 0.060071 40 255 80
0.236525 -0.238753 0.060071 40 255 80
0.236272 -0.238667 0.060071 40 255 80
0.236010 -0.238615 0.060071 40 255 80
0.235743 -0.238597 0.060071 40 255 80
0.235477 -0.238615 0.060071 40 255 80
0.235215 -0.238667 0.060071 40 255 80
0.234962 -0.238753 0.060071 40 255 80
0.234722 -0.238871 0.060071 40 255 80
0.234500 -0.239019 0.060071 40 255 80
0.234299 -0.239196 0.060071 40 255 80
0.234123 -0.239396 0.060071 40 255 80
0.233975 -0.239619 0.060071 40 255 80
0.233856 -0.239858 0.060071 40 255 80
0.233770 -0.240111 0.060071 40 255 80
0.233718 -0.240373 0.060071 40 255 80
0.233701 -0.240640 0.060071 40 255 80
0.233718 -0.240906 0.060071 40 255 80
0.233770 -0.241168 0.060071 40 255 80
0.233856 -0.241421 0.060071 40 255 80
0.233975 -0.241661 0.060071 40 255 80
0.234123 -0.241883 0.060071 40 255 80
0.234299 -0.242084 0.060071 40 255 80
0.234500 -0.242260 0.060071 40 255 80
0.234722 -0.242409 0.060071 40 255 80
0.234962 -0.242527 0.060071 40 255 80
0.235215 -0.242613 0.060071 40 255 80
0.235477 -0.242665 0.060071 40 255 80
0.235743 -0.242682 0.060071 40 255 80
0.236010 -0.242665 0.060071 40 255 80
0.236272 -0.242613 0.060071 40 255 80
0.236525 -0.242527 0.060071 40 255 80
0.236765 -0.242409 0.060071 40 255 80
0.236987 -0.242260 0.060071 40 255 80
0.237188 -0.242084 0.060071 40 255 80
0.237364 -0.241883 0.060071 40 255 80
0.237512 -0.241661 0.060071 40 255 80
0.237630 -0.241421 0.060071 40 255 80
0.237716 -0.241168 0.060071 40 255 80
0.237768 -0.240906 0.060071 40 255 80
0.235743 -0.240640 0.059931 40 255 80
0.235743 -0.240640 0.059931 40 255 80
0.235743 -0.240640 0.059931 40 255 80
0.235743 -0.240640 0.059931 40 255 80
0.235743 -0.240640 0.059931 40 255 80
0.235743 -0.240640 0.059931 40 255 80
0.235743 -0.240640 0.059931 40 255 80
0.235743 -0.240640 0.059931 40 255 80
0.235743 -0.240640 0.059931 40 255 80
0.235743 -0.240640 0.059931 40 255 80
0.235743 -0.240640 0.059931 40 255 80
0.235743 -0.240640 0.059931 40 255 80
0.235743 -0.240640 0.059931 40 255 80
0.235743 -0.240640 0.059931 40 255 80
0.235743 -0.240640 0.059931 40 255 80
0.235743 -0.240640 0.059931 40 255 80
0.235743 -0.240640 0.059931 40 255 80
0.235743 -0.240640 0.059931 40 255 80
0.235743 -0.240640 0.059931 40 255 80
0.235743 -0.240640 0.059931 40 255 80
0.235743 -0.240640 0.059931 40 255 80
0.235743 -0.240640 0.059931 40 255 80
0.235743 -0.240640 0.059931 40 255 80
0.235743 -0.240640 0.059931 40 255 80
0.235743 -0.240640 0.059931 40 255 80
0.235743 -0.240640 0.059931 40 255 80
0.235743 -0.240640 0.059931 40 255 80
0.235743 -0.240640 0.059931 40 255 80
0.235743 -0.240640 0.059931 40 255 80
0.235743 -0.240640 0.059931 40 255 80
0.235743 -0.240640 0.059931 40 255 80
0.235743 -0.240640 0.059931 40 255 80
0.235743 -0.240640 0.059931 40 255 80
0.235743 -0.240640 0.059931 40 255 80
0.235743 -0.240640 0.059931 40 255 80
0.235743 -0.240640 0.059931 40 255 80
0.235743 -0.240640 0.059931 40 255 80
0.235743 -0.240640 0.059931 40 255 80
0.235743 -0.240640 0.059931 40 255 80
0.235743 -0.240640 0.059931 40 255 80
0.235743 -0.240640 0.059931 40 255 80
0.235743 -0.240640 0.059931 40 255 80
0.235743 -0.240640 0.059931 40 255 80
0.235743 -0.240640 0.059931 40 255 80
0.235743 -0.240640 0.059931 40 255 80
0.235743 -0.240640 0.059931 40 255 80
0.235743 -0.240640 0.059931 40 255 80
0.235743 -0.240640 0.059931 40 255 80
