ply
format ascii 1.0
element vertex 20695
property float x
property float y
property float z
property uchar red
property uchar green
property uchar blue
end_header
-0.313762 -0.563919 -0.042788 114 114 116
-0.318905 -0.554391 -0.052547 180 174 172
-0.304968 -0.566619 -0.037947 133 136 138
-0.304676 -0.543164 -0.085126 94 99 100
-0.292388 -0.571027 -0.073443 72 73 71
-0.291058 -0.573752 -0.035174 118 122 123
-0.291494 -0.564383 -0.085959 56 59 60
-0.293297 -0.564908 -0.075831 46 48 48
-0.293782 -0.554076 -0.082879 76 80 79
-0.293539 -0.555458 -0.075540 38 42 42
-0.295106 -0.545802 -0.085222 101 106 105
-0.285464 -0.596738 -0.047341 130 136 138
-0.284034 -0.584407 -0.055342 83 88 88
-0.283455 -0.581430 -0.046673 144 150 152
-0.287269 -0.584159 -0.035065 100 100 104
-0.284808 -0.571645 -0.082999 92 91 90
-0.285047 -0.572540 -0.073416 74 74 72
-0.286271 -0.573947 -0.065746 82 83 82
-0.283786 -0.574926 -0.054123 86 88 88
-0.283654 -0.576013 -0.046207 147 151 152
-0.286314 -0.575044 -0.035363 130 130 134
-0.287304 -0.565694 -0.083020 48 50 50
-0.284231 -0.566561 -0.076637 48 50 50
-0.285729 -0.564747 -0.064426 34 38 38
-0.287716 -0.554722 -0.082042 68 71 70
-0.274766 -0.594977 -0.047212 42 45 46
-0.274384 -0.585433 -0.062727 84 84 85
-0.275349 -0.583664 -0.056431 78 81 81
-0.276974 -0.582003 -0.046557 98 104 104
-0.276216 -0.573570 -0.073188 91 90 90
-0.274717 -0.574507 -0.066719 83 82 83
-0.275250 -0.576431 -0.052739 92 94 94
-0.275458 -0.576852 -0.047021 108 112 112
-0.267763 -0.585840 -0.061160 88 89 91
-0.266183 -0.581932 -0.055006 119 120 122
-0.265262 -0.573825 -0.063471 102 103 104
-0.263917 -0.575973 -0.054318 108 108 110
-0.265537 -0.576420 -0.046630 98 100 102
-0.262960 -0.486108 -0.067072 28 32 32
-0.263874 -0.426692 -0.067320 33 37 37
-0.264374 -0.377830 -0.066345 38 43 42
-0.255337 -0.574755 -0.053677 132 134 136
-0.252338 -0.565408 -0.056166 122 126 128
-0.252379 -0.544800 -0.057337 143 147 148
-0.253340 -0.511396 -0.057017 132 136 136
-0.252378 -0.504016 -0.056616 139 143 144
-0.253629 -0.496154 -0.057222 123 127 127
-0.252777 -0.484314 -0.056037 115 118 118
-0.252676 -0.475800 -0.056203 130 134 134
-0.254498 -0.465362 -0.057860 132 136 136
-0.254064 -0.453758 -0.057099 136 138 139
-0.253951 -0.446004 -0.056652 120 124 124
-0.253649 -0.434833 -0.056966 139 142 144
-0.253142 -0.426675 -0.056098 144 148 148
-0.253462 -0.414354 -0.056444 142 145 146
-0.252702 -0.406241 -0.055686 143 144 146
-0.252810 -0.395930 -0.054989 128 130 132
-0.255457 -0.385437 -0.056913 100 103 105
-0.254132 -0.376438 -0.055888 149 152 152
-0.254570 -0.366874 -0.055714 106 106 108
-0.245174 -0.566648 -0.053129 151 155 156
-0.246376 -0.555941 -0.053575 152 157 160
-0.245916 -0.545315 -0.053636 158 162 164
-0.246153 -0.533947 -0.053970 154 159 162
-0.246311 -0.506416 -0.052769 158 162 165
-0.245483 -0.313315 -0.015067 176 176 180
-0.244542 -0.308085 -0.015262 174 174 176
-0.235541 -0.564897 -0.053459 130 136 138
-0.236605 -0.542939 -0.054774 126 132 134
-0.236379 -0.524771 -0.054796 132 138 140
-0.236652 -0.466290 -0.054689 133 137 140
-0.234445 -0.312748 -0.013821 193 194 196
-0.233909 -0.308087 -0.015308 190 190 192
-0.224845 -0.593649 -0.062866 140 137 134
-0.225923 -0.564121 -0.054194 138 145 148
-0.224580 -0.555473 -0.053988 147 152 156
-0.226148 -0.542886 -0.053620 132 138 140
-0.223590 -0.534903 -0.105567 61 62 60
-0.225685 -0.536898 -0.053860 136 142 146
-0.224680 -0.526925 -0.104821 58 59 58
-0.226179 -0.524600 -0.053752 147 152 155
-0.225194 -0.513689 -0.105120 62 63 62
-0.222258 -0.372711 -0.058386 124 124 124
-0.229591 -0.366712 -0.064400 128 129 126
-0.227390 -0.312750 -0.014140 198 199 202
-0.225516 -0.307328 -0.014243 192 192 196
-0.216900 -0.594664 -0.062699 124 118 116
-0.213250 -0.594063 -0.054750 132 130 128
-0.213638 -0.586076 -0.054486 104 104 104
-0.212145 -0.572926 -0.063939 60 62 61
-0.213816 -0.574031 -0.055192 123 128 131
-0.212064 -0.576228 -0.035525 113 117 118
-0.213683 -0.564194 -0.075051 70 73 70
-0.215000 -0.565056 -0.064490 90 94 94
-0.216241 -0.565799 -0.056004 138 145 148
-0.217636 -0.556295 -0.093431 54 56 54
-0.213802 -0.553891 -0.083325 64 66 64
-0.215460 -0.554788 -0.075364 63 66 66
-0.216718 -0.555359 -0.065027 86 92 93
-0.217288 -0.554654 -0.056011 146 154 156
-0.215325 -0.545451 -0.083812 70 72 72
-0.215838 -0.545064 -0.074879 64 68 68
-0.216909 -0.544332 -0.064728 86 92 93
-0.216798 -0.544839 -0.055544 144 152 155
-0.215682 -0.537116 -0.084143 70 74 72
-0.215968 -0.534870 -0.075363 64 68 68
-0.216772 -0.534508 -0.065318 78 84 86
-0.216652 -0.534955 -0.055909 138 146 148
-0.215744 -0.525028 -0.083542 70 72 72
-0.216117 -0.525679 -0.075424 66 70 71
-0.216309 -0.524807 -0.064399 89 94 96
-0.216477 -0.525218 -0.055755 134 142 144
-0.216403 -0.514914 -0.082854 70 72 72
-0.216524 -0.515082 -0.075006 66 70 72
-0.216466 -0.515357 -0.064820 84 89 91
-0.216885 -0.514707 -0.055705 134 142 144
-0.216480 -0.505095 -0.082993 71 72 73
-0.216664 -0.504847 -0.075434 78 82 82
-0.216549 -0.505498 -0.065169 76 80 82
-0.216507 -0.504443 -0.055494 146 155 158
-0.216382 -0.496181 -0.083994 72 73 74
-0.216395 -0.495373 -0.075335 73 76 76
-0.216291 -0.495088 -0.064089 84 89 90
-0.216508 -0.494739 -0.056111 136 143 145
-0.217211 -0.482686 -0.091268 60 62 62
-0.215749 -0.485296 -0.083967 76 78 79
-0.215946 -0.484314 -0.075963 74 78 80
-0.216179 -0.484765 -0.064664 72 80 80
-0.216900 -0.484631 -0.056183 138 146 148
-0.217916 -0.475005 -0.093214 60 62 62
-0.215011 -0.474416 -0.082255 76 79 80
-0.216481 -0.475368 -0.075824 66 70 71
-0.216666 -0.475185 -0.064654 74 80 81
-0.216606 -0.475294 -0.055229 143 152 154
-0.213780 -0.476161 -0.035417 111 116 118
-0.214779 -0.465267 -0.082885 70 72 72
-0.216032 -0.464875 -0.075064 64 68 69
-0.215868 -0.464743 -0.064422 68 75 76
-0.216191 -0.464726 -0.055103 138 148 149
-0.215302 -0.455591 -0.083406 70 73 73
-0.216178 -0.454796 -0.076196 66 70 72
-0.215592 -0.454833 -0.064857 83 90 91
-0.216443 -0.454669 -0.055669 131 140 141
-0.218315 -0.442859 -0.093588 60 62 62
-0.215031 -0.444871 -0.083113 75 76 78
-0.215275 -0.444958 -0.074935 62 66 66
-0.216137 -0.445209 -0.064733 80 87 87
-0.215395 -0.444151 -0.055561 118 126 128
-0.215551 -0.434745 -0.084364 74 76 78
-0.215277 -0.434916 -0.074858 67 71 72
-0.215689 -0.435193 -0.064957 70 76 76
-0.215976 -0.434662 -0.055838 120 128 128
-0.216470 -0.425902 -0.084125 72 74 76
-0.216184 -0.426013 -0.075294 65 70 70
-0.216716 -0.425022 -0.064496 76 82 82
-0.216208 -0.424855 -0.055817 122 130 130
-0.213327 -0.424747 -0.035257 112 116 120
-0.215213 -0.414309 -0.082424 72 74 74
-0.215540 -0.414915 -0.075703 63 67 67
-0.215856 -0.415539 -0.065695 70 76 76
-0.216430 -0.414760 -0.055645 128 134 136
-0.213092 -0.416757 -0.035492 114 118 122
-0.215073 -0.406103 -0.083392 72 74 74
-0.215361 -0.404802 -0.074856 66 70 70
-0.215586 -0.405421 -0.064453 84 88 90
-0.216473 -0.404704 -0.055913 128 134 135
-0.213993 -0.396675 -0.075011 59 62 62
-0.214918 -0.395280 -0.064238 70 75 76
-0.215378 -0.395154 -0.055964 124 130 131
-0.215155 -0.385316 -0.063157 69 75 74
-0.216249 -0.384960 -0.056624 124 130 131
-0.214484 -0.375560 -0.062634 76 82 82
-0.214217 -0.373857 -0.053993 104 106 106
-0.212550 -0.373906 -0.046143 102 105 106
-0.212962 -0.374065 -0.035739 113 117 120
-0.218249 -0.365719 -0.057705 124 126 124
-0.213110 -0.368207 -0.045400 103 105 106
-0.212856 -0.364877 -0.035874 108 112 116
-0.214194 -0.355387 -0.032939 94 97 102
-0.214221 -0.346024 -0.025382 97 100 104
-0.214032 -0.313049 -0.014649 184 184 189
-0.214910 -0.308149 -0.014438 200 200 205
-0.211678 -0.132873 0.025943 110 112 116
-0.207455 -0.595477 -0.064384 131 126 126
-0.206130 -0.595009 -0.055400 124 118 118
-0.203747 -0.593151 -0.045948 90 88 86
-0.204571 -0.584429 -0.061323 68 70 70
-0.205200 -0.581684 -0.057842 118 121 122
-0.205126 -0.584614 -0.043428 98 99 99
-0.204185 -0.571787 -0.073852 89 89 87
-0.204812 -0.573927 -0.065165 71 72 71
-0.205570 -0.576522 -0.054608 123 124 126
-0.203845 -0.575595 -0.042945 94 96 95
-0.204919 -0.567650 -0.076864 48 48 46
-0.206636 -0.365198 -0.044006 74 75 75
-0.207570 -0.362334 -0.037365 114 116 118
-0.205306 -0.355237 -0.034985 94 96 98
-0.206412 -0.344965 -0.024708 96 98 104
-0.204807 -0.312949 -0.014277 193 192 196
-0.205063 -0.307484 -0.014704 194 193 198
-0.206990 -0.282287 -0.013848 198 197 206
-0.206408 -0.276102 -0.013158 200 198 207
-0.205611 -0.142474 0.032965 106 108 112
-0.205679 -0.134434 0.026834 81 82 86
-0.204707 -0.135869 0.031432 98 100 103
-0.203397 -0.127206 0.032871 71 72 74
-0.201874 -0.115761 0.036275 124 120 122
-0.196622 -0.595328 -0.064888 121 122 123
-0.195148 -0.594998 -0.054774 127 126 126
-0.195499 -0.593567 -0.046328 104 102 100
-0.195281 -0.594686 -0.034304 121 122 123
-0.194392 -0.584609 -0.063033 92 94 94
-0.195138 -0.581825 -0.056830 126 128 128
-0.194774 -0.587098 -0.042728 106 104 104
-0.195326 -0.572754 -0.073958 94 94 92
-0.194744 -0.575250 -0.066238 105 106 104
-0.195174 -0.576987 -0.054033 128 128 128
-0.196571 -0.356354 -0.041126 55 57 56
-0.196701 -0.353581 -0.038028 60 60 60
-0.196485 -0.345976 -0.026953 89 91 94
-0.196180 -0.341896 -0.017150 98 100 106
-0.195133 -0.312327 -0.014102 192 191 196
-0.197467 -0.307905 -0.014613 202 201 206
-0.194125 -0.263768 -0.014636 188 188 190
-0.195625 -0.258847 -0.015969 218 217 220
-0.192317 -0.237253 0.035734 143 140 144
-0.196546 -0.133278 0.028587 84 87 90
-0.195772 -0.135724 0.034274 96 99 102
-0.196799 -0.126112 0.026895 67 70 71
-0.194472 -0.125000 0.034970 78 80 80
-0.192188 -0.124804 0.041533 85 86 89
-0.193988 -0.114270 0.042500 140 135 138
-0.193983 -0.105474 0.043340 161 154 160
-0.192879 -0.098654 0.043193 196 191 195
-0.186574 -0.594820 -0.054488 130 128 130
-0.184157 -0.594306 -0.049044 114 116 117
-0.186875 -0.595231 -0.035155 116 117 116
-0.184738 -0.584407 -0.063194 110 112 114
-0.185413 -0.581815 -0.057098 126 127 128
-0.184140 -0.586457 -0.043158 114 114 114
-0.184734 -0.572444 -0.074296 114 113 111
-0.184845 -0.574425 -0.067191 81 80 80
-0.184234 -0.577288 -0.054660 130 130 132
-0.186564 -0.568555 -0.075629 63 63 60
-0.186334 -0.343919 -0.023449 110 112 114
-0.183245 -0.312847 -0.014750 196 195 201
-0.183835 -0.308592 -0.014488 209 208 214
-0.185188 -0.263633 -0.015254 189 188 191
-0.183874 -0.258264 -0.015857 208 208 212
-0.183064 -0.234437 0.034293 138 137 140
-0.187450 -0.126305 0.042853 78 78 82
-0.184511 -0.114568 0.045095 163 158 162
-0.185278 -0.105077 0.044372 162 156 160
-0.184340 -0.096329 0.043969 164 158 160
-0.172154 -0.594674 -0.054251 130 128 130
-0.175502 -0.593091 -0.046494 106 106 108
-0.175286 -0.584552 -0.063849 109 110 112
-0.175277 -0.581650 -0.056549 126 128 130
-0.174284 -0.585919 -0.042788 120 120 120
-0.176882 -0.574856 -0.081646 91 84 84
-0.175686 -0.573878 -0.074961 112 108 108
-0.174269 -0.575007 -0.066850 98 97 98
-0.175494 -0.576880 -0.054316 126 126 128
-0.173962 -0.346775 -0.024912 82 82 82
-0.175515 -0.312929 -0.014333 201 200 206
-0.174708 -0.308083 -0.014808 204 204 210
-0.175137 -0.263509 -0.015418 192 192 196
-0.175786 -0.258173 -0.015906 212 211 214
-0.172698 -0.222801 0.027290 136 136 140
-0.175777 -0.227696 0.033066 120 120 122
-0.174721 -0.213114 -0.015343 192 191 196
-0.174218 -0.208384 -0.016308 212 210 216
-0.177407 -0.094247 0.045069 114 108 112
-0.164954 -0.592792 -0.045306 103 104 106
-0.164885 -0.594420 -0.035390 145 145 148
-0.165472 -0.584868 -0.064226 104 104 107
-0.166367 -0.581541 -0.058426 128 128 131
-0.165081 -0.587053 -0.042288 110 110 111
-0.164840 -0.572858 -0.074065 129 127 125
-0.164700 -0.574868 -0.066594 102 100 103
-0.164587 -0.576768 -0.054807 132 132 135
-0.164212 -0.312491 -0.014058 192 192 200
-0.165102 -0.308340 -0.014627 214 214 218
-0.164668 -0.262982 -0.014873 201 201 204
-0.164238 -0.257467 -0.015885 212 212 214
-0.164774 -0.223075 0.026759 165 164 168
-0.166187 -0.224681 0.036938 127 126 130
-0.167408 -0.213254 -0.014977 184 182 186
-0.163188 -0.216382 0.025609 134 133 136
-0.164404 -0.215362 0.034491 128 128 130
-0.162502 -0.214981 0.045552 122 120 124
-0.166648 -0.208063 -0.015389 210 208 216
-0.154807 -0.584313 -0.063796 115 115 118
-0.155123 -0.581377 -0.057619 128 129 130
-0.155984 -0.587757 -0.042944 116 116 114
-0.155249 -0.573223 -0.075225 126 122 121
-0.154861 -0.574408 -0.066203 94 92 93
-0.155093 -0.576260 -0.054553 130 130 133
-0.157094 -0.335405 -0.003644 192 193 199
-0.156055 -0.308124 -0.015107 212 212 217
-0.155232 -0.262829 -0.015865 200 198 201
-0.155168 -0.257502 -0.015762 214 214 216
-0.156355 -0.225241 0.035614 188 187 194
-0.155652 -0.215930 0.027322 140 138 142
-0.157005 -0.214655 0.033781 148 146 150
-0.156330 -0.212663 0.043092 135 134 138
-0.155661 -0.206757 -0.015485 214 212 219
-0.156720 -0.190811 -0.014575 206 204 213
-0.153548 -0.187967 -0.014911 200 196 206
-0.145488 -0.583960 -0.064092 113 112 116
-0.145984 -0.581300 -0.058823 129 128 130
-0.145850 -0.574195 -0.080414 78 76 74
-0.145009 -0.572954 -0.075542 134 132 132
-0.144773 -0.573925 -0.066226 96 94 96
-0.144420 -0.576687 -0.055360 132 132 134
-0.144765 -0.312762 -0.014395 198 198 203
-0.146598 -0.308284 -0.015002 218 218 224
-0.144480 -0.263277 -0.014929 202 201 206
-0.144720 -0.258007 -0.015895 218 217 222
-0.144898 -0.215826 0.034919 160 159 166
-0.147488 -0.214653 0.042669 188 187 194
-0.143922 -0.206026 0.045809 159 158 164
-0.146586 -0.165505 -0.016954 186 184 191
-0.143032 -0.145853 -0.014741 193 191 202
-0.134678 -0.583577 -0.062222 108 108 111
-0.135152 -0.573294 -0.074899 118 117 117
-0.134387 -0.574326 -0.065250 88 86 88
-0.134846 -0.575935 -0.055468 127 128 131
-0.134846 -0.313026 -0.014146 198 198 204
-0.134965 -0.308597 -0.014744 222 222 226
-0.135170 -0.262985 -0.014927 201 200 204
-0.136542 -0.257829 -0.016049 220 219 222
-0.139511 -0.214858 0.034127 133 132 138
-0.133929 -0.145125 -0.013620 158 156 166
-0.133402 -0.137578 -0.015170 142 140 150
-0.125387 -0.583894 -0.063175 111 111 114
-0.124801 -0.581345 -0.058404 128 129 133
-0.127048 -0.573618 -0.080601 84 84 82
-0.125315 -0.572372 -0.074380 129 128 128
-0.124547 -0.573739 -0.066337 83 83 84
-0.125136 -0.575877 -0.054468 130 132 135
-0.123462 -0.565815 -0.095519 132 134 137
-0.120737 -0.566600 -0.064591 85 86 86
-0.125183 -0.313056 -0.014581 200 201 207
-0.125194 -0.308135 -0.014846 214 214 219
-0.123817 -0.262860 -0.014545 204 204 208
-0.124912 -0.258442 -0.015697 220 220 224
-0.123462 -0.214056 -0.014959 188 188 192
-0.122827 -0.208534 -0.015681 218 219 223
-0.123205 -0.163416 -0.015213 170 168 176
-0.124974 -0.154807 -0.014716 159 158 164
-0.125549 -0.146777 -0.012797 156 155 166
-0.125362 -0.146133 -0.008862 182 180 190
-0.114303 -0.583851 -0.064180 110 112 112
-0.113078 -0.581284 -0.055853 136 140 142
-0.114883 -0.572717 -0.104856 112 114 120
-0.114957 -0.572920 -0.074518 138 138 137
-0.115874 -0.574045 -0.067712 95 96 96
-0.115271 -0.576261 -0.056045 126 127 130
-0.114723 -0.566647 -0.064806 98 99 99
-0.110944 -0.566908 -0.055109 58 59 59
-0.116139 -0.313461 -0.014635 202 202 208
-0.115220 -0.308511 -0.015255 214 214 218
-0.116366 -0.262989 -0.015195 198 198 200
-0.115785 -0.258025 -0.015783 220 220 224
-0.112931 -0.244885 -0.024957 149 152 156
-0.113550 -0.214094 -0.017227 228 228 232
-0.114907 -0.203320 -0.022725 220 220 224
-0.115667 -0.207342 -0.016098 216 217 222
-0.114882 -0.194472 -0.024364 151 154 156
-0.113756 -0.186769 -0.016710 140 140 144
-0.115229 -0.171727 -0.004708 216 216 222
-0.117160 -0.163397 -0.012373 190 190 196
-0.114266 -0.164315 -0.006158 215 215 222
-0.117615 -0.157189 -0.012901 204 202 209
-0.113550 -0.154801 -0.006230 120 120 127
-0.117689 -0.147133 -0.008011 131 130 138
-0.114736 -0.135529 -0.015030 198 196 210
-0.105188 -0.583477 -0.062371 114 116 118
-0.105055 -0.581475 -0.057511 124 126 128
-0.104548 -0.572531 -0.075476 134 134 134
-0.104596 -0.576684 -0.053499 148 151 155
-0.104909 -0.574377 -0.045310 153 157 162
-0.103665 -0.565519 -0.094836 128 129 132
-0.105331 -0.566126 -0.065110 89 89 90
-0.104360 -0.566594 -0.055223 96 96 98
-0.103230 -0.325637 -0.025484 59 61 63
-0.103183 -0.302548 -0.022509 190 192 194
-0.106216 -0.307856 -0.014779 214 214 218
-0.103520 -0.295474 -0.024643 147 150 152
-0.102926 -0.291535 -0.018190 220 220 228
-0.103063 -0.283033 -0.016926 224 224 230
-0.102700 -0.274413 -0.016596 228 228 236
-0.103203 -0.264924 -0.016895 227 227 233
-0.105085 -0.252749 -0.022285 209 210 212
-0.104362 -0.257218 -0.015542 219 219 224
-0.104898 -0.244604 -0.024422 158 160 164
-0.104346 -0.241021 -0.018303 232 234 238
-0.105263 -0.234047 -0.016854 232 233 238
-0.104379 -0.224383 -0.016753 234 234 240
-0.106561 -0.216230 -0.017866 230 230 235
-0.103866 -0.203145 -0.022810 216 215 218
-0.105159 -0.206989 -0.014351 202 202 205
-0.104971 -0.194805 -0.024947 141 142 144
-0.104556 -0.191088 -0.017356 125 126 126
-0.104701 -0.187493 -0.014276 76 78 77
-0.102835 -0.184806 -0.008731 119 120 119
-0.107195 -0.162972 -0.002443 200 202 208
-0.106009 -0.154454 -0.003219 130 131 136
-0.103843 -0.145185 -0.005414 165 165 175
-0.093223 -0.584541 -0.062044 130 131 133
-0.094977 -0.582536 -0.057393 134 136 139
-0.096127 -0.571348 -0.074413 128 128 126
-0.096271 -0.573209 -0.067698 90 89 90
-0.094933 -0.577236 -0.053921 148 150 155
-0.094823 -0.574274 -0.045874 156 160 164
-0.093934 -0.565574 -0.096125 128 130 133
-0.092819 -0.566058 -0.073272 102 102 102
-0.094562 -0.566194 -0.065068 100 102 102
-0.095235 -0.567384 -0.055316 95 96 98
-0.095786 -0.325564 -0.031999 72 72 74
-0.095320 -0.324278 -0.025519 84 86 88
-0.093911 -0.322044 -0.017126 208 209 214
-0.093066 -0.314104 -0.016725 220 220 226
-0.096558 -0.302475 -0.023095 200 202 206
-0.094326 -0.307470 -0.015145 214 215 220
-0.094986 -0.295280 -0.024779 150 152 156
-0.095329 -0.291018 -0.017072 221 222 229
-0.094698 -0.284979 -0.016581 224 224 230
-0.094988 -0.275406 -0.016568 229 229 237
-0.093621 -0.263781 -0.014781 210 210 216
-0.095134 -0.252414 -0.022807 216 216 219
-0.094907 -0.257897 -0.015403 222 222 228
-0.094608 -0.244692 -0.024188 155 157 160
-0.095055 -0.240922 -0.018651 234 234 240
-0.095059 -0.236396 -0.022061 180 184 188
-0.094923 -0.235895 -0.017513 231 232 236
-0.095100 -0.225925 -0.017353 235 236 240
-0.093700 -0.214119 -0.017966 230 230 234
-0.095096 -0.203152 -0.022746 216 216 218
-0.096270 -0.207220 -0.014465 206 205 208
-0.095082 -0.194270 -0.025319 121 122 126
-0.097107 -0.190861 -0.018535 114 116 116
-0.095316 -0.187867 -0.013860 50 52 53
-0.093734 -0.185399 -0.006962 135 136 138
-0.091763 -0.163681 0.004797 182 183 190
-0.095495 -0.144718 -0.004634 152 152 162
-0.095641 -0.064759 0.023606 151 164 176
-0.091155 -0.046224 0.026251 112 138 144
-0.085710 -0.584543 -0.062281 125 128 129
-0.085860 -0.582374 -0.058088 134 136 139
-0.083902 -0.587175 -0.045992 171 174 176
-0.085008 -0.572682 -0.074088 104 104 101
-0.085142 -0.575939 -0.053891 148 151 155
-0.084888 -0.574253 -0.046678 154 158 162
-0.083856 -0.565859 -0.073481 103 103 103
-0.084302 -0.566343 -0.064882 97 97 98
-0.085148 -0.567109 -0.055188 101 102 106
-0.086260 -0.324165 -0.024379 103 104 104
-0.084702 -0.322172 -0.017039 206 207 212
-0.084802 -0.314893 -0.016811 220 220 226
-0.084040 -0.302271 -0.022499 192 193 198
-0.085173 -0.307379 -0.015165 216 218 222
-0.085207 -0.294793 -0.024638 154 156 160
-0.084777 -0.290691 -0.018273 224 224 231
-0.084874 -0.285195 -0.017169 224 224 231
-0.084733 -0.275405 -0.016669 229 229 236
-0.086424 -0.263841 -0.014525 214 214 220
-0.085882 -0.252041 -0.022458 210 210 214
-0.084815 -0.257377 -0.015387 221 222 227
-0.084806 -0.244566 -0.024566 158 160 163
-0.085010 -0.240635 -0.018898 234 234 239
-0.082066 -0.236013 -0.021656 206 208 213
-0.085448 -0.235901 -0.017748 232 232 236
-0.084603 -0.225131 -0.017715 236 236 240
-0.085496 -0.215428 -0.018154 230 229 233
-0.084797 -0.203503 -0.022527 218 218 220
-0.084706 -0.206995 -0.014233 210 210 211
-0.085214 -0.194318 -0.025988 119 120 124
-0.085474 -0.190440 -0.017569 56 58 61
-0.082796 -0.189202 -0.022730 94 94 99
-0.084775 -0.186951 -0.014447 54 56 60
-0.085711 -0.184454 -0.006792 135 138 140
-0.083537 -0.176369 -0.007532 131 135 137
-0.084464 -0.055163 0.025613 148 162 172
-0.085257 -0.042535 0.034348 120 144 150
-0.083611 -0.036525 0.026144 110 137 141
-0.082394 -0.036202 0.034369 112 137 142
-0.071907 -0.631651 -0.053764 35 40 42
-0.073639 -0.594742 -0.053510 178 184 189
-0.074726 -0.594071 -0.046410 158 160 168
-0.075278 -0.583906 -0.062603 123 125 129
-0.075884 -0.583361 -0.057287 162 165 168
-0.074910 -0.587258 -0.046261 172 176 179
-0.075065 -0.576256 -0.054046 150 153 157
-0.075052 -0.573992 -0.046117 156 160 164
-0.073566 -0.565159 -0.094504 124 127 130
-0.075204 -0.565115 -0.084888 52 53 53
-0.074494 -0.565571 -0.073778 108 110 108
-0.075059 -0.566471 -0.065174 96 96 96
-0.074523 -0.567322 -0.055521 114 116 118
-0.074716 -0.323927 -0.023157 98 97 98
-0.074707 -0.322459 -0.016781 197 196 201
-0.075006 -0.315124 -0.016918 219 220 226
-0.075655 -0.302385 -0.022884 196 196 201
-0.074742 -0.306689 -0.015121 210 211 216
-0.074900 -0.295052 -0.024764 152 154 158
-0.075313 -0.290670 -0.018457 222 222 228
-0.075156 -0.285128 -0.017667 223 224 230
-0.074696 -0.274792 -0.016878 228 230 236
-0.074890 -0.265307 -0.016714 226 228 234
-0.075619 -0.252247 -0.022683 215 216 220
-0.075260 -0.257669 -0.015363 221 223 229
-0.074835 -0.244385 -0.025257 157 160 164
-0.075078 -0.240443 -0.019728 234 235 243
-0.074775 -0.237258 -0.021477 218 219 226
-0.075883 -0.235145 -0.018081 234 234 240
-0.074865 -0.226918 -0.018426 236 238 244
-0.073261 -0.213119 -0.018812 236 236 242
-0.075156 -0.203876 -0.023108 221 220 228
-0.075100 -0.206679 -0.014349 210 208 214
-0.074527 -0.194230 -0.026053 144 146 148
-0.073941 -0.186599 -0.021932 144 142 144
-0.076774 -0.184315 -0.017193 72 71 73
-0.075081 -0.184922 -0.004478 50 53 54
-0.072187 -0.175560 -0.021396 142 140 142
-0.076288 -0.174434 -0.015970 84 85 88
-0.075086 -0.176903 -0.005607 48 50 50
-0.071780 -0.166139 -0.020953 114 112 115
-0.073994 -0.166086 -0.017039 123 123 124
-0.075254 -0.166800 -0.004501 156 156 156
-0.075425 -0.155249 -0.006304 158 159 162
-0.078283 -0.033209 0.034880 112 137 140
-0.075533 -0.025269 0.035442 114 134 138
-0.064263 -0.622675 -0.047555 32 36 38
-0.063961 -0.614998 -0.046015 102 106 110
-0.064240 -0.593576 -0.054642 179 182 187
-0.064917 -0.594536 -0.045599 160 163 170
-0.065022 -0.586640 -0.062200 150 153 158
-0.064829 -0.583527 -0.057769 161 164 170
-0.066486 -0.586890 -0.046115 171 174 178
-0.065047 -0.575072 -0.054567 148 151 156
-0.066035 -0.573208 -0.046301 146 150 154
-0.065503 -0.564640 -0.094804 126 130 133
-0.064141 -0.564288 -0.081921 56 58 60
-0.065204 -0.566392 -0.073907 92 92 92
-0.064438 -0.567266 -0.066384 107 106 106
-0.065043 -0.567819 -0.055214 118 120 122
-0.065227 -0.323906 -0.023685 96 96 98
-0.064681 -0.322432 -0.016832 202 202 206
-0.064882 -0.314790 -0.017028 218 220 225
-0.066221 -0.302086 -0.022785 202 204 208
-0.064641 -0.307023 -0.017588 225 226 232
-0.065082 -0.294933 -0.024721 156 158 162
-0.066593 -0.290690 -0.019217 220 222 228
-0.062837 -0.286426 -0.020483 226 228 235
-0.064764 -0.285130 -0.017146 225 226 232
-0.064771 -0.274424 -0.017195 229 230 238
-0.064791 -0.264377 -0.017032 229 230 236
-0.065790 -0.252195 -0.022258 212 213 218
-0.064423 -0.256804 -0.015330 221 222 228
-0.064676 -0.244234 -0.024752 164 168 172
-0.064453 -0.237328 -0.022843 180 184 189
-0.064767 -0.204045 -0.022991 226 224 234
-0.065699 -0.207068 -0.014917 205 206 215
-0.065154 -0.194573 -0.026452 166 168 174
-0.065281 -0.185052 -0.023436 204 204 214
-0.065108 -0.174953 -0.023525 206 206 220
-0.064680 -0.164917 -0.022535 204 204 220
-0.063907 -0.156830 -0.023271 198 198 214
-0.054300 -0.624111 -0.095154 42 47 48
-0.057262 -0.622409 -0.088460 27 34 34
-0.053630 -0.617709 -0.084281 68 74 76
-0.054501 -0.615287 -0.075733 48 54 56
-0.054867 -0.594012 -0.053401 178 182 189
-0.054789 -0.595549 -0.045759 157 160 166
-0.053245 -0.597744 -0.039218 168 172 179
-0.055169 -0.586366 -0.062725 140 142 146
-0.054848 -0.584017 -0.056842 173 176 181
-0.056395 -0.586887 -0.046749 171 174 178
-0.054795 -0.574331 -0.054458 150 154 159
-0.057791 -0.573242 -0.046507 154 158 162
-0.056318 -0.564265 -0.094044 122 126 130
-0.057716 -0.563914 -0.081448 54 56 58
-0.055745 -0.565129 -0.074330 92 92 91
-0.054961 -0.566166 -0.064945 106 105 107
-0.055142 -0.567598 -0.055432 124 125 130
-0.050701 -0.556202 -0.065191 60 62 61
-0.055687 -0.323969 -0.023629 93 94 95
-0.054964 -0.322292 -0.017501 192 194 198
-0.052538 -0.325271 0.003244 156 154 158
-0.054727 -0.315053 -0.017302 218 220 226
-0.057400 -0.301979 -0.022835 194 196 199
-0.055934 -0.307058 -0.015315 220 221 226
-0.055665 -0.295026 -0.024596 154 156 160
-0.053148 -0.290908 -0.018534 222 224 230
-0.055279 -0.284981 -0.017390 224 226 234
-0.054789 -0.274657 -0.016387 229 230 238
-0.055024 -0.264748 -0.017240 228 230 236
-0.055852 -0.252243 -0.022032 222 224 228
-0.054250 -0.256794 -0.015544 220 222 227
-0.055195 -0.244538 -0.024804 164 168 172
-0.054937 -0.237339 -0.022035 198 202 209
-0.053642 -0.234692 -0.018523 236 237 247
-0.055229 -0.215319 -0.021160 237 238 248
-0.054646 -0.203808 -0.023173 226 228 238
-0.055260 -0.206875 -0.015237 205 206 218
-0.055226 -0.194503 -0.026211 158 161 170
-0.054963 -0.185214 -0.023064 204 206 223
-0.054750 -0.174891 -0.023189 218 220 242
-0.055284 -0.164811 -0.023459 218 222 244
-0.054808 -0.155742 -0.023760 211 214 235
-0.053274 -0.146319 -0.026667 190 194 212
-0.044553 -0.652025 -0.052256 42 47 45
-0.042679 -0.653162 -0.048532 42 48 46
-0.043228 -0.645623 -0.054575 36 42 38
-0.044815 -0.646195 -0.048205 38 44 42
-0.044332 -0.624074 -0.094893 52 55 58
-0.045189 -0.616154 -0.084621 89 94 98
-0.046483 -0.610980 -0.072575 98 103 108
-0.043848 -0.607247 -0.066143 91 97 104
-0.042596 -0.592958 -0.053229 178 182 187
-0.045064 -0.594819 -0.045938 154 157 164
-0.045965 -0.597776 -0.038504 178 181 188
-0.046625 -0.585990 -0.062267 132 135 138
-0.043839 -0.585174 -0.057085 162 166 170
-0.046127 -0.587489 -0.046946 174 176 181
-0.046188 -0.573527 -0.053821 152 155 161
-0.047266 -0.564157 -0.064281 104 106 107
-0.045177 -0.566840 -0.054791 124 125 129
-0.046284 -0.555374 -0.065828 37 41 42
-0.043574 -0.555008 -0.055564 62 63 64
-0.043846 -0.546554 -0.055949 47 50 51
-0.047721 -0.504044 -0.062425 88 88 88
-0.042582 -0.505490 -0.053965 74 76 76
-0.040623 -0.501011 -0.048717 86 87 88
-0.041066 -0.495591 -0.045631 57 58 56
-0.046703 -0.324627 -0.022688 82 87 88
-0.044528 -0.322563 -0.016935 186 189 193
-0.043548 -0.324801 0.003096 150 151 154
-0.045178 -0.314758 -0.016758 218 220 226
-0.047958 -0.301962 -0.021609 184 187 190
-0.044598 -0.306294 -0.017218 218 222 227
-0.047340 -0.295636 -0.022939 136 140 144
-0.044256 -0.292716 -0.017161 191 198 203
-0.045223 -0.285004 -0.015479 223 226 232
-0.045380 -0.275288 -0.015450 226 229 236
-0.045078 -0.264971 -0.015653 220 226 231
-0.048840 -0.251580 -0.021260 210 213 216
-0.046134 -0.256229 -0.014204 218 224 228
-0.047568 -0.245133 -0.022693 144 147 152
-0.043226 -0.244277 -0.017407 174 187 192
-0.049043 -0.236680 -0.021211 219 222 230
-0.045316 -0.235613 -0.017546 232 236 246
-0.044504 -0.225553 -0.018119 236 240 249
-0.043816 -0.215483 -0.018411 232 236 246
-0.046900 -0.203520 -0.022141 221 226 236
-0.044647 -0.206230 -0.016035 213 217 226
-0.046385 -0.195003 -0.023842 148 153 165
-0.041259 -0.193920 -0.018235 164 171 184
-0.047298 -0.185737 -0.022063 202 206 225
-0.042466 -0.185957 -0.018603 216 220 244
-0.046722 -0.175716 -0.021646 220 223 246
-0.042856 -0.176336 -0.019146 222 226 250
-0.046707 -0.165358 -0.021705 218 222 245
-0.043811 -0.163208 -0.016251 186 190 211
-0.045623 -0.154636 -0.022867 210 216 237
-0.043764 -0.157320 -0.016890 200 204 225
-0.045622 -0.146343 -0.024432 174 180 196
-0.042868 -0.149604 -0.014789 136 144 160
-0.044173 -0.106707 -0.014822 127 126 128
-0.045043 -0.055481 -0.014870 108 108 106
-0.046029 -0.032882 -0.004582 142 144 145
-0.045115 -0.024767 -0.004309 140 142 144
-0.043896 -0.015212 -0.003243 141 145 146
-0.042177 -0.004605 -0.013020 91 94 93
-0.044068 -0.004801 -0.004757 106 112 114
-0.043618 0.004709 -0.003701 140 144 146
-0.044759 0.014769 -0.004774 140 144 145
-0.044683 0.023356 -0.005425 144 146 148
-0.035225 -0.651251 -0.051457 40 46 42
-0.035792 -0.645435 -0.054352 36 42 38
-0.034524 -0.647555 -0.047978 40 46 43
-0.033210 -0.638446 -0.055486 21 26 23
-0.035486 -0.624349 -0.095326 75 78 80
-0.034647 -0.617161 -0.086645 76 83 89
-0.033862 -0.612144 -0.077004 111 120 127
-0.034806 -0.605878 -0.064001 144 150 159
-0.035716 -0.601792 -0.056249 164 171 179
-0.034012 -0.594330 -0.053305 173 180 187
-0.036397 -0.593416 -0.044850 146 153 160
-0.035261 -0.586520 -0.052715 160 167 174
-0.034381 -0.584452 -0.046499 154 163 169
-0.038539 -0.575914 -0.051320 162 170 180
-0.035055 -0.574303 -0.044554 137 147 154
-0.039645 -0.565095 -0.052087 143 147 152
-0.035292 -0.565338 -0.044473 122 128 136
-0.038938 -0.555818 -0.052634 71 76 78
-0.034553 -0.554924 -0.044213 144 151 159
-0.031249 -0.554764 -0.038269 150 160 170
-0.037860 -0.547467 -0.050644 64 68 70
-0.034304 -0.545188 -0.043292 139 145 152
-0.032203 -0.543711 -0.037843 118 125 130
-0.034160 -0.537216 -0.042770 127 133 140
-0.031736 -0.533696 -0.036375 145 148 150
-0.032263 -0.526923 -0.042443 159 166 175
-0.032943 -0.525572 -0.036224 126 128 129
-0.034047 -0.514274 -0.044171 145 148 150
-0.031738 -0.518988 -0.033908 130 130 132
-0.033835 -0.504962 -0.044570 155 158 158
-0.034559 -0.494533 -0.042243 170 170 170
-0.033726 -0.484828 -0.041136 206 206 204
-0.036036 -0.484637 -0.038878 176 174 170
-0.034144 -0.475727 -0.040730 190 189 188
-0.036270 -0.474454 -0.038193 168 166 163
-0.035382 -0.474136 -0.024968 114 112 108
-0.035573 -0.464368 -0.040890 182 181 180
-0.035788 -0.465827 -0.038848 188 185 182
-0.035574 -0.467433 -0.025629 132 131 127
-0.035508 -0.454668 -0.041046 194 194 192
-0.035203 -0.455051 -0.038062 196 194 190
-0.035414 -0.454312 -0.025487 116 114 110
-0.034844 -0.444660 -0.043041 171 173 172
-0.034891 -0.446802 -0.037181 146 144 143
-0.034824 -0.435162 -0.043371 162 166 166
-0.033265 -0.432732 -0.038429 144 150 148
-0.035374 -0.425876 -0.042593 161 165 164
-0.033567 -0.424490 -0.038112 160 166 165
-0.033054 -0.414906 -0.035495 146 150 151
-0.032927 -0.405651 -0.032905 133 138 139
-0.033593 -0.398306 -0.032056 80 86 84
-0.031610 -0.395322 -0.027036 108 115 116
-0.031616 -0.385676 -0.024172 94 104 104
-0.031525 -0.364529 -0.017458 52 74 72
-0.032817 -0.354353 -0.017339 50 82 80
-0.033510 -0.344621 -0.014969 44 83 79
-0.033951 -0.334387 -0.012498 41 88 84
-0.035952 -0.334830 -0.008168 50 57 56
-0.034424 -0.324761 -0.013173 45 114 110
-0.036310 -0.325609 0.004769 122 126 126
-0.034753 -0.314981 -0.012865 75 144 140
-0.035314 -0.305423 -0.012615 80 144 140
-0.035148 -0.303331 -0.004601 99 154 152
-0.036256 -0.294885 -0.011923 64 134 129
-0.035351 -0.296886 -0.004371 100 156 154
-0.036859 -0.285375 -0.011134 111 164 162
-0.035153 -0.274718 -0.011109 71 146 142
-0.034649 -0.273328 -0.009311 22 122 114
-0.034109 -0.265034 -0.012133 52 135 129
-0.033741 -0.254356 -0.012971 20 117 110
-0.036945 -0.254508 -0.005460 108 157 156
-0.033859 -0.245050 -0.012803 23 119 112
-0.036358 -0.245401 -0.004874 112 159 161
-0.034389 -0.234809 -0.012272 64 142 141
-0.036200 -0.225465 -0.012270 126 178 184
-0.036581 -0.214806 -0.012503 124 176 182
-0.034317 -0.213075 -0.006113 83 151 151
-0.035923 -0.204599 -0.012794 94 153 158
-0.033738 -0.206490 -0.006865 65 140 139
-0.035773 -0.195157 -0.012733 78 140 144
-0.033578 -0.194701 -0.006421 78 148 150
-0.035881 -0.185072 -0.012983 128 180 191
-0.033839 -0.184151 -0.006508 87 152 156
-0.036329 -0.174679 -0.013677 142 188 202
-0.033761 -0.176241 -0.006850 89 153 158
-0.035337 -0.165013 -0.013286 140 183 198
-0.033600 -0.164048 -0.007188 101 158 167
-0.035409 -0.154569 -0.014116 108 154 166
-0.032920 -0.156725 -0.007707 79 145 153
-0.036516 -0.146388 -0.016469 87 126 138
-0.033312 -0.142910 -0.006665 87 148 154
-0.033294 -0.135390 -0.006707 87 150 154
-0.033381 -0.127250 -0.007011 86 148 153
-0.036368 -0.104706 -0.013127 68 102 102
-0.035411 -0.054870 -0.013602 66 95 92
-0.035322 -0.004825 -0.014061 68 72 71
-0.034895 0.003800 -0.013653 102 108 107
-0.034411 0.027029 -0.013591 132 139 141
-0.034274 0.034047 -0.013920 136 142 144
-0.027140 -0.656556 -0.047835 35 42 40
-0.022557 -0.633835 -0.087064 129 130 132
-0.025942 -0.624528 -0.093711 87 91 93
-0.025321 -0.616756 -0.084531 88 96 101
-0.024710 -0.612447 -0.076807 112 122 129
-0.025004 -0.605767 -0.063834 144 152 162
-0.024196 -0.601328 -0.055604 168 174 183
-0.024778 -0.594144 -0.052868 168 176 184
-0.024865 -0.587605 -0.051701 160 169 177
-0.024930 -0.582763 -0.046920 151 164 175
-0.024998 -0.574897 -0.042298 152 166 178
-0.025005 -0.565008 -0.041865 153 166 179
-0.025001 -0.563219 -0.036042 142 156 167
-0.025097 -0.555035 -0.041422 152 165 177
-0.026081 -0.553165 -0.035152 145 158 166
-0.025109 -0.544715 -0.041359 154 166 179
-0.024923 -0.545663 -0.036479 150 163 172
-0.024881 -0.535129 -0.041262 158 172 184
-0.029420 -0.534894 -0.033236 123 130 134
-0.025572 -0.534116 -0.025901 120 126 129
-0.025680 -0.525889 -0.041617 160 172 183
-0.026150 -0.523948 -0.026557 132 138 140
-0.025488 -0.515099 -0.042456 184 193 196
-0.025485 -0.505002 -0.043288 185 192 194
-0.026580 -0.495778 -0.042514 184 186 185
-0.022265 -0.492721 -0.038896 181 184 182
-0.027451 -0.485376 -0.040695 212 215 214
-0.022706 -0.484585 -0.037764 196 208 205
-0.028638 -0.476054 -0.040743 216 216 214
-0.024257 -0.475008 -0.037626 187 198 195
-0.029117 -0.463913 -0.040261 214 216 214
-0.025001 -0.465009 -0.036805 170 192 188
-0.025311 -0.455114 -0.035803 155 180 176
-0.024427 -0.454900 -0.025638 108 158 150
-0.025884 -0.445479 -0.035200 144 170 166
-0.023445 -0.444344 -0.025974 59 126 118
-0.026356 -0.434977 -0.034575 118 156 152
-0.021542 -0.434732 -0.027822 2 105 96
-0.027546 -0.425390 -0.033916 130 165 162
-0.022586 -0.424354 -0.027298 2 104 96
-0.028351 -0.417464 -0.031958 140 173 170
-0.023334 -0.414663 -0.025216 30 122 115
-0.024494 -0.405123 -0.023434 46 126 120
-0.025439 -0.395057 -0.022213 48 108 105
-0.023470 -0.394308 -0.019387 2 111 102
-0.025565 -0.386103 -0.021299 46 99 97
-0.024333 -0.384301 -0.018410 10 110 102
-0.024787 -0.378032 -0.020304 45 100 97
-0.024481 -0.374835 -0.017440 11 110 102
-0.024456 -0.365022 -0.016752 4 109 102
-0.025402 -0.355182 -0.016813 4 109 100
-0.025695 -0.344785 -0.016531 1 107 98
-0.025253 -0.334880 -0.015649 0 108 98
-0.024923 -0.324951 -0.014661 0 108 98
-0.024968 -0.315101 -0.013160 0 108 100
-0.025095 -0.305601 -0.011525 0 108 100
-0.026258 -0.297298 -0.011022 0 110 101
-0.025934 -0.295420 -0.008980 0 110 102
-0.022919 -0.282843 -0.012232 0 112 104
-0.024693 -0.274516 -0.013813 0 110 100
-0.024670 -0.264687 -0.015320 0 108 98
-0.025012 -0.254622 -0.016543 0 105 94
-0.025453 -0.244633 -0.016919 0 102 92
-0.025320 -0.234655 -0.016012 0 104 93
-0.024957 -0.224571 -0.014794 0 106 95
-0.024109 -0.214931 -0.013872 0 107 96
-0.023471 -0.205146 -0.012905 0 107 96
-0.022698 -0.196848 -0.012094 0 106 96
-0.026907 -0.194917 -0.008781 0 115 108
-0.025831 -0.183298 -0.008301 0 114 108
-0.026344 -0.175578 -0.007954 1 116 112
-0.025769 -0.165094 -0.007651 2 118 114
-0.025020 -0.156464 -0.007324 2 119 117
-0.023153 -0.146582 -0.007353 1 119 116
-0.026272 -0.101597 -0.005119 44 116 116
-0.026724 -0.094939 -0.004792 70 135 135
-0.026188 -0.086014 -0.004736 82 140 138
-0.026165 -0.064203 -0.005505 76 133 131
-0.026306 -0.054964 -0.005588 39 91 86
-0.026167 -0.044901 -0.004950 64 116 114
-0.026038 -0.034723 -0.005002 63 116 111
-0.025734 -0.024872 -0.004297 56 108 102
-0.025456 -0.015312 -0.004459 52 102 96
-0.025735 -0.004770 -0.005007 27 76 69
-0.025559 0.005597 -0.004899 52 98 93
-0.025419 0.015037 -0.005358 54 102 97
-0.025427 0.025383 -0.006119 55 103 100
-0.024541 0.034248 -0.006040 57 110 108
-0.015028 -0.645606 -0.044890 42 50 46
-0.017864 -0.633996 -0.083224 130 131 133
-0.014012 -0.633613 -0.075370 117 120 121
-0.013635 -0.634743 -0.066141 76 81 80
-0.017965 -0.624870 -0.083006 122 125 126
-0.013490 -0.625147 -0.074925 140 145 146
-0.015796 -0.616042 -0.074831 97 106 108
-0.011712 -0.615250 -0.068630 46 72 72
-0.014644 -0.607414 -0.064130 114 126 134
-0.015925 -0.601978 -0.056626 158 168 176
-0.015682 -0.594957 -0.052162 166 177 184
-0.011529 -0.591426 -0.049455 170 184 190
-0.016498 -0.587916 -0.051187 124 134 143
-0.014499 -0.583699 -0.046659 140 158 167
-0.016325 -0.575087 -0.041533 150 168 180
-0.011831 -0.574225 -0.039355 147 168 178
-0.016667 -0.565222 -0.040996 150 168 180
-0.012207 -0.564621 -0.038467 138 165 174
-0.017597 -0.557710 -0.040968 154 170 181
-0.014635 -0.553504 -0.037474 134 156 163
-0.014830 -0.545377 -0.036841 126 154 160
-0.014644 -0.534809 -0.035747 119 154 159
-0.019304 -0.527738 -0.040242 154 170 180
-0.014785 -0.524671 -0.034967 108 152 155
-0.014859 -0.515440 -0.034407 92 144 141
-0.014103 -0.512786 -0.026196 94 149 144
-0.015622 -0.505339 -0.034538 72 139 132
-0.013394 -0.504593 -0.027109 66 140 133
-0.016977 -0.495501 -0.034037 64 128 121
-0.014185 -0.494722 -0.026154 72 148 140
-0.017035 -0.485422 -0.032378 42 116 108
-0.012600 -0.484656 -0.028493 2 113 102
-0.018336 -0.475247 -0.031913 31 114 106
-0.013210 -0.474386 -0.027674 2 112 102
-0.018846 -0.467043 -0.030761 5 96 88
-0.013816 -0.464443 -0.027242 1 113 104
-0.014143 -0.454528 -0.026671 2 112 103
-0.014296 -0.444709 -0.026029 2 110 101
-0.014543 -0.434546 -0.025931 1 110 100
-0.014793 -0.424738 -0.025341 1 110 102
-0.014632 -0.415061 -0.024536 0 110 100
-0.014855 -0.405267 -0.023334 0 110 100
-0.014409 -0.395244 -0.022626 0 110 100
-0.014179 -0.385238 -0.022457 0 110 100
-0.013555 -0.374610 -0.021843 0 109 99
-0.018267 -0.373272 -0.019044 0 110 100
-0.013188 -0.364771 -0.021785 0 108 98
-0.013757 -0.354889 -0.021893 0 106 98
-0.013501 -0.345307 -0.021075 0 106 98
-0.017553 -0.342396 -0.019074 0 106 98
-0.015143 -0.334506 -0.018094 0 106 98
-0.014836 -0.325014 -0.015378 0 106 98
-0.015196 -0.315086 -0.012658 0 106 99
-0.016330 -0.307222 -0.011923 0 108 100
-0.013502 -0.293653 -0.013592 0 109 102
-0.014627 -0.284495 -0.015014 0 110 102
-0.015217 -0.287471 -0.004500 0 116 107
-0.014828 -0.274664 -0.016436 0 110 102
-0.014678 -0.264714 -0.016005 1 110 102
-0.014806 -0.254958 -0.016524 0 110 100
-0.015559 -0.245528 -0.017755 0 106 98
-0.016281 -0.235634 -0.018234 0 105 94
-0.016413 -0.224430 -0.018131 0 104 94
-0.016805 -0.214140 -0.017810 0 103 94
-0.016190 -0.204596 -0.016921 0 102 92
-0.015221 -0.195008 -0.015851 0 102 92
-0.014828 -0.184847 -0.015002 0 102 92
-0.014641 -0.174952 -0.014593 0 100 90
-0.014614 -0.165041 -0.013770 0 100 90
-0.014112 -0.155310 -0.013273 0 102 92
-0.013942 -0.145327 -0.013167 1 103 92
-0.012941 -0.137108 -0.013249 0 103 92
-0.007775 -0.625667 -0.064242 122 132 134
-0.003664 -0.625513 -0.055104 74 118 114
-0.000283 -0.627057 -0.049336 68 116 114
-0.008254 -0.614730 -0.062146 87 118 120
-0.003986 -0.615466 -0.054529 46 108 102
-0.000810 -0.612776 -0.048162 16 107 98
-0.007022 -0.605381 -0.053868 68 118 118
-0.002499 -0.603938 -0.046988 14 112 104
-0.004922 -0.594724 -0.044401 74 138 134
-0.000680 -0.593574 -0.039815 1 110 99
-0.005871 -0.586313 -0.042494 56 123 120
-0.002796 -0.582866 -0.038852 6 112 102
-0.004767 -0.574764 -0.037239 38 125 120
-0.004552 -0.565161 -0.036002 16 114 106
-0.004807 -0.555279 -0.034414 12 111 103
-0.004956 -0.545337 -0.032994 6 110 100
-0.004446 -0.535107 -0.031918 4 106 98
-0.004786 -0.524867 -0.031009 0 107 98
-0.004490 -0.514620 -0.031339 0 107 98
-0.006600 -0.513117 -0.029513 0 108 99
-0.003011 -0.505029 -0.031265 0 106 96
-0.006889 -0.505309 -0.029320 0 110 100
-0.002494 -0.496672 -0.031004 0 107 96
-0.006830 -0.494824 -0.028642 1 110 100
-0.001892 -0.484755 -0.030784 0 108 96
-0.006697 -0.484487 -0.028569 0 110 98
-0.006715 -0.475148 -0.028451 0 109 98
-0.002499 -0.463311 -0.030872 0 108 96
-0.007141 -0.464764 -0.028455 0 110 99
-0.002555 -0.454813 -0.031075 0 108 96
-0.007337 -0.455520 -0.028380 0 110 99
-0.002940 -0.444443 -0.031156 0 108 96
-0.007270 -0.443550 -0.028853 0 106 94
-0.002643 -0.434915 -0.031037 0 108 96
-0.007398 -0.434243 -0.028895 0 108 96
-0.002520 -0.425372 -0.030745 0 108 96
-0.007101 -0.424643 -0.028683 0 108 96
-0.001358 -0.415957 -0.030832 0 107 96
-0.006050 -0.415130 -0.028050 0 108 97
-0.005812 -0.405448 -0.027190 0 108 97
-0.005658 -0.395410 -0.027111 0 109 98
-0.005306 -0.385144 -0.026507 0 109 98
-0.004966 -0.375177 -0.025970 0 108 98
-0.005071 -0.365218 -0.025187 0 106 96
-0.005208 -0.355028 -0.023752 0 106 96
-0.005605 -0.345314 -0.021319 0 106 96
-0.002161 -0.341586 -0.019279 0 104 94
-0.005150 -0.334780 -0.017041 0 106 96
-0.005175 -0.325257 -0.012820 0 106 98
-0.005793 -0.316118 -0.011914 0 107 100
-0.004701 -0.304766 -0.012789 0 110 102
-0.004896 -0.295384 -0.013840 0 110 102
-0.006090 -0.296121 -0.004733 0 118 108
-0.005099 -0.285126 -0.015429 0 110 102
-0.005036 -0.274897 -0.016633 0 109 102
-0.004956 -0.264828 -0.016665 0 108 100
-0.004836 -0.255045 -0.015989 0 109 102
-0.004562 -0.246252 -0.017783 1 109 102
-0.002959 -0.235646 -0.018556 0 107 99
-0.006681 -0.195320 -0.018657 0 101 91
-0.007213 -0.184403 -0.017949 0 101 90
-0.006107 -0.174487 -0.017286 0 100 90
-0.005366 -0.165719 -0.017085 0 100 90
-0.004988 -0.155214 -0.016917 2 104 94
-0.005295 -0.145268 -0.016493 2 104 92
-0.005124 -0.135523 -0.016787 0 102 90
-0.003258 -0.126657 -0.017041 0 103 93
0.007248 -0.632527 -0.048096 1 108 97
0.005783 -0.624495 -0.046655 5 110 99
0.005743 -0.614564 -0.044969 0 110 98
0.005561 -0.604847 -0.042959 0 110 98
0.005783 -0.594998 -0.041401 0 110 98
0.002340 -0.592649 -0.039711 2 110 99
0.006125 -0.587412 -0.040628 0 110 98
0.004352 -0.583833 -0.039072 0 110 99
0.004817 -0.575181 -0.038275 0 108 98
0.004634 -0.565140 -0.037323 0 104 95
0.004877 -0.554940 -0.036313 0 103 94
0.004855 -0.545292 -0.035014 0 102 92
0.005030 -0.534910 -0.033684 0 102 94
0.004995 -0.524879 -0.033301 0 102 92
0.005109 -0.515277 -0.033710 0 102 92
0.004999 -0.505041 -0.033846 0 102 92
0.004890 -0.494945 -0.033623 0 102 93
0.005438 -0.484901 -0.033959 0 104 94
0.005386 -0.474953 -0.034290 0 104 94
0.004916 -0.464753 -0.034128 0 105 96
0.004904 -0.454564 -0.034144 0 106 96
0.005029 -0.444550 -0.033980 0 107 96
0.005031 -0.434743 -0.033545 0 106 97
0.005059 -0.424658 -0.033009 0 106 97
0.005309 -0.414904 -0.033428 0 106 97
0.005792 -0.404901 -0.032998 0 108 98
0.005934 -0.395216 -0.032270 0 108 99
0.006518 -0.385657 -0.031535 0 108 100
0.002491 -0.383847 -0.029103 0 108 98
0.005055 -0.374541 -0.028275 0 108 98
0.004840 -0.364905 -0.026367 0 105 96
0.004825 -0.355024 -0.023390 0 104 95
0.003479 -0.347626 -0.021149 0 104 94
0.005612 -0.343662 -0.017834 0 103 94
0.004845 -0.335160 -0.013853 0 104 96
0.003559 -0.326865 -0.011655 0 106 99
0.003716 -0.313603 -0.011725 0 109 102
0.004568 -0.305258 -0.012208 2 110 103
0.004940 -0.295417 -0.013552 2 110 102
0.005101 -0.285324 -0.015033 2 107 101
0.005216 -0.275411 -0.016709 2 108 102
0.004891 -0.264863 -0.017236 0 104 98
0.005501 -0.255028 -0.015627 1 105 100
0.005387 -0.245811 -0.017164 2 106 102
0.004711 -0.236217 -0.018624 2 106 102
0.005223 -0.183001 -0.018660 0 101 96
0.003967 -0.175026 -0.018318 0 100 94
0.005570 -0.164017 -0.018188 6 104 98
0.004300 -0.155558 -0.018078 4 104 98
0.004499 -0.146170 -0.017851 1 102 94
0.002986 -0.135119 -0.018088 0 104 94
0.004333 -0.125401 -0.017666 0 104 94
0.017002 -0.633801 -0.050722 0 107 95
0.013389 -0.632943 -0.049437 0 107 94
0.015142 -0.624438 -0.047955 0 107 96
0.015373 -0.614957 -0.045968 0 107 96
0.015296 -0.604867 -0.043834 0 108 97
0.015353 -0.594953 -0.041953 0 109 98
0.015506 -0.585700 -0.040648 1 109 98
0.014814 -0.582048 -0.039326 2 109 99
0.017601 -0.575444 -0.040094 2 105 96
0.015118 -0.575383 -0.038663 2 107 98
0.015032 -0.565151 -0.038345 0 102 92
0.014894 -0.555164 -0.037798 0 100 90
0.015374 -0.544768 -0.037042 0 98 90
0.015066 -0.534860 -0.036162 0 98 89
0.015122 -0.524931 -0.035850 0 98 89
0.015207 -0.514893 -0.036281 0 98 88
0.014627 -0.504649 -0.036820 0 98 88
0.014910 -0.495020 -0.037211 0 99 90
0.015348 -0.484870 -0.036898 0 102 92
0.015037 -0.474820 -0.036598 0 104 94
0.014816 -0.464920 -0.036586 0 106 96
0.014802 -0.454745 -0.036712 0 106 96
0.014707 -0.444806 -0.036964 0 106 96
0.014756 -0.434882 -0.037425 0 106 96
0.015004 -0.424898 -0.037202 0 106 96
0.014896 -0.414792 -0.036964 0 106 95
0.014862 -0.405270 -0.036520 0 106 96
0.014660 -0.395462 -0.034944 0 107 96
0.014720 -0.385228 -0.032533 2 107 98
0.015862 -0.379242 -0.030370 2 106 96
0.014932 -0.374434 -0.028461 1 105 96
0.015038 -0.364977 -0.024838 0 104 94
0.014210 -0.356404 -0.021657 0 102 94
0.016462 -0.352299 -0.018677 0 102 94
0.014901 -0.344982 -0.016081 0 103 96
0.014686 -0.335648 -0.013474 0 104 96
0.015953 -0.325064 -0.013930 2 105 97
0.014864 -0.315453 -0.015899 1 101 93
0.013793 -0.305177 -0.016391 0 100 92
0.013341 -0.295590 -0.017158 1 100 93
0.014375 -0.284839 -0.018340 0 98 91
0.013782 -0.275771 -0.019071 0 98 92
0.015133 -0.264903 -0.018109 0 99 94
0.015272 -0.254995 -0.015913 0 101 96
0.014282 -0.245711 -0.017382 0 104 98
0.016330 -0.186466 -0.018754 0 98 92
0.013230 -0.164685 -0.018594 4 102 96
0.016627 -0.154064 -0.018457 0 99 92
0.013854 -0.145336 -0.018591 0 100 92
0.013371 -0.133564 -0.018083 0 100 94
0.013365 -0.127558 -0.017694 0 102 94
0.017324 -0.014761 -0.005656 2 88 79
0.026417 -0.643384 -0.053089 0 107 94
0.025270 -0.634739 -0.051979 0 107 94
0.026270 -0.626574 -0.050743 0 107 94
0.024698 -0.622691 -0.048937 0 107 95
0.025225 -0.615302 -0.047926 0 106 94
0.025252 -0.605032 -0.045390 0 106 94
0.025277 -0.595064 -0.043086 0 107 96
0.025464 -0.586260 -0.040577 0 108 96
0.025083 -0.582491 -0.039751 1 108 96
0.023851 -0.577603 -0.040178 2 106 95
0.024691 -0.574121 -0.039172 2 105 94
0.025089 -0.565028 -0.038628 0 100 88
0.025144 -0.554914 -0.038325 0 97 86
0.025294 -0.544814 -0.037747 0 96 86
0.024838 -0.535206 -0.037525 0 94 85
0.024521 -0.524797 -0.036546 0 94 84
0.026935 -0.523827 -0.025395 0 104 90
0.023540 -0.515767 -0.036675 0 94 85
0.026597 -0.514289 -0.025600 0 105 90
0.023998 -0.504480 -0.036617 0 96 86
0.026695 -0.505699 -0.025762 0 107 92
0.024428 -0.495054 -0.036832 0 98 86
0.026362 -0.492751 -0.025402 0 110 94
0.024003 -0.485197 -0.037107 0 100 90
0.026531 -0.485293 -0.024846 0 111 96
0.022919 -0.474675 -0.036890 0 104 92
0.027288 -0.475235 -0.024926 1 112 98
0.022886 -0.465206 -0.037903 0 104 93
0.022553 -0.455628 -0.038345 0 104 94
0.026548 -0.444742 -0.041043 2 106 95
0.022651 -0.446504 -0.039260 0 106 96
0.025920 -0.434903 -0.041552 0 106 96
0.026114 -0.424428 -0.041027 0 106 95
0.022273 -0.424135 -0.039284 0 106 94
0.026721 -0.416264 -0.040576 0 106 96
0.022950 -0.414842 -0.039203 0 105 95
0.024688 -0.404988 -0.038378 2 106 96
0.024639 -0.395358 -0.035561 2 106 96
0.024570 -0.385784 -0.032078 1 106 96
0.026197 -0.380880 -0.029327 0 104 94
0.025020 -0.374831 -0.026877 0 104 94
0.024945 -0.365104 -0.022392 0 104 94
0.028594 -0.361656 -0.019632 1 103 94
0.021799 -0.358772 -0.020555 0 102 92
0.025383 -0.354563 -0.018203 0 102 94
0.024406 -0.345280 -0.015683 0 102 93
0.027762 -0.332804 -0.021555 0 100 90
0.023461 -0.336619 -0.016300 0 100 92
0.026063 -0.325224 -0.022015 0 96 86
0.027083 -0.321738 0.036804 11 97 88
0.026605 -0.314602 -0.018542 0 100 92
0.027118 -0.316268 0.036043 3 102 92
0.025624 -0.304802 -0.018430 2 103 96
0.025539 -0.294755 -0.018336 2 102 94
0.025967 -0.291955 0.035455 32 108 99
0.024580 -0.285872 -0.018483 1 100 94
0.026225 -0.273196 -0.019167 0 99 92
0.025427 -0.264581 -0.018088 0 96 90
0.025168 -0.254799 -0.016130 2 98 92
0.025969 -0.245153 -0.017508 1 98 92
0.025906 -0.237318 -0.018589 3 100 92
0.026319 -0.213726 -0.018706 0 96 90
0.025690 -0.205265 -0.018416 2 98 92
0.026063 -0.195337 -0.018290 2 98 93
0.026331 -0.184342 -0.018340 0 96 90
0.025555 -0.174933 -0.018335 0 96 90
0.025582 -0.163853 -0.018094 0 95 90
0.024846 -0.154743 -0.017978 0 96 92
0.024957 -0.144837 -0.017497 0 98 92
0.026922 -0.143731 -0.006049 0 106 99
0.024425 -0.135606 -0.016291 0 97 92
0.024999 -0.134873 -0.005146 0 108 98
0.023296 -0.126152 -0.006150 0 109 100
0.024984 -0.023574 -0.004272 3 90 80
0.024836 -0.014527 -0.004575 15 94 85
0.037354 -0.652397 -0.053504 0 106 94
0.035421 -0.644509 -0.054026 0 106 94
0.035194 -0.634860 -0.052640 0 108 95
0.035108 -0.625999 -0.050888 0 106 94
0.033068 -0.621950 -0.049537 0 107 94
0.035384 -0.613972 -0.048822 0 106 94
0.035106 -0.605150 -0.047375 0 106 94
0.035082 -0.595000 -0.044732 0 104 94
0.035387 -0.584869 -0.041752 0 104 93
0.030750 -0.581322 -0.039509 0 106 95
0.036474 -0.574783 -0.040933 0 99 90
0.032159 -0.575184 -0.039426 1 103 92
0.037134 -0.564823 -0.040635 0 90 82
0.032740 -0.564470 -0.039331 0 95 85
0.037820 -0.556036 -0.040331 0 88 81
0.034457 -0.554989 -0.039017 0 91 82
0.036002 -0.544696 -0.038362 0 90 82
0.034766 -0.535638 -0.036620 0 91 82
0.035540 -0.534405 -0.024926 0 100 88
0.038583 -0.535745 -0.018729 2 99 88
0.033459 -0.525504 -0.023895 0 101 90
0.033066 -0.515175 -0.023394 0 102 89
0.033081 -0.504862 -0.023572 0 103 90
0.032724 -0.495341 -0.023815 0 105 92
0.037335 -0.492986 -0.016412 0 105 92
0.032415 -0.484763 -0.021616 0 108 95
0.035409 -0.484394 -0.018716 0 108 94
0.031574 -0.476237 -0.022771 2 108 94
0.035443 -0.474748 -0.016739 15 105 94
0.036644 -0.465660 -0.015972 90 149 139
0.032537 -0.452748 -0.042284 0 105 93
0.036157 -0.457898 -0.017137 88 149 137
0.034489 -0.444221 -0.043148 2 104 94
0.034869 -0.434671 -0.043498 1 105 96
0.034731 -0.424796 -0.043291 1 105 96
0.035334 -0.415259 -0.042176 0 104 96
0.036451 -0.408187 -0.040639 0 104 94
0.034268 -0.404257 -0.038569 0 104 95
0.034715 -0.395302 -0.034669 0 102 94
0.033101 -0.387279 -0.031350 0 102 93
0.035837 -0.383171 -0.028075 0 102 94
0.035244 -0.374950 -0.024262 0 104 96
0.034604 -0.366603 -0.021465 1 104 96
0.033943 -0.362189 -0.019286 1 104 96
0.033441 -0.355774 -0.018217 0 103 96
0.035864 -0.334467 -0.024027 0 98 90
0.035216 -0.325351 -0.023382 0 94 86
0.036531 -0.320446 0.035819 154 164 158
0.035341 -0.315042 -0.016984 0 98 92
0.035888 -0.315509 0.035762 111 148 142
0.035100 -0.304739 -0.016208 2 104 98
0.035404 -0.294555 -0.016036 2 102 96
0.032925 -0.292491 0.036663 68 124 118
0.035207 -0.284706 -0.017309 0 99 93
0.033553 -0.283954 0.036430 14 96 86
0.033345 -0.284869 0.045935 11 100 90
0.036518 -0.283752 0.055067 10 102 91
0.035382 -0.274431 -0.018776 0 96 90
0.036112 -0.277611 0.037537 28 90 82
0.036767 -0.276982 0.044896 28 98 90
0.035513 -0.264745 -0.017861 0 92 86
0.035301 -0.254839 -0.016661 1 94 88
0.035749 -0.253050 0.035135 18 85 78
0.035153 -0.244781 -0.017340 1 93 86
0.036945 -0.246770 0.033597 6 104 94
0.035694 -0.235776 -0.017932 3 96 90
0.035860 -0.223675 -0.018529 3 96 90
0.035205 -0.214854 -0.018654 0 92 86
0.035214 -0.204930 -0.017688 0 92 87
0.034911 -0.195018 -0.016683 2 95 90
0.034863 -0.184941 -0.016939 0 93 89
0.034388 -0.174891 -0.017448 0 92 88
0.034622 -0.165139 -0.016994 0 92 87
0.034709 -0.155408 -0.016215 0 92 88
0.036072 -0.154453 -0.004711 1 106 100
0.033188 -0.146621 -0.015495 0 95 90
0.033877 -0.146291 -0.004450 0 106 100
0.036564 -0.062859 -0.004816 2 76 68
0.035524 -0.057742 -0.004259 15 86 78
0.036561 -0.036017 -0.005042 16 88 82
0.036153 -0.034870 0.014548 70 120 113
0.036503 -0.035581 0.024831 82 125 118
0.035266 -0.025673 -0.003679 4 90 82
0.038216 -0.022960 0.003424 20 92 86
0.034487 -0.013696 -0.002912 4 89 80
0.034417 -0.004967 -0.004437 2 90 80
0.034973 0.004392 -0.005076 4 87 76
0.045384 -0.653399 -0.054202 0 104 91
0.045232 -0.645031 -0.053984 0 106 92
0.045064 -0.635593 -0.052286 0 107 94
0.042797 -0.625484 -0.050647 0 107 96
0.046886 -0.623971 -0.048942 1 107 95
0.045297 -0.614797 -0.048183 1 107 95
0.045392 -0.605115 -0.047746 0 106 94
0.044904 -0.595290 -0.045725 0 102 92
0.045200 -0.584828 -0.043301 0 100 90
0.045067 -0.574572 -0.042184 0 96 86
0.044795 -0.565250 -0.042273 0 88 79
0.043788 -0.556457 -0.040966 0 87 78
0.043152 -0.555036 -0.038538 0 86 80
0.043836 -0.545256 -0.036711 0 86 78
0.044959 -0.540848 -0.016542 0 92 84
0.043444 -0.537337 -0.033387 1 88 80
0.044893 -0.535737 -0.023215 1 88 80
0.045010 -0.533471 -0.016511 3 89 81
0.045187 -0.533428 -0.007273 9 91 82
0.044568 -0.523869 -0.026310 2 88 78
0.047813 -0.526085 -0.017138 3 84 74
0.044879 -0.526061 -0.004466 6 90 76
0.048238 -0.522907 0.007109 16 88 74
0.049375 -0.522565 0.013644 16 94 84
0.045009 -0.515251 -0.025435 2 88 79
0.044376 -0.505153 -0.023121 2 90 80
0.042851 -0.496148 -0.022781 0 92 80
0.047086 -0.492699 -0.016137 6 68 58
0.046176 -0.485176 -0.016148 8 74 64
0.044913 -0.474982 -0.004492 52 114 104
0.044027 -0.464712 -0.004859 108 158 150
0.047120 -0.465138 0.016754 146 161 156
0.044961 -0.454192 -0.004676 118 170 161
0.043458 -0.442935 -0.044249 22 104 94
0.044610 -0.434555 -0.045131 10 106 96
0.047208 -0.436101 0.011752 2 106 94
0.045258 -0.425340 -0.045543 2 106 96
0.044994 -0.415105 -0.042787 1 103 94
0.043723 -0.408451 -0.040598 0 102 92
0.044975 -0.404193 -0.037804 0 100 91
0.044681 -0.395389 -0.032805 0 100 92
0.047636 -0.390964 -0.029301 0 102 92
0.045451 -0.385021 -0.026913 0 102 93
0.045027 -0.374979 -0.023539 1 105 96
0.045692 -0.365237 -0.022041 1 106 97
0.046453 -0.354693 -0.022398 0 104 94
0.045752 -0.345312 -0.024128 0 98 90
0.044520 -0.335414 -0.026827 0 95 87
0.044643 -0.337691 0.026995 91 140 132
0.046032 -0.335373 0.034029 104 149 142
0.044964 -0.325068 -0.025233 0 88 80
0.044970 -0.321657 0.045458 205 204 198
0.043676 -0.319230 -0.021149 0 87 80
0.045161 -0.314744 -0.016412 0 94 88
0.045989 -0.314497 0.046230 134 165 160
0.045154 -0.305197 -0.014414 1 98 92
0.045295 -0.295172 -0.014853 2 98 92
0.046042 -0.296337 0.062000 192 188 188
0.045212 -0.285195 -0.016960 1 96 90
0.044161 -0.282379 0.054226 29 108 99
0.047100 -0.285751 0.076737 5 114 103
0.046097 -0.274797 -0.018845 0 93 86
0.047405 -0.274743 0.037254 116 163 154
0.043561 -0.275653 0.055403 24 99 90
0.044755 -0.274483 0.076414 92 139 131
0.045799 -0.265017 -0.017570 1 91 84
0.045040 -0.265522 0.065126 128 142 136
0.045262 -0.255201 -0.016538 2 93 88
0.043464 -0.254714 0.045234 119 148 144
0.045358 -0.245309 -0.017016 1 90 84
0.042945 -0.241917 0.034339 12 95 88
0.046610 -0.245989 0.057536 82 142 134
0.045247 -0.235435 -0.017406 2 92 86
0.045056 -0.236434 0.036133 8 96 88
0.045754 -0.236054 0.043050 13 96 88
0.049141 -0.236701 0.050798 16 94 88
0.044923 -0.225478 -0.017355 4 96 90
0.045090 -0.215217 -0.017287 2 90 84
0.042529 -0.212951 0.037210 6 104 99
0.047016 -0.217039 0.044735 31 102 97
0.043972 -0.205704 -0.015432 1 86 81
0.045392 -0.204566 0.043765 4 102 98
0.047395 -0.207785 0.053090 2 102 96
0.043088 -0.195032 -0.014505 2 88 83
0.043940 -0.184792 -0.013589 6 86 82
0.048006 -0.184219 -0.006251 38 97 96
0.043475 -0.175432 -0.014441 3 88 83
0.045920 -0.174366 0.004407 6 95 88
0.048539 -0.174571 0.026548 84 139 132
0.048310 -0.174663 0.036334 58 120 117
0.049627 -0.174198 0.043798 6 92 90
0.042457 -0.165640 -0.013733 2 88 82
0.042633 -0.164724 -0.003170 1 100 94
0.045098 -0.165361 0.004706 2 101 93
0.046575 -0.165322 0.013810 2 101 94
0.042803 -0.157091 -0.012881 2 88 83
0.042014 -0.156318 -0.003580 1 102 95
0.048762 -0.155230 0.014640 88 138 132
0.046722 -0.142952 -0.001896 101 157 148
0.047887 -0.146419 0.003632 90 144 134
0.046257 -0.133439 -0.013740 30 98 92
0.044977 -0.134806 -0.004446 97 154 145
0.045273 -0.126613 -0.013877 10 90 83
0.044628 -0.126366 -0.004717 30 115 105
0.044914 -0.071256 0.006839 127 136 133
0.046226 -0.070299 0.016470 196 194 192
0.041358 -0.065071 -0.002919 20 80 74
0.044391 -0.064365 0.003431 66 108 102
0.047329 -0.065208 0.014057 134 140 138
0.048178 -0.068343 0.023290 202 198 194
0.046227 -0.056747 0.004853 56 100 95
0.046895 -0.056316 0.013072 66 102 99
0.046085 -0.042720 0.033059 32 91 85
0.045109 -0.035048 -0.003892 14 89 81
0.044651 -0.036126 0.003486 52 106 100
0.045535 -0.036181 0.014371 90 124 120
0.046319 -0.035809 0.025524 100 120 116
0.043825 -0.037213 0.034615 100 136 132
0.044504 -0.037755 0.043362 102 134 132
0.042740 -0.026259 -0.001006 4 90 80
0.045204 0.006848 -0.005430 28 96 87
0.043136 0.012526 -0.007372 1 86 76
0.056737 -0.663204 -0.055521 0 102 92
0.054749 -0.655022 -0.054522 0 104 92
0.055367 -0.644774 -0.053737 0 106 92
0.055275 -0.635455 -0.052212 0 106 94
0.057067 -0.627421 -0.050746 0 106 94
0.054110 -0.623397 -0.048944 0 107 94
0.054738 -0.614994 -0.047794 0 106 94
0.055154 -0.605016 -0.047072 0 104 94
0.055093 -0.595092 -0.045947 0 101 91
0.054973 -0.585244 -0.044632 0 98 88
0.054947 -0.575317 -0.043113 0 95 86
0.055081 -0.566184 -0.042011 0 92 84
0.055645 -0.554611 -0.036574 0 87 82
0.051883 -0.536795 -0.013772 0 85 78
0.053309 -0.532978 -0.005035 2 85 79
0.055813 -0.531990 0.004561 6 82 78
0.051357 -0.526020 -0.004992 14 72 64
0.052709 -0.526632 0.005765 17 78 73
0.058603 -0.524838 0.025400 7 78 72
0.056328 -0.521767 0.032783 31 85 76
0.053648 -0.516368 0.006290 26 57 49
0.054235 -0.512987 0.016122 42 68 60
0.053518 -0.512862 0.027681 44 111 100
0.055368 -0.512735 0.035442 50 112 99
0.056640 -0.515721 0.041008 41 96 88
0.054604 -0.506890 0.004301 28 76 66
0.054748 -0.507827 0.015255 40 68 58
0.054293 -0.504872 0.025415 30 64 60
0.056798 -0.505144 0.038124 71 128 118
0.057920 -0.505370 0.044565 74 114 103
0.057472 -0.499263 0.017929 30 66 58
0.058391 -0.496412 0.033798 94 108 100
0.054114 -0.484471 0.025809 110 137 132
0.054910 -0.484547 0.030643 110 129 125
0.054017 -0.476478 -0.003645 39 94 84
0.057501 -0.473883 0.003960 62 110 100
0.055120 -0.475277 0.025431 174 180 176
0.057472 -0.475281 0.033739 212 204 200
0.055192 -0.463432 0.007571 190 192 187
0.053438 -0.462956 0.025861 210 212 206
0.055916 -0.463466 0.035122 212 210 204
0.055369 -0.452265 0.006662 123 170 164
0.054984 -0.454779 0.013095 128 170 163
0.056912 -0.457409 0.023670 222 218 214
0.057096 -0.445664 0.007873 118 162 156
0.054222 -0.433482 -0.045335 97 150 143
0.054814 -0.425112 -0.045888 12 104 96
0.054849 -0.415052 -0.042719 1 100 92
0.054873 -0.404487 -0.036966 0 98 90
0.055227 -0.396700 -0.032124 0 101 92
0.055056 -0.391783 -0.029299 0 103 94
0.055138 -0.385092 -0.026725 1 104 96
0.054353 -0.375295 -0.025617 2 106 97
0.054565 -0.365071 -0.025927 0 106 96
0.053825 -0.355600 -0.026021 0 104 94
0.057113 -0.343282 -0.031003 0 97 87
0.053078 -0.346374 -0.027686 0 100 90
0.056011 -0.334810 -0.031313 0 90 82
0.054686 -0.324738 -0.026365 0 84 76
0.055514 -0.322524 0.054839 192 194 190
0.055176 -0.314461 -0.016067 1 90 84
0.055826 -0.311533 0.045137 8 100 89
0.057175 -0.316165 0.055861 118 153 148
0.055271 -0.305300 -0.013351 2 95 88
0.055576 -0.304403 0.039171 6 107 96
0.055687 -0.308434 0.042418 4 104 93
0.055050 -0.295261 -0.014914 1 94 88
0.056931 -0.293191 0.053866 92 142 134
0.054177 -0.294765 0.067783 197 193 189
0.053762 -0.286828 -0.017759 2 94 88
0.054088 -0.281199 0.036187 116 162 156
0.052419 -0.283679 0.046524 24 107 96
0.053229 -0.280520 0.068823 86 130 124
0.057107 -0.286439 0.082527 112 160 155
0.055199 -0.274963 -0.018922 2 92 87
0.056194 -0.275670 0.036742 65 128 119
0.055949 -0.274051 0.043689 111 160 152
0.053400 -0.276115 0.056038 8 104 94
0.055018 -0.276900 0.066307 78 132 124
0.056616 -0.273656 0.083956 190 182 182
0.055379 -0.264924 -0.016767 2 91 86
0.055910 -0.264759 0.075609 143 157 152
0.055536 -0.254887 -0.015927 4 92 87
0.054136 -0.252890 0.047128 100 132 128
0.056660 -0.253511 0.054949 162 167 164
0.055043 -0.254478 0.086361 62 122 116
0.056080 -0.253520 0.096643 68 117 112
0.055256 -0.244852 -0.015997 1 90 84
0.057391 -0.247374 0.044526 25 99 91
0.055876 -0.244684 0.056504 80 138 132
0.054555 -0.244223 0.065408 96 148 140
0.054418 -0.246158 0.074430 88 141 134
0.057950 -0.247564 0.083793 92 140 132
0.055699 -0.243651 0.094227 179 174 171
0.055022 -0.235098 -0.015731 2 90 85
0.054730 -0.234400 0.055959 23 98 92
0.057302 -0.236115 0.084449 180 177 174
0.053944 -0.225589 -0.015507 5 96 90
0.053711 -0.222888 0.056992 110 134 131
0.055402 -0.225338 0.065698 129 150 146
0.056706 -0.227525 0.074388 138 150 147
0.052343 -0.217637 -0.013607 3 90 86
0.054633 -0.214755 -0.005169 4 86 80
0.055166 -0.214172 0.002852 1 84 79
0.055137 -0.211992 0.044039 14 70 68
0.055328 -0.213428 0.052970 42 101 98
0.054781 -0.212140 0.066883 60 110 108
0.057925 -0.214936 0.072979 62 116 112
0.054893 -0.209269 0.001732 90 136 132
0.051761 -0.202809 0.025767 20 90 84
0.055831 -0.202455 0.043142 135 160 157
0.055254 -0.194018 0.015359 68 112 112
0.055477 -0.195035 0.025008 54 113 108
0.056772 -0.195070 0.034717 112 143 140
0.051953 -0.184745 -0.003438 62 110 110
0.053928 -0.184683 0.005421 78 124 122
0.055715 -0.187305 0.014830 92 135 134
0.058476 -0.187436 0.024745 93 136 135
0.057186 -0.184451 0.035404 9 96 90
0.056911 -0.182802 0.046349 33 82 78
0.055843 -0.185802 0.054709 75 124 118
0.057120 -0.185057 0.064297 78 119 113
0.053021 -0.174217 0.006843 4 80 76
0.054685 -0.176184 0.014167 4 82 78
0.051473 -0.172953 0.023241 91 146 137
0.053034 -0.174661 0.037848 67 125 120
0.054886 -0.174478 0.045945 111 144 141
0.056144 -0.175354 0.055287 101 140 136
0.057428 -0.175532 0.064714 170 178 173
0.053887 -0.167224 0.016820 98 131 126
0.056812 -0.166722 0.024584 179 185 180
0.055852 -0.164303 0.035721 168 174 168
0.056017 -0.166840 0.045606 185 187 180
0.057459 -0.168139 0.055014 190 190 184
0.055045 -0.153032 0.005828 118 149 144
0.053289 -0.154731 0.014888 104 143 136
0.055377 -0.156903 0.024341 108 141 136
0.055839 -0.155910 0.033637 49 102 95
0.054766 -0.144528 -0.003777 82 122 118
0.054720 -0.145475 0.003519 94 136 128
0.056434 -0.143855 0.016048 50 108 100
0.058611 -0.146550 0.025554 70 114 108
0.054943 -0.134253 -0.014024 65 109 105
0.055521 -0.133620 -0.003819 30 98 91
0.057283 -0.134914 0.004255 10 79 70
0.056470 -0.134746 0.013586 39 96 91
0.051492 -0.128733 -0.012225 10 82 76
0.053045 -0.126604 -0.004558 6 89 79
0.053607 -0.116633 -0.003097 9 87 77
0.055467 -0.114812 0.003113 71 124 119
0.056186 -0.108094 0.004085 92 145 138
0.054048 -0.063483 0.026328 146 142 140
0.056249 -0.064848 0.034257 188 179 176
0.053137 -0.054050 0.014996 52 89 84
0.056498 -0.052646 0.025708 45 86 82
0.055473 -0.046876 0.035710 54 103 97
0.055375 -0.046429 0.043415 70 114 108
0.056165 -0.044691 0.054096 108 133 129
0.058552 -0.044965 0.060776 118 133 130
0.052842 -0.039368 0.005065 89 104 102
0.053233 -0.034760 0.026490 126 130 128
0.054911 -0.035791 0.034646 134 136 134
0.056906 -0.037484 0.044394 173 172 170
0.056715 -0.002422 -0.003568 76 132 120
0.055178 0.004810 -0.005511 60 118 108
0.066103 -0.672197 -0.058328 0 102 90
0.065554 -0.664462 -0.056362 0 102 89
0.064719 -0.655006 -0.055238 0 104 90
0.065447 -0.644841 -0.054426 0 104 92
0.065072 -0.635246 -0.053315 0 105 92
0.065118 -0.626364 -0.051274 0 104 92
0.065333 -0.614575 -0.047902 0 102 92
0.065406 -0.605112 -0.046226 0 102 91
0.065015 -0.595413 -0.045378 0 99 88
0.065201 -0.585231 -0.044385 0 96 86
0.065010 -0.574858 -0.042381 0 92 84
0.063642 -0.566396 -0.041187 0 91 82
0.067141 -0.563288 -0.038137 0 90 82
0.064533 -0.556859 -0.034052 0 90 82
0.068039 -0.553751 -0.026152 1 89 83
0.066036 -0.545790 -0.013443 0 88 82
0.064313 -0.533800 0.013384 8 74 69
0.064390 -0.524914 0.033966 24 74 71
0.066727 -0.523336 0.044468 70 120 114
0.062081 -0.513706 0.046453 58 93 88
0.066322 -0.515429 0.055865 98 122 119
0.066623 -0.513076 0.065540 142 160 155
0.065907 -0.503283 0.065176 200 201 196
0.068001 -0.505352 0.071492 187 189 183
0.061400 -0.494030 0.048129 181 183 179
0.063364 -0.494236 0.055860 195 192 187
0.066424 -0.495646 0.065440 213 211 206
0.068836 -0.494872 0.074121 226 218 210
0.062123 -0.484380 0.046820 169 168 161
0.064756 -0.483929 0.055575 204 201 195
0.067574 -0.485178 0.064434 224 216 210
0.069216 -0.486724 0.071483 228 218 212
0.064777 -0.476315 0.035461 180 188 178
0.064627 -0.475301 0.046806 204 200 194
0.066481 -0.475070 0.055523 212 205 199
0.068890 -0.475589 0.064301 220 212 205
0.062930 -0.462595 0.037977 216 208 206
0.063920 -0.462955 0.045861 221 214 209
0.066895 -0.464428 0.054318 225 219 214
0.067810 -0.465908 0.064346 226 221 218
0.066265 -0.454164 0.006503 84 138 128
0.066377 -0.456441 0.014660 134 156 148
0.064448 -0.455275 0.025361 223 219 216
0.065174 -0.456808 0.034482 225 219 214
0.067427 -0.457545 0.044140 225 219 212
0.065481 -0.442623 0.008531 118 164 157
0.066247 -0.437566 0.006155 122 168 162
0.064438 -0.424165 -0.044507 44 118 110
0.064664 -0.415661 -0.042183 0 99 90
0.067167 -0.411050 -0.039229 0 98 89
0.064964 -0.404938 -0.035778 0 100 90
0.064764 -0.396442 -0.031534 0 102 93
0.064205 -0.392391 -0.029144 0 104 94
0.064093 -0.386370 -0.028344 1 108 96
0.066910 -0.374158 -0.031985 1 106 98
0.066843 -0.364990 -0.032738 0 104 95
0.066204 -0.355150 -0.032402 0 102 93
0.065578 -0.345074 -0.033323 0 100 91
0.064729 -0.335290 -0.033241 0 92 84
0.064757 -0.327892 -0.031503 0 82 77
0.064827 -0.323026 -0.026806 0 80 74
0.065396 -0.314191 -0.015293 2 90 84
0.066591 -0.314028 0.044634 39 97 90
0.067001 -0.313112 0.055006 115 144 138
0.065151 -0.305167 -0.013725 4 94 88
0.065310 -0.308085 0.055053 40 120 108
0.065884 -0.308052 0.062643 10 103 90
0.065338 -0.303058 0.076438 131 148 143
0.064757 -0.296108 -0.015499 2 92 87
0.069289 -0.297181 0.033545 91 134 132
0.065242 -0.284862 -0.016908 2 90 84
0.065370 -0.286666 0.091346 112 160 154
0.064248 -0.274918 -0.017695 9 92 86
0.063338 -0.271786 0.037158 8 90 81
0.062745 -0.274782 0.043602 97 141 134
0.065267 -0.271215 0.054066 122 168 159
0.065911 -0.277540 0.066331 8 102 91
0.067203 -0.275362 0.101191 198 196 192
0.064275 -0.265101 -0.015347 4 92 86
0.068945 -0.263178 -0.006158 6 90 84
0.064775 -0.266680 0.035981 14 90 80
0.065258 -0.266844 0.044105 30 100 90
0.064940 -0.262103 0.065549 212 210 206
0.063661 -0.255086 -0.013405 4 92 86
0.068241 -0.253716 -0.005452 17 94 90
0.063586 -0.255473 0.065683 206 206 204
0.062182 -0.252026 0.086937 62 130 122
0.065032 -0.252975 0.096527 82 126 120
0.065604 -0.255698 0.104357 92 129 122
0.066953 -0.256334 0.114206 53 116 108
0.063561 -0.244834 -0.013476 9 88 83
0.067317 -0.246669 -0.007783 61 116 112
0.064949 -0.240644 0.034673 4 94 89
0.065586 -0.245524 0.044884 12 98 90
0.063402 -0.246666 0.053110 117 152 145
0.063725 -0.242989 0.066032 84 130 125
0.065836 -0.243987 0.074475 104 149 142
0.062597 -0.242304 0.097632 172 170 167
0.065334 -0.243443 0.105206 177 171 167
0.066617 -0.245319 0.114382 175 170 167
0.067535 -0.244443 0.123966 181 176 174
0.062727 -0.236010 -0.012687 4 87 81
0.064606 -0.234143 -0.004821 4 88 81
0.066616 -0.236413 0.005835 84 139 134
0.066740 -0.235461 0.013650 109 148 145
0.066771 -0.234555 0.022552 120 162 156
0.066015 -0.234976 0.035983 32 104 101
0.066094 -0.237054 0.055604 26 108 101
0.065920 -0.237733 0.063737 72 132 126
0.065301 -0.233447 0.086134 173 167 164
0.064447 -0.236171 0.094995 184 176 173
0.064512 -0.224328 0.015084 99 134 130
0.067636 -0.225811 0.066960 176 188 184
0.066450 -0.226684 0.075423 178 176 174
0.067817 -0.226663 0.082148 169 165 163
0.067575 -0.223131 0.105422 148 149 146
0.062162 -0.216213 0.004470 76 118 115
0.065291 -0.216415 0.013675 80 124 123
0.064482 -0.213505 0.026336 13 84 79
0.066060 -0.210986 0.033242 76 116 108
0.062949 -0.211287 0.045668 124 151 149
0.066288 -0.217747 0.056679 26 88 86
0.065405 -0.215969 0.062084 94 120 120
0.064311 -0.213405 0.075721 87 118 114
0.067275 -0.215853 0.086498 136 149 145
0.068105 -0.216568 0.095118 163 164 160
0.068979 -0.216265 0.101500 178 175 174
0.065319 -0.206764 0.026208 34 92 88
0.066273 -0.204433 0.036191 60 111 106
0.066984 -0.204419 0.046153 131 152 151
0.066109 -0.202419 0.055172 115 151 149
0.065379 -0.205674 0.064452 97 133 132
0.064328 -0.206220 0.076343 160 174 172
0.067394 -0.206560 0.084643 184 179 178
0.067590 -0.206850 0.093732 179 174 173
0.061840 -0.194107 0.026001 118 144 143
0.063087 -0.193936 0.036952 92 121 117
0.065984 -0.196672 0.044566 83 126 123
0.065580 -0.196253 0.054350 161 174 172
0.067290 -0.195361 0.063039 163 173 169
0.065608 -0.194985 0.086586 130 149 144
0.064314 -0.187370 0.035108 92 118 114
0.063698 -0.183497 0.047729 57 96 92
0.065340 -0.184344 0.053684 102 128 124
0.065627 -0.184867 0.064171 139 154 152
0.067612 -0.182620 0.075028 156 166 164
0.065212 -0.185475 0.083164 145 168 164
0.064097 -0.175040 0.036384 168 174 173
0.063600 -0.176260 0.045396 94 132 130
0.064049 -0.175622 0.053603 92 130 126
0.066194 -0.174913 0.063384 108 142 140
0.064398 -0.176385 0.073064 126 148 143
0.063638 -0.165597 0.025708 159 163 163
0.062388 -0.164412 0.035579 171 181 179
0.063901 -0.164144 0.047501 194 189 184
0.064689 -0.165079 0.053681 148 165 159
0.063187 -0.153205 0.008047 181 184 184
0.064557 -0.155473 0.014015 178 178 178
0.066648 -0.153651 0.025523 140 151 149
0.063288 -0.153094 0.035392 96 128 123
0.064170 -0.157631 0.044751 160 180 174
0.064324 -0.143353 -0.003984 106 122 120
0.067323 -0.145863 0.004252 134 140 140
0.063183 -0.142885 0.015589 111 140 133
0.063631 -0.144718 0.025342 146 160 154
0.064396 -0.145809 0.033682 164 168 164
0.063306 -0.135930 -0.011651 92 119 117
0.063553 -0.135915 -0.006339 94 124 121
0.063388 -0.136071 0.003923 42 97 88
0.065631 -0.135741 0.016149 125 140 133
0.066229 -0.136773 0.024313 179 181 177
0.066447 -0.136166 0.033944 178 181 176
0.067686 -0.135581 0.043406 178 176 172
0.068191 -0.137719 0.050997 169 172 167
0.065976 -0.111087 0.012679 118 133 130
0.067507 -0.096633 0.024437 182 178 176
0.067018 -0.057662 0.027167 176 166 161
0.065948 -0.055728 0.035565 180 170 166
0.064179 -0.053994 0.045146 164 160 157
0.065440 -0.054860 0.054617 185 182 178
0.066082 -0.055334 0.065811 216 210 206
0.065826 -0.048276 0.036773 118 136 130
0.066809 -0.046025 0.044235 138 140 138
0.066139 -0.043618 0.055609 168 174 170
0.066769 -0.045057 0.061962 192 190 189
0.065469 -0.035947 0.035834 175 176 172
0.065328 -0.037183 0.044479 181 180 178
0.066344 -0.038268 0.052320 193 192 190
0.065697 -0.004780 -0.004160 48 100 91
0.066301 0.003896 -0.016481 68 120 114
0.065223 0.003509 -0.006309 6 88 76
0.075448 -0.674944 -0.061542 0 102 90
0.077728 -0.669727 -0.060527 0 102 90
0.074724 -0.664785 -0.057592 0 102 89
0.075192 -0.654620 -0.055528 0 102 90
0.074921 -0.644823 -0.055664 0 103 90
0.075225 -0.634846 -0.054384 0 103 92
0.075488 -0.626266 -0.051662 0 102 92
0.073504 -0.621507 -0.049538 0 102 91
0.075198 -0.615119 -0.047943 0 100 90
0.075429 -0.605180 -0.045913 0 98 88
0.075154 -0.595341 -0.045282 0 93 84
0.075039 -0.584957 -0.043408 0 90 82
0.073573 -0.575967 -0.042320 0 88 82
0.076705 -0.572808 -0.038034 0 88 82
0.073454 -0.566117 -0.035296 0 87 80
0.076994 -0.563530 -0.026360 2 86 82
0.072851 -0.556873 -0.024219 2 86 82
0.076268 -0.555572 -0.016811 2 86 82
0.075809 -0.547497 -0.003847 4 88 83
0.076558 -0.543723 0.004431 6 83 78
0.076143 -0.534440 0.023575 18 74 71
0.075955 -0.523098 0.046139 106 132 128
0.075115 -0.521305 0.052456 140 153 151
0.073962 -0.516974 0.047270 102 133 128
0.075282 -0.514440 0.054494 201 195 192
0.075261 -0.513502 0.066451 205 198 194
0.074596 -0.512697 0.072634 207 203 198
0.075602 -0.504584 0.045786 209 200 198
0.076142 -0.504642 0.055522 211 201 196
0.075165 -0.504540 0.064962 219 209 204
0.074137 -0.505210 0.074030 223 215 209
0.077400 -0.494187 0.036607 216 206 202
0.073543 -0.495165 0.044953 212 202 200
0.074119 -0.494869 0.055725 216 205 200
0.073867 -0.495423 0.065308 226 215 211
0.073031 -0.496413 0.073403 234 225 220
0.078064 -0.482910 0.026976 216 204 201
0.075331 -0.485026 0.034546 214 204 201
0.072091 -0.485233 0.044506 214 205 203
0.073601 -0.485080 0.055127 219 208 203
0.074277 -0.484754 0.065347 230 220 214
0.072278 -0.486695 0.073178 240 230 224
0.077564 -0.472662 0.014997 95 136 128
0.076447 -0.473661 0.026029 169 176 167
0.072749 -0.474382 0.033940 203 199 191
0.070818 -0.474065 0.044008 209 202 197
0.073302 -0.474688 0.055023 226 215 211
0.072886 -0.474828 0.063797 236 226 218
0.079653 -0.466523 0.016455 94 134 128
0.077848 -0.466514 0.025275 143 153 144
0.075956 -0.464005 0.035644 196 195 186
0.073120 -0.464653 0.044881 212 206 198
0.073525 -0.464765 0.055447 232 222 214
0.073225 -0.468251 0.061627 239 228 220
0.073050 -0.452089 0.007290 84 132 122
0.073157 -0.453661 0.016168 150 166 158
0.076509 -0.455806 0.026426 210 200 196
0.075621 -0.454703 0.034712 222 210 207
0.074490 -0.456807 0.044671 214 206 198
0.074871 -0.457468 0.053399 227 220 211
0.075382 -0.445927 0.006080 95 150 142
0.078007 -0.443179 0.012802 113 164 155
0.075514 -0.445087 0.026110 233 226 218
0.077743 -0.446833 0.034005 230 220 216
0.074501 -0.435207 0.007201 121 166 161
0.074870 -0.435000 0.012992 121 167 161
0.074414 -0.422937 -0.043435 81 136 129
0.074544 -0.416098 -0.041486 2 96 88
0.075120 -0.411594 -0.038869 0 98 90
0.074976 -0.405029 -0.034987 0 100 92
0.075574 -0.395625 -0.032354 0 104 96
0.075654 -0.384992 -0.033513 1 106 98
0.074648 -0.375524 -0.035507 1 106 98
0.075000 -0.365303 -0.036339 0 104 94
0.074644 -0.355041 -0.036273 0 102 93
0.074879 -0.345317 -0.036764 0 102 93
0.074766 -0.335027 -0.036060 0 94 86
0.074002 -0.327658 -0.032709 0 80 74
0.074417 -0.323837 -0.027121 0 77 72
0.073588 -0.314125 -0.014511 2 87 82
0.073325 -0.313653 0.055150 108 135 130
0.074670 -0.314613 0.063767 149 172 170
0.074258 -0.305277 -0.012650 6 94 88
0.074377 -0.300446 0.021782 92 136 134
0.074213 -0.304695 0.054837 20 94 87
0.075585 -0.306622 0.064534 53 112 104
0.078450 -0.306340 0.074706 82 120 114
0.073400 -0.296809 -0.013667 4 93 88
0.075532 -0.296073 -0.004697 4 90 84
0.074605 -0.293431 0.006320 10 92 85
0.074691 -0.294488 0.014728 85 132 127
0.076079 -0.297515 0.024681 88 132 129
0.074998 -0.295467 0.034012 91 134 130
0.075144 -0.294701 0.066675 124 150 146
0.070471 -0.285054 -0.012883 116 158 154
0.073766 -0.284764 -0.004920 90 134 130
0.074654 -0.286241 0.005231 77 131 125
0.074999 -0.284554 0.013813 2 89 80
0.077720 -0.284418 0.025114 4 75 68
0.077072 -0.283485 0.034820 93 112 112
0.073061 -0.283892 0.046397 89 120 114
0.076801 -0.283828 0.103598 46 101 94
0.074588 -0.276767 -0.006349 44 106 100
0.075758 -0.273177 0.004709 6 85 80
0.077166 -0.274476 0.015104 12 80 75
0.076367 -0.274615 0.024816 18 78 71
0.075359 -0.275786 0.036764 44 92 88
0.074638 -0.275517 0.044893 94 132 128
0.076107 -0.272109 0.058829 94 140 134
0.076954 -0.272894 0.063952 91 140 134
0.075807 -0.277069 0.084570 57 108 100
0.076427 -0.274752 0.095597 113 128 122
0.077963 -0.278140 0.103628 108 122 116
0.077831 -0.276933 0.110951 194 194 189
0.072679 -0.264138 -0.002642 8 88 84
0.073376 -0.265738 0.005161 10 84 81
0.076064 -0.264380 0.014807 64 92 90
0.077918 -0.267253 0.024186 119 136 134
0.077192 -0.266556 0.037145 93 141 135
0.076013 -0.265222 0.044277 78 133 126
0.076609 -0.266601 0.053906 97 142 135
0.075525 -0.266986 0.085015 138 140 136
0.078030 -0.267771 0.092797 196 192 187
0.076852 -0.262144 0.124129 185 188 185
0.071496 -0.254908 -0.002586 80 126 122
0.074023 -0.255452 0.005586 76 118 114
0.076610 -0.254895 0.014329 76 120 115
0.078419 -0.252911 0.036949 11 86 79
0.074441 -0.252916 0.055246 95 140 133
0.074535 -0.255188 0.065570 176 180 176
0.076778 -0.256149 0.074520 194 192 188
0.076796 -0.252754 0.097677 58 112 105
0.072951 -0.255874 0.107727 160 168 166
0.075420 -0.253679 0.117025 177 172 169
0.074380 -0.254712 0.126777 78 131 122
0.077150 -0.253396 0.142785 90 124 122
0.074557 -0.242758 -0.004391 151 167 167
0.075949 -0.244815 0.006891 90 132 130
0.073124 -0.242143 0.013950 113 152 147
0.075645 -0.244895 0.025639 47 112 106
0.075010 -0.244550 0.033377 56 118 113
0.074259 -0.243451 0.045550 42 99 95
0.076797 -0.245646 0.054309 130 156 153
0.076332 -0.246728 0.064343 95 134 129
0.077025 -0.245035 0.074746 132 152 148
0.074816 -0.247085 0.085316 161 177 172
0.074293 -0.245825 0.096885 68 126 119
0.073339 -0.246260 0.115628 170 162 158
0.072527 -0.246901 0.124718 170 172 168
0.074286 -0.244120 0.135325 125 138 138
0.077723 -0.244545 0.142519 88 116 120
0.072842 -0.236486 -0.005824 80 127 124
0.072887 -0.236513 0.006254 65 123 118
0.073834 -0.233872 0.014653 136 164 161
0.073831 -0.234129 0.025031 185 186 184
0.075137 -0.232449 0.035318 151 170 167
0.075428 -0.234688 0.043711 102 142 142
0.074717 -0.235654 0.054529 63 125 120
0.077472 -0.237043 0.064844 59 109 102
0.075611 -0.236602 0.095060 192 190 188
0.074624 -0.236424 0.103660 172 168 164
0.075778 -0.235203 0.134559 188 189 193
0.075760 -0.233138 0.145559 166 170 173
0.076994 -0.226674 0.015846 87 135 130
0.074039 -0.224178 0.025968 143 161 160
0.075232 -0.226090 0.034592 146 165 162
0.076715 -0.225859 0.041950 137 161 160
0.074663 -0.223657 0.073188 124 147 144
0.075516 -0.224442 0.081564 128 147 140
0.071902 -0.223540 0.093203 114 129 125
0.072667 -0.222920 0.105806 171 170 167
0.074236 -0.222756 0.114119 167 163 161
0.075803 -0.222290 0.126071 156 153 150
0.077972 -0.222756 0.131700 160 154 155
0.077147 -0.216717 0.026325 86 127 125
0.077171 -0.214983 0.035231 158 176 176
0.074383 -0.211714 0.046634 137 142 139
0.076508 -0.213209 0.053537 158 167 164
0.075610 -0.217248 0.063006 126 144 142
0.073273 -0.213527 0.077766 112 132 128
0.074861 -0.213463 0.084444 155 159 155
0.075970 -0.214761 0.095702 176 173 171
0.072614 -0.214815 0.105098 186 180 179
0.074406 -0.216066 0.114142 189 181 180
0.077451 -0.214872 0.122988 176 174 172
0.073670 -0.203387 0.036536 118 144 142
0.074468 -0.204687 0.044786 145 162 159
0.074536 -0.203228 0.053773 144 157 155
0.075495 -0.204106 0.065518 158 168 168
0.075504 -0.206894 0.074563 171 172 171
0.074573 -0.208026 0.085928 191 182 180
0.073304 -0.207425 0.094172 185 179 177
0.075488 -0.205390 0.105506 120 145 142
0.075275 -0.206939 0.115830 78 125 125
0.076189 -0.194300 0.004443 180 184 181
0.075706 -0.193256 0.015310 190 186 185
0.075538 -0.194665 0.024823 171 170 172
0.072588 -0.197047 0.036377 106 136 131
0.076616 -0.195803 0.046009 112 142 138
0.075774 -0.193986 0.055139 175 181 178
0.075506 -0.193562 0.065628 184 178 177
0.076275 -0.192501 0.074266 119 134 132
0.074213 -0.191626 0.087439 36 90 85
0.074524 -0.194827 0.095682 136 153 148
0.076862 -0.195366 0.103073 141 155 150
0.076230 -0.187285 0.006456 115 137 135
0.077099 -0.188026 0.016413 172 173 171
0.077129 -0.185438 0.024828 200 192 190
0.074647 -0.185853 0.045996 111 120 120
0.074925 -0.186719 0.056064 138 152 150
0.074397 -0.185560 0.065085 178 175 172
0.073266 -0.187379 0.074859 140 158 155
0.074198 -0.183871 0.085448 154 171 167
0.074732 -0.183774 0.094449 161 172 171
0.076664 -0.185931 0.103652 158 166 164
0.079482 -0.185221 0.111610 186 180 178
0.074532 -0.173128 0.034976 176 174 173
0.075374 -0.173638 0.066402 144 158 155
0.074484 -0.174343 0.073748 156 168 164
0.075555 -0.176335 0.093488 201 198 196
0.076320 -0.175973 0.101562 184 186 186
0.072360 -0.165725 0.018801 98 114 113
0.075225 -0.165812 0.025023 102 122 119
0.076031 -0.165193 0.033964 172 174 172
0.075533 -0.165384 0.045484 205 197 195
0.073829 -0.164115 0.055340 199 194 192
0.075402 -0.167477 0.065708 153 173 168
0.075527 -0.153188 0.015452 174 168 169
0.076168 -0.157128 0.023160 176 172 174
0.077955 -0.159444 0.032410 130 144 139
0.077055 -0.155721 0.047090 186 188 184
0.073722 -0.144544 0.005203 172 170 170
0.076260 -0.146494 0.013699 174 170 170
0.074457 -0.142487 0.063331 168 164 162
0.075059 -0.143748 0.074651 163 161 159
0.077474 -0.145975 0.083569 170 162 160
0.076065 -0.134408 0.016014 164 165 161
0.072922 -0.135151 0.025241 179 174 169
0.072451 -0.133873 0.034696 190 187 182
0.074170 -0.134391 0.045581 190 184 176
0.074768 -0.137980 0.055284 176 170 167
0.073985 -0.133893 0.067493 187 182 180
0.075286 -0.134402 0.073812 189 184 182
0.077794 -0.136333 0.083933 200 194 194
0.074209 -0.125459 0.015430 128 140 133
0.074061 -0.123230 0.045462 198 193 188
0.076219 -0.125503 0.057938 198 189 186
0.076651 -0.127005 0.064622 196 188 184
0.075308 -0.112682 0.024153 194 188 183
0.077774 -0.115095 0.033161 202 194 190
0.072202 -0.107602 0.017604 199 193 190
0.075805 -0.105795 0.026266 183 173 170
0.074381 -0.094038 0.026670 182 171 168
0.075005 -0.093970 0.032162 190 178 175
0.076668 -0.085624 0.024950 191 176 172
0.072392 -0.053208 0.033954 170 160 155
0.076579 -0.043106 -0.004077 90 110 106
0.077315 -0.041279 0.003285 154 155 152
0.077390 -0.041488 0.013192 158 156 152
0.076962 -0.046937 0.027997 175 166 162
0.074137 -0.048394 0.036188 169 160 154
0.075691 -0.046411 0.045176 177 168 164
0.074576 -0.043532 0.053797 194 188 184
0.075265 -0.035524 -0.004620 70 112 105
0.074584 -0.037771 0.005078 124 132 128
0.075375 -0.037297 0.014677 166 164 162
0.076293 -0.038529 0.023741 175 172 170
0.074014 -0.035230 0.035971 167 164 160
0.076218 -0.035780 0.044502 184 180 176
0.076589 -0.026872 -0.005070 32 80 73
0.076650 -0.013129 -0.004854 59 106 99
0.077345 -0.011072 0.006022 182 184 180
0.076877 -0.004047 -0.011481 96 123 118
0.074624 -0.004827 -0.005059 95 132 127
0.074793 -0.007947 0.003002 184 186 184
0.074762 0.003703 -0.015244 86 132 126
0.074526 0.002950 -0.007373 33 98 90
0.085598 -0.683081 -0.064536 3 100 89
0.084801 -0.675263 -0.062861 3 101 90
0.084533 -0.668979 -0.060694 3 100 90
0.084539 -0.663636 -0.058249 2 100 89
0.085118 -0.654517 -0.056721 1 99 88
0.085287 -0.644990 -0.056847 1 100 89
0.084931 -0.635169 -0.055577 2 100 90
0.085593 -0.625383 -0.052185 1 98 88
0.085240 -0.614347 -0.048447 0 96 86
0.085438 -0.605090 -0.046758 0 92 83
0.085090 -0.595505 -0.046108 0 86 78
0.083866 -0.585983 -0.043517 0 84 78
0.083186 -0.575189 -0.034789 0 86 79
0.085246 -0.573200 -0.028041 0 86 78
0.082210 -0.567180 -0.024434 0 86 81
0.084615 -0.565322 -0.015655 2 84 78
0.082045 -0.555482 -0.006612 6 84 80
0.087001 -0.555369 0.004352 4 70 64
0.084934 -0.545156 0.015728 6 70 64
0.087257 -0.543705 0.022148 24 76 70
0.083387 -0.537303 0.026623 42 96 90
0.085629 -0.534224 0.035374 106 140 134
0.085014 -0.524699 0.037975 114 140 137
0.086018 -0.524531 0.045915 191 190 186
0.087880 -0.521376 0.054675 219 211 202
0.089308 -0.511916 0.024370 194 190 186
0.087332 -0.513099 0.036948 221 210 206
0.083981 -0.515092 0.044268 218 208 205
0.084869 -0.515103 0.054585 214 207 200
0.087662 -0.503677 0.026462 207 199 195
0.086086 -0.504459 0.033773 210 202 199
0.085838 -0.504347 0.046230 220 210 202
0.082940 -0.507042 0.052745 218 208 200
0.088838 -0.492354 -0.034480 5 61 56
0.086918 -0.493737 0.017281 160 156 152
0.085206 -0.494857 0.025284 207 197 193
0.083617 -0.496619 0.032642 216 206 203
0.083592 -0.496682 0.044013 220 209 202
0.087320 -0.485932 -0.034128 8 57 52
0.085899 -0.484984 -0.024178 8 60 56
0.086439 -0.485124 -0.017175 8 60 51
0.086912 -0.483421 0.018039 203 195 190
0.084155 -0.484747 0.024021 215 205 200
0.085790 -0.486618 0.033919 221 211 204
0.085117 -0.474495 -0.014631 70 114 109
0.084642 -0.473652 -0.005481 68 109 102
0.086051 -0.474523 0.017602 217 206 201
0.083745 -0.475370 0.022789 218 208 205
0.086966 -0.462843 0.006794 102 138 132
0.085389 -0.464784 0.017284 215 204 200
0.081642 -0.465393 0.021908 162 172 165
0.084942 -0.453730 0.006619 100 144 138
0.086269 -0.456513 0.016526 154 167 162
0.083418 -0.454709 0.024067 160 173 166
0.085280 -0.453254 0.035558 121 135 123
0.085779 -0.453169 0.046133 216 208 199
0.085354 -0.454279 0.053703 227 218 210
0.085383 -0.445379 -0.023619 116 128 122
0.085552 -0.444090 -0.013686 158 166 159
0.085155 -0.444050 -0.003871 200 200 194
0.084841 -0.444971 0.004928 146 177 170
0.084008 -0.440938 0.013285 112 162 154
0.085409 -0.445533 0.024741 224 213 208
0.084927 -0.446388 0.033642 122 144 134
0.083669 -0.434956 0.007752 236 229 224
0.085487 -0.435154 0.014465 155 181 174
0.082534 -0.422850 -0.043116 123 164 156
0.086504 -0.426798 0.016243 123 166 160
0.087740 -0.421462 0.025057 66 128 126
0.083848 -0.417314 -0.041115 18 100 90
0.085202 -0.413431 -0.038518 27 112 102
0.085111 -0.404809 -0.035204 0 102 92
0.084900 -0.395137 -0.034592 0 106 95
0.088521 -0.383165 -0.041126 0 106 95
0.083804 -0.385727 -0.037414 0 106 96
0.087342 -0.376930 -0.040884 0 106 94
0.083282 -0.377188 -0.039096 0 106 96
0.084252 -0.374482 0.015744 80 130 126
0.086490 -0.364185 -0.041277 0 105 93
0.085097 -0.364528 0.015540 88 136 132
0.086513 -0.355342 -0.041832 0 104 93
0.087021 -0.355021 0.014628 26 85 80
0.086506 -0.346339 -0.041037 0 104 94
0.084756 -0.334390 -0.037670 0 94 86
0.083366 -0.336420 0.096833 90 145 136
0.088715 -0.333897 0.104926 106 140 135
0.085592 -0.330187 0.115714 23 94 87
0.085015 -0.326579 -0.033480 0 80 74
0.084496 -0.322134 -0.026291 1 78 74
0.087016 -0.325170 0.026104 102 136 130
0.087369 -0.324612 0.033935 89 128 123
0.086907 -0.323741 0.114304 72 120 112
0.086310 -0.316868 -0.014051 0 86 80
0.087466 -0.311033 0.054160 178 184 178
0.086681 -0.315317 0.116070 75 129 120
0.087999 -0.314773 0.122931 76 131 121
0.083779 -0.302357 0.006189 46 111 104
0.085554 -0.302796 0.014452 68 120 114
0.087274 -0.303563 0.025635 124 146 142
0.086977 -0.302837 0.034770 101 135 131
0.086712 -0.306613 0.044399 133 148 144
0.087396 -0.306655 0.053830 181 184 179
0.086745 -0.302023 0.063733 119 140 136
0.083396 -0.303515 0.077392 144 159 156
0.084628 -0.304804 0.126651 18 111 100
0.087814 -0.301158 0.133764 69 133 124
0.086572 -0.296267 -0.012702 20 90 82
0.085932 -0.296540 -0.005125 68 129 124
0.086510 -0.297404 0.004907 73 134 128
0.084987 -0.295535 0.014358 122 148 144
0.085429 -0.295874 0.025224 184 190 188
0.086631 -0.296262 0.033940 129 157 154
0.085625 -0.293956 0.042455 103 146 141
0.087187 -0.294982 0.053760 88 132 130
0.088853 -0.295254 0.063693 130 150 147
0.084449 -0.292347 0.075797 140 149 144
0.085220 -0.296396 0.084212 156 154 150
0.087173 -0.295379 0.127295 64 126 116
0.088004 -0.284768 0.014928 180 182 182
0.085853 -0.282090 0.036616 149 160 159
0.085248 -0.282885 0.044251 145 157 156
0.086047 -0.281993 0.054612 113 138 136
0.086456 -0.285063 0.064615 157 166 164
0.087349 -0.287358 0.074375 160 171 167
0.084715 -0.284360 0.095465 146 156 151
0.085779 -0.283701 0.105162 142 148 144
0.087924 -0.287778 0.133583 84 140 130
0.083201 -0.273089 -0.002960 64 86 84
0.084982 -0.272182 0.006155 86 123 121
0.085735 -0.275176 0.014983 110 136 135
0.083229 -0.276505 0.025620 100 134 129
0.083193 -0.273890 0.035467 90 129 125
0.085019 -0.274684 0.044979 124 148 146
0.086478 -0.277174 0.053349 151 163 162
0.086034 -0.271221 0.065589 100 133 130
0.085468 -0.276317 0.086296 88 122 118
0.085685 -0.274554 0.095634 152 154 150
0.086007 -0.274932 0.105193 164 160 156
0.086504 -0.275862 0.113220 166 162 158
0.085725 -0.265286 -0.013546 18 77 69
0.085660 -0.266614 -0.005172 30 77 71
0.086972 -0.267775 0.003722 52 98 92
0.083139 -0.262815 0.016801 145 159 158
0.084201 -0.265070 0.025763 174 183 184
0.085697 -0.265688 0.036936 115 149 146
0.086567 -0.265971 0.043230 142 166 163
0.086782 -0.265881 0.053510 128 154 151
0.084894 -0.265092 0.066160 108 132 129
0.086389 -0.263912 0.075199 154 163 161
0.087394 -0.263186 0.086427 103 113 111
0.086522 -0.267391 0.094740 157 165 163
0.084710 -0.263411 0.135074 168 166 164
0.084371 -0.253633 0.016688 181 188 187
0.086122 -0.256202 0.045986 67 122 116
0.082474 -0.254464 0.055491 111 135 131
0.083851 -0.254158 0.066613 134 143 140
0.084306 -0.254329 0.074960 158 164 163
0.086914 -0.256258 0.082775 167 170 168
0.086813 -0.255405 0.094670 172 178 176
0.085136 -0.254432 0.105119 163 166 165
0.082714 -0.255472 0.135036 168 167 166
0.082438 -0.258007 0.144776 75 128 121
0.084672 -0.241604 -0.004371 123 142 144
0.087985 -0.242645 0.004214 160 172 176
0.087018 -0.244495 0.013994 152 162 164
0.084786 -0.245764 0.024558 115 143 143
0.086309 -0.245781 0.035020 142 155 154
0.085696 -0.245718 0.045472 130 152 153
0.085220 -0.246240 0.056228 146 160 158
0.084009 -0.246975 0.064650 173 176 175
0.082448 -0.246931 0.073327 157 168 168
0.082641 -0.245323 0.087501 190 184 181
0.083972 -0.244755 0.094980 178 174 172
0.085318 -0.242191 0.104390 175 174 172
0.086426 -0.245352 0.112924 166 165 163
0.084872 -0.243942 0.145743 151 162 162
0.086526 -0.244598 0.155941 103 126 130
0.085815 -0.233519 -0.011867 16 76 74
0.086892 -0.234834 -0.006120 110 142 144
0.088422 -0.237747 0.003120 168 180 184
0.086300 -0.233533 0.035587 99 132 126
0.086979 -0.233821 0.044330 122 141 141
0.084920 -0.233079 0.056005 100 130 131
0.085332 -0.236449 0.064867 157 165 164
0.087222 -0.234390 0.074871 164 160 158
0.087184 -0.232809 0.086131 148 150 150
0.084977 -0.234411 0.092959 154 156 156
0.087309 -0.234045 0.107189 162 169 164
0.087420 -0.232545 0.113162 191 191 189
0.083448 -0.233876 0.137234 172 173 173
0.086224 -0.233821 0.144124 181 181 184
0.085968 -0.234395 0.154373 180 180 184
0.087508 -0.232909 0.163080 184 182 185
0.084403 -0.224326 0.035526 138 155 153
0.084973 -0.225862 0.044979 135 152 152
0.086873 -0.225255 0.054028 143 161 158
0.084368 -0.224554 0.067259 135 143 142
0.085813 -0.226898 0.076304 143 149 147
0.085121 -0.227434 0.081206 69 99 94
0.084160 -0.228118 0.103326 99 129 126
0.082721 -0.226584 0.114216 182 190 186
0.083545 -0.226847 0.125341 99 129 125
0.086537 -0.222198 0.136031 133 142 142
0.088283 -0.225957 0.143296 162 157 156
0.083696 -0.215585 0.027285 116 144 146
0.085591 -0.216349 0.033610 154 167 166
0.085378 -0.210162 0.042887 170 169 169
0.085363 -0.212042 0.056941 119 131 131
0.086180 -0.214314 0.064818 151 161 160
0.087144 -0.211959 0.076610 181 182 182
0.087491 -0.213411 0.083405 186 184 185
0.084685 -0.213680 0.091054 193 196 195
0.084621 -0.216919 0.117263 221 214 211
0.084021 -0.214071 0.126663 146 164 165
0.086107 -0.216438 0.133930 167 172 172
0.085249 -0.201952 0.015827 154 161 165
0.085529 -0.203980 0.024969 156 161 165
0.085193 -0.204871 0.034962 162 163 168
0.084815 -0.204520 0.045102 133 144 142
0.085922 -0.204579 0.054529 154 156 156
0.083917 -0.205090 0.066639 190 186 185
0.085512 -0.204723 0.075058 193 186 184
0.085031 -0.205568 0.084147 182 172 170
0.086168 -0.207689 0.093629 145 159 156
0.084677 -0.203835 0.105839 176 179 178
0.088401 -0.208099 0.114236 172 172 170
0.084294 -0.208083 0.122715 63 104 104
0.087864 -0.194173 -0.013883 64 102 100
0.086929 -0.194660 -0.005612 139 153 156
0.084906 -0.195623 0.003880 123 140 138
0.083831 -0.194272 0.015433 184 183 185
0.084502 -0.194353 0.023634 193 188 190
0.085450 -0.197339 0.034637 158 158 160
0.084511 -0.198336 0.045771 135 146 142
0.085154 -0.197498 0.054203 164 166 163
0.085340 -0.194719 0.064746 184 178 178
0.084376 -0.196445 0.074991 196 185 182
0.083549 -0.195269 0.083890 180 180 176
0.085629 -0.194577 0.093227 131 129 126
0.083959 -0.196474 0.104532 170 172 168
0.085039 -0.194635 0.113854 192 186 184
0.087652 -0.186054 -0.016410 78 104 102
0.086789 -0.186135 -0.005520 137 144 144
0.084952 -0.187079 0.004931 113 140 137
0.085350 -0.187251 0.013174 132 142 140
0.084868 -0.186433 0.024412 204 194 192
0.084817 -0.186473 0.033662 214 202 199
0.086695 -0.183114 0.043628 216 212 212
0.086166 -0.183901 0.056256 151 163 163
0.085289 -0.187480 0.063460 154 161 156
0.084965 -0.185637 0.095109 204 200 198
0.083408 -0.183442 0.104808 206 199 197
0.083171 -0.184991 0.115163 181 174 172
0.087088 -0.185383 0.123176 197 186 184
0.086847 -0.174991 0.018666 118 139 136
0.086622 -0.173247 0.026296 170 169 166
0.084742 -0.173784 0.035772 188 182 181
0.086774 -0.175196 0.043525 204 197 197
0.087907 -0.174535 0.053344 216 202 200
0.083844 -0.175699 0.066512 148 156 154
0.084423 -0.173602 0.075059 112 124 120
0.088420 -0.175464 0.081275 143 165 161
0.086353 -0.177636 0.096215 202 200 198
0.085385 -0.177454 0.104300 218 208 205
0.085493 -0.163638 0.026964 146 150 148
0.085557 -0.165105 0.033986 188 182 180
0.086289 -0.166947 0.043213 198 187 184
0.083287 -0.167752 0.054766 224 210 208
0.084088 -0.166675 0.064989 162 162 159
0.089281 -0.161604 0.075006 226 220 216
0.088856 -0.154786 -0.002596 171 164 165
0.087147 -0.155952 0.005752 184 176 176
0.084228 -0.156554 0.024285 181 176 176
0.084681 -0.158265 0.034339 131 144 142
0.085772 -0.154540 0.072469 222 218 215
0.087274 -0.151628 0.103504 96 118 114
0.085952 -0.153630 0.125659 185 179 181
0.087102 -0.157530 0.134035 182 178 181
0.082201 -0.146036 0.013770 176 168 170
0.087584 -0.144936 0.064313 197 190 188
0.084427 -0.144466 0.077979 194 183 182
0.083830 -0.145259 0.083490 206 196 194
0.085596 -0.144381 0.105490 193 186 184
0.086162 -0.138708 0.005055 124 149 141
0.085065 -0.133711 0.016087 150 151 149
0.086745 -0.133223 0.025301 150 152 150
0.085902 -0.133632 0.034221 199 189 189
0.086250 -0.134515 0.042426 202 192 190
0.085352 -0.135454 0.056229 173 162 158
0.086663 -0.134525 0.062423 181 171 168
0.081200 -0.132202 0.076213 192 184 180
0.082630 -0.134037 0.084084 205 195 194
0.084684 -0.137203 0.094646 207 198 196
0.087591 -0.138025 0.104125 209 200 198
0.085052 -0.126740 0.005475 163 158 157
0.084977 -0.127250 0.013571 150 149 148
0.088751 -0.127588 0.023909 165 162 161
0.088220 -0.128432 0.034010 184 180 179
0.089332 -0.126833 0.044518 194 182 180
0.085037 -0.126790 0.051890 196 183 180
0.082871 -0.124765 0.065591 194 184 181
0.085438 -0.126909 0.073219 190 180 176
0.081354 -0.112695 0.034310 202 194 188
0.085046 -0.114816 0.045516 181 171 173
0.085360 -0.113295 0.055242 175 168 169
0.085754 -0.115211 0.065465 182 172 172
0.085581 -0.117144 0.072841 176 168 166
0.088129 -0.106483 0.004919 182 174 174
0.083479 -0.104378 0.025270 182 168 163
0.083724 -0.106172 0.034278 175 163 159
0.086592 -0.106814 0.043434 182 171 168
0.086080 -0.103393 0.057130 194 180 177
0.085524 -0.107405 0.064880 193 182 178
0.088129 -0.095177 0.045038 189 174 171
0.084313 -0.084161 0.018717 201 185 181
0.084886 -0.083520 0.024215 196 180 176
0.085859 -0.074468 0.017785 193 176 168
0.085654 -0.075873 0.023667 179 164 158
0.086296 -0.072828 0.032599 174 160 154
0.086015 -0.063554 0.017445 156 145 140
0.087477 -0.064692 0.024412 163 152 146
0.087687 -0.066708 0.033819 177 164 158
0.086345 -0.055986 0.024819 162 151 146
0.085378 -0.042059 -0.004639 96 118 111
0.084646 -0.042512 0.004909 147 145 142
0.084519 -0.043232 0.014059 159 155 149
0.082992 -0.044459 0.025864 190 182 178
0.082724 -0.045490 0.045628 194 183 178
0.086854 -0.036183 -0.004535 68 108 101
0.086583 -0.036698 0.004783 166 160 154
0.084922 -0.036607 0.016223 179 176 172
0.084147 -0.037631 0.024544 186 181 177
0.085167 -0.035089 0.035099 170 164 162
0.083166 -0.036250 0.044111 198 192 190
0.084742 -0.022946 -0.015770 38 86 78
0.086448 -0.023792 -0.004902 84 130 122
0.086561 -0.024870 0.004087 150 154 150
0.086421 -0.028717 0.011899 174 168 164
0.085372 -0.014782 -0.005409 62 108 100
0.086491 -0.014450 0.004424 180 178 174
0.084646 -0.003839 -0.013721 123 139 134
0.084150 -0.006190 -0.005591 125 159 151
0.087432 0.007442 -0.023357 102 153 146
0.083291 0.003263 -0.016404 102 149 144
0.094543 -0.682626 -0.063305 4 100 90
0.095108 -0.675201 -0.062382 4 101 90
0.096286 -0.667237 -0.060684 3 99 88
0.093765 -0.663443 -0.058732 2 99 88
0.094247 -0.655337 -0.058239 2 96 86
0.095097 -0.644792 -0.058300 2 96 86
0.095040 -0.635218 -0.056144 3 98 88
0.095059 -0.625390 -0.052136 2 96 87
0.096636 -0.620985 -0.049715 2 94 86
0.095147 -0.617155 -0.050512 1 90 82
0.094308 -0.615170 -0.048853 2 92 84
0.097228 -0.604244 -0.050997 0 76 72
0.093966 -0.604657 -0.048347 1 82 76
0.093734 -0.595467 -0.047099 1 78 73
0.096460 -0.585273 -0.035174 2 78 73
0.096543 -0.574544 -0.014963 6 75 70
0.094373 -0.563413 0.002346 2 67 62
0.094782 -0.557386 0.016626 38 96 92
0.096349 -0.554072 0.025833 92 124 119
0.091759 -0.547622 0.026206 74 110 106
0.094772 -0.544783 0.036429 168 176 172
0.098358 -0.543028 0.044164 215 213 210
0.095359 -0.534652 0.037747 144 152 147
0.096379 -0.534364 0.045922 226 220 216
0.098044 -0.532718 0.053521 231 221 213
0.096281 -0.523506 0.036674 230 217 214
0.095283 -0.525135 0.045256 226 216 209
0.095043 -0.526908 0.052392 229 220 211
0.096212 -0.512453 0.017401 204 198 194
0.094955 -0.513040 0.024901 214 204 201
0.093489 -0.517115 0.032852 224 212 208
0.094303 -0.515936 0.044139 226 214 208
0.097169 -0.504984 0.016353 218 206 200
0.093649 -0.505187 0.024095 222 211 206
0.093654 -0.504466 0.034074 223 213 207
0.095935 -0.494795 0.016401 226 212 206
0.091876 -0.496261 0.022518 224 212 207
0.093305 -0.495451 0.034206 226 216 207
0.096140 -0.481981 -0.015490 110 136 124
0.095905 -0.483993 0.007617 220 206 200
0.093980 -0.484686 0.015272 228 214 209
0.091042 -0.487273 0.021747 230 217 212
0.097408 -0.475620 -0.014078 107 132 122
0.094013 -0.473103 -0.004959 108 138 128
0.094808 -0.474617 0.006481 220 208 202
0.092919 -0.475606 0.013379 227 213 208
0.095849 -0.466830 -0.003529 110 132 120
0.093782 -0.464276 0.006888 149 166 159
0.094563 -0.464670 0.013619 227 212 206
0.093320 -0.456776 0.006470 76 127 119
0.095427 -0.455351 0.014467 124 148 139
0.093325 -0.452628 0.023402 92 133 126
0.095972 -0.454742 0.036012 210 204 194
0.093162 -0.452442 0.044063 222 212 203
0.096059 -0.444455 0.015005 152 175 168
0.092877 -0.444412 0.023098 157 164 157
0.095964 -0.448581 0.044800 218 210 200
0.097161 -0.437769 -0.032390 104 124 116
0.097360 -0.436956 -0.022729 155 169 161
0.094909 -0.437248 -0.013827 202 196 190
0.095126 -0.437652 -0.007106 223 214 208
0.096330 -0.435848 0.015615 155 178 171
0.095902 -0.426798 0.017027 124 163 156
0.092768 -0.424124 0.022957 126 162 159
0.094476 -0.413616 -0.038390 26 110 98
0.096801 -0.414145 0.017174 64 122 120
0.093876 -0.415264 0.022758 67 126 124
0.093944 -0.405622 -0.036810 0 103 92
0.096471 -0.406806 0.016950 53 110 107
0.091468 -0.408065 0.023517 68 124 120
0.096859 -0.393351 -0.041533 0 105 93
0.092475 -0.395665 -0.038175 0 106 94
0.095429 -0.385399 -0.042870 0 106 94
0.095401 -0.375402 -0.043069 0 106 94
0.095453 -0.374358 0.011993 79 130 126
0.095415 -0.365288 -0.043018 0 106 94
0.095298 -0.355255 -0.042665 0 104 94
0.093209 -0.353703 0.013268 34 95 89
0.095376 -0.345918 -0.041743 0 102 92
0.095071 -0.344873 0.015856 76 130 124
0.094876 -0.342235 0.024537 87 141 136
0.097385 -0.337028 -0.040582 0 92 84
0.093061 -0.334205 -0.038747 0 91 82
0.095979 -0.336980 0.026328 93 140 132
0.096207 -0.333685 0.034795 93 140 132
0.093213 -0.334170 0.103134 142 152 152
0.094999 -0.325848 -0.034726 0 78 72
0.095146 -0.321429 -0.026921 0 82 74
0.095208 -0.324503 0.036954 62 118 110
0.094319 -0.321977 0.044407 84 129 122
0.095594 -0.322715 0.055042 103 138 130
0.095201 -0.324371 0.064829 134 154 152
0.096985 -0.323519 0.075385 169 170 169
0.093283 -0.317049 -0.013468 2 92 84
0.098107 -0.312651 0.014231 122 150 149
0.096306 -0.315882 0.037411 54 112 105
0.095766 -0.315954 0.044827 112 146 141
0.095417 -0.313865 0.055273 151 159 156
0.096004 -0.313197 0.064591 167 166 163
0.095593 -0.316346 0.075113 174 172 170
0.095718 -0.316672 0.082886 178 175 172
0.090163 -0.315710 0.122955 76 127 117
0.095503 -0.304223 0.015144 151 155 157
0.094881 -0.303254 0.024893 175 178 177
0.094040 -0.303759 0.037006 95 126 121
0.093588 -0.306426 0.046281 152 158 154
0.094922 -0.306993 0.054943 174 175 171
0.094031 -0.304945 0.066848 172 176 172
0.092414 -0.303808 0.076206 180 175 170
0.092276 -0.304060 0.084757 168 162 159
0.093937 -0.294730 -0.004364 36 99 92
0.095302 -0.295998 0.004839 90 137 132
0.096983 -0.295422 0.014405 142 153 150
0.096635 -0.296366 0.025285 147 158 157
0.095430 -0.294196 0.034624 110 138 137
0.095263 -0.292001 0.043580 115 137 137
0.093358 -0.292523 0.055263 106 134 132
0.094489 -0.292647 0.066058 164 165 163
0.094668 -0.294224 0.075414 165 164 160
0.094301 -0.295132 0.083093 176 173 170
0.093410 -0.293425 0.126828 166 166 166
0.092160 -0.293839 0.133949 150 159 157
0.096709 -0.281651 -0.003025 174 176 176
0.095886 -0.284692 0.005213 178 180 178
0.093865 -0.287121 0.013819 166 168 168
0.093759 -0.284900 0.025164 92 115 112
0.095291 -0.285911 0.036498 112 138 136
0.094642 -0.286419 0.044573 127 145 144
0.095230 -0.286813 0.053649 127 138 137
0.094749 -0.285289 0.065554 175 176 176
0.093853 -0.287276 0.073863 180 180 180
0.094669 -0.287342 0.083074 184 184 182
0.093765 -0.285998 0.123910 176 174 174
0.096807 -0.273852 -0.013161 154 158 157
0.096014 -0.277036 -0.006152 174 176 175
0.091457 -0.272730 0.013337 160 163 162
0.094890 -0.276077 0.026708 166 176 170
0.096349 -0.275303 0.035027 196 192 187
0.094606 -0.273396 0.045957 136 149 147
0.094913 -0.274913 0.055159 173 177 175
0.096755 -0.277281 0.061709 183 182 180
0.093156 -0.272742 0.087005 167 167 163
0.092067 -0.272633 0.095589 158 160 159
0.092256 -0.275813 0.102562 154 157 156
0.094771 -0.262914 -0.004129 42 90 84
0.095935 -0.266234 0.005079 170 178 176
0.093856 -0.262838 0.014284 108 128 124
0.092982 -0.264259 0.026521 98 112 110
0.095589 -0.264052 0.035818 88 122 120
0.094223 -0.264207 0.044803 117 141 140
0.094300 -0.265004 0.054073 135 153 152
0.093972 -0.264932 0.065517 170 172 171
0.094069 -0.264768 0.075975 166 168 166
0.094080 -0.263875 0.084745 169 170 170
0.094460 -0.265883 0.093614 166 170 170
0.094335 -0.262300 0.103662 98 134 131
0.096936 -0.254907 0.006091 110 126 122
0.094720 -0.255710 0.014170 119 138 136
0.093862 -0.255094 0.025969 140 156 160
0.094871 -0.256501 0.036627 95 129 129
0.094132 -0.256728 0.045063 135 154 152
0.095654 -0.255797 0.054385 138 155 154
0.095772 -0.254211 0.065712 160 162 164
0.094520 -0.255923 0.074834 146 153 153
0.093574 -0.257205 0.084845 160 164 165
0.096413 -0.257202 0.094321 176 179 181
0.095152 -0.256722 0.105203 124 150 148
0.093599 -0.255325 0.111817 150 170 168
0.096899 -0.244647 -0.004517 144 152 151
0.093698 -0.246195 0.004844 97 124 122
0.092876 -0.245413 0.013967 137 151 153
0.094177 -0.245483 0.024164 161 167 170
0.094953 -0.246019 0.034630 165 170 173
0.094799 -0.245371 0.054950 146 148 148
0.095298 -0.246455 0.063374 129 146 142
0.095473 -0.244538 0.104137 152 159 158
0.096543 -0.245577 0.115445 144 161 158
0.096197 -0.244828 0.122325 143 154 151
0.094610 -0.244237 0.155950 172 172 176
0.095441 -0.244342 0.163813 145 156 161
0.095887 -0.232854 -0.004902 80 110 110
0.092591 -0.234507 0.003565 159 166 166
0.095315 -0.234159 0.015920 115 139 138
0.095375 -0.232423 0.025300 147 156 156
0.096677 -0.232484 0.035681 116 139 139
0.095724 -0.234750 0.045399 146 154 154
0.097388 -0.234941 0.053393 176 176 177
0.093099 -0.234556 0.064254 154 156 158
0.092236 -0.232759 0.074128 128 147 146
0.092557 -0.232265 0.087990 120 140 140
0.094774 -0.232725 0.096909 136 150 150
0.094866 -0.234849 0.106670 175 176 176
0.094393 -0.234825 0.114708 188 188 187
0.094089 -0.236264 0.123390 177 178 175
0.096551 -0.232598 0.133569 176 174 174
0.093328 -0.232781 0.147003 158 156 160
0.094004 -0.234276 0.154949 182 180 183
0.096225 -0.234099 0.163507 188 186 190
0.095169 -0.225606 -0.010749 24 80 74
0.097606 -0.225512 -0.006619 112 134 130
0.096848 -0.224467 0.003625 116 138 135
0.096127 -0.225273 0.014632 105 127 125
0.096173 -0.226073 0.025309 118 141 139
0.093508 -0.224329 0.035967 102 135 131
0.093351 -0.225097 0.045165 121 144 144
0.094664 -0.225090 0.055526 156 163 164
0.095963 -0.224569 0.064258 169 173 175
0.092330 -0.224797 0.075925 119 137 135
0.094276 -0.224171 0.085294 171 174 174
0.096777 -0.224636 0.094460 154 168 166
0.093598 -0.227076 0.103093 190 190 190
0.094379 -0.227500 0.116794 212 208 206
0.095581 -0.225601 0.124610 198 195 193
0.094465 -0.223821 0.136342 165 171 168
0.095962 -0.223649 0.145349 183 182 182
0.094004 -0.225879 0.154943 168 166 172
0.097550 -0.217323 -0.003884 91 123 115
0.096568 -0.216427 0.016464 60 92 93
0.097118 -0.214466 0.026053 95 115 116
0.092414 -0.217140 0.036690 130 148 146
0.094613 -0.215356 0.045041 112 136 133
0.095125 -0.213511 0.056551 133 144 144
0.093570 -0.216243 0.065703 139 145 146
0.094848 -0.214256 0.073805 172 174 175
0.094734 -0.216407 0.084727 175 175 177
0.094739 -0.215978 0.094561 178 174 173
0.096939 -0.216158 0.102865 186 182 182
0.091936 -0.214814 0.128836 194 194 190
0.094907 -0.214177 0.136472 134 161 159
0.095683 -0.215566 0.143747 165 178 179
0.095967 -0.202323 -0.014888 145 157 154
0.095408 -0.204907 -0.005432 161 167 166
0.095331 -0.203820 0.005426 122 136 136
0.095456 -0.204545 0.014792 156 161 162
0.095347 -0.206981 0.024607 141 150 150
0.092586 -0.206995 0.033674 132 143 145
0.092636 -0.205090 0.046753 96 121 119
0.093773 -0.206788 0.053715 138 151 148
0.095172 -0.202410 0.064132 134 141 139
0.093555 -0.205320 0.075253 208 203 202
0.095146 -0.205997 0.084647 226 216 213
0.092312 -0.205105 0.094011 193 188 186
0.096547 -0.205764 0.105593 84 126 122
0.094041 -0.202896 0.113853 32 98 90
0.094745 -0.203706 0.125841 118 143 141
0.092871 -0.209000 0.134007 134 160 156
0.094164 -0.206731 0.147325 187 188 194
0.097669 -0.204829 0.152547 185 188 194
0.096329 -0.194242 -0.023795 12 74 69
0.093301 -0.193947 -0.015351 19 63 58
0.094637 -0.195550 -0.004483 129 144 142
0.096477 -0.194005 0.004413 169 169 167
0.096504 -0.194890 0.015013 193 185 183
0.096146 -0.196538 0.024554 204 196 195
0.094715 -0.194532 0.033655 198 190 191
0.091580 -0.198298 0.045291 171 165 167
0.092504 -0.196573 0.057367 172 169 169
0.093116 -0.195077 0.063644 175 173 171
0.096342 -0.195384 0.073480 172 172 172
0.096143 -0.195904 0.091815 106 136 132
0.096178 -0.195468 0.106528 124 135 130
0.094470 -0.195859 0.115865 159 170 166
0.094360 -0.198848 0.123554 199 194 192
0.095027 -0.185523 -0.016206 76 107 102
0.095451 -0.185874 -0.007087 166 171 168
0.094278 -0.185335 0.003170 184 176 175
0.091250 -0.185112 0.014647 133 147 143
0.096027 -0.184097 0.025441 200 188 178
0.094284 -0.184091 0.034509 210 198 194
0.094579 -0.183904 0.045646 199 192 191
0.094117 -0.184886 0.052982 197 190 188
0.092539 -0.186977 0.065669 171 165 161
0.095173 -0.185231 0.074566 128 140 137
0.093996 -0.182118 0.085859 148 157 153
0.096338 -0.184151 0.093878 148 152 147
0.094599 -0.183949 0.105838 213 208 206
0.094001 -0.184631 0.126082 210 200 196
0.096619 -0.187061 0.132899 111 136 135
0.098470 -0.174699 -0.011933 186 177 174
0.098459 -0.174947 -0.004749 149 150 146
0.094802 -0.175060 0.003255 192 182 178
0.096155 -0.176704 0.012702 188 176 172
0.093352 -0.177247 0.025704 108 132 127
0.095433 -0.174079 0.035632 148 155 152
0.093799 -0.176758 0.044785 189 183 181
0.095927 -0.174191 0.055328 203 191 188
0.095722 -0.174127 0.065730 207 195 192
0.092065 -0.177075 0.075937 166 154 153
0.095009 -0.175919 0.084442 142 150 147
0.097314 -0.177643 0.093123 190 184 180
0.095994 -0.161812 0.014774 170 163 162
0.093160 -0.163185 0.027934 177 173 172
0.095537 -0.165044 0.034276 178 172 172
0.096010 -0.165435 0.044272 173 172 170
0.094903 -0.168658 0.053013 202 190 189
0.094662 -0.166436 0.065042 208 200 195
0.093612 -0.162471 0.076512 228 222 218
0.096264 -0.163058 0.144921 183 178 182
0.093522 -0.154388 -0.004665 160 156 156
0.093735 -0.155586 0.004195 188 178 177
0.093438 -0.154804 0.012791 202 192 190
0.095744 -0.153370 0.024832 212 205 206
0.095251 -0.154602 0.055042 183 180 173
0.091535 -0.152226 0.107656 184 174 170
0.096913 -0.153786 0.113947 182 172 170
0.094997 -0.155600 0.135188 188 181 182
0.096269 -0.156288 0.143884 180 175 178
0.094350 -0.145095 0.005062 188 174 168
0.093976 -0.144473 0.024816 204 195 194
0.096187 -0.145105 0.033523 211 204 203
0.095738 -0.141746 0.056660 177 168 166
0.094483 -0.142656 0.065917 165 164 162
0.096081 -0.142875 0.074690 152 155 151
0.099056 -0.144152 0.083951 190 180 176
0.094279 -0.143516 0.115277 203 194 192
0.096075 -0.144074 0.123526 216 204 204
0.094002 -0.132464 0.017301 170 161 159
0.094324 -0.134197 0.023321 178 168 164
0.094287 -0.135548 0.034517 181 171 168
0.093607 -0.136043 0.044498 206 194 192
0.095611 -0.135062 0.055834 202 192 190
0.093445 -0.136630 0.064931 194 185 183
0.094167 -0.135123 0.074930 200 190 186
0.097371 -0.133932 0.083828 200 190 188
0.092747 -0.137724 0.105415 213 202 200
0.097097 -0.126136 -0.013472 150 140 137
0.093623 -0.126458 -0.006232 144 136 133
0.092466 -0.125416 0.005199 161 155 154
0.095538 -0.126350 0.013681 177 165 164
0.094446 -0.124314 0.024492 183 171 167
0.093279 -0.123748 0.035640 190 177 174
0.092803 -0.123855 0.044831 196 183 180
0.095598 -0.124147 0.054404 194 183 184
0.097549 -0.124976 0.065359 198 185 185
0.093743 -0.125264 0.074878 164 157 157
0.095272 -0.123133 0.085961 166 158 155
0.095326 -0.123298 0.092850 198 190 188
0.094577 -0.114077 -0.003076 168 161 162
0.094274 -0.117076 0.003899 172 165 166
0.095836 -0.117004 0.014032 176 168 168
0.094189 -0.113848 0.025067 191 176 173
0.095533 -0.113241 0.046570 179 168 168
0.095024 -0.115267 0.053005 186 175 175
0.091988 -0.115428 0.065453 174 166 166
0.094837 -0.115925 0.073994 182 174 174
0.096108 -0.113812 0.096758 190 178 178
0.096947 -0.102253 -0.003769 184 178 176
0.097285 -0.103543 0.004712 176 168 167
0.096913 -0.104863 0.016358 192 178 176
0.096440 -0.105408 0.024982 177 163 162
0.096536 -0.104772 0.034943 171 160 157
0.096444 -0.105687 0.044119 170 158 157
0.096653 -0.106900 0.053450 177 167 167
0.094504 -0.104951 0.073592 206 195 192
0.094875 -0.107344 0.083937 207 196 194
0.096436 -0.108223 0.092284 202 192 190
0.097305 -0.097194 -0.006907 161 154 152
0.095522 -0.094607 0.016235 190 173 170
0.096386 -0.095965 0.024260 188 170 168
0.097954 -0.096895 0.034719 192 174 170
0.094610 -0.093936 0.045443 204 189 184
0.096868 -0.095274 0.055377 203 188 185
0.096114 -0.097243 0.062580 202 189 186
0.096940 -0.082640 0.018258 210 195 190
0.096590 -0.082132 0.023523 174 160 155
0.097343 -0.088124 0.034297 201 184 180
0.096894 -0.075722 0.018302 190 174 168
0.093597 -0.076352 0.022580 191 176 170
0.093310 -0.062630 0.035630 180 169 163
0.092446 -0.064802 0.045586 186 173 168
0.093754 -0.056725 0.024771 159 152 146
0.093824 -0.057632 0.033050 168 160 154
0.093492 -0.042274 -0.006270 85 115 106
0.095472 -0.044478 0.005575 157 161 156
0.095152 -0.045420 0.013742 174 172 168
0.094316 -0.033246 -0.012643 78 118 108
0.094718 -0.034417 -0.005634 56 107 96
0.095758 -0.035437 0.003349 152 164 156
0.094320 -0.035095 0.028086 158 156 151
0.095125 -0.034880 0.035733 176 174 169
0.095246 -0.023874 -0.004150 59 117 108
0.094814 -0.024366 0.003886 124 137 128
0.094719 -0.014767 -0.004913 101 146 137
0.094402 -0.004272 -0.013475 126 144 140
0.094548 -0.006407 -0.005321 102 148 142
0.092313 0.004851 -0.024121 94 146 136
0.105287 -0.682443 -0.063246 6 102 90
0.104956 -0.674642 -0.062101 4 100 90
0.105266 -0.665622 -0.061088 3 97 87
0.106605 -0.655748 -0.060851 2 94 84
0.105025 -0.647250 -0.060307 2 95 85
0.105075 -0.645078 -0.058930 2 95 85
0.105179 -0.635329 -0.056162 3 95 86
0.105183 -0.625255 -0.052506 2 92 84
0.105896 -0.614534 -0.051444 0 81 75
0.103418 -0.606647 -0.051729 0 78 72
0.106176 -0.604180 -0.047982 0 82 76
0.104008 -0.597257 -0.044949 3 83 76
0.106153 -0.593127 -0.036658 3 82 76
0.105310 -0.586021 -0.024299 8 82 76
0.106847 -0.583429 -0.018412 8 78 73
0.106861 -0.575082 -0.000935 2 62 56
0.105701 -0.566152 0.014270 76 118 112
0.108112 -0.562707 0.023990 98 122 118
0.105037 -0.558436 0.026565 138 148 145
0.106391 -0.553294 0.035671 190 192 187
0.107841 -0.544107 0.036924 223 214 208
0.105866 -0.544056 0.045458 226 216 209
0.108551 -0.532114 0.029013 230 218 212
0.104915 -0.534470 0.034738 231 220 214
0.103855 -0.536457 0.044775 233 222 215
0.101642 -0.535699 0.052243 234 223 216
0.106352 -0.524265 0.026471 230 218 213
0.102005 -0.526935 0.032642 232 220 214
0.102914 -0.526728 0.043391 235 224 216
0.104056 -0.516037 0.023260 231 218 211
0.103895 -0.516681 0.034538 234 221 212
0.106143 -0.504115 0.016173 233 218 212
0.106068 -0.503151 0.025776 236 220 210
0.104342 -0.495397 0.013499 234 218 210
0.106297 -0.484186 -0.034038 106 140 131
0.103860 -0.483815 -0.026474 104 138 129
0.106255 -0.483995 0.008213 234 218 212
0.102316 -0.487681 0.011630 233 218 210
0.106662 -0.475200 -0.035657 105 142 133
0.103739 -0.476844 -0.023734 106 132 123
0.105132 -0.474828 0.007046 233 218 210
0.107976 -0.466177 -0.035784 104 144 135
0.103153 -0.464432 -0.027444 104 144 136
0.105515 -0.463806 0.005579 160 164 155
0.106158 -0.455697 -0.025588 105 148 138
0.106024 -0.456379 0.008049 171 170 162
0.103609 -0.453427 0.012382 138 156 147
0.104333 -0.453657 0.034000 214 202 194
0.108037 -0.446958 0.009309 230 213 208
0.105307 -0.445924 0.014048 162 180 171
0.105472 -0.435453 -0.043741 76 122 112
0.104687 -0.435326 -0.035022 114 134 128
0.106522 -0.434800 -0.025739 140 149 144
0.103862 -0.435935 -0.017585 196 187 184
0.103796 -0.436428 0.013819 155 175 168
0.107678 -0.425364 -0.032796 234 224 218
0.107144 -0.425736 -0.026095 232 222 216
0.104710 -0.426882 0.015992 122 161 152
0.103602 -0.413767 0.016049 71 129 126
0.106335 -0.403904 -0.042432 0 100 90
0.105158 -0.407238 0.014932 74 127 126
0.105542 -0.394676 -0.044447 0 102 90
0.105261 -0.385293 -0.045606 0 103 92
0.105323 -0.375397 -0.045731 0 102 92
0.105313 -0.365315 -0.044774 0 102 92
0.103888 -0.366425 0.013032 82 134 130
0.105335 -0.355142 -0.043751 0 100 90
0.105221 -0.345127 -0.042506 0 98 88
0.105303 -0.335813 -0.041273 0 89 80
0.103869 -0.335300 0.024737 100 150 142
0.104628 -0.325909 -0.035581 0 74 68
0.103449 -0.321651 -0.026434 0 81 74
0.102761 -0.323813 0.037549 98 142 131
0.103727 -0.324123 0.041146 100 141 134
0.101031 -0.322510 0.076143 166 166 166
0.106607 -0.314124 -0.013136 11 80 74
0.105956 -0.313039 -0.004728 89 136 133
0.105151 -0.312289 0.003760 130 165 164
0.105173 -0.316358 0.036877 96 139 130
0.103134 -0.312851 0.044510 104 142 132
0.106237 -0.305186 -0.013036 5 88 82
0.106640 -0.306971 -0.005114 142 166 166
0.105236 -0.306270 0.004277 143 162 162
0.103543 -0.303933 0.013628 150 158 160
0.105173 -0.304989 0.046982 182 181 177
0.106318 -0.304889 0.054468 162 168 160
0.106933 -0.296643 -0.014941 29 88 83
0.104968 -0.293952 -0.003348 147 166 166
0.104982 -0.294679 0.005834 149 166 163
0.106213 -0.293357 0.014767 155 160 160
0.103682 -0.294251 0.023433 160 164 164
0.103531 -0.294389 0.035409 85 120 118
0.105769 -0.296223 0.042020 132 140 140
0.104196 -0.294576 0.058972 138 156 146
0.102426 -0.291422 0.065910 160 163 157
0.107466 -0.284177 -0.016817 70 113 108
0.105922 -0.284562 -0.003751 138 150 148
0.106591 -0.286328 0.004780 174 172 171
0.107555 -0.288226 0.014434 164 164 163
0.104042 -0.285271 0.034607 104 134 129
0.104517 -0.286842 0.046382 96 126 124
0.103839 -0.284108 0.056625 171 172 170
0.104209 -0.286380 0.065640 144 156 151
0.103782 -0.286131 0.072744 156 172 169
0.102717 -0.272255 -0.012245 171 172 172
0.105645 -0.275843 -0.005129 184 180 181
0.103250 -0.276252 0.056364 178 176 176
0.102690 -0.278511 0.062242 173 172 172
0.104132 -0.263669 -0.004472 112 128 129
0.105760 -0.262810 0.004613 162 163 162
0.105661 -0.264370 0.044753 61 97 88
0.105572 -0.263237 0.084314 163 167 170
0.107773 -0.256287 -0.013137 72 102 94
0.106073 -0.257707 -0.003605 145 156 152
0.106561 -0.256233 0.004803 148 151 149
0.105828 -0.254175 0.013377 107 119 118
0.106791 -0.253747 0.034860 90 124 120
0.103526 -0.255125 0.055587 141 148 146
0.101880 -0.255490 0.063942 153 152 152
0.103200 -0.257946 0.085963 170 172 176
0.104640 -0.243804 -0.004013 132 142 141
0.108058 -0.247902 0.004517 137 139 137
0.105812 -0.243283 0.034510 164 162 162
0.106161 -0.241591 0.044059 174 172 172
0.104863 -0.244239 0.054842 162 160 160
0.104425 -0.245690 0.064387 160 162 160
0.105918 -0.244148 0.074569 180 179 181
0.108831 -0.246200 0.084492 178 180 182
0.106949 -0.232261 -0.012891 116 134 133
0.104729 -0.234905 -0.007639 125 136 137
0.103696 -0.235966 0.016434 131 140 135
0.104602 -0.233740 0.024295 94 116 110
0.102904 -0.236457 0.046021 168 174 172
0.104121 -0.236412 0.054078 180 183 182
0.104368 -0.237196 0.064283 172 178 180
0.106915 -0.234680 0.076333 184 186 186
0.107779 -0.233719 0.083722 168 177 177
0.105602 -0.234165 0.115686 146 152 153
0.102945 -0.235271 0.165650 195 190 196
0.105358 -0.224633 -0.012999 108 127 125
0.103507 -0.224990 -0.005978 161 161 158
0.104515 -0.224147 0.003356 167 162 158
0.105771 -0.228731 0.026262 143 144 137
0.102493 -0.226867 0.037535 14 88 79
0.103217 -0.225566 0.045528 88 126 124
0.104159 -0.223637 0.053981 136 147 146
0.104898 -0.225225 0.065815 180 182 184
0.105873 -0.224645 0.075481 175 178 179
0.106558 -0.224254 0.084629 149 157 155
0.105310 -0.222100 0.094636 136 156 152
0.106703 -0.223970 0.104769 182 182 183
0.108825 -0.225313 0.112013 197 197 198
0.103813 -0.218740 -0.014931 127 146 142
0.104862 -0.216743 -0.005410 102 128 120
0.106566 -0.217166 0.004728 96 127 122
0.106069 -0.213997 0.014143 118 138 134
0.106988 -0.213045 0.023952 39 94 88
0.104571 -0.213708 0.033566 126 145 144
0.102901 -0.214961 0.046266 166 174 168
0.104475 -0.215175 0.055819 144 152 148
0.103229 -0.215680 0.064689 167 162 162
0.102980 -0.216611 0.075956 177 174 173
0.103697 -0.217447 0.086024 171 169 170
0.106159 -0.215206 0.095142 156 171 170
0.106371 -0.216340 0.104234 140 166 163
0.103938 -0.214417 0.146417 146 170 172
0.104545 -0.212886 0.153616 188 190 196
0.103183 -0.203503 -0.014767 166 168 165
0.105118 -0.205492 -0.005400 135 148 146
0.102973 -0.204381 0.005230 75 101 99
0.104959 -0.207040 0.014029 117 140 137
0.108052 -0.205959 0.023701 176 173 174
0.106070 -0.202356 0.033044 186 180 179
0.102490 -0.205938 0.056458 179 174 172
0.103259 -0.205066 0.064635 145 153 152
0.106456 -0.203710 0.073555 194 191 188
0.104037 -0.206925 0.086076 200 199 199
0.104727 -0.207210 0.094485 202 198 196
0.105957 -0.206630 0.107668 104 120 120
0.105215 -0.204912 0.117080 122 149 144
0.105767 -0.200777 0.122988 156 160 158
0.102279 -0.202733 0.135689 136 144 143
0.104246 -0.208950 0.147135 186 190 193
0.104856 -0.205960 0.155069 196 196 202
0.107025 -0.193404 -0.015571 77 110 106
0.102205 -0.192548 -0.004977 158 154 152
0.104119 -0.194690 0.003097 146 147 146
0.101878 -0.192769 0.015289 189 186 182
0.102592 -0.194869 0.025540 175 175 171
0.105396 -0.196544 0.034918 172 167 164
0.107081 -0.195132 0.055334 189 182 183
0.105376 -0.195742 0.066020 182 177 175
0.105909 -0.192563 0.075865 185 179 175
0.108630 -0.195134 0.082744 177 172 170
0.106414 -0.191704 0.094084 192 180 178
0.104449 -0.194428 0.106398 132 145 143
0.105611 -0.194655 0.113220 178 175 173
0.103459 -0.196020 0.125135 152 170 164
0.106096 -0.186069 -0.022697 89 118 116
0.104823 -0.186152 -0.014467 109 123 120
0.105385 -0.187430 -0.006529 181 175 173
0.105608 -0.184564 0.018006 161 163 157
0.103811 -0.184094 0.025137 175 167 163
0.102207 -0.182456 0.033300 184 172 168
0.103040 -0.183572 0.046370 201 189 185
0.105580 -0.184441 0.054728 178 170 169
0.105969 -0.185061 0.063785 190 182 181
0.104299 -0.187382 0.075285 133 140 135
0.104764 -0.185706 0.085756 105 130 125
0.104786 -0.182737 0.095748 180 170 168
0.105703 -0.184229 0.104419 190 182 181
0.103455 -0.186207 0.114099 223 212 209
0.104397 -0.183777 0.123358 224 215 212
0.102015 -0.185946 0.135957 134 160 156
0.104943 -0.173390 -0.013367 172 168 165
0.105708 -0.175003 -0.006548 176 168 166
0.103818 -0.175385 0.005005 169 164 161
0.104674 -0.177572 0.015366 181 171 168
0.104894 -0.176158 0.034085 182 172 168
0.104290 -0.175081 0.044342 176 170 167
0.106494 -0.172071 0.063975 214 205 204
0.102014 -0.175179 0.073672 188 180 178
0.104680 -0.176424 0.085502 174 168 166
0.103816 -0.176490 0.096198 199 190 188
0.106074 -0.173283 0.154698 166 166 171
0.108047 -0.167649 -0.007002 176 167 165
0.107824 -0.162551 0.006632 203 192 190
0.105727 -0.162131 0.014216 204 192 190
0.102041 -0.165396 0.025417 180 168 166
0.101646 -0.163948 0.038199 189 180 180
0.102186 -0.166245 0.047314 129 148 145
0.105643 -0.167200 0.054084 198 190 186
0.106794 -0.169107 0.062352 194 186 187
0.103597 -0.166090 0.076345 214 204 200
0.105342 -0.163496 0.085933 222 213 210
0.103756 -0.163118 0.146879 188 184 186
0.105989 -0.165845 0.153444 188 184 188
0.106733 -0.153803 -0.012575 190 177 175
0.104624 -0.155078 -0.006696 180 169 168
0.107721 -0.157790 0.005545 188 176 172
0.105189 -0.157503 0.012477 196 185 180
0.103317 -0.152022 0.025096 215 206 206
0.105637 -0.152864 0.033412 214 205 206
0.106025 -0.155814 0.064014 102 138 130
0.104809 -0.153046 0.074308 96 124 119
0.107832 -0.150547 0.103199 218 206 202
0.102155 -0.155691 0.117288 128 128 124
0.105233 -0.153709 0.123978 113 130 124
0.103354 -0.155326 0.137984 164 160 163
0.105210 -0.157027 0.144461 183 180 181
0.106502 -0.156214 0.154911 180 176 178
0.107212 -0.146626 -0.012793 178 168 166
0.106096 -0.149449 -0.008337 178 169 166
0.103885 -0.147311 0.034848 214 204 206
0.105766 -0.144994 0.044586 212 203 202
0.101717 -0.144355 0.053557 156 146 142
0.103318 -0.142202 0.067413 178 168 164
0.105382 -0.144690 0.075497 193 185 181
0.106295 -0.144606 0.083776 196 189 187
0.104491 -0.147200 0.095028 213 202 199
0.101861 -0.142877 0.117720 218 205 202
0.104551 -0.144445 0.125669 206 194 192
0.106458 -0.145982 0.133470 220 207 206
0.105539 -0.134211 0.006267 178 156 146
0.103711 -0.132954 0.016585 181 166 160
0.103749 -0.133881 0.026026 181 166 159
0.104273 -0.135944 0.033517 162 150 145
0.106609 -0.137585 0.045667 182 170 166
0.103733 -0.135869 0.055332 190 179 176
0.106705 -0.133862 0.065226 214 204 203
0.106858 -0.131788 0.075286 185 176 179
0.104858 -0.133877 0.084442 180 174 175
0.105649 -0.133347 0.135962 194 187 189
0.105006 -0.126282 -0.016312 176 160 155
0.104373 -0.126865 -0.006850 148 132 124
0.105359 -0.128366 0.003983 162 146 138
0.102387 -0.125963 0.014461 182 167 161
0.104749 -0.128390 0.022015 198 184 180
0.104433 -0.122436 0.047635 187 177 176
0.105747 -0.124557 0.054982 184 176 176
0.103488 -0.126699 0.065369 204 194 195
0.106022 -0.126191 0.074097 201 191 192
0.105323 -0.123959 0.086445 194 185 186
0.105736 -0.127541 0.097606 180 180 175
0.105265 -0.125908 0.105108 168 163 160
0.103345 -0.113545 0.005572 180 170 172
0.103510 -0.115018 0.015723 189 179 176
0.103943 -0.116250 0.023840 188 176 173
0.104400 -0.112430 0.034713 186 173 172
0.104755 -0.113895 0.045217 175 164 163
0.104136 -0.114380 0.054947 166 158 160
0.105578 -0.114371 0.065170 170 162 166
0.104289 -0.115961 0.075108 192 181 184
0.106445 -0.117389 0.083797 182 174 174
0.106297 -0.112386 0.095764 226 214 212
0.103946 -0.114166 0.104941 210 199 198
0.106777 -0.115716 0.113392 213 202 200
0.103731 -0.101908 -0.002965 181 173 172
0.105083 -0.104302 0.004781 175 167 166
0.103310 -0.106180 0.016331 190 177 173
0.103756 -0.104762 0.026760 163 147 145
0.104595 -0.106976 0.034393 174 160 157
0.102924 -0.105264 0.042902 177 164 161
0.103258 -0.106452 0.054665 152 144 146
0.103504 -0.107214 0.094632 220 208 207
0.105177 -0.096651 -0.013280 156 147 144
0.103819 -0.098225 -0.006658 172 162 160
0.104820 -0.097685 0.026313 176 159 155
0.104615 -0.097172 0.034752 195 178 176
0.106937 -0.094417 0.044148 201 186 184
0.102942 -0.093419 0.053779 204 188 185
0.106824 -0.092530 0.084109 156 148 148
0.104554 -0.083392 0.016823 187 173 170
0.104161 -0.084186 0.026027 188 172 168
0.103311 -0.085351 0.033312 193 178 174
0.107042 -0.084915 0.052915 170 155 153
0.105452 -0.083796 0.064296 159 151 151
0.107151 -0.087773 0.074828 151 142 141
0.103450 -0.075720 0.016349 185 168 160
0.105380 -0.074748 0.023706 183 166 159
0.108000 -0.076942 0.034186 179 164 158
0.106021 -0.076151 0.063460 162 155 155
0.103462 -0.062998 0.035612 188 174 168
0.107517 -0.062553 0.041427 188 172 167
0.106862 -0.051115 0.014621 201 193 190
0.103111 -0.045712 0.007115 172 170 166
0.104758 -0.047110 0.013690 172 166 163
0.105042 -0.033785 -0.004233 47 108 98
0.105200 -0.036485 0.044953 198 196 192
0.104542 -0.025390 -0.012963 92 134 124
0.104594 -0.024805 -0.005661 60 115 105
0.106061 -0.024713 0.003701 128 152 142
0.105068 -0.016288 -0.005099 106 151 142
0.104725 -0.005167 -0.015232 131 156 151
0.104796 -0.006724 -0.004453 103 147 142
0.104841 0.004637 -0.024605 106 152 146
0.114011 -0.682021 -0.062696 10 102 90
0.114504 -0.674938 -0.063169 4 100 89
0.115198 -0.664760 -0.062280 2 94 84
0.115144 -0.655408 -0.061366 1 92 82
0.114706 -0.644617 -0.058593 2 95 84
0.115040 -0.635095 -0.055833 2 94 85
0.115196 -0.624836 -0.052704 1 89 80
0.114015 -0.616177 -0.051888 0 80 73
0.113635 -0.615892 -0.048567 1 84 77
0.113385 -0.606576 -0.046371 0 81 74
0.116524 -0.603682 -0.037131 1 82 76
0.111816 -0.596660 -0.033148 4 82 74
0.115114 -0.594918 -0.025875 2 82 76
0.115662 -0.592051 -0.017722 3 78 71
0.117326 -0.586360 -0.005859 6 76 70
0.114620 -0.576875 0.006165 27 79 74
0.116609 -0.572732 0.016834 92 128 123
0.114482 -0.565808 0.026777 116 138 132
0.116368 -0.562212 0.034414 201 204 198
0.115141 -0.554217 0.037813 220 213 208
0.114909 -0.544903 0.035269 231 220 214
0.114974 -0.532698 0.028103 235 222 216
0.115963 -0.537619 0.031456 236 224 220
0.115119 -0.525635 0.023951 236 222 216
0.115546 -0.513842 0.017929 238 222 216
0.116204 -0.513403 0.025452 242 225 216
0.115267 -0.505424 0.013951 238 222 216
0.113165 -0.506854 0.024278 240 223 214
0.115862 -0.493404 0.008755 238 223 216
0.113076 -0.497655 0.010854 237 222 214
0.114894 -0.483538 -0.034467 109 137 128
0.115047 -0.484931 0.006682 239 223 218
0.115141 -0.475397 -0.036569 109 142 134
0.114888 -0.474714 0.005159 238 222 217
0.114897 -0.465218 -0.036062 108 148 138
0.114803 -0.464705 0.005062 235 219 214
0.115666 -0.456136 -0.034157 109 154 143
0.114429 -0.454535 0.006172 176 170 163
0.113616 -0.451602 0.014430 70 116 104
0.114833 -0.454361 0.026047 158 169 159
0.112317 -0.452167 0.032690 194 188 178
0.114426 -0.443179 -0.026484 109 156 144
0.115174 -0.445000 0.006397 234 218 212
0.112758 -0.445501 0.014358 146 169 160
0.116350 -0.445358 0.024126 118 154 143
0.114571 -0.433000 -0.046250 100 144 134
0.115601 -0.435940 -0.034155 125 142 136
0.113882 -0.434599 -0.026080 185 186 182
0.115092 -0.436220 0.006057 235 220 214
0.111296 -0.434183 0.014748 125 160 154
0.116706 -0.424560 -0.042797 97 139 132
0.115720 -0.424797 -0.034735 220 214 208
0.113631 -0.426129 -0.027107 227 217 211
0.111599 -0.427315 0.015258 122 158 150
0.115509 -0.414657 -0.044063 1 96 86
0.114350 -0.405455 -0.045548 0 98 88
0.111804 -0.403306 0.016931 74 131 128
0.112971 -0.403254 0.022514 84 128 128
0.114875 -0.394759 -0.047808 0 99 88
0.115323 -0.394977 0.015617 108 145 145
0.116984 -0.394931 0.022436 116 152 151
0.113936 -0.385370 -0.048247 1 99 88
0.115408 -0.387255 0.015606 75 123 120
0.119537 -0.385976 0.024308 80 141 135
0.115362 -0.375230 -0.047163 1 98 88
0.115385 -0.365106 -0.046081 0 96 88
0.112935 -0.364044 0.014689 81 132 128
0.115062 -0.355154 -0.044877 1 94 86
0.115861 -0.355930 0.022679 86 131 128
0.114795 -0.344871 -0.043748 2 92 84
0.115270 -0.335385 -0.042202 1 84 78
0.114899 -0.326137 -0.036379 0 71 65
0.116426 -0.318765 -0.034523 1 60 56
0.113928 -0.315970 -0.024290 30 91 86
0.114659 -0.314149 -0.015076 60 126 120
0.112788 -0.312968 0.044333 108 151 142
0.113694 -0.305361 -0.014708 69 127 121
0.117571 -0.300281 0.026436 152 158 160
0.117137 -0.303893 0.037975 77 115 112
0.118110 -0.303720 0.045277 116 135 134
0.116261 -0.302778 0.053556 164 172 167
0.115580 -0.294659 -0.015768 60 108 103
0.115079 -0.293241 -0.004248 158 168 166
0.112526 -0.293938 0.005389 120 144 140
0.113511 -0.293526 0.015225 150 159 158
0.115033 -0.296730 0.024212 162 168 167
0.114725 -0.295203 0.035987 121 134 132
0.116388 -0.296648 0.045474 166 169 167
0.117713 -0.297762 0.052059 182 184 179
0.114074 -0.283387 -0.022776 70 110 104
0.115799 -0.286274 -0.014112 121 147 142
0.114556 -0.284856 -0.004482 174 177 175
0.112811 -0.284751 0.003594 183 179 178
0.112817 -0.287234 0.014022 134 146 146
0.116469 -0.282472 0.034412 57 94 91
0.115571 -0.281761 0.044810 120 134 132
0.114973 -0.283521 0.055747 160 159 157
0.115041 -0.283369 0.063517 155 158 153
0.114801 -0.278640 -0.024358 68 112 107
0.118086 -0.275721 -0.013679 26 68 62
0.116908 -0.273999 -0.004971 116 117 114
0.115740 -0.275315 0.003626 170 169 168
0.116421 -0.277375 0.026427 130 136 134
0.116899 -0.276927 0.034001 83 108 105
0.117135 -0.278423 0.044779 128 138 138
0.116180 -0.277208 0.054866 160 158 157
0.114486 -0.278450 0.064835 150 154 156
0.115138 -0.263753 -0.014390 100 118 114
0.115306 -0.266455 -0.005449 146 152 151
0.114074 -0.264511 0.004571 151 161 162
0.114828 -0.262943 0.012856 157 165 166
0.116167 -0.264030 0.046415 165 166 161
0.114120 -0.264738 0.051054 194 184 176
0.113881 -0.254783 -0.015813 103 124 118
0.113956 -0.255638 -0.003823 131 145 140
0.112368 -0.257307 0.003713 166 166 166
0.116240 -0.259143 0.013607 164 168 172
0.115617 -0.256154 0.024845 152 156 158
0.116382 -0.252879 0.035239 82 101 99
0.116339 -0.253568 0.043940 69 97 94
0.114516 -0.252511 0.055453 116 120 114
0.115887 -0.243051 -0.002437 184 184 181
0.114149 -0.245441 0.005182 174 177 174
0.115768 -0.243939 0.015444 143 146 142
0.117166 -0.246957 0.023480 168 169 170
0.114385 -0.246016 0.045895 157 154 152
0.112750 -0.244982 0.054457 170 162 160
0.115969 -0.246004 0.067282 178 176 169
0.114210 -0.243955 0.074224 110 140 134
0.111427 -0.244859 0.086560 183 186 186
0.112180 -0.232546 -0.011461 89 107 107
0.114016 -0.236871 -0.005150 121 131 130
0.118090 -0.234098 0.004889 159 162 164
0.115289 -0.238617 0.013784 88 102 100
0.114950 -0.234235 0.025508 184 180 176
0.113278 -0.237517 0.046172 183 176 172
0.113876 -0.237540 0.053514 177 174 172
0.113749 -0.231415 0.078099 152 160 160
0.114263 -0.233828 0.084167 127 153 150
0.114663 -0.224716 -0.013518 118 133 131
0.114802 -0.224647 -0.005340 169 168 167
0.113381 -0.225837 0.005731 183 181 179
0.118226 -0.220402 0.046613 200 196 188
0.114318 -0.223019 0.058902 82 116 110
0.113812 -0.224075 0.067007 127 142 138
0.114525 -0.225065 0.076322 148 163 160
0.114873 -0.226104 0.085213 138 150 147
0.112811 -0.223606 0.096420 160 164 162
0.114677 -0.224733 0.104962 172 172 172
0.112672 -0.225139 0.113013 183 182 183
0.115834 -0.216140 -0.013820 192 188 182
0.113988 -0.215663 -0.006125 106 120 114
0.113436 -0.215259 0.003773 97 126 119
0.114631 -0.217600 0.015123 96 126 120
0.113806 -0.214883 0.025614 137 151 149
0.114644 -0.215823 0.035209 146 157 156
0.114496 -0.214922 0.044378 84 133 130
0.114843 -0.212872 0.054654 93 111 108
0.113938 -0.214828 0.064314 122 126 126
0.119020 -0.214389 0.073122 177 167 167
0.114014 -0.215988 0.087349 188 185 185
0.113926 -0.214205 0.094473 184 181 181
0.113693 -0.217067 0.103308 198 194 194
0.115862 -0.206598 -0.017022 108 140 132
0.114455 -0.208470 -0.006889 202 195 188
0.112985 -0.202842 0.006132 171 168 167
0.112948 -0.202663 0.013861 177 172 171
0.115867 -0.206381 0.033676 174 174 173
0.116052 -0.203387 0.045610 146 148 146
0.112578 -0.206051 0.056445 124 153 151
0.116214 -0.205124 0.063798 136 152 148
0.115745 -0.203858 0.076205 185 181 181
0.115040 -0.206115 0.083154 187 181 181
0.110439 -0.206827 0.095254 174 173 174
0.113170 -0.194252 -0.016434 88 115 111
0.115927 -0.192558 -0.007903 178 170 170
0.115486 -0.196810 0.006746 184 178 173
0.113045 -0.195097 0.016203 153 153 146
0.111403 -0.195516 0.035714 203 194 194
0.113842 -0.193648 0.045794 187 178 176
0.116751 -0.196530 0.053280 186 179 176
0.114980 -0.193216 0.066134 173 168 170
0.114716 -0.194511 0.076188 132 146 142
0.116705 -0.193453 0.082908 144 150 149
0.115364 -0.194807 0.104517 190 186 182
0.115659 -0.186565 -0.023240 94 120 116
0.114092 -0.185192 -0.015497 164 160 156
0.114380 -0.185848 0.026270 150 149 140
0.114723 -0.182259 0.032127 100 115 109
0.114752 -0.185110 0.044126 134 122 118
0.114500 -0.187949 0.054498 186 178 176
0.114246 -0.186966 0.065137 186 179 178
0.112107 -0.189140 0.073783 138 136 134
0.114033 -0.185369 0.095911 173 170 166
0.116570 -0.182759 0.104029 185 176 173
0.115453 -0.175186 -0.014435 166 155 150
0.113440 -0.177112 -0.006916 180 166 160
0.113650 -0.173456 0.005784 183 172 170
0.111873 -0.171189 0.016426 189 177 175
0.113741 -0.171521 0.025323 196 184 182
0.114428 -0.177494 0.035855 199 187 183
0.115620 -0.173466 0.075095 192 186 188
0.113803 -0.173502 0.084726 204 195 194
0.114182 -0.177240 0.095487 187 178 176
0.115640 -0.178061 0.102081 168 169 166
0.118408 -0.174993 0.112427 126 140 135
0.115117 -0.173036 0.156717 188 186 190
0.116398 -0.173289 0.162232 195 191 195
0.115972 -0.167519 -0.013648 166 154 150
0.116409 -0.165451 -0.004641 193 179 175
0.114339 -0.163755 0.006165 207 194 190
0.114473 -0.163426 0.015252 208 196 193
0.115275 -0.165377 0.022824 212 199 197
0.119432 -0.161265 0.034324 198 188 188
0.117082 -0.163790 0.042866 169 162 164
0.113475 -0.166567 0.054656 183 174 172
0.112601 -0.163799 0.062223 182 174 172
0.114905 -0.165264 0.076852 173 164 164
0.116365 -0.166598 0.086122 173 166 165
0.115775 -0.164903 0.092937 197 189 187
0.112555 -0.165302 0.148299 198 194 195
0.114634 -0.164738 0.155512 196 192 194
0.114378 -0.152558 -0.013762 199 184 180
0.113654 -0.155217 -0.005666 186 173 171
0.115244 -0.156314 0.004642 194 179 174
0.116265 -0.153726 0.012397 181 168 163
0.112664 -0.153673 0.026988 194 185 184
0.115542 -0.154707 0.035233 195 187 188
0.116827 -0.155094 0.044017 196 187 189
0.114586 -0.156360 0.075175 113 133 129
0.116693 -0.153042 0.085036 114 120 115
0.115882 -0.152465 0.105558 222 208 204
0.117421 -0.151245 0.116030 218 207 202
0.113421 -0.154448 0.126109 188 176 171
0.117021 -0.154316 0.133832 200 190 187
0.114094 -0.157068 0.145894 168 163 166
0.112324 -0.156261 0.156178 172 172 172
0.114211 -0.144851 -0.015199 182 171 168
0.115981 -0.146899 -0.007207 186 174 168
0.115780 -0.146810 0.005896 197 180 174
0.115395 -0.147597 0.015232 182 166 159
0.114587 -0.146086 0.024870 168 160 160
0.115170 -0.147203 0.045821 218 209 208
0.113335 -0.143577 0.055607 226 214 211
0.114422 -0.144530 0.075494 139 137 134
0.115470 -0.145339 0.085000 136 152 151
0.116969 -0.144774 0.093608 183 174 176
0.117924 -0.145000 0.103979 204 193 193
0.114233 -0.144133 0.115256 227 216 213
0.115653 -0.144100 0.123815 226 214 211
0.114494 -0.146981 0.135843 220 207 204
0.115954 -0.142113 0.145143 192 185 186
0.117064 -0.135007 -0.021237 175 162 159
0.115505 -0.135092 -0.016913 188 172 168
0.111669 -0.134735 0.008999 192 171 160
0.115714 -0.133846 0.026244 188 174 170
0.116342 -0.135964 0.035963 183 175 173
0.115586 -0.137070 0.044662 177 168 168
0.114334 -0.133768 0.057245 182 173 171
0.115487 -0.135175 0.067089 192 183 184
0.115091 -0.132899 0.075239 200 192 191
0.115283 -0.134900 0.087542 186 176 179
0.115183 -0.136531 0.094069 187 178 179
0.115895 -0.136955 0.103407 100 130 124
0.114662 -0.133893 0.125941 224 212 210
0.115820 -0.134962 0.142931 196 189 190
0.115909 -0.124897 -0.022614 192 172 166
0.115441 -0.126371 -0.017089 168 150 141
0.115757 -0.128089 0.008224 150 130 120
0.113129 -0.124726 0.017651 164 154 152
0.112836 -0.125158 0.024734 186 173 169
0.114268 -0.123068 0.035705 196 182 176
0.114073 -0.122893 0.047253 177 169 169
0.114945 -0.125021 0.054490 180 173 174
0.115244 -0.126702 0.065475 180 173 173
0.114722 -0.127399 0.075221 198 188 188
0.116408 -0.122940 0.085257 193 184 186
0.113276 -0.127365 0.097005 156 150 150
0.113479 -0.127320 0.107220 102 107 101
0.114425 -0.125301 0.116094 183 174 170
0.115144 -0.127387 0.134758 172 167 169
0.116060 -0.112301 0.006223 191 176 173
0.114584 -0.114103 0.015766 191 181 178
0.113037 -0.117765 0.025324 185 174 172
0.112440 -0.116419 0.036033 184 171 167
0.113549 -0.116116 0.045631 167 156 154
0.113842 -0.116112 0.055383 160 151 150
0.114355 -0.117099 0.066179 155 149 148
0.116060 -0.117294 0.074577 165 155 157
0.114510 -0.116700 0.081414 174 164 168
0.115454 -0.114284 0.107540 228 216 213
0.113708 -0.117068 0.115502 213 202 200
0.115806 -0.112907 0.135148 189 186 186
0.115969 -0.103117 -0.015084 180 167 166
0.114341 -0.103988 -0.005905 170 158 155
0.113871 -0.106198 0.006004 171 160 156
0.117017 -0.105799 0.014939 174 158 153
0.114942 -0.104929 0.024735 159 144 140
0.113423 -0.104560 0.043121 170 154 148
0.115276 -0.104745 0.055312 183 171 167
0.116395 -0.102027 0.064585 207 193 189
0.114121 -0.106031 0.075746 213 200 200
0.113619 -0.103414 0.085487 178 167 170
0.115541 -0.103311 0.115149 218 207 205
0.116036 -0.106172 0.133825 182 178 180
0.115432 -0.097782 -0.015598 160 147 144
0.118410 -0.096782 0.017759 154 138 132
0.115729 -0.094927 0.023407 165 151 148
0.118343 -0.092904 0.035202 195 182 180
0.114319 -0.095774 0.046293 208 193 190
0.116577 -0.096699 0.054517 214 200 198
0.117674 -0.093148 0.065679 178 166 164
0.114908 -0.091762 0.076933 156 146 146
0.114250 -0.093881 0.082569 156 146 146
0.113714 -0.096533 0.093568 158 149 149
0.115855 -0.084694 0.014304 204 192 193
0.114302 -0.084668 0.035825 196 185 184
0.112031 -0.085085 0.044524 197 185 182
0.114905 -0.083895 0.055240 181 169 168
0.116530 -0.084355 0.064020 184 173 171
0.113653 -0.088797 0.073852 153 144 142
0.115504 -0.084587 0.083708 168 160 158
0.116018 -0.071864 -0.003163 171 160 155
0.113849 -0.074062 0.005283 183 170 166
0.113495 -0.074241 0.015046 178 165 160
0.111637 -0.074310 0.025739 177 162 155
0.111535 -0.075446 0.034372 184 169 164
0.114244 -0.075988 0.046126 182 169 169
0.115766 -0.077264 0.054570 184 171 171
0.114274 -0.076484 0.061802 180 172 172
0.117257 -0.066246 -0.012424 158 146 140
0.114809 -0.066384 -0.005340 162 148 142
0.112087 -0.066844 0.002956 162 147 142
0.115770 -0.067397 0.014303 160 146 141
0.116122 -0.065669 0.043565 190 177 172
0.116236 -0.064331 0.053363 190 176 170
0.119081 -0.060929 0.065000 167 155 154
0.114570 -0.051993 0.018239 180 168 162
0.115765 -0.053236 0.024476 180 170 165
0.116969 -0.055000 0.034160 188 178 174
0.117343 -0.055932 0.065402 180 171 171
0.115579 -0.044405 0.006618 106 106 101
0.116442 -0.047202 0.014446 188 179 172
0.114771 -0.049376 0.023662 180 172 168
0.116084 -0.042855 0.046784 182 179 176
0.116090 -0.042128 0.055418 192 185 182
0.114390 -0.032841 -0.003851 80 129 121
0.113032 -0.022655 -0.011460 79 114 103
0.114891 -0.024343 -0.005243 65 112 103
0.115406 -0.024802 0.003918 102 138 129
0.115302 -0.015882 -0.005814 98 142 134
0.116692 -0.005808 -0.015195 139 152 147
0.115184 -0.005271 -0.006356 95 141 136
0.125279 -0.682213 -0.064144 11 99 90
0.124196 -0.675112 -0.064034 4 98 87
0.125084 -0.664903 -0.063568 0 93 83
0.125114 -0.655492 -0.061268 0 92 82
0.126612 -0.651210 -0.059438 0 92 82
0.125093 -0.644745 -0.058246 0 92 82
0.125213 -0.634537 -0.055689 0 90 80
0.124657 -0.625247 -0.053021 0 82 74
0.124302 -0.614533 -0.046222 0 78 70
0.122098 -0.606407 -0.034192 5 78 70
0.127128 -0.605467 -0.026488 4 77 70
0.123081 -0.597642 -0.016185 10 78 71
0.124158 -0.590819 -0.003627 2 68 62
0.128340 -0.592483 0.003889 26 77 70
0.123877 -0.586908 0.005682 12 66 60
0.121891 -0.577621 0.017830 56 102 96
0.124974 -0.576884 0.024402 94 122 118
0.127008 -0.572489 0.034356 178 190 184
0.123191 -0.564465 0.037470 204 204 201
0.127838 -0.563971 0.041912 218 214 212
0.124702 -0.552848 0.038744 232 222 219
0.126027 -0.555160 0.043717 230 219 215
0.124915 -0.545250 0.034836 242 228 224
0.125666 -0.533968 0.026609 242 228 224
0.124426 -0.536504 0.033837 244 229 222
0.126296 -0.522803 0.018900 238 224 218
0.123897 -0.526909 0.022255 240 224 219
0.124613 -0.515290 0.016924 241 226 220
0.123772 -0.514912 0.024844 244 228 218
0.125169 -0.505381 0.013673 242 226 220
0.124856 -0.493687 0.008147 240 224 218
0.123993 -0.483333 -0.036603 111 138 127
0.124721 -0.484904 0.005809 240 224 218
0.125091 -0.475830 -0.037260 112 140 130
0.125084 -0.474751 0.004077 240 224 218
0.125405 -0.464501 -0.036148 110 146 136
0.124839 -0.465051 0.003551 238 222 217
0.123337 -0.455730 -0.034793 112 154 142
0.126620 -0.456129 -0.001253 151 149 138
0.125516 -0.453829 0.004785 218 207 198
0.122637 -0.454106 0.025071 122 154 142
0.126728 -0.442688 -0.035028 194 195 190
0.127551 -0.442584 -0.026671 98 146 136
0.124166 -0.446714 0.005026 210 201 193
0.124015 -0.446794 0.025242 149 173 166
0.124397 -0.436682 -0.036964 147 157 152
0.125947 -0.437316 -0.025172 92 140 128
0.127215 -0.434181 -0.013783 205 198 192
0.126496 -0.434441 -0.003476 233 220 216
0.123552 -0.436787 0.003370 236 220 216
0.126973 -0.426465 -0.052271 108 146 137
0.125446 -0.425213 -0.045002 94 138 129
0.124502 -0.426955 -0.036450 214 207 203
0.127180 -0.426593 -0.023174 110 156 144
0.124637 -0.426515 -0.013009 118 164 152
0.125450 -0.425167 -0.007151 125 169 158
0.123542 -0.415296 -0.047545 0 92 82
0.127513 -0.403130 -0.051233 0 92 81
0.122620 -0.407329 -0.048180 0 93 84
0.127354 -0.394449 -0.051207 1 94 83
0.125538 -0.383917 0.025686 94 133 129
0.124642 -0.386239 0.031872 179 199 198
0.124365 -0.373618 -0.048476 0 93 84
0.127159 -0.377008 0.026250 66 127 123
0.126026 -0.374162 0.033974 56 124 118
0.124977 -0.364964 -0.046990 0 91 82
0.124676 -0.354846 -0.045901 0 90 81
0.124706 -0.344714 -0.044880 1 88 80
0.127993 -0.344424 0.035141 107 138 138
0.125197 -0.335473 -0.043002 0 80 72
0.124583 -0.326290 -0.043812 0 63 57
0.124775 -0.325991 -0.035943 0 69 63
0.125444 -0.322195 -0.026037 1 78 70
0.120667 -0.316107 -0.033799 109 146 143
0.124847 -0.314602 -0.014467 4 88 78
0.125076 -0.304400 -0.014126 8 73 66
0.125649 -0.302829 -0.006800 102 138 132
0.124849 -0.303192 0.016431 118 140 140
0.124085 -0.302505 0.023765 104 133 132
0.124512 -0.303674 0.035034 66 102 98
0.125409 -0.303164 0.045813 137 149 149
0.123158 -0.301932 0.052919 181 180 180
0.124771 -0.293702 -0.024106 69 102 98
0.124536 -0.295504 -0.015660 59 107 100
0.125943 -0.296284 -0.005819 159 169 164
0.126158 -0.295335 0.003088 191 190 188
0.124340 -0.294993 0.016059 176 180 178
0.122752 -0.297517 0.023968 172 176 178
0.125538 -0.297643 0.035648 117 135 134
0.123382 -0.295844 0.046679 162 169 167
0.124128 -0.297264 0.052236 144 164 162
0.123369 -0.285236 -0.022909 68 97 94
0.126097 -0.283504 -0.014952 141 152 150
0.126166 -0.284463 -0.005161 186 197 191
0.126912 -0.286587 0.014669 150 156 149
0.123583 -0.282553 0.023429 60 80 76
0.124434 -0.283610 0.035645 84 106 102
0.126272 -0.287027 0.045505 172 175 174
0.123926 -0.285792 0.052882 166 168 170
0.126129 -0.275339 -0.023684 95 117 114
0.125695 -0.274011 -0.014857 100 116 111
0.124708 -0.275428 -0.005141 194 190 185
0.122048 -0.277644 0.003615 202 195 194
0.125351 -0.277819 0.025738 68 80 78
0.123642 -0.275478 0.035989 62 91 87
0.124096 -0.276250 0.045479 158 159 158
0.121193 -0.276815 0.052596 170 166 166
0.125977 -0.265193 -0.023986 74 100 94
0.123445 -0.264997 -0.015667 103 119 115
0.124489 -0.265988 -0.005561 118 133 130
0.124494 -0.262075 0.015387 162 172 174
0.127402 -0.262547 0.048121 194 186 182
0.126644 -0.255743 -0.016993 44 70 66
0.123480 -0.254806 -0.004217 107 135 130
0.127538 -0.253839 0.004357 81 109 105
0.126989 -0.255804 0.015730 121 144 142
0.125683 -0.256292 0.025233 128 141 139
0.123333 -0.253888 0.033951 111 130 129
0.124569 -0.255758 0.044282 99 117 113
0.126541 -0.255670 0.054326 138 148 144
0.126658 -0.253270 0.064850 178 176 177
0.125120 -0.245903 -0.015358 128 142 136
0.124257 -0.245330 -0.003844 191 187 182
0.123659 -0.247577 0.008011 96 130 124
0.123533 -0.245596 0.014188 102 130 127
0.125661 -0.242444 0.022392 77 114 110
0.123877 -0.242816 0.034591 172 169 171
0.124342 -0.246115 0.046458 159 157 157
0.126872 -0.245584 0.056166 175 170 169
0.124409 -0.246992 0.072156 196 196 193
0.126171 -0.231834 -0.011225 164 166 162
0.124319 -0.233512 0.006275 160 160 162
0.122417 -0.234351 0.013501 161 163 164
0.125263 -0.237413 0.024915 112 127 127
0.126428 -0.235250 0.064346 130 144 141
0.123674 -0.231305 0.094644 198 190 186
0.123434 -0.225324 -0.014142 114 132 130
0.123601 -0.222990 -0.002694 161 164 165
0.126239 -0.225042 0.004709 168 168 170
0.127208 -0.225481 0.013931 166 164 164
0.125938 -0.224364 0.045643 168 166 166
0.124894 -0.223281 0.053591 108 136 134
0.126473 -0.224664 0.065778 50 96 89
0.125683 -0.225948 0.075855 96 122 117
0.123663 -0.224481 0.086245 144 149 146
0.124410 -0.225489 0.094101 175 174 171
0.122030 -0.225140 0.103232 184 181 182
0.124369 -0.215194 -0.015150 164 164 162
0.125634 -0.214802 -0.005466 74 115 112
0.123344 -0.216292 0.015492 99 116 110
0.125936 -0.215056 0.025575 112 128 130
0.126028 -0.212774 0.034852 114 129 131
0.125393 -0.214950 0.055008 169 171 171
0.124476 -0.213566 0.062992 178 173 171
0.125125 -0.212046 0.075153 183 176 175
0.124761 -0.215785 0.085243 184 180 178
0.123998 -0.215769 0.094126 209 204 202
0.124408 -0.214404 0.103780 208 200 200
0.123634 -0.206823 0.035345 170 170 168
0.125922 -0.204113 0.044828 185 181 180
0.126729 -0.206122 0.054508 179 177 177
0.123522 -0.204344 0.065575 177 176 174
0.124451 -0.205374 0.075648 181 179 174
0.124656 -0.206536 0.085110 165 164 161
0.125470 -0.195387 -0.017013 210 198 194
0.123353 -0.192370 -0.004927 180 173 172
0.127355 -0.194817 0.004208 182 177 176
0.124095 -0.196339 0.015002 186 181 179
0.126199 -0.193128 0.058353 172 172 174
0.124911 -0.193045 0.066667 185 182 178
0.124979 -0.193808 0.077066 117 130 129
0.125099 -0.193818 0.085673 129 147 145
0.125990 -0.194204 0.094413 184 181 180
0.125264 -0.187666 -0.023080 106 132 128
0.124320 -0.182992 -0.017703 118 128 126
0.128270 -0.186363 0.057901 120 124 121
0.124275 -0.184949 0.067334 167 163 164
0.125471 -0.185846 0.075308 176 173 176
0.127419 -0.184823 0.084029 171 176 176
0.124428 -0.185391 0.094512 112 135 132
0.123036 -0.182576 0.104791 169 174 171
0.126040 -0.184105 0.115416 178 170 169
0.124542 -0.175436 -0.016974 165 156 152
0.125497 -0.173654 0.043176 145 134 131
0.122732 -0.174952 0.066442 189 183 185
0.124921 -0.175820 0.085753 198 190 189
0.125151 -0.174829 0.095256 187 179 178
0.124175 -0.176760 0.104927 175 171 169
0.125006 -0.174568 0.113200 184 177 176
0.122701 -0.173204 0.162865 198 194 196
0.124563 -0.165524 -0.015817 177 164 161
0.123464 -0.163930 -0.005363 199 183 177
0.123000 -0.165048 0.003038 198 183 177
0.121632 -0.164680 0.014797 194 183 180
0.126693 -0.164431 0.026748 180 169 166
0.126696 -0.164369 0.033399 175 166 165
0.123840 -0.165412 0.046179 167 158 158
0.127300 -0.163769 0.055400 170 167 168
0.124066 -0.165447 0.085027 162 156 158
0.124201 -0.166731 0.095074 180 173 173
0.126513 -0.167949 0.104578 175 169 170
0.123030 -0.166290 0.157532 191 186 188
0.122481 -0.155937 -0.003492 189 177 174
0.124514 -0.155599 0.004821 186 175 170
0.124767 -0.154268 0.014431 178 166 159
0.126854 -0.156003 0.024721 171 159 155
0.124781 -0.158123 0.034610 193 180 177
0.124841 -0.154283 0.045357 192 185 184
0.126028 -0.155268 0.052424 179 174 175
0.125481 -0.153804 0.086293 172 168 172
0.125131 -0.154966 0.104789 192 182 184
0.124489 -0.144974 -0.015607 186 174 168
0.122082 -0.146881 0.009386 177 161 150
0.125916 -0.144310 0.016040 202 184 178
0.125820 -0.147129 0.021875 180 165 161
0.125247 -0.147174 0.055583 226 217 216
0.125642 -0.146891 0.062952 210 200 202
0.124071 -0.144256 0.075005 125 125 126
0.124325 -0.147141 0.084306 148 142 143
0.125124 -0.147435 0.095047 168 158 159
0.125200 -0.144472 0.103129 149 153 153
0.122283 -0.142456 0.147268 196 188 188
0.126518 -0.144431 0.153223 196 189 191
0.125458 -0.134640 -0.022416 176 162 159
0.122367 -0.133815 -0.018378 191 175 170
0.125740 -0.132493 -0.002934 210 196 187
0.127767 -0.133772 0.004355 216 201 192
0.125180 -0.135466 0.028825 158 148 142
0.124509 -0.133758 0.034864 169 159 154
0.124646 -0.132105 0.043693 155 146 145
0.125359 -0.132543 0.066344 168 164 167
0.125605 -0.136116 0.073347 196 189 190
0.125874 -0.134144 0.086060 208 197 198
0.124931 -0.138312 0.093410 193 182 186
0.125646 -0.137755 0.104746 126 143 144
0.123287 -0.131179 0.115289 138 154 148
0.125065 -0.135099 0.135192 228 218 214
0.123239 -0.136585 0.147444 200 192 193
0.128131 -0.135583 0.152136 191 186 186
0.125271 -0.124012 -0.022899 180 162 154
0.124879 -0.124716 -0.017743 179 162 152
0.128116 -0.127181 -0.004477 211 194 189
0.126264 -0.125131 0.004914 190 170 162
0.125678 -0.121849 0.016656 208 196 192
0.127646 -0.122774 0.024991 202 189 185
0.126619 -0.127849 0.034956 155 146 144
0.124363 -0.122588 0.044884 187 175 173
0.124364 -0.124608 0.055202 185 178 179
0.125203 -0.127233 0.063260 186 182 184
0.124836 -0.123826 0.074247 165 159 158
0.125237 -0.123671 0.085270 186 176 176
0.125389 -0.124718 0.093826 173 163 163
0.126347 -0.125185 0.103519 189 178 176
0.123073 -0.125428 0.117986 204 196 192
0.126715 -0.125031 0.126446 120 133 130
0.126024 -0.124620 0.132614 196 186 184
0.127164 -0.116621 -0.005431 208 187 176
0.124594 -0.114065 0.005325 181 168 161
0.124457 -0.117657 0.014381 198 184 179
0.127548 -0.117010 0.023489 207 194 191
0.125514 -0.113613 0.036229 180 169 165
0.125227 -0.113852 0.045709 148 149 146
0.123047 -0.114408 0.055905 133 131 126
0.125936 -0.116138 0.064817 136 128 122
0.125368 -0.116243 0.074335 157 152 150
0.127698 -0.112855 0.084913 179 169 168
0.122684 -0.115456 0.107639 232 220 218
0.125084 -0.117029 0.114313 230 218 216
0.125306 -0.114284 0.142887 192 187 188
0.125838 -0.103477 -0.012286 188 176 174
0.127528 -0.106662 -0.005190 186 179 178
0.123568 -0.104777 0.003915 168 154 148
0.125786 -0.102474 0.016051 153 138 134
0.124570 -0.104484 0.024608 157 145 140
0.123556 -0.106940 0.034403 162 150 146
0.126020 -0.103863 0.045657 175 165 162
0.127371 -0.105909 0.055548 189 176 170
0.124536 -0.103068 0.066606 208 195 192
0.126757 -0.107484 0.075709 194 182 177
0.126295 -0.104902 0.083597 198 185 182
0.125360 -0.103649 0.106119 164 154 156
0.124578 -0.104373 0.124895 226 215 213
0.123705 -0.105557 0.136833 194 188 189
0.126369 -0.106138 0.143051 162 166 166
0.126589 -0.095029 -0.022223 154 140 133
0.122995 -0.096451 -0.015932 156 143 136
0.123490 -0.097075 0.017489 158 140 133
0.124067 -0.095991 0.023954 154 142 139
0.126062 -0.094597 0.035418 189 179 178
0.126183 -0.095935 0.042829 194 183 184
0.125755 -0.094437 0.056854 191 181 181
0.126115 -0.092253 0.066318 182 173 171
0.125826 -0.093807 0.074811 189 178 176
0.124647 -0.094354 0.083061 168 155 153
0.125709 -0.096096 0.094169 132 123 122
0.127327 -0.082492 0.005183 182 174 172
0.125867 -0.086531 0.015295 197 184 181
0.125114 -0.086846 0.024200 192 182 181
0.125914 -0.083305 0.046769 143 136 132
0.124921 -0.085473 0.054391 153 148 146
0.123037 -0.085400 0.066186 179 167 166
0.124412 -0.086424 0.074857 179 168 167
0.126836 -0.085242 0.084166 189 178 175
0.124258 -0.074742 0.003427 149 140 138
0.124533 -0.072943 0.016486 143 135 134
0.122080 -0.074863 0.023177 129 119 113
0.126413 -0.076641 0.045385 172 161 158
0.124118 -0.075463 0.054192 187 176 175
0.123401 -0.076920 0.063760 187 176 175
0.125073 -0.077364 0.072679 205 192 187
0.126573 -0.075315 0.084017 172 164 166
0.123679 -0.066811 -0.014165 150 138 134
0.124913 -0.067616 -0.006000 130 118 112
0.124158 -0.063539 0.005630 161 147 140
0.124753 -0.063850 0.014026 180 169 169
0.124881 -0.061741 0.024356 198 186 184
0.127220 -0.062809 0.034152 204 192 190
0.122218 -0.066554 0.046246 197 183 179
0.123703 -0.066444 0.055847 192 179 174
0.126231 -0.064895 0.065451 168 158 157
0.126593 -0.062688 0.074674 175 165 164
0.126225 -0.056496 0.006468 174 158 152
0.124560 -0.056261 0.014894 184 170 165
0.121463 -0.055151 0.027836 182 172 168
0.124282 -0.055979 0.036095 188 178 172
0.125851 -0.056955 0.045456 188 178 172
0.127280 -0.053113 0.056027 170 164 164
0.124847 -0.055758 0.065008 176 168 168
0.124362 -0.056468 0.073881 182 174 172
0.125915 -0.044720 -0.004920 102 125 120
0.125295 -0.040882 0.007470 152 150 143
0.125219 -0.044633 0.014658 192 181 174
0.120993 -0.045358 0.046788 182 176 172
0.122963 -0.045356 0.055670 185 178 174
0.125030 -0.045655 0.064968 198 189 186
0.126155 -0.033388 -0.003754 101 143 132
0.126585 -0.035024 0.005206 170 170 163
0.124952 -0.025337 -0.005017 106 136 124
0.124019 -0.026326 0.004683 100 130 122
0.125203 -0.028455 0.012170 96 140 130
0.124467 -0.015656 -0.006461 94 139 130
0.125038 -0.004276 -0.006510 81 128 121
0.133374 -0.682396 -0.065240 13 96 86
0.134854 -0.675345 -0.064121 5 96 86
0.134808 -0.665384 -0.062925 2 91 82
0.134899 -0.656272 -0.060832 1 88 78
0.135450 -0.652530 -0.059717 0 88 77
0.135356 -0.644587 -0.058313 1 86 78
0.135169 -0.634563 -0.056234 0 82 74
0.135127 -0.626325 -0.053294 1 75 68
0.138198 -0.614364 0.046805 82 128 124
0.133675 -0.603120 -0.015760 4 68 62
0.134367 -0.585212 0.024362 119 140 137
0.133160 -0.576654 0.037215 196 198 195
0.136348 -0.572996 0.043383 206 204 201
0.135147 -0.564566 0.044761 221 214 212
0.133623 -0.556804 -0.001815 114 144 138
0.137130 -0.553950 0.027925 172 170 162
0.135732 -0.552424 0.036062 200 193 186
0.135306 -0.555411 0.044275 238 226 221
0.137240 -0.554117 0.054522 200 186 176
0.136556 -0.542180 -0.012561 204 194 189
0.137609 -0.543436 -0.004743 210 201 195
0.138524 -0.542574 0.005578 214 204 198
0.138406 -0.543158 0.015769 224 216 211
0.137274 -0.543837 0.027428 179 184 178
0.135477 -0.546114 0.034051 196 189 182
0.136645 -0.546147 0.044135 192 180 168
0.138967 -0.534702 -0.033599 140 140 134
0.138829 -0.533968 -0.023367 188 181 173
0.136901 -0.534431 -0.013730 205 195 189
0.136858 -0.535902 -0.005184 215 204 199
0.136442 -0.534796 0.005933 215 204 198
0.134877 -0.534739 0.015602 229 218 214
0.134868 -0.535252 0.025484 239 226 218
0.132764 -0.537182 0.033440 245 230 222
0.136453 -0.523931 -0.023036 188 182 176
0.137571 -0.527009 -0.015895 208 201 194
0.137784 -0.525436 -0.004102 205 198 190
0.136687 -0.524902 0.005543 220 211 204
0.133248 -0.524724 0.015758 237 224 219
0.135212 -0.526376 0.025183 244 228 218
0.138323 -0.514992 0.006408 220 208 202
0.133290 -0.515049 0.015054 242 228 220
0.137367 -0.504329 0.007581 220 206 200
0.133067 -0.506069 0.012645 242 226 220
0.135156 -0.494391 0.006726 232 216 210
0.135377 -0.494610 0.014854 242 225 214
0.134356 -0.485562 0.004171 239 223 216
0.134041 -0.474453 -0.035125 114 138 128
0.135465 -0.474524 -0.004216 218 203 196
0.134789 -0.475946 0.004438 231 216 207
0.135032 -0.465792 -0.034793 112 138 130
0.138376 -0.462486 -0.024109 88 115 104
0.136821 -0.465024 -0.015271 134 139 128
0.134360 -0.463859 -0.006711 168 170 160
0.135626 -0.465524 0.005328 232 216 206
0.137912 -0.453815 -0.024072 126 151 140
0.137276 -0.454927 -0.014768 203 192 184
0.133686 -0.455460 -0.003957 188 185 176
0.134541 -0.454052 0.003944 216 204 192
0.136223 -0.444703 -0.043252 126 140 134
0.133781 -0.444567 -0.037259 186 185 180
0.136828 -0.443686 -0.024196 132 160 151
0.135810 -0.444899 -0.014811 204 196 188
0.132602 -0.445999 -0.006386 222 210 204
0.132025 -0.446377 0.004316 217 206 194
0.137880 -0.432434 -0.051255 4 76 71
0.135296 -0.434753 -0.045364 110 141 134
0.135906 -0.433115 -0.034929 142 166 158
0.135401 -0.434457 -0.026309 104 148 136
0.136195 -0.425380 -0.052672 71 124 116
0.134698 -0.426712 -0.045300 130 158 151
0.134101 -0.427962 -0.035999 144 170 160
0.132550 -0.427085 -0.026641 105 150 138
0.135862 -0.415029 -0.052722 0 84 75
0.135175 -0.404925 -0.052764 0 87 76
0.135324 -0.395027 -0.052347 0 90 79
0.135845 -0.385921 -0.051078 1 90 79
0.133970 -0.374177 -0.049057 0 90 80
0.134600 -0.364817 -0.047837 0 88 78
0.132629 -0.366007 0.036029 20 72 67
0.135000 -0.364328 0.043626 73 118 113
0.134572 -0.354873 -0.047197 0 84 75
0.137629 -0.356766 0.044118 39 78 74
0.134732 -0.345188 -0.045639 0 82 73
0.132099 -0.344853 0.037134 121 144 142
0.134889 -0.342733 0.042457 99 128 128
0.135133 -0.335434 -0.044012 0 72 65
0.135850 -0.334276 0.044476 92 136 134
0.132813 -0.327754 -0.040868 0 64 58
0.134559 -0.325279 -0.036174 0 67 62
0.135561 -0.322796 -0.025304 2 78 70
0.134410 -0.314965 -0.014604 6 90 80
0.135463 -0.306203 -0.013425 16 80 72
0.135548 -0.303003 -0.003632 150 167 164
0.133493 -0.305596 0.004011 94 134 131
0.135976 -0.304074 0.012938 146 162 160
0.132968 -0.303119 0.024169 139 153 154
0.133907 -0.304891 0.036048 62 96 94
0.134118 -0.305827 0.042375 142 150 149
0.133850 -0.293629 -0.023646 93 120 116
0.134927 -0.295195 -0.016187 83 116 110
0.134435 -0.295928 -0.004244 190 193 188
0.133680 -0.296768 0.004106 199 197 196
0.132420 -0.296862 0.012986 182 185 184
0.135918 -0.293359 0.025902 125 141 141
0.133616 -0.295427 0.036317 86 106 106
0.133571 -0.295012 0.047304 182 184 184
0.132193 -0.295742 0.052160 193 189 191
0.135318 -0.284903 -0.023921 15 56 51
0.133819 -0.283002 -0.014588 137 142 138
0.134296 -0.284489 -0.006574 199 198 194
0.130624 -0.286377 0.018180 219 215 208
0.136100 -0.283370 0.023094 182 186 182
0.133109 -0.283544 0.036096 118 128 126
0.134904 -0.285335 0.043172 175 175 175
0.135589 -0.275519 -0.022689 49 67 62
0.135678 -0.275861 -0.015380 132 142 139
0.134588 -0.275370 -0.007001 186 187 184
0.134524 -0.279495 0.028013 198 194 191
0.132942 -0.275203 0.035788 102 120 115
0.135624 -0.264884 -0.021457 12 56 49
0.136416 -0.267165 -0.015011 94 116 110
0.135282 -0.267160 0.044056 198 190 186
0.133117 -0.261879 0.051970 130 141 138
0.134582 -0.252672 -0.016181 104 129 124
0.135331 -0.255042 -0.003904 148 157 153
0.135514 -0.254370 0.004010 189 187 185
0.133415 -0.254998 0.013393 188 186 186
0.131721 -0.254783 0.024123 162 163 164
0.132820 -0.254362 0.036264 177 176 178
0.136640 -0.252505 0.043608 172 171 173
0.132930 -0.255206 0.055013 104 127 124
0.136479 -0.252625 0.064068 78 108 104
0.135717 -0.248357 -0.023603 116 126 122
0.134368 -0.246124 -0.014905 133 145 142
0.134230 -0.243710 -0.007346 176 176 174
0.137929 -0.247365 0.004659 176 172 170
0.135170 -0.243512 0.014807 125 136 132
0.136694 -0.245328 0.036501 175 176 176
0.134223 -0.246328 0.045175 169 169 170
0.133787 -0.245559 0.055426 160 160 159
0.134262 -0.245398 0.064704 170 164 162
0.133453 -0.245556 0.075501 142 148 148
0.137722 -0.238021 -0.014958 94 100 98
0.135994 -0.238713 0.004326 172 170 172
0.135202 -0.239423 0.015007 179 176 178
0.132920 -0.234250 0.032993 84 116 114
0.136327 -0.234320 0.046150 153 152 158
0.136902 -0.236074 0.054356 159 156 160
0.136045 -0.234327 0.065171 162 162 162
0.133880 -0.232210 0.073141 98 122 120
0.137415 -0.226300 -0.004922 189 186 182
0.133357 -0.222375 0.005158 167 167 168
0.133596 -0.223969 0.014909 164 162 164
0.133726 -0.222658 0.023383 164 162 163
0.138408 -0.223471 0.034708 153 153 160
0.136468 -0.227096 0.046021 152 160 161
0.137272 -0.226761 0.054127 163 160 161
0.133650 -0.225104 0.067112 104 115 112
0.134085 -0.225464 0.074818 124 130 128
0.135820 -0.224805 0.084966 164 158 158
0.133431 -0.214107 -0.003810 91 125 121
0.136056 -0.217004 0.002035 172 174 173
0.136243 -0.216335 0.026015 155 157 159
0.136158 -0.215234 0.034039 148 151 153
0.135519 -0.214173 0.043102 110 121 124
0.135498 -0.216349 0.056837 116 132 131
0.135645 -0.213553 0.063760 152 157 157
0.132639 -0.216163 0.075405 168 164 166
0.135045 -0.214254 0.084571 140 144 144
0.135626 -0.212486 0.094702 131 141 137
0.133800 -0.208480 0.037491 182 176 177
0.134017 -0.205485 0.047389 161 157 160
0.135357 -0.205337 0.053684 161 157 160
0.134436 -0.207396 0.065465 150 148 154
0.136320 -0.205945 0.074217 158 160 162
0.134400 -0.205843 0.084702 159 156 154
0.136004 -0.203399 0.093985 168 161 162
0.134393 -0.192169 -0.023149 124 145 140
0.135685 -0.195951 -0.018092 200 192 188
0.134539 -0.194570 0.014026 88 126 120
0.134309 -0.193611 0.022838 112 142 138
0.135117 -0.194071 0.065599 170 171 173
0.133992 -0.194719 0.076794 147 143 138
0.134409 -0.193756 0.084352 166 164 161
0.134914 -0.193504 0.094347 190 185 180
0.138231 -0.195015 0.104427 170 169 168
0.131990 -0.181504 -0.016904 110 118 116
0.136366 -0.183057 -0.004287 194 190 190
0.134970 -0.184479 0.003457 188 186 186
0.137160 -0.184122 0.035648 127 146 143
0.135358 -0.184998 0.047253 75 78 78
0.135853 -0.185225 0.066093 122 119 117
0.135086 -0.186661 0.075514 179 174 172
0.133095 -0.185954 0.085727 180 180 180
0.136654 -0.186285 0.094423 176 177 174
0.136081 -0.183535 0.102142 158 157 155
0.132603 -0.183889 0.116412 174 170 170
0.133279 -0.185322 0.121684 180 176 176
0.135083 -0.174650 -0.021102 122 124 121
0.134595 -0.175143 -0.018006 172 167 164
0.137223 -0.172946 0.033584 174 169 166
0.133138 -0.175291 0.056915 178 164 161
0.136796 -0.175101 0.063670 195 184 182
0.133557 -0.176379 0.075809 199 194 195
0.134202 -0.177335 0.082845 201 197 198
0.135864 -0.173878 0.097976 178 174 177
0.136950 -0.175484 0.103589 177 174 175
0.136188 -0.174037 0.114941 166 162 166
0.137359 -0.165219 -0.020293 111 107 104
0.134609 -0.165667 -0.015581 170 161 155
0.134470 -0.164671 -0.005643 197 181 172
0.135309 -0.166778 0.005018 214 198 191
0.134294 -0.162603 0.026375 168 158 154
0.136797 -0.165758 0.035053 192 182 178
0.135434 -0.163323 0.046987 198 182 175
0.133224 -0.165286 0.056059 192 181 177
0.133259 -0.166455 0.065025 155 155 152
0.135511 -0.162108 0.076667 120 119 114
0.131829 -0.162279 0.086883 178 173 179
0.133865 -0.165889 0.094180 158 154 159
0.136014 -0.167651 0.104512 166 163 166
0.132850 -0.166215 0.113554 170 164 164
0.134573 -0.155787 0.005144 190 179 174
0.133656 -0.154152 0.015524 173 160 155
0.134946 -0.157216 0.023596 165 155 152
0.137282 -0.155530 0.035567 161 148 141
0.136455 -0.153508 0.043377 146 130 120
0.135420 -0.155677 0.053865 186 177 173
0.134149 -0.155261 0.063811 184 178 177
0.136625 -0.152773 0.074622 189 183 186
0.135865 -0.154898 0.084118 124 122 125
0.136338 -0.154177 0.095125 176 174 178
0.133515 -0.155451 0.116242 161 154 155
0.135825 -0.156055 0.123978 156 150 152
0.134413 -0.143911 -0.015024 184 174 168
0.136927 -0.149531 0.014968 179 168 162
0.135197 -0.144805 0.055982 182 172 168
0.135647 -0.145605 0.063207 171 162 160
0.135903 -0.147138 0.073901 188 182 180
0.135328 -0.146101 0.084223 186 179 178
0.134979 -0.147886 0.096452 175 168 167
0.134264 -0.146456 0.105216 186 177 180
0.137919 -0.144346 0.113138 160 154 154
0.132335 -0.144414 0.155485 197 191 194
0.134261 -0.133964 -0.023588 170 161 157
0.137105 -0.138884 -0.018851 169 162 159
0.133019 -0.133059 0.005483 226 210 202
0.135196 -0.132577 0.026935 148 128 116
0.136710 -0.132670 0.033526 164 155 152
0.136144 -0.134650 0.044692 170 161 158
0.135569 -0.136599 0.054147 176 168 170
0.136978 -0.137408 0.062972 172 165 168
0.135784 -0.134249 0.076695 192 185 186
0.134662 -0.134870 0.085734 236 222 221
0.133565 -0.134374 0.094318 238 224 224
0.134256 -0.134817 0.103731 190 178 180
0.131829 -0.134377 0.116586 208 198 194
0.132602 -0.131896 0.122130 166 170 168
0.133792 -0.135535 0.155222 182 177 178
0.135603 -0.126624 -0.022019 179 168 160
0.133835 -0.123313 -0.017244 176 161 150
0.131936 -0.123413 0.002630 203 183 172
0.133392 -0.127418 0.014258 205 190 183
0.135685 -0.124922 0.027020 189 179 177
0.135751 -0.124360 0.033663 183 173 171
0.135175 -0.125527 0.041848 175 168 170
0.135742 -0.124751 0.065721 207 196 193
0.135927 -0.121818 0.085017 174 166 166
0.133656 -0.124281 0.096388 193 183 182
0.134457 -0.125068 0.105698 185 176 176
0.136298 -0.122952 0.112847 197 191 190
0.134247 -0.115558 -0.002332 182 159 144
0.133909 -0.113067 0.006155 198 184 179
0.132200 -0.115550 0.017934 192 182 180
0.135930 -0.112664 0.035890 87 101 94
0.133387 -0.113286 0.045122 150 150 148
0.134227 -0.114818 0.055280 123 124 122
0.135923 -0.117185 0.064362 126 120 118
0.132805 -0.115062 0.076750 177 165 159
0.133263 -0.115204 0.085048 181 170 169
0.134474 -0.117340 0.095131 182 173 173
0.133897 -0.117622 0.103353 168 162 164
0.136768 -0.116817 0.114440 198 186 187
0.135552 -0.103975 -0.015050 172 159 150
0.134445 -0.106637 -0.004224 174 160 154
0.133887 -0.105649 0.004653 176 164 161
0.133173 -0.103861 0.013909 158 144 137
0.136731 -0.104509 0.026275 101 109 103
0.135407 -0.105286 0.033454 132 122 119
0.132909 -0.105094 0.044267 165 160 160
0.134656 -0.105522 0.055116 207 197 196
0.133331 -0.104984 0.064730 215 202 199
0.134545 -0.105861 0.075735 194 179 177
0.134127 -0.106509 0.084312 185 170 168
0.135956 -0.104916 0.094304 169 156 151
0.131889 -0.100743 0.104918 124 116 114
0.136189 -0.106025 0.114492 146 140 138
0.135649 -0.106354 0.133910 230 218 216
0.134359 -0.105257 0.145509 190 183 184
0.134860 -0.097050 -0.021919 149 135 124
0.137167 -0.097179 -0.017685 162 150 140
0.135083 -0.093032 0.016148 176 164 157
0.134990 -0.095365 0.035635 191 184 184
0.134727 -0.095352 0.042102 202 192 195
0.136880 -0.094831 0.056104 190 181 184
0.133108 -0.095321 0.065391 175 171 169
0.133366 -0.094077 0.074686 176 166 162
0.136114 -0.093341 0.084456 179 168 164
0.136892 -0.096190 0.095624 168 154 146
0.136698 -0.094319 0.104548 199 186 182
0.131481 -0.088623 0.016135 176 161 154
0.133309 -0.085272 0.026612 186 170 168
0.134207 -0.084433 0.034663 130 128 126
0.136821 -0.084478 0.044299 134 132 131
0.134673 -0.086468 0.054957 102 104 101
0.133313 -0.085765 0.064253 140 137 134
0.132108 -0.086744 0.077539 222 207 204
0.134164 -0.085568 0.084786 218 205 202
0.135458 -0.086981 0.095331 221 208 204
0.135183 -0.088321 0.101953 222 207 204
0.135702 -0.076698 -0.005128 174 166 164
0.132994 -0.072505 0.016109 121 124 121
0.134378 -0.077436 0.024617 100 116 116
0.133951 -0.078666 0.046096 170 158 156
0.133291 -0.073351 0.054070 204 190 186
0.137201 -0.074284 0.064134 205 194 190
0.136204 -0.075027 0.083948 160 154 155
0.137701 -0.076706 0.092796 164 158 156
0.133583 -0.066775 0.014589 157 146 142
0.133334 -0.060759 0.026867 188 175 170
0.136551 -0.062639 0.035670 197 187 183
0.137498 -0.067246 0.045540 204 198 195
0.134634 -0.065320 0.065613 173 165 163
0.135132 -0.066620 0.074803 173 166 164
0.136451 -0.063603 0.083480 186 176 176
0.133467 -0.052763 0.006491 168 154 148
0.134301 -0.055448 0.014078 166 153 146
0.136419 -0.058091 0.024642 172 158 151
0.133958 -0.055835 0.035630 173 162 157
0.136332 -0.054546 0.046573 182 177 175
0.135350 -0.055876 0.054628 184 178 176
0.133201 -0.055068 0.064134 174 168 168
0.134920 -0.055269 0.073586 175 168 168
0.134929 -0.044970 -0.004475 110 129 122
0.136147 -0.047140 0.003931 185 178 173
0.132152 -0.043364 0.013583 189 185 176
0.137585 -0.044313 0.045358 82 109 105
0.135372 -0.047273 0.053814 144 146 145
0.133681 -0.047944 0.075462 210 201 196
0.133101 -0.033290 -0.003989 84 130 119
0.134001 -0.033354 0.006496 144 150 142
0.135015 -0.033668 0.014944 116 140 132
0.137372 -0.035105 0.024257 102 136 129
0.133799 -0.025877 -0.006305 41 96 84
0.132037 -0.026562 0.007599 97 136 127
0.134148 -0.028034 0.014338 101 140 132
0.134878 -0.015614 -0.006237 98 139 128
0.135089 -0.003870 -0.005423 100 145 135
0.134807 0.002690 -0.007917 75 122 112
0.145033 -0.675039 -0.063368 4 94 86
0.145020 -0.665155 -0.062245 3 86 78
0.144775 -0.656931 -0.060644 2 82 76
0.144652 -0.652748 -0.059439 2 82 74
0.144829 -0.645045 -0.058683 2 80 74
0.144572 -0.635329 -0.056461 2 75 70
0.142544 -0.628115 -0.053517 3 70 68
0.145801 -0.624277 -0.045754 15 60 56
0.144563 -0.616445 -0.033546 64 94 90
0.145250 -0.612127 -0.024151 104 126 120
0.142874 -0.614505 0.045690 84 122 117
0.143048 -0.605502 -0.012614 79 100 96
0.147062 -0.603506 -0.004035 186 196 192
0.147582 -0.607839 0.054924 155 156 152
0.145248 -0.597388 0.005339 135 146 143
0.144389 -0.592609 0.015338 120 138 136
0.148287 -0.595349 0.063653 154 150 144
0.142708 -0.587222 0.025615 136 156 154
0.145494 -0.583563 0.035326 171 178 175
0.148256 -0.571696 -0.014634 186 184 179
0.147261 -0.573039 0.004166 102 131 124
0.148115 -0.572437 0.016526 105 116 102
0.146605 -0.573138 0.047098 209 207 202
0.148839 -0.571086 0.054949 196 189 181
0.147143 -0.573331 0.063688 194 184 175
0.147121 -0.566114 -0.014347 141 143 137
0.147644 -0.563951 -0.005922 158 157 149
0.147384 -0.563856 0.003205 156 168 162
0.146885 -0.565085 0.015665 170 170 161
0.147119 -0.563835 0.024821 190 185 176
0.147682 -0.563368 0.035544 195 186 176
0.146075 -0.564488 0.045680 208 199 192
0.146464 -0.566420 0.053514 203 193 187
0.144718 -0.567319 0.062954 200 189 181
0.145082 -0.554710 -0.016343 182 174 166
0.144867 -0.555090 -0.003568 172 170 162
0.145645 -0.554963 0.004309 167 173 164
0.145091 -0.555099 0.014932 208 199 191
0.144073 -0.554714 0.024857 215 207 199
0.143651 -0.555750 0.035636 208 199 190
0.143020 -0.556846 0.043842 214 205 197
0.141937 -0.556722 0.053006 200 188 179
0.146968 -0.543524 -0.045251 41 90 82
0.145106 -0.543921 -0.035667 186 190 181
0.144826 -0.545590 -0.024138 193 185 177
0.142149 -0.546820 -0.017474 188 179 171
0.143191 -0.544976 -0.004078 224 216 210
0.146069 -0.546729 0.004880 159 170 163
0.143587 -0.545950 0.015382 146 157 147
0.143263 -0.545008 0.024965 179 180 171
0.142088 -0.546173 0.034830 188 185 178
0.146084 -0.535829 -0.045023 18 78 70
0.143494 -0.535183 -0.035118 108 122 115
0.141765 -0.534700 -0.025780 161 165 160
0.142826 -0.535207 -0.015561 217 208 203
0.145260 -0.525418 -0.034690 11 44 38
0.144134 -0.523805 -0.024180 128 136 130
0.142744 -0.523868 -0.016785 209 210 205
0.145094 -0.516186 -0.024997 121 126 122
0.146088 -0.517898 -0.012285 184 189 184
0.145359 -0.514896 -0.003824 204 200 194
0.142781 -0.512195 0.002833 215 206 198
0.149287 -0.509132 -0.000772 217 206 201
0.145093 -0.504934 0.005092 222 208 202
0.144928 -0.494816 0.007790 238 222 216
0.144327 -0.493709 0.014586 237 220 211
0.144227 -0.484212 0.005759 224 208 198
0.145641 -0.473948 -0.003521 213 196 186
0.144775 -0.476971 0.003492 216 198 186
0.143943 -0.464389 -0.035075 112 138 128
0.144895 -0.464412 -0.025077 85 98 88
0.144204 -0.463829 -0.014615 147 147 135
0.146600 -0.466441 -0.006418 212 198 188
0.145129 -0.453079 -0.043679 146 147 142
0.144789 -0.454503 -0.034827 115 139 130
0.142759 -0.455175 -0.026017 119 141 130
0.147063 -0.458717 -0.007454 171 168 157
0.147340 -0.444478 -0.052076 112 136 131
0.145849 -0.445298 -0.044934 120 133 127
0.145677 -0.446414 -0.034897 74 111 102
0.142081 -0.444115 -0.026780 96 137 125
0.145982 -0.433930 -0.053295 75 118 113
0.144201 -0.435961 -0.046054 140 156 150
0.143650 -0.436879 -0.033844 94 136 122
0.140656 -0.437351 -0.027569 100 143 130
0.144361 -0.426225 -0.055744 74 120 114
0.145043 -0.415162 -0.055251 0 79 72
0.144938 -0.405248 -0.054698 0 82 73
0.144874 -0.394841 -0.053293 0 86 76
0.144429 -0.386138 -0.051918 2 86 77
0.146980 -0.373571 -0.050804 3 82 74
0.143906 -0.365003 -0.049064 0 82 73
0.144078 -0.354480 -0.048405 0 78 71
0.143418 -0.354374 0.045791 44 90 85
0.144193 -0.354939 0.053529 61 107 100
0.144842 -0.345204 -0.046614 0 76 69
0.144210 -0.345953 0.043549 86 135 128
0.148129 -0.345963 0.053315 100 143 134
0.145099 -0.335380 -0.044512 0 64 59
0.141805 -0.334038 0.047056 82 128 126
0.146530 -0.333071 0.053622 64 113 112
0.144342 -0.325041 -0.034950 2 66 61
0.145271 -0.323353 -0.024762 4 74 67
0.145570 -0.320984 -0.018529 4 82 73
0.143178 -0.325415 0.048654 112 140 140
0.145733 -0.324506 0.054537 107 134 134
0.143914 -0.315288 -0.024743 3 84 76
0.144402 -0.314039 -0.014759 6 85 76
0.145262 -0.304743 -0.014922 70 116 111
0.142722 -0.302255 -0.001139 178 181 180
0.145901 -0.304607 0.004954 173 178 180
0.143370 -0.304604 0.014610 162 166 168
0.146369 -0.292075 -0.023539 92 112 110
0.145568 -0.296258 -0.015636 74 112 108
0.142803 -0.292461 -0.005968 184 188 184
0.145542 -0.294663 0.002949 108 132 128
0.145399 -0.294752 0.013930 87 118 114
0.144175 -0.291146 0.053930 186 186 186
0.146567 -0.283854 -0.023274 58 90 87
0.145158 -0.287241 -0.015769 40 80 76
0.146046 -0.285157 -0.005594 205 203 199
0.144105 -0.286827 0.013502 148 154 154
0.141689 -0.285215 0.046829 168 166 166
0.147050 -0.286169 0.054212 180 178 178
0.144229 -0.275817 -0.024825 53 74 72
0.143731 -0.276098 -0.014545 161 160 156
0.144775 -0.275048 -0.008714 224 214 208
0.144623 -0.264125 -0.014365 126 137 131
0.145166 -0.265705 -0.007943 212 204 200
0.145649 -0.263197 0.003334 206 202 200
0.145308 -0.261991 0.015932 192 193 192
0.145063 -0.254893 -0.023873 62 90 84
0.146270 -0.256547 -0.015983 182 176 171
0.143990 -0.256263 -0.004549 209 203 199
0.146234 -0.256024 0.024572 178 177 176
0.142989 -0.254849 0.035562 190 189 189
0.144929 -0.254446 0.063899 114 130 122
0.147253 -0.243800 -0.024865 92 103 101
0.144989 -0.243047 -0.015667 127 135 133
0.145482 -0.247826 0.005419 189 186 181
0.143686 -0.244217 0.016188 176 172 163
0.146261 -0.244822 0.044971 160 159 164
0.144278 -0.247237 0.064655 89 112 108
0.145686 -0.243318 0.074681 96 109 102
0.146544 -0.237198 -0.013544 116 124 122
0.143784 -0.236411 -0.007969 179 176 173
0.143714 -0.236500 0.016950 142 145 138
0.145780 -0.235387 0.022861 178 184 178
0.143163 -0.235783 0.045423 150 151 157
0.143253 -0.235147 0.054292 152 152 157
0.142202 -0.233970 0.065831 142 144 144
0.142521 -0.237654 0.077252 38 77 74
0.145278 -0.233885 0.085455 26 76 70
0.146130 -0.227259 -0.004237 149 151 150
0.145381 -0.224785 0.028231 125 141 146
0.146177 -0.223775 0.035961 168 171 172
0.144454 -0.224583 0.045351 150 152 154
0.145595 -0.225051 0.055242 152 153 159
0.146136 -0.225705 0.063058 150 152 157
0.143318 -0.228828 0.077070 93 117 115
0.143113 -0.226597 0.087158 130 136 136
0.145909 -0.226718 0.092705 114 127 126
0.143193 -0.217949 0.026673 165 162 166
0.145266 -0.216400 0.033071 161 163 166
0.145422 -0.216084 0.044774 163 166 168
0.144451 -0.215674 0.054236 106 128 126
0.142537 -0.212860 0.065873 80 108 108
0.145258 -0.213889 0.074820 132 136 140
0.148095 -0.212705 0.086091 142 145 150
0.146202 -0.204465 0.005681 106 139 132
0.144450 -0.204514 0.037798 200 195 196
0.144582 -0.206313 0.043657 197 198 198
0.146886 -0.203525 0.055182 164 163 164
0.146701 -0.203499 0.062089 158 157 159
0.144172 -0.204216 0.076455 132 150 152
0.143083 -0.205114 0.082660 132 146 146
0.141632 -0.202899 0.095826 165 158 159
0.143408 -0.202401 0.104916 164 159 156
0.144256 -0.192803 -0.023622 160 163 158
0.145956 -0.196381 -0.017977 197 189 186
0.144691 -0.192999 0.025356 84 129 124
0.147478 -0.193507 0.036061 152 152 154
0.145229 -0.194540 0.045025 152 151 154
0.144748 -0.196280 0.065463 166 163 165
0.145870 -0.195277 0.072721 168 167 170
0.143255 -0.194195 0.086881 156 150 148
0.144323 -0.193254 0.094724 170 165 163
0.141686 -0.196843 0.103592 169 163 162
0.143958 -0.181684 -0.003189 190 186 186
0.145084 -0.182687 0.004683 181 180 181
0.145743 -0.183166 0.013247 172 169 170
0.147868 -0.183886 0.025795 152 148 152
0.144968 -0.184335 0.034189 105 114 113
0.145505 -0.185475 0.046835 120 118 117
0.143626 -0.186272 0.055688 134 132 130
0.143122 -0.186058 0.063999 168 162 162
0.142664 -0.185344 0.077367 157 146 142
0.145262 -0.183565 0.085083 172 164 162
0.146576 -0.183973 0.094727 176 171 170
0.143582 -0.184781 0.103320 192 189 188
0.142418 -0.172620 -0.016607 176 174 172
0.146188 -0.175056 -0.004733 190 184 182
0.145227 -0.173772 0.002643 178 172 170
0.145815 -0.174944 0.016965 162 158 159
0.147208 -0.175120 0.027552 177 175 174
0.145970 -0.173751 0.032569 176 172 174
0.147366 -0.173488 0.044871 188 182 178
0.144475 -0.174545 0.053776 198 191 187
0.143217 -0.174432 0.063761 190 184 182
0.146135 -0.173956 0.076001 168 158 150
0.147126 -0.176362 0.083715 188 180 174
0.141950 -0.178452 0.097719 160 158 159
0.142487 -0.175611 0.105589 177 172 172
0.143793 -0.175180 0.113295 166 162 166
0.141839 -0.163732 -0.020486 81 80 78
0.143760 -0.166114 -0.017695 152 150 146
0.144075 -0.167289 -0.005032 167 160 154
0.143889 -0.167116 0.003028 195 186 182
0.144712 -0.164694 0.026832 204 189 183
0.143869 -0.165852 0.034792 197 185 181
0.144845 -0.165945 0.045255 186 181 178
0.146668 -0.164034 0.053979 183 177 174
0.145022 -0.164626 0.065860 175 165 160
0.146355 -0.164084 0.074502 185 175 169
0.147799 -0.165168 0.081752 214 197 190
0.146314 -0.161785 0.095293 169 167 173
0.142142 -0.168071 0.102917 164 161 165
0.144968 -0.153364 -0.025573 114 112 108
0.143301 -0.154365 0.023293 141 134 130
0.144468 -0.156467 0.033294 160 150 150
0.146627 -0.156592 0.045589 152 145 143
0.143892 -0.154658 0.054701 177 167 159
0.146452 -0.155860 0.064566 189 180 175
0.144421 -0.152830 0.074210 173 164 162
0.144338 -0.155170 0.085408 176 173 178
0.145010 -0.154653 0.093172 174 168 169
0.143613 -0.143027 -0.011737 187 179 176
0.146335 -0.145051 -0.006882 189 180 178
0.145058 -0.144963 0.004478 166 162 163
0.146531 -0.144892 0.014794 164 160 162
0.143205 -0.146437 0.036766 165 148 136
0.147619 -0.145126 0.047147 154 146 138
0.145578 -0.148124 0.052613 162 152 142
0.144062 -0.144132 0.066052 162 141 126
0.144484 -0.145624 0.074994 164 153 149
0.144395 -0.145842 0.084550 181 173 173
0.143259 -0.145662 0.094417 178 170 171
0.144932 -0.146125 0.104911 168 161 162
0.143909 -0.145189 0.112929 166 156 159
0.143933 -0.132749 -0.022594 136 136 132
0.145437 -0.137214 -0.017017 176 170 168
0.146880 -0.137082 -0.006416 180 171 168
0.141458 -0.133625 0.016652 180 166 154
0.146738 -0.132623 0.023580 116 110 106
0.144423 -0.132367 0.035717 180 174 172
0.145785 -0.136262 0.045965 173 161 154
0.144749 -0.133111 0.054982 185 177 176
0.146564 -0.132523 0.063976 195 185 184
0.146143 -0.135656 0.075189 198 192 194
0.144151 -0.135963 0.095132 198 190 189
0.145926 -0.134552 0.113893 147 138 136
0.146288 -0.134378 0.123604 168 160 158
0.144456 -0.125579 -0.023672 132 136 130
0.144151 -0.121824 -0.018138 176 172 164
0.146005 -0.124578 -0.006169 190 180 172
0.142876 -0.125842 0.014885 164 153 143
0.142198 -0.124384 0.028779 161 156 156
0.143407 -0.125699 0.035166 198 192 190
0.146764 -0.125026 0.045118 204 194 193
0.146509 -0.126553 0.052932 201 194 195
0.146828 -0.126297 0.065801 178 171 174
0.145527 -0.121437 0.076317 118 112 114
0.146402 -0.124083 0.085053 182 173 172
0.144456 -0.123219 0.095143 188 178 176
0.145268 -0.124874 0.115823 166 158 158
0.146984 -0.124173 0.123664 174 165 166
0.144124 -0.113214 0.004594 183 174 170
0.146283 -0.114528 0.013524 188 177 170
0.143818 -0.117455 0.043987 199 190 191
0.143193 -0.114116 0.054835 185 174 174
0.145585 -0.112337 0.065443 216 205 206
0.147340 -0.113093 0.077106 189 176 174
0.145436 -0.115222 0.084354 190 175 171
0.145238 -0.114966 0.094149 197 187 184
0.143691 -0.117647 0.125125 196 186 186
0.144572 -0.101009 -0.022291 190 176 167
0.146141 -0.103167 -0.016542 191 182 179
0.145010 -0.106142 -0.006619 180 170 165
0.143442 -0.103794 0.014109 101 113 105
0.143175 -0.104162 0.025519 144 130 124
0.146622 -0.104972 0.033143 162 153 149
0.145929 -0.105132 0.045031 130 132 133
0.147842 -0.102274 0.056328 211 199 201
0.147194 -0.106180 0.064972 185 173 173
0.144830 -0.106030 0.076093 207 194 191
0.145625 -0.106589 0.084378 211 199 196
0.144913 -0.107211 0.095961 179 168 166
0.144682 -0.103209 0.105355 186 174 168
0.145683 -0.102323 0.115157 202 191 185
0.144804 -0.095486 -0.024981 168 158 150
0.145191 -0.096547 -0.015697 100 110 102
0.145983 -0.097519 -0.006986 98 110 102
0.142478 -0.094013 0.018113 158 149 145
0.143616 -0.095482 0.025158 160 152 146
0.145382 -0.095822 0.032764 177 168 166
0.147123 -0.096149 0.045183 183 169 167
0.142569 -0.096108 0.053762 189 180 183
0.146656 -0.093588 0.066765 148 141 140
0.144915 -0.091756 0.075943 160 159 154
0.145317 -0.093077 0.086070 187 182 180
0.144704 -0.095843 0.095180 175 167 164
0.143898 -0.094205 0.105826 218 208 204
0.144560 -0.094893 0.113886 223 212 208
0.145535 -0.095976 0.122613 227 217 212
0.144641 -0.083102 0.004920 183 175 178
0.146000 -0.083258 0.044970 123 119 117
0.148066 -0.084573 0.055893 104 102 99
0.145975 -0.086499 0.064521 93 97 92
0.146147 -0.085276 0.075303 185 182 180
0.144849 -0.087532 0.083748 204 199 197
0.147275 -0.083016 0.097443 168 162 164
0.144837 -0.085859 0.104422 191 182 180
0.147177 -0.087415 0.113820 194 183 182
0.146053 -0.075100 0.005380 118 118 116
0.144003 -0.076480 0.047003 158 157 161
0.144792 -0.076466 0.054215 178 169 168
0.146441 -0.075144 0.066470 161 154 149
0.143673 -0.072610 0.074137 140 132 129
0.144217 -0.075599 0.084663 159 156 156
0.143896 -0.077281 0.095430 167 163 163
0.147425 -0.078073 0.102373 162 162 161
0.143854 -0.063457 0.035369 188 182 180
0.143662 -0.067394 0.044438 190 184 182
0.146152 -0.062860 0.066216 173 170 170
0.142446 -0.067808 0.075430 172 163 161
0.146764 -0.066177 0.083225 190 182 179
0.144805 -0.065348 0.091631 194 184 183
0.141549 -0.051027 0.007769 153 146 139
0.145302 -0.053571 0.014858 148 140 136
0.143451 -0.056107 0.024468 167 158 153
0.143354 -0.057563 0.033159 187 179 174
0.144073 -0.052367 0.046551 156 149 146
0.145453 -0.054695 0.054831 175 169 167
0.145691 -0.053911 0.066010 173 167 166
0.145375 -0.054697 0.074498 190 183 180
0.146026 -0.051157 0.083077 220 208 206
0.144400 -0.043693 -0.005593 97 117 110
0.145599 -0.047483 0.005095 119 114 109
0.144789 -0.045903 0.034742 174 169 162
0.146344 -0.047409 0.044691 171 165 160
0.146417 -0.048422 0.053212 177 170 166
0.143178 -0.037014 0.031599 112 142 134
0.143309 -0.025846 -0.007273 5 76 64
0.145293 -0.003039 -0.005330 116 154 144
0.144396 0.003256 -0.006791 92 135 126
0.154635 -0.674670 -0.063363 6 93 84
0.154827 -0.664765 -0.062330 4 84 77
0.154951 -0.655247 -0.060913 2 80 72
0.157192 -0.652377 -0.059710 1 78 70
0.154850 -0.648406 -0.060267 2 79 72
0.154665 -0.644701 -0.058645 2 79 72
0.153507 -0.636384 -0.055237 4 74 67
0.157844 -0.633469 -0.047926 6 71 62
0.159077 -0.636039 -0.004595 80 118 110
0.156319 -0.632843 0.001866 87 120 109
0.155528 -0.636525 0.047578 146 149 145
0.153441 -0.627042 -0.043275 63 99 96
0.155961 -0.624582 -0.035197 110 130 128
0.157878 -0.624568 0.004500 86 116 108
0.154215 -0.627957 0.025207 178 189 182
0.155862 -0.614233 -0.015379 176 184 180
0.156824 -0.615158 -0.004331 88 126 122
0.156962 -0.617005 0.005818 84 114 105
0.157559 -0.612876 0.014170 110 120 112
0.155135 -0.614253 0.034448 172 174 168
0.156095 -0.605384 -0.015584 180 179 170
0.156068 -0.603351 0.005352 126 145 138
0.157423 -0.605158 0.014953 124 131 121
0.157948 -0.602707 0.022721 145 145 136
0.157577 -0.602295 0.035381 149 145 138
0.154074 -0.601919 0.057200 149 148 142
0.158011 -0.593485 -0.045687 128 148 143
0.158373 -0.592713 -0.035415 190 192 186
0.159445 -0.595988 -0.015686 189 186 176
0.159413 -0.592999 -0.003446 193 192 182
0.155498 -0.596171 0.004791 117 137 130
0.155437 -0.594879 0.014807 136 142 134
0.156745 -0.594522 0.024328 156 156 150
0.157981 -0.593919 0.035100 160 158 149
0.158005 -0.594780 0.044540 165 160 152
0.153180 -0.595803 0.057293 146 141 135
0.155229 -0.594711 0.064806 154 148 142
0.156689 -0.585451 -0.043728 111 139 132
0.156726 -0.585453 -0.035588 179 180 175
0.155265 -0.582550 -0.024739 136 152 146
0.155610 -0.584041 -0.015688 188 186 182
0.157294 -0.584251 -0.005218 194 190 182
0.157313 -0.583632 0.003603 148 159 151
0.156878 -0.585242 0.013761 137 143 133
0.156210 -0.586050 0.024298 164 164 156
0.155323 -0.585982 0.036227 174 171 164
0.155886 -0.583766 0.044900 176 173 167
0.156596 -0.583311 0.053178 181 175 167
0.154721 -0.584540 0.065597 180 174 166
0.159561 -0.576910 -0.042608 98 130 119
0.157898 -0.575050 -0.034891 188 187 179
0.153941 -0.576413 -0.023981 134 148 141
0.152968 -0.574566 -0.014914 136 146 139
0.154938 -0.574851 -0.004178 196 190 182
0.154099 -0.575402 0.005279 153 162 153
0.153897 -0.574845 0.015183 158 161 152
0.155292 -0.573732 0.025191 188 187 177
0.156005 -0.573560 0.035555 201 195 188
0.153369 -0.575466 0.046330 193 188 181
0.154369 -0.575567 0.053146 192 187 179
0.152832 -0.576841 0.064067 182 174 165
0.158534 -0.566172 -0.032546 200 196 185
0.154867 -0.564869 -0.024830 192 186 179
0.153187 -0.565842 -0.016054 113 121 112
0.153123 -0.566512 -0.004118 171 167 157
0.153757 -0.564911 0.004672 154 164 154
0.151158 -0.566396 0.013801 207 197 184
0.152443 -0.568171 0.025827 205 200 193
0.152327 -0.567393 0.035756 204 196 186
0.151649 -0.567673 0.043548 206 198 191
0.152596 -0.568784 0.050902 190 179 170
0.157395 -0.552239 -0.043949 10 63 54
0.156646 -0.553264 -0.035123 172 184 174
0.154388 -0.556022 -0.025464 202 194 185
0.152686 -0.556569 -0.014948 122 124 117
0.153487 -0.555086 -0.002135 194 192 184
0.153065 -0.556489 0.004838 149 158 149
0.155486 -0.544999 -0.045987 12 77 70
0.155837 -0.544642 -0.025006 218 212 206
0.155597 -0.546209 -0.005132 192 191 186
0.152351 -0.547420 0.002707 155 172 167
0.156577 -0.534247 -0.045181 76 117 110
0.153328 -0.535965 0.015497 169 168 160
0.156821 -0.526106 -0.044265 86 101 97
0.154580 -0.524662 -0.034463 183 178 172
0.152028 -0.524095 -0.026191 205 198 194
0.158162 -0.516227 -0.043677 130 134 128
0.154599 -0.515158 -0.035241 164 164 158
0.154423 -0.515447 -0.026088 192 184 179
0.153708 -0.513490 -0.014781 196 188 185
0.151995 -0.511271 -0.006896 206 198 194
0.154883 -0.508655 -0.025964 213 201 192
0.158442 -0.508695 -0.012779 202 187 177
0.155711 -0.505960 -0.003760 212 200 194
0.153019 -0.502666 0.002347 223 210 204
0.154956 -0.494956 0.005603 232 216 212
0.154656 -0.485822 0.004573 234 218 213
0.153847 -0.473485 -0.003234 213 196 187
0.153820 -0.475429 0.004263 216 199 188
0.155830 -0.465083 -0.032040 34 58 48
0.154492 -0.464243 -0.025286 72 81 74
0.156057 -0.463606 -0.013947 157 155 148
0.153373 -0.465423 -0.006923 192 181 174
0.157776 -0.455638 -0.052747 112 120 112
0.154437 -0.455295 -0.046467 144 146 140
0.155335 -0.454031 -0.033910 62 104 92
0.155106 -0.455939 -0.025012 94 103 94
0.156285 -0.456581 -0.016655 140 141 136
0.156307 -0.456636 -0.006954 175 165 159
0.153493 -0.444299 -0.054950 107 130 123
0.153077 -0.447212 -0.046674 122 126 120
0.153736 -0.445666 -0.033597 72 103 92
0.154203 -0.445464 -0.024276 127 130 124
0.156188 -0.445688 -0.014357 186 184 176
0.157873 -0.445384 -0.007243 216 206 200
0.152353 -0.434160 -0.055094 84 108 100
0.154114 -0.434887 -0.034318 78 119 108
0.157500 -0.434665 -0.026388 112 146 134
0.154417 -0.424759 -0.055732 11 76 66
0.154676 -0.415041 -0.055868 2 76 66
0.154768 -0.405106 -0.054263 2 78 67
0.154528 -0.394929 -0.053520 1 81 71
0.153800 -0.386026 -0.052084 3 82 72
0.156211 -0.375717 -0.051653 6 78 68
0.155450 -0.363180 -0.050903 3 72 64
0.155627 -0.358202 -0.050567 4 72 63
0.155271 -0.353191 -0.048972 2 72 63
0.154904 -0.345130 -0.047433 2 69 61
0.154265 -0.341535 0.056654 20 72 62
0.154787 -0.342733 0.061910 67 113 104
0.155205 -0.335398 -0.045009 1 58 50
0.154709 -0.334408 0.055778 12 82 74
0.154234 -0.337476 0.063704 6 84 70
0.154781 -0.325391 -0.033665 4 62 55
0.155011 -0.324051 -0.023680 5 70 61
0.155085 -0.321382 -0.017892 6 76 66
0.152296 -0.322485 0.058603 123 142 144
0.153146 -0.322233 0.061504 101 126 127
0.155629 -0.315030 -0.013627 28 89 81
0.151026 -0.316042 0.057818 120 128 130
0.155372 -0.315683 0.062345 102 113 115
0.155588 -0.303850 -0.022855 90 124 120
0.155568 -0.306008 -0.014523 63 111 106
0.155429 -0.307115 0.056496 142 153 153
0.157064 -0.307691 0.064188 160 169 170
0.155388 -0.294500 -0.022484 24 74 69
0.155649 -0.293922 -0.015662 54 104 97
0.152512 -0.291353 -0.006930 105 138 132
0.155968 -0.291423 0.023292 168 172 174
0.153774 -0.282856 -0.023062 63 95 92
0.155934 -0.284088 -0.014838 83 114 110
0.154542 -0.285290 -0.006060 168 176 174
0.152880 -0.284706 0.057194 190 188 184
0.155603 -0.284780 0.062926 173 172 171
0.157275 -0.277289 -0.022635 12 58 52
0.153642 -0.273174 -0.015488 133 138 134
0.155480 -0.275790 0.064376 169 172 170
0.156996 -0.274916 0.072006 172 167 166
0.154913 -0.264526 -0.022167 76 92 88
0.154608 -0.265596 -0.014310 128 132 129
0.156088 -0.262307 -0.007156 137 138 135
0.152942 -0.262078 0.004088 142 150 148
0.155478 -0.255421 -0.022288 10 48 40
0.155304 -0.257423 -0.014772 116 131 125
0.157113 -0.255418 -0.004358 200 198 196
0.154124 -0.255795 0.004767 190 188 188
0.153885 -0.254082 0.013065 182 182 182
0.154919 -0.244379 -0.026352 95 110 106
0.153519 -0.243612 -0.016293 138 142 139
0.156610 -0.248822 -0.005711 201 197 196
0.152545 -0.247921 0.007314 177 176 173
0.156006 -0.244161 0.045192 172 172 176
0.152305 -0.244775 0.052064 164 163 168
0.153655 -0.245204 0.075114 203 192 186
0.154721 -0.235275 -0.014767 92 107 102
0.154112 -0.232207 -0.009032 173 171 166
0.156195 -0.233452 0.062646 162 161 168
0.152007 -0.236682 0.086627 113 128 118
0.153531 -0.233165 0.093353 105 124 116
0.156753 -0.226801 -0.013523 91 108 102
0.153386 -0.224681 -0.005090 139 151 148
0.153361 -0.223702 0.004366 108 134 134
0.153909 -0.223106 0.013897 133 146 142
0.152324 -0.223979 0.026799 137 148 144
0.151769 -0.224130 0.034575 103 111 112
0.153113 -0.225463 0.043461 132 136 142
0.152159 -0.225629 0.055672 151 150 156
0.154421 -0.226111 0.064663 163 162 166
0.157368 -0.226387 0.072652 170 168 173
0.155759 -0.221647 0.083909 164 162 166
0.152595 -0.227378 0.096864 110 122 116
0.154967 -0.215250 -0.020420 24 69 57
0.156468 -0.216346 -0.015175 88 115 106
0.156330 -0.216319 -0.006163 134 147 140
0.157337 -0.216400 0.004008 97 116 112
0.157607 -0.215386 0.016033 156 159 158
0.156398 -0.216052 0.025071 164 163 163
0.154339 -0.215329 0.036376 169 168 168
0.152916 -0.215987 0.045334 168 170 171
0.153436 -0.216213 0.054408 124 140 138
0.152259 -0.214616 0.065252 156 154 160
0.152242 -0.214244 0.074923 152 153 158
0.154023 -0.216682 0.086092 166 166 168
0.154489 -0.215258 0.095535 163 163 166
0.157108 -0.212505 0.103934 138 142 144
0.154117 -0.204651 -0.005173 140 146 143
0.155117 -0.205138 0.003540 139 152 146
0.157444 -0.208339 0.017120 180 176 176
0.155059 -0.209246 0.027198 174 166 168
0.156732 -0.205563 0.043845 177 173 174
0.153095 -0.203807 0.055716 174 170 171
0.153415 -0.207369 0.065475 169 167 168
0.155769 -0.207450 0.107705 164 162 166
0.156221 -0.205335 0.113353 160 158 162
0.157509 -0.198149 -0.023515 136 140 134
0.154639 -0.197054 -0.018079 190 182 178
0.154878 -0.193894 0.026092 86 128 120
0.154694 -0.192661 0.035219 159 156 158
0.157163 -0.193329 0.044634 156 150 154
0.155997 -0.197280 0.064329 168 161 162
0.155855 -0.193742 0.076442 168 163 164
0.155871 -0.195334 0.083268 80 120 116
0.153514 -0.195583 0.094135 76 116 114
0.154147 -0.183018 0.028062 124 121 122
0.154294 -0.184423 0.034982 133 132 132
0.154919 -0.184081 0.042903 152 149 147
0.152705 -0.187649 0.075661 162 156 159
0.154728 -0.186974 0.085298 165 162 163
0.155435 -0.185425 0.094394 160 162 163
0.154756 -0.184338 0.103839 144 153 155
0.156854 -0.182969 0.112399 173 175 176
0.156876 -0.176448 0.024994 156 152 152
0.155503 -0.172475 0.033720 164 159 160
0.155622 -0.178754 0.095585 167 165 167
0.154650 -0.177552 0.114747 144 150 150
0.154927 -0.162320 0.006007 216 205 198
0.155023 -0.162464 0.013980 214 202 196
0.155303 -0.168540 0.034565 182 174 173
0.156168 -0.164863 0.045387 174 164 162
0.155396 -0.161268 0.056027 174 167 165
0.156916 -0.162700 0.066004 156 148 147
0.153394 -0.163272 0.075155 181 172 169
0.154429 -0.165307 0.084116 154 146 147
0.154390 -0.155372 -0.016342 184 176 170
0.153267 -0.151758 0.026492 172 168 164
0.152805 -0.155719 0.036610 164 155 156
0.153901 -0.153725 0.047563 124 118 118
0.155847 -0.157476 0.056406 161 155 154
0.153003 -0.154230 0.065723 173 165 161
0.155062 -0.153000 0.073868 161 156 153
0.155150 -0.156326 0.087125 126 142 138
0.154080 -0.153380 0.095622 176 169 169
0.155797 -0.152168 0.104071 177 171 172
0.152757 -0.143175 -0.005136 168 166 166
0.154587 -0.145394 0.004528 168 166 167
0.154733 -0.145726 0.015228 168 165 167
0.155672 -0.145691 0.025213 163 162 163
0.154974 -0.142637 0.046574 100 108 104
0.154837 -0.143913 0.054335 134 141 135
0.155727 -0.145064 0.064965 157 152 147
0.153202 -0.146421 0.074053 148 147 142
0.154348 -0.147826 0.085813 180 172 172
0.154133 -0.145590 0.094240 180 175 175
0.154657 -0.144958 0.104083 172 168 167
0.156558 -0.141749 0.111815 180 174 173
0.152878 -0.131163 -0.020823 86 104 101
0.155016 -0.134990 -0.015618 178 174 171
0.155301 -0.136393 -0.004936 168 162 158
0.156087 -0.135287 0.035942 135 132 130
0.154025 -0.135070 0.044932 128 126 124
0.155542 -0.134272 0.054880 133 137 132
0.156505 -0.133619 0.062512 160 163 162
0.156564 -0.135718 0.106285 184 177 175
0.156653 -0.135222 0.115100 174 164 160
0.154505 -0.124652 -0.023438 70 100 92
0.154688 -0.125602 -0.005033 122 126 120
0.158606 -0.125259 0.014960 88 122 112
0.154057 -0.123681 0.035794 148 147 148
0.155237 -0.123817 0.045483 177 173 174
0.155699 -0.126660 0.055108 184 180 179
0.153267 -0.124272 0.065463 162 150 145
0.154145 -0.121807 0.075719 177 164 159
0.153984 -0.122183 0.084512 201 194 194
0.156247 -0.125782 0.093399 170 164 165
0.152623 -0.123394 0.135019 174 167 168
0.153482 -0.114331 0.006111 165 159 156
0.153363 -0.113938 0.017363 156 158 152
0.157707 -0.114192 0.023755 126 129 128
0.154332 -0.114708 0.036321 155 146 142
0.156588 -0.115687 0.045461 152 146 144
0.155374 -0.114512 0.055114 84 86 85
0.154256 -0.116940 0.065621 124 116 115
0.155461 -0.115089 0.074896 184 176 175
0.155377 -0.115934 0.083540 188 180 179
0.153778 -0.113962 0.095107 173 164 163
0.155173 -0.114160 0.103295 174 164 164
0.151825 -0.118522 0.135223 178 172 173
0.155087 -0.103712 -0.013215 176 170 168
0.155531 -0.105325 -0.007848 182 176 177
0.159115 -0.104147 0.005659 158 154 152
0.154505 -0.104780 0.014549 64 74 68
0.154186 -0.107555 0.026326 181 168 160
0.154337 -0.106321 0.036014 143 144 141
0.156939 -0.104630 0.044543 154 155 154
0.156315 -0.104721 0.055131 171 168 167
0.154902 -0.106581 0.065113 183 172 170
0.153324 -0.107997 0.075708 208 197 195
0.154401 -0.107073 0.084194 196 188 188
0.156583 -0.103534 0.101679 164 154 150
0.154288 -0.106002 0.116405 181 168 164
0.155791 -0.105535 0.123670 202 188 182
0.156548 -0.096058 -0.016521 153 152 147
0.154513 -0.094748 -0.006470 163 156 151
0.155629 -0.091295 0.027603 182 173 176
0.153635 -0.094677 0.035283 182 174 178
0.154526 -0.097842 0.044639 180 172 170
0.153203 -0.091838 0.056468 148 138 137
0.155852 -0.092466 0.065690 154 146 144
0.153811 -0.094721 0.074205 119 120 121
0.153284 -0.097048 0.094456 240 227 223
0.156544 -0.094152 0.107326 190 180 180
0.156140 -0.094604 0.115294 192 182 182
0.156360 -0.093214 0.124516 197 186 186
0.155038 -0.083279 -0.004891 105 117 114
0.155332 -0.085495 0.014081 186 177 179
0.155071 -0.086331 0.057378 122 119 116
0.154718 -0.084201 0.065077 152 150 146
0.155809 -0.085062 0.073976 183 179 175
0.156701 -0.084512 0.086665 187 180 182
0.152900 -0.081938 0.095420 158 153 154
0.153839 -0.084354 0.104261 165 162 162
0.152804 -0.087058 0.115589 169 174 172
0.154494 -0.076197 -0.003817 180 172 174
0.154392 -0.076868 0.002494 160 158 158
0.154654 -0.074832 0.055442 179 176 174
0.154703 -0.073939 0.065888 161 157 151
0.156540 -0.074373 0.077168 162 158 156
0.156635 -0.074724 0.084176 178 171 170
0.154494 -0.075081 0.095769 176 179 179
0.156481 -0.077205 0.103974 134 148 144
0.156896 -0.066993 -0.007120 70 85 82
0.157375 -0.062116 0.023977 166 159 158
0.152571 -0.064632 0.038338 176 172 172
0.155274 -0.062547 0.044589 114 122 116
0.152958 -0.064902 0.057231 127 133 131
0.156191 -0.064928 0.063562 184 177 175
0.154221 -0.067817 0.075945 169 162 160
0.153044 -0.068552 0.085985 201 192 189
0.153918 -0.066431 0.093075 208 200 198
0.157767 -0.063566 0.102727 192 184 186
0.154951 -0.053256 0.015792 171 166 166
0.152747 -0.054430 0.022678 172 170 170
0.157092 -0.057323 0.033242 193 182 178
0.154641 -0.054224 0.045338 166 159 158
0.155553 -0.052888 0.055789 191 184 182
0.154980 -0.053198 0.065278 171 166 163
0.155636 -0.053560 0.075931 208 196 191
0.154861 -0.052279 0.084323 222 210 205
0.153080 -0.041643 -0.002575 96 118 110
0.155453 -0.042640 0.005691 96 98 92
0.154912 -0.045054 0.014483 184 176 170
0.157138 -0.042857 0.036973 185 179 174
0.156077 -0.044671 0.044112 182 175 170
0.155644 -0.047636 0.056007 178 168 161
0.153600 -0.049366 0.060837 200 188 181
0.157899 -0.036132 0.004868 98 103 95
0.157297 -0.036099 0.013975 188 186 177
0.156308 -0.037888 0.024998 193 187 180
0.156167 -0.037349 0.035595 218 206 200
0.158724 -0.038527 0.041620 216 202 196
0.155990 -0.025571 -0.007132 10 69 60
0.153963 -0.014159 -0.006551 102 140 130
0.154305 -0.002895 -0.005087 118 150 142
0.157451 0.004272 -0.008191 100 138 127
0.164472 -0.674163 -0.063235 4 92 82
0.164573 -0.665206 -0.062768 3 82 74
0.164456 -0.656831 -0.061263 1 78 70
0.164545 -0.652557 -0.058659 1 77 70
0.163391 -0.645717 -0.056195 2 78 70
0.167400 -0.645597 -0.046018 4 82 73
0.167708 -0.642282 -0.036542 6 84 72
0.162454 -0.645034 -0.005625 80 117 106
0.165783 -0.644555 0.003891 94 120 108
0.163937 -0.643860 0.046951 141 144 140
0.164564 -0.636337 -0.043990 5 82 72
0.165548 -0.633412 -0.035502 12 88 74
0.165472 -0.634946 0.006774 96 118 109
0.168530 -0.632090 0.013014 107 120 111
0.164816 -0.637748 0.052658 136 138 134
0.163864 -0.627361 -0.042009 6 86 74
0.163240 -0.627303 -0.036365 9 85 74
0.162983 -0.623973 -0.024312 93 117 109
0.167203 -0.624779 -0.016352 44 88 78
0.166749 -0.625841 -0.007224 8 76 69
0.162454 -0.625890 0.006690 98 118 109
0.167301 -0.624115 0.014516 112 124 116
0.167893 -0.624359 0.033048 138 140 132
0.165736 -0.626876 0.064049 149 152 148
0.167306 -0.614021 -0.037953 103 148 139
0.160790 -0.616637 -0.024217 151 172 165
0.163386 -0.617010 -0.015479 112 126 117
0.165841 -0.615883 -0.003527 65 106 95
0.165181 -0.612164 0.003160 88 122 110
0.164550 -0.613890 0.014126 137 144 138
0.164355 -0.612983 0.036849 146 146 138
0.164730 -0.612626 0.041020 156 155 148
0.165822 -0.603937 -0.054899 114 149 141
0.164148 -0.604334 -0.045250 122 145 140
0.165324 -0.603539 -0.033960 127 157 150
0.163270 -0.606605 -0.026683 160 181 174
0.163566 -0.603775 -0.012666 185 190 181
0.165595 -0.604796 -0.006693 178 182 172
0.163580 -0.606220 0.004278 114 137 129
0.161905 -0.607563 0.014847 146 152 146
0.165398 -0.606226 0.023630 144 152 147
0.161300 -0.606616 0.036645 155 153 144
0.164452 -0.606373 0.044916 156 152 144
0.164553 -0.606832 0.074488 156 160 156
0.165749 -0.595255 -0.051986 16 90 79
0.162305 -0.596191 -0.046239 132 157 151
0.164534 -0.596164 -0.035239 130 158 150
0.163568 -0.596588 -0.026639 154 173 165
0.162754 -0.595061 -0.013801 207 207 199
0.163087 -0.594634 -0.007981 202 202 194
0.166275 -0.593582 0.003315 140 162 157
0.164389 -0.595274 0.017828 178 186 182
0.163756 -0.595537 0.026204 156 160 152
0.163168 -0.595242 0.033704 155 154 148
0.165152 -0.594349 0.045252 175 178 173
0.167896 -0.591955 0.052548 180 181 176
0.166774 -0.587786 -0.050402 6 85 74
0.164231 -0.583900 -0.048540 4 81 69
0.163908 -0.584950 -0.024221 94 126 118
0.162739 -0.585041 -0.013965 192 193 184
0.162787 -0.586109 -0.003451 206 201 190
0.162943 -0.586241 0.004269 139 161 155
0.163341 -0.584797 0.015270 175 183 177
0.164490 -0.584125 0.026455 189 191 185
0.164793 -0.584116 0.034789 193 191 184
0.164391 -0.584522 0.045676 196 198 195
0.164360 -0.584931 0.055596 194 193 188
0.165887 -0.584136 0.063560 211 208 202
0.165317 -0.575250 -0.047364 6 80 70
0.163530 -0.575163 -0.005224 198 194 184
0.165798 -0.574555 0.005153 105 132 127
0.162680 -0.577279 0.015292 148 160 154
0.163416 -0.576833 0.026558 197 194 186
0.161654 -0.577142 0.034693 202 198 191
0.162769 -0.577017 0.045283 224 223 218
0.162379 -0.577569 0.053387 214 211 207
0.166093 -0.565233 -0.045389 26 88 80
0.161586 -0.563541 -0.036174 197 200 190
0.166801 -0.564776 0.012162 141 145 134
0.166863 -0.554278 -0.043873 79 121 113
0.163710 -0.554853 -0.036870 172 176 166
0.164367 -0.553997 -0.026575 215 214 206
0.167003 -0.554514 -0.013275 124 148 138
0.162411 -0.554446 0.006896 124 142 134
0.164092 -0.545568 -0.043959 75 105 98
0.166159 -0.543907 -0.035510 157 160 150
0.162366 -0.548120 -0.007884 175 174 166
0.161468 -0.535749 -0.043535 83 102 94
0.164363 -0.535919 -0.035659 203 192 179
0.166236 -0.525297 -0.036297 197 176 152
0.161210 -0.515982 -0.044317 180 176 167
0.166105 -0.517076 -0.034718 178 148 112
0.163023 -0.512513 -0.026383 189 164 137
0.165835 -0.505157 -0.014361 191 164 127
0.163315 -0.502116 -0.006340 208 190 176
0.165667 -0.497912 -0.002624 212 196 188
0.163806 -0.493493 0.003215 224 208 204
0.166998 -0.482347 -0.002326 209 195 191
0.163946 -0.486718 0.003330 226 210 206
0.164686 -0.474622 -0.036913 134 121 112
0.165138 -0.475641 -0.005776 212 198 194
0.163748 -0.462542 -0.045336 146 135 126
0.163880 -0.464429 -0.035127 82 76 64
0.165744 -0.464162 -0.024926 124 111 94
0.165911 -0.462976 -0.015639 204 192 187
0.163864 -0.455929 -0.052561 105 116 105
0.164550 -0.457488 -0.047342 141 136 123
0.163776 -0.454949 -0.033197 53 92 70
0.163762 -0.454274 -0.025247 62 88 64
0.163018 -0.454513 -0.013706 116 122 113
0.164630 -0.453066 -0.007110 171 152 150
0.162629 -0.445064 -0.032529 74 106 82
0.164183 -0.444783 -0.025353 50 79 58
0.164557 -0.444682 -0.013459 143 145 129
0.164704 -0.445390 -0.005523 158 150 139
0.167298 -0.444992 0.003249 126 103 99
0.164345 -0.432915 -0.044277 48 81 70
0.166895 -0.436803 -0.034657 138 140 123
0.166102 -0.436357 -0.023658 100 121 102
0.166661 -0.435793 -0.014701 97 118 105
0.167169 -0.436588 -0.005113 145 143 123
0.167820 -0.434405 0.001302 115 102 62
0.161374 -0.424353 -0.052684 15 70 57
0.163843 -0.425023 -0.045390 74 98 76
0.164292 -0.425016 -0.034002 72 108 87
0.165707 -0.424431 -0.026226 82 110 87
0.166735 -0.424890 -0.015703 124 140 118
0.168905 -0.427467 -0.005657 100 117 90
0.168908 -0.429473 0.005782 212 188 140
0.161532 -0.414495 -0.051600 6 70 60
0.164243 -0.415353 -0.045559 34 78 70
0.164222 -0.415056 -0.033612 50 93 79
0.165670 -0.413846 -0.026304 56 100 91
0.167591 -0.413748 -0.014362 88 105 98
0.167342 -0.414665 -0.004751 114 108 100
0.162694 -0.405846 -0.052523 6 74 64
0.163508 -0.406109 -0.045886 50 89 78
0.164565 -0.405701 -0.035941 82 76 66
0.164486 -0.406629 -0.025026 70 79 71
0.167016 -0.406229 -0.016439 101 95 89
0.168217 -0.406990 -0.004425 176 142 139
0.168824 -0.406925 0.005443 184 124 117
0.164708 -0.394546 -0.045475 14 65 56
0.164513 -0.396265 -0.015242 50 96 85
0.163345 -0.383386 -0.045704 82 62 62
0.165545 -0.385339 -0.035422 84 64 64
0.165801 -0.385630 -0.025873 138 95 92
0.165367 -0.385397 -0.014155 129 116 109
0.166225 -0.381670 -0.005501 112 138 124
0.162332 -0.375013 -0.051323 5 77 65
0.165951 -0.375803 -0.046705 32 67 58
0.168030 -0.374039 -0.034581 68 110 95
0.168743 -0.374701 -0.023812 82 116 102
0.168470 -0.374998 -0.015116 112 128 119
0.169808 -0.375729 -0.007208 176 176 171
0.163892 -0.353645 -0.046229 12 68 57
0.167365 -0.353660 -0.034798 50 74 56
0.162681 -0.345060 -0.045097 8 63 54
0.163726 -0.335535 -0.044000 6 50 42
0.165883 -0.332490 -0.035652 20 53 44
0.167873 -0.333677 -0.026227 60 78 58
0.167583 -0.336296 -0.016354 130 124 94
0.161348 -0.326946 -0.032699 5 56 46
0.164350 -0.325744 -0.024441 16 62 53
0.164700 -0.322809 -0.016558 58 94 73
0.164135 -0.323007 0.056741 76 120 114
0.164715 -0.314368 -0.014515 30 78 70
0.165782 -0.319234 0.059280 45 88 83
0.165833 -0.315720 0.064063 52 96 90
0.165203 -0.306124 -0.015122 69 109 102
0.163657 -0.305316 0.064644 110 132 129
0.165206 -0.303292 0.072939 114 125 126
0.164751 -0.292914 -0.021475 10 66 57
0.165439 -0.295691 -0.017822 11 71 60
0.164097 -0.298111 0.068233 99 106 108
0.166219 -0.294423 0.074703 131 139 140
0.165689 -0.287057 -0.023068 31 70 63
0.164477 -0.285412 -0.016766 81 104 95
0.164699 -0.284522 -0.005558 163 167 166
0.165153 -0.274782 -0.023196 23 61 50
0.165563 -0.277117 -0.015636 56 82 74
0.166079 -0.277654 -0.005902 200 202 196
0.160740 -0.275897 0.067787 120 134 131
0.162477 -0.273165 0.075908 138 142 140
0.164492 -0.263699 -0.023474 9 32 26
0.164319 -0.263256 -0.015457 93 104 98
0.163549 -0.263535 -0.006827 135 137 131
0.165292 -0.264038 0.065556 167 163 168
0.166247 -0.264195 0.073787 189 182 184
0.165014 -0.264437 0.083726 159 160 160
0.166258 -0.261503 0.090618 100 123 117
0.165537 -0.253767 -0.021718 78 103 96
0.165467 -0.254416 -0.015239 112 125 120
0.164106 -0.255449 -0.007396 198 194 191
0.167864 -0.258480 0.066342 166 162 168
0.166285 -0.257902 0.074202 164 163 165
0.165701 -0.256831 0.086043 158 162 160
0.167399 -0.254738 0.095571 172 171 168
0.168591 -0.250777 0.102349 202 194 190
0.165603 -0.246046 -0.023852 90 103 98
0.166071 -0.245030 -0.015406 147 143 135
0.163463 -0.248475 -0.007312 188 184 184
0.166617 -0.245503 0.055504 168 161 169
0.167790 -0.243328 0.064230 160 154 162
0.165162 -0.247969 0.088267 194 186 186
0.162490 -0.238091 -0.020191 12 40 32
0.165226 -0.235013 -0.016958 45 62 56
0.162650 -0.234269 0.045439 164 160 166
0.163043 -0.236120 0.054880 165 164 168
0.165336 -0.233041 0.075475 182 176 180
0.167148 -0.233077 0.083074 183 176 179
0.165928 -0.224343 -0.013470 115 123 115
0.165730 -0.224779 -0.005570 178 175 169
0.163382 -0.227201 0.046871 162 160 164
0.165793 -0.225190 0.051625 164 160 165
0.169010 -0.222008 0.066519 124 134 136
0.164862 -0.226510 0.074954 167 166 170
0.166315 -0.226579 0.085263 173 168 171
0.166979 -0.224170 0.095779 176 172 172
0.164889 -0.223572 0.165416 102 138 142
0.163743 -0.213602 -0.014917 110 125 117
0.163318 -0.215201 -0.006655 103 116 108
0.164152 -0.213579 0.006502 113 116 114
0.163106 -0.214720 0.014443 178 174 172
0.164276 -0.213736 0.024282 165 168 166
0.163902 -0.211438 0.064756 62 94 86
0.167026 -0.216182 0.085210 175 173 176
0.165586 -0.213621 0.094319 180 178 181
0.165690 -0.215933 0.105067 145 145 144
0.167636 -0.218584 0.164974 124 154 154
0.165584 -0.204753 -0.022524 13 34 24
0.165781 -0.205122 -0.016413 135 137 132
0.166201 -0.206857 -0.003499 146 145 143
0.162802 -0.207717 0.006756 176 171 171
0.164667 -0.204624 0.015417 166 162 160
0.165411 -0.205030 0.024931 180 175 175
0.164497 -0.205664 0.034516 183 179 180
0.163565 -0.203649 0.045501 186 182 184
0.164696 -0.205165 0.055876 153 150 152
0.164753 -0.205791 0.065800 109 124 119
0.162297 -0.206210 0.077638 87 122 118
0.165529 -0.207456 0.105199 172 172 176
0.164609 -0.204821 0.114017 168 168 171
0.166728 -0.203444 0.123849 168 165 166
0.165035 -0.197667 -0.025550 112 118 114
0.164880 -0.194414 0.027882 132 138 135
0.164416 -0.193153 0.036246 170 163 165
0.166091 -0.196399 0.045011 175 169 172
0.164445 -0.196999 0.054427 168 164 166
0.166412 -0.196516 0.064549 171 167 168
0.162864 -0.195052 0.072446 168 162 162
0.163703 -0.195772 0.085804 79 119 116
0.163770 -0.192642 0.092208 74 116 112
0.166200 -0.181284 0.017481 104 98 94
0.164808 -0.183183 0.024908 155 146 142
0.165500 -0.186143 0.036891 102 105 105
0.165815 -0.184876 0.044628 131 126 128
0.166025 -0.185107 0.075529 188 186 187
0.165337 -0.183994 0.085012 170 170 171
0.163637 -0.185438 0.095668 144 151 152
0.163733 -0.185254 0.104931 128 145 146
0.161786 -0.183996 0.112387 109 128 129
0.165795 -0.177594 0.005128 185 180 168
0.166005 -0.175160 0.014462 184 176 174
0.166491 -0.176203 0.025065 180 172 171
0.164980 -0.174736 0.035238 157 149 148
0.166718 -0.175567 0.043888 146 139 136
0.168650 -0.173421 0.053117 182 173 170
0.165633 -0.177460 0.096332 186 183 186
0.165651 -0.177643 0.103249 177 178 180
0.164381 -0.176170 0.112901 164 179 180
0.165678 -0.164155 0.006424 183 172 167
0.166645 -0.163110 0.014575 176 170 167
0.167140 -0.167514 0.023874 179 171 170
0.167007 -0.167361 0.032922 194 187 187
0.164942 -0.167272 0.044139 189 181 181
0.165968 -0.162978 0.054962 170 160 156
0.165686 -0.162442 0.065453 148 139 138
0.164811 -0.165345 0.074442 103 128 124
0.166661 -0.165966 0.082591 56 100 97
0.162210 -0.152748 -0.022704 130 128 122
0.166236 -0.156441 -0.015330 194 186 180
0.166456 -0.156995 -0.004117 196 186 184
0.164801 -0.158797 0.014868 198 189 184
0.166784 -0.157046 0.024003 200 192 188
0.167236 -0.150726 0.035791 198 188 184
0.166841 -0.157413 0.055600 167 162 161
0.162615 -0.156407 0.064270 173 168 170
0.164328 -0.152189 0.075311 168 166 164
0.163156 -0.155024 0.095149 82 118 115
0.165099 -0.154547 0.102467 79 117 114
0.167361 -0.155085 0.123677 158 154 157
0.164886 -0.143045 0.014192 179 172 174
0.164129 -0.143802 0.024122 172 165 167
0.165335 -0.146320 0.035697 179 170 167
0.164324 -0.143243 0.045521 162 158 153
0.165983 -0.142785 0.054484 146 146 142
0.163365 -0.146146 0.065518 90 112 108
0.164878 -0.142691 0.075846 80 100 97
0.166286 -0.144923 0.083498 184 183 183
0.163505 -0.142819 0.115167 183 180 178
0.166142 -0.144172 0.121412 172 172 172
0.165077 -0.133620 -0.014022 191 182 178
0.163391 -0.136362 -0.004029 152 148 145
0.165746 -0.136024 0.002927 178 170 164
0.165244 -0.135072 0.024688 176 170 171
0.164481 -0.134942 0.036034 172 164 161
0.164398 -0.134944 0.045470 167 162 161
0.164767 -0.136408 0.055600 101 114 111
0.164435 -0.135467 0.063408 83 105 99
0.165925 -0.138124 0.073744 110 129 124
0.164702 -0.130577 0.099318 162 156 157
0.164793 -0.134976 0.106761 185 178 177
0.166314 -0.135529 0.113025 184 176 175
0.163902 -0.135718 0.125715 158 152 151
0.165821 -0.135746 0.132088 140 134 134
0.164882 -0.123818 -0.022130 76 104 97
0.166469 -0.126991 -0.016765 130 134 128
0.166723 -0.126363 0.015801 140 145 136
0.163799 -0.125223 0.020555 87 118 111
0.164317 -0.123253 0.037191 106 116 113
0.165028 -0.124789 0.044618 110 121 116
0.168472 -0.126146 0.053611 66 94 86
0.165042 -0.125559 0.095022 162 156 156
0.167749 -0.114009 0.016366 186 179 178
0.163470 -0.116932 0.023744 127 140 136
0.165629 -0.117826 0.033666 85 108 103
0.163924 -0.113135 0.044673 67 94 88
0.165139 -0.114102 0.055524 118 115 108
0.164135 -0.113171 0.065095 145 145 144
0.165522 -0.113319 0.075688 164 162 162
0.166529 -0.116278 0.082789 169 169 170
0.163403 -0.103473 -0.011941 182 174 172
0.165384 -0.106438 -0.006733 193 183 179
0.168730 -0.109057 0.004753 191 181 180
0.164122 -0.102771 0.017136 103 114 107
0.165455 -0.104472 0.025690 65 90 81
0.162823 -0.106664 0.036566 55 85 77
0.164019 -0.103662 0.045730 126 142 138
0.165390 -0.103890 0.054733 149 159 156
0.163586 -0.107302 0.064250 185 183 182
0.166743 -0.108234 0.074993 145 144 146
0.162808 -0.105368 0.107003 158 146 144
0.162946 -0.101982 0.115313 175 166 166
0.162928 -0.102468 0.124475 192 184 184
0.164162 -0.095797 -0.014665 146 146 141
0.164191 -0.093725 -0.006755 167 161 154
0.160946 -0.097461 0.006440 76 99 92
0.164665 -0.094133 0.035960 194 189 187
0.164702 -0.097914 0.046370 183 178 176
0.166588 -0.097897 0.053078 161 156 156
0.164320 -0.092382 0.065922 159 149 146
0.165412 -0.094069 0.074409 124 125 124
0.164711 -0.093249 0.083968 192 194 191
0.162176 -0.097250 0.115326 192 182 182
0.162863 -0.096066 0.125293 183 178 178
0.163617 -0.096438 0.132421 194 185 186
0.163045 -0.082666 0.005596 130 141 137
0.167089 -0.085700 0.013968 130 146 140
0.165436 -0.087866 0.023472 195 185 184
0.163185 -0.086560 0.056159 104 105 101
0.165688 -0.086455 0.064495 157 154 152
0.164897 -0.086688 0.075205 177 172 170
0.165606 -0.083956 0.085142 201 193 192
0.164592 -0.074519 -0.014254 122 128 124
0.166426 -0.075122 -0.005169 135 144 141
0.165248 -0.078246 0.001657 194 182 184
0.167681 -0.071519 0.046532 184 178 174
0.163837 -0.074792 0.056252 166 158 156
0.166657 -0.075886 0.063446 178 170 166
0.165719 -0.073100 0.074039 186 180 180
0.164425 -0.075039 0.085580 194 185 184
0.167089 -0.074978 0.093543 214 206 204
0.164173 -0.067786 -0.004331 82 94 90
0.166458 -0.068137 0.003259 180 170 164
0.165012 -0.062988 0.025409 177 170 166
0.164665 -0.064140 0.035603 182 176 172
0.165299 -0.063381 0.045473 188 180 176
0.165362 -0.062966 0.056068 176 172 170
0.163110 -0.065284 0.064154 191 186 186
0.164295 -0.067618 0.086047 184 179 176
0.165616 -0.065176 0.097499 192 187 186
0.165736 -0.064595 0.103502 197 191 192
0.163374 -0.055916 0.009332 118 114 110
0.164725 -0.056733 0.014167 145 138 134
0.164404 -0.054399 0.024643 181 173 169
0.162864 -0.054528 0.035149 196 184 179
0.164719 -0.054895 0.045399 196 187 184
0.163266 -0.054614 0.054638 184 177 175
0.162125 -0.054584 0.065588 179 174 168
0.165271 -0.053930 0.075131 198 190 184
0.164978 -0.052731 0.084637 222 210 202
0.167268 -0.044553 0.025995 174 166 160
0.166285 -0.044049 0.035730 168 164 157
0.164270 -0.045076 0.044242 197 189 187
0.163497 -0.047379 0.055027 135 134 126
0.163093 -0.034086 -0.004800 84 110 102
0.164378 -0.035376 0.005985 150 148 142
0.165045 -0.034699 0.015341 180 174 168
0.166261 -0.037215 0.025493 155 148 143
0.165531 -0.032639 0.037295 218 202 196
0.165391 -0.037258 0.043371 220 203 198
0.162768 -0.027009 -0.006518 66 101 92
0.163859 -0.013296 -0.005798 112 139 131
0.167464 -0.014630 0.016006 215 206 200
0.164897 0.003668 -0.006463 92 124 116
0.166833 0.096237 -0.003695 6 106 92
0.166636 0.103870 -0.004583 0 106 92
0.174468 -0.674128 -0.063104 9 90 79
0.174729 -0.665448 -0.063210 3 80 72
0.172257 -0.657770 -0.061057 1 76 69
0.175643 -0.653282 -0.056764 2 76 68
0.175618 -0.653740 -0.046502 4 80 72
0.175875 -0.644039 -0.045691 2 84 74
0.173673 -0.643872 -0.036132 9 82 71
0.175115 -0.642400 -0.024971 26 84 72
0.175260 -0.645152 -0.004903 62 100 90
0.171923 -0.645170 0.014426 130 137 128
0.174727 -0.634976 -0.023794 44 98 84
0.174843 -0.634597 -0.014659 47 87 75
0.175001 -0.633866 -0.003667 56 100 85
0.177356 -0.632905 0.003574 70 98 87
0.171881 -0.634884 0.016240 106 120 110
0.174181 -0.632874 0.026342 119 128 118
0.177709 -0.636810 0.066026 144 147 144
0.175334 -0.623466 -0.044194 90 140 132
0.178547 -0.620848 -0.039233 92 134 128
0.172630 -0.626697 -0.013211 56 102 88
0.174205 -0.625014 -0.003185 35 83 72
0.176200 -0.624731 0.003901 71 105 95
0.173635 -0.626050 0.025427 128 134 122
0.174573 -0.625523 0.034826 136 136 128
0.174035 -0.623574 0.041325 147 146 138
0.171149 -0.627131 0.067532 144 147 142
0.174739 -0.625505 0.072731 148 150 146
0.175654 -0.613293 -0.055663 112 144 138
0.174574 -0.616243 -0.044403 129 163 156
0.175343 -0.613792 -0.038577 142 174 167
0.175481 -0.613253 -0.003754 98 132 126
0.175015 -0.617008 0.004153 73 109 100
0.174364 -0.615163 0.015254 139 148 142
0.177757 -0.615369 0.022160 126 138 132
0.172492 -0.616441 0.033511 82 100 92
0.176282 -0.616980 0.082803 161 160 158
0.174892 -0.606089 -0.056109 78 123 118
0.173502 -0.606193 -0.045827 193 192 190
0.174124 -0.605948 -0.034766 115 156 148
0.175500 -0.603288 -0.006385 206 207 204
0.175939 -0.604849 0.003762 101 128 124
0.173555 -0.605117 0.035299 115 135 132
0.173900 -0.604308 0.045160 148 160 155
0.177053 -0.602323 0.055678 180 184 177
0.174780 -0.594841 -0.052703 4 84 74
0.173946 -0.596104 -0.032988 84 126 118
0.174356 -0.594987 -0.024609 131 158 153
0.173498 -0.595775 0.006447 146 160 155
0.175111 -0.595477 0.014573 204 203 200
0.176037 -0.592894 0.024716 208 206 203
0.173686 -0.593608 0.043763 183 184 182
0.172481 -0.595214 0.056086 177 180 175
0.175316 -0.593700 0.064908 186 188 182
0.177031 -0.593717 0.073047 210 208 202
0.175561 -0.584153 -0.049182 4 80 70
0.176114 -0.583042 0.003129 94 118 112
0.172710 -0.587300 0.036872 213 212 207
0.174608 -0.585978 0.045982 215 214 209
0.174677 -0.585031 0.056222 214 210 206
0.175500 -0.585781 0.064609 204 202 198
0.178548 -0.586539 0.072025 206 204 200
0.176428 -0.573323 -0.044700 75 126 117
0.173491 -0.576790 0.007235 104 126 120
0.176525 -0.573078 0.013280 109 124 120
0.175645 -0.564466 -0.044561 75 126 118
0.175137 -0.565526 -0.014290 124 146 136
0.174578 -0.567146 0.015174 178 180 172
0.174414 -0.556991 -0.044015 78 117 110
0.173734 -0.554434 -0.036117 204 204 196
0.172037 -0.556588 -0.007609 207 210 200
0.175375 -0.544259 -0.033898 190 172 146
0.174620 -0.535188 -0.034604 220 196 170
0.175884 -0.522614 -0.041361 178 132 74
0.174510 -0.526165 -0.036857 204 176 150
0.175094 -0.514856 -0.035839 172 128 82
0.175259 -0.507594 -0.022894 187 154 120
0.174899 -0.503483 -0.016020 174 144 106
0.176197 -0.494856 -0.014877 144 128 112
0.175343 -0.493857 -0.004931 190 180 176
0.171533 -0.492183 0.000969 206 194 188
0.176339 -0.484132 -0.014753 173 165 161
0.175543 -0.484316 -0.004270 176 165 160
0.175650 -0.483300 0.003077 201 190 188
0.176052 -0.477306 -0.034912 182 172 167
0.171972 -0.473034 -0.013695 166 152 142
0.172750 -0.475751 -0.005345 191 180 174
0.176658 -0.472679 0.004754 162 156 154
0.171404 -0.465412 -0.013792 166 150 132
0.173562 -0.464792 -0.005011 198 189 181
0.175977 -0.464973 0.005350 206 196 190
0.178863 -0.465172 0.014625 210 200 199
0.172762 -0.454835 -0.004428 204 195 188
0.176206 -0.454782 0.004476 188 180 176
0.178876 -0.455888 0.012841 199 189 188
0.171476 -0.447589 -0.003094 196 186 184
0.173733 -0.445138 0.005591 173 164 160
0.176028 -0.445559 0.014076 175 165 162
0.175035 -0.443557 0.035226 216 204 199
0.173159 -0.436183 -0.043041 112 126 116
0.173443 -0.436151 -0.023573 124 127 120
0.172754 -0.437408 -0.016067 156 150 140
0.173708 -0.435496 -0.004643 148 144 136
0.173031 -0.435195 0.004953 150 146 132
0.173701 -0.434235 0.015623 160 154 146
0.174641 -0.434227 0.025996 184 176 172
0.174915 -0.433112 0.036478 201 166 168
0.177338 -0.434453 0.042344 215 198 197
0.171010 -0.424845 -0.023432 109 119 114
0.171016 -0.423808 -0.013443 118 124 120
0.172357 -0.424955 -0.005202 148 146 143
0.172456 -0.424058 0.004499 124 131 119
0.173174 -0.423541 0.015857 197 183 157
0.174566 -0.425775 0.025826 158 142 139
0.175882 -0.424749 0.035928 194 149 151
0.176806 -0.425740 0.043863 206 161 163
0.173538 -0.416069 -0.012984 94 93 92
0.173751 -0.415398 -0.005265 134 130 128
0.173726 -0.415311 0.004619 126 124 118
0.175227 -0.414699 0.015167 142 148 142
0.175300 -0.416410 0.025016 196 187 177
0.177101 -0.416702 0.035110 173 143 143
0.172725 -0.404388 -0.004236 126 129 122
0.171978 -0.404664 0.005386 163 141 136
0.173670 -0.405049 0.013709 168 146 134
0.175759 -0.404808 0.024425 178 175 167
0.176508 -0.406027 0.034674 198 191 181
0.178342 -0.406217 0.043578 202 192 191
0.176366 -0.396480 -0.016134 122 124 121
0.175770 -0.395191 -0.005548 102 99 96
0.175553 -0.396188 0.006018 96 94 89
0.175336 -0.395854 0.015194 138 111 107
0.177000 -0.395227 0.024421 166 152 137
0.178200 -0.395983 0.035440 179 176 166
0.178751 -0.396723 0.044129 187 179 169
0.172141 -0.386131 -0.024396 106 84 86
0.173108 -0.384177 -0.014944 192 190 187
0.173692 -0.384094 -0.005291 180 152 150
0.176186 -0.384676 0.004288 175 169 166
0.177952 -0.383918 0.014308 188 186 181
0.178248 -0.385746 0.024365 164 165 155
0.179386 -0.386729 0.033825 196 187 166
0.171468 -0.373263 -0.044473 58 88 80
0.173064 -0.374218 -0.035918 125 136 124
0.173249 -0.374645 -0.024896 122 140 122
0.173729 -0.376227 -0.013748 113 124 109
0.174534 -0.376153 -0.005746 107 113 106
0.176333 -0.373443 0.005171 148 146 143
0.178481 -0.372840 0.015980 168 164 160
0.178983 -0.373332 0.026211 188 184 178
0.174652 -0.364843 -0.014038 179 174 154
0.175034 -0.366587 -0.004792 179 176 161
0.176375 -0.366646 0.004314 172 168 156
0.177282 -0.366970 0.015058 160 157 147
0.178324 -0.367139 0.025810 185 184 177
0.173081 -0.353549 -0.035086 98 109 85
0.173757 -0.354125 -0.025271 94 98 79
0.175460 -0.352783 -0.015511 130 134 125
0.178292 -0.352638 -0.005923 160 166 162
0.176158 -0.343294 -0.024224 64 67 64
0.175687 -0.344589 -0.015589 106 104 96
0.176225 -0.344998 -0.005345 149 150 144
0.178258 -0.345100 0.003662 168 170 166
0.173435 -0.333945 -0.034369 52 76 70
0.175007 -0.335183 -0.024535 92 99 82
0.175018 -0.337161 -0.015185 86 84 60
0.175480 -0.335279 -0.005927 126 118 96
0.175206 -0.324048 -0.015203 66 88 76
0.173065 -0.312902 -0.014570 56 83 73
0.176861 -0.316061 -0.006299 138 133 106
0.174541 -0.304807 -0.014371 82 103 93
0.173638 -0.302980 -0.007339 100 121 120
0.172341 -0.305022 0.074580 76 118 110
0.174080 -0.295065 -0.022913 46 74 70
0.175908 -0.296280 -0.015774 82 98 95
0.174782 -0.297026 -0.005756 172 174 172
0.173613 -0.297860 0.078683 22 68 59
0.175833 -0.294857 0.082919 70 108 101
0.174458 -0.287121 -0.022265 43 73 69
0.175583 -0.286670 -0.015669 92 103 91
0.174231 -0.286422 -0.005849 157 151 134
0.175861 -0.274924 -0.023986 90 101 90
0.175153 -0.274548 -0.015874 96 99 76
0.175042 -0.275672 -0.005074 146 148 140
0.176715 -0.276203 0.002170 188 181 176
0.174766 -0.265650 -0.024389 12 43 36
0.173288 -0.261701 -0.014160 142 138 134
0.176921 -0.263273 -0.005444 150 146 140
0.178489 -0.264251 0.000896 178 170 165
0.172329 -0.262804 0.073235 161 156 162
0.175974 -0.267233 0.101502 104 121 120
0.174294 -0.253516 -0.023845 88 100 94
0.173074 -0.252785 -0.015878 155 152 145
0.174037 -0.254128 -0.005695 190 184 179
0.179638 -0.253770 0.003811 168 158 156
0.172889 -0.253467 0.057160 164 160 167
0.174066 -0.256374 0.065494 171 166 173
0.174708 -0.258018 0.071935 170 167 174
0.174414 -0.248096 -0.022296 71 85 80
0.174028 -0.247328 -0.016349 94 97 87
0.176420 -0.243821 -0.005860 182 164 151
0.173432 -0.246446 0.055948 170 164 172
0.174397 -0.244547 0.064095 170 164 171
0.174699 -0.244167 0.071188 166 160 168
0.173356 -0.235076 -0.013681 60 62 56
0.177458 -0.234667 -0.006769 158 149 140
0.174093 -0.235305 0.095887 170 169 174
0.174236 -0.223210 -0.013371 146 144 133
0.175046 -0.223984 -0.005499 170 157 143
0.172374 -0.223766 0.084291 188 183 182
0.173582 -0.223791 0.094841 178 172 174
0.175596 -0.226431 0.104510 170 165 168
0.176790 -0.224939 0.115446 168 168 172
0.176103 -0.216896 -0.002502 187 176 170
0.173632 -0.214784 0.076454 140 142 144
0.173587 -0.217480 0.093675 176 172 174
0.174795 -0.215379 0.104664 194 190 191
0.175582 -0.214743 0.114480 181 176 178
0.177913 -0.215395 0.133857 172 170 173
0.172400 -0.203327 -0.022567 81 78 72
0.175697 -0.204783 -0.015214 162 148 135
0.174020 -0.205726 -0.005646 183 172 170
0.171416 -0.204467 0.058126 147 147 148
0.172631 -0.202926 0.065104 162 156 158
0.174364 -0.204989 0.103688 166 160 163
0.173684 -0.205826 0.116539 166 164 168
0.173346 -0.204676 0.123704 174 171 174
0.176853 -0.204130 0.133236 194 184 184
0.175848 -0.194710 -0.013299 150 138 125
0.177976 -0.196794 -0.008296 175 158 141
0.172348 -0.192441 0.047810 168 158 160
0.172561 -0.194456 0.054593 176 170 171
0.175703 -0.198405 0.060486 159 152 156
0.171312 -0.198269 0.085497 74 110 105
0.175700 -0.195972 0.117091 168 164 169
0.174124 -0.194654 0.123757 172 172 175
0.172745 -0.197249 0.134777 177 176 178
0.176963 -0.187252 -0.012250 124 110 99
0.178341 -0.186618 -0.007696 158 141 128
0.174597 -0.185720 0.044209 150 142 145
0.174887 -0.183770 0.055703 84 88 86
0.173117 -0.175718 0.026088 164 155 154
0.173570 -0.174088 0.034395 184 174 172
0.174408 -0.173483 0.053642 153 145 146
0.176192 -0.174073 0.063661 136 132 131
0.177989 -0.172700 0.075174 156 151 149
0.172918 -0.175095 0.085354 114 112 112
0.175241 -0.174293 0.096164 114 111 112
0.175819 -0.174249 0.104070 138 138 138
0.178074 -0.174290 0.113313 111 115 114
0.173946 -0.163593 0.015908 186 176 176
0.173613 -0.167419 0.026252 182 175 172
0.172426 -0.165827 0.034064 181 174 172
0.173502 -0.165927 0.046588 155 148 147
0.174473 -0.164488 0.054991 152 150 149
0.173868 -0.166138 0.066075 87 115 109
0.175606 -0.165718 0.075778 92 111 105
0.175601 -0.164164 0.086104 65 96 91
0.175781 -0.168430 0.105809 153 144 144
0.175666 -0.157411 -0.023301 123 128 124
0.175381 -0.156208 -0.013645 178 166 156
0.178636 -0.158070 -0.007684 180 164 153
0.173360 -0.157860 0.033261 179 168 166
0.173000 -0.152400 0.044883 174 167 166
0.173577 -0.155510 0.056697 136 137 135
0.175207 -0.154986 0.063867 161 157 157
0.176108 -0.154344 0.074014 181 177 177
0.173837 -0.154704 0.104341 77 116 112
0.174457 -0.154960 0.125112 164 161 162
0.174159 -0.145957 0.044084 180 170 168
0.175107 -0.146580 0.053894 184 175 172
0.174421 -0.144736 0.065432 169 158 152
0.175091 -0.144757 0.076024 136 126 118
0.178538 -0.143944 0.084469 120 108 106
0.176713 -0.143636 0.095633 174 175 172
0.176542 -0.145123 0.104313 144 160 158
0.173568 -0.142124 0.115292 158 164 166
0.175183 -0.135133 -0.006723 192 182 177
0.175432 -0.134464 0.015926 174 166 165
0.173956 -0.134218 0.024047 178 164 159
0.174898 -0.132663 0.037104 157 143 136
0.173796 -0.134108 0.043295 162 154 154
0.173443 -0.131435 0.055187 159 157 157
0.174434 -0.136219 0.065589 179 164 155
0.175233 -0.133950 0.073956 143 138 130
0.175505 -0.135246 0.106795 176 168 168
0.176018 -0.136782 0.113430 170 163 164
0.171117 -0.122519 -0.020902 92 111 106
0.174607 -0.124931 -0.015475 142 132 123
0.176636 -0.126316 0.014734 185 177 173
0.173377 -0.125403 0.024006 179 167 158
0.173922 -0.125483 0.036955 150 146 144
0.174860 -0.124858 0.044532 152 149 147
0.174401 -0.126505 0.055113 126 132 130
0.175088 -0.127222 0.064156 142 140 135
0.174742 -0.125234 0.075366 160 156 154
0.174346 -0.125626 0.084677 154 154 152
0.174477 -0.124265 0.094972 169 162 160
0.178751 -0.125461 0.102026 182 176 176
0.176508 -0.114664 0.015266 178 172 172
0.173576 -0.117097 0.034427 110 107 102
0.173513 -0.114041 0.045599 80 92 83
0.175865 -0.113172 0.054282 142 137 128
0.175312 -0.113459 0.065554 139 136 132
0.170732 -0.114520 0.077452 166 165 165
0.174504 -0.113886 0.085333 152 150 150
0.176921 -0.115137 0.092385 170 166 168
0.173665 -0.101887 -0.012376 182 172 169
0.175796 -0.105617 -0.004948 190 176 165
0.175254 -0.104577 0.034735 85 87 78
0.173972 -0.107795 0.045304 88 104 95
0.171705 -0.104326 0.054896 146 158 154
0.175464 -0.102551 0.063967 82 110 104
0.176130 -0.103787 0.073964 101 113 111
0.175330 -0.108685 0.082854 150 144 146
0.172759 -0.095588 -0.012904 103 104 99
0.177098 -0.095930 -0.007037 170 158 150
0.171496 -0.094268 0.027538 118 138 133
0.173855 -0.093128 0.036500 191 185 184
0.175315 -0.092784 0.046412 171 164 162
0.172907 -0.096022 0.056794 170 163 164
0.172018 -0.093564 0.067042 158 155 151
0.173718 -0.093780 0.073551 134 130 130
0.176598 -0.092673 0.084130 150 150 149
0.178056 -0.096148 0.103353 174 171 172
0.174118 -0.081585 0.006929 121 139 133
0.175650 -0.084468 0.016745 140 137 134
0.175289 -0.083302 0.034173 129 116 110
0.174801 -0.085319 0.044377 138 128 124
0.176845 -0.086172 0.057197 166 159 156
0.173794 -0.085858 0.065078 155 153 152
0.175049 -0.084860 0.074895 164 159 158
0.175757 -0.087115 0.083339 161 154 154
0.176086 -0.074207 -0.012473 133 132 128
0.174376 -0.075042 -0.006166 183 170 168
0.173792 -0.074139 0.006048 103 111 102
0.175909 -0.076242 0.013233 154 137 127
0.173296 -0.075769 0.023453 116 104 97
0.175950 -0.071851 0.045927 192 184 182
0.175567 -0.073805 0.055228 182 174 174
0.174865 -0.074072 0.064088 186 178 176
0.175604 -0.074349 0.073598 160 155 153
0.173671 -0.075963 0.087065 180 176 178
0.175370 -0.073680 0.094105 133 137 135
0.174774 -0.064638 -0.013287 18 42 33
0.175326 -0.066879 -0.005724 108 103 93
0.175404 -0.066996 0.003079 176 158 145
0.173282 -0.062548 0.025479 187 178 174
0.174686 -0.064330 0.035444 203 192 189
0.174810 -0.067127 0.046709 160 151 148
0.175041 -0.065465 0.054716 188 179 178
0.175659 -0.066826 0.062841 199 191 191
0.174603 -0.065015 0.103854 198 193 194
0.177283 -0.055309 0.037481 196 184 179
0.173727 -0.056289 0.045246 204 192 190
0.175631 -0.054860 0.054531 188 180 178
0.176071 -0.054280 0.063942 174 167 162
0.175580 -0.054137 0.076243 194 186 180
0.174897 -0.052750 0.086451 226 212 206
0.176274 -0.050511 0.093324 232 218 212
0.175663 -0.045570 0.017983 198 180 172
0.173970 -0.044185 0.024450 178 166 158
0.173770 -0.042825 0.034187 181 172 164
0.175612 -0.044876 0.044169 162 156 153
0.175134 -0.033039 -0.000675 72 92 82
0.172726 -0.034125 0.005464 112 114 105
0.175499 -0.033836 0.013257 162 148 128
0.172642 -0.036730 0.024420 152 144 130
0.174918 -0.032757 0.037685 226 205 192
0.173207 -0.036930 0.043226 224 205 200
0.175043 -0.022707 0.017340 136 138 132
0.178201 -0.024758 0.027127 183 172 166
0.176992 -0.024262 0.031668 224 210 201
0.174096 -0.013915 0.004501 142 146 130
0.175784 -0.016623 0.015966 156 150 132
0.175173 -0.016307 0.024324 194 180 166
0.178000 -0.016239 0.032356 192 180 166
0.173469 -0.007760 -0.003485 108 132 124
0.172340 -0.003980 0.005279 94 122 112
0.176087 -0.004873 0.015333 130 142 123
0.178340 -0.005491 0.022786 154 146 124
0.171970 0.004803 -0.004399 16 60 50
0.174445 0.004401 0.005233 66 92 76
0.176491 0.005701 0.014541 72 92 72
0.171974 0.015181 -0.004413 78 96 66
0.174778 0.014554 0.003909 88 98 66
0.177139 0.013173 0.012483 130 130 102
0.174912 0.025452 -0.004799 48 86 64
0.177812 0.024127 0.004611 104 108 68
0.177901 0.023455 0.014797 136 140 106
0.179363 0.022353 0.023609 186 184 152
0.175185 0.033845 -0.004870 18 74 61
0.176974 0.035910 0.003941 23 75 66
0.178456 0.037201 0.013724 81 108 86
0.174779 0.045525 -0.004508 38 82 62
0.176036 0.043382 0.004056 86 102 66
0.178282 0.042836 0.013583 92 108 76
0.175318 0.053632 -0.004580 30 84 68
0.177483 0.057329 0.005481 37 95 73
0.178092 0.056805 0.014940 48 90 59
0.174538 0.067058 -0.003786 50 106 89
0.175852 0.064972 0.004000 148 148 110
0.175933 0.073398 -0.005438 42 104 81
0.178935 0.076221 0.001910 35 94 78
0.176565 0.085286 -0.003865 26 106 90
0.174778 0.094747 -0.004642 5 106 92
0.174343 0.105571 -0.003051 11 100 88
0.173033 0.105346 0.001861 44 104 96
0.176601 0.112598 -0.004445 29 100 88
0.184199 -0.673605 -0.062359 10 88 78
0.188068 -0.673605 -0.056190 22 69 64
0.184521 -0.666027 -0.062377 3 83 73
0.185454 -0.655195 -0.056404 1 78 68
0.183970 -0.654228 -0.044966 8 78 70
0.185282 -0.644892 -0.043027 2 83 74
0.185334 -0.644523 -0.035928 4 82 71
0.183833 -0.645251 0.014525 172 173 166
0.186101 -0.642807 0.023483 172 174 166
0.187473 -0.637488 -0.033971 0 84 71
0.189315 -0.635267 -0.025070 2 82 72
0.183974 -0.634580 0.014376 102 125 116
0.186440 -0.635713 0.066883 168 168 165
0.183663 -0.624837 -0.043873 54 100 92
0.185223 -0.623207 -0.036624 100 140 132
0.184374 -0.625054 0.006712 82 111 105
0.183105 -0.624152 0.015821 151 161 156
0.185611 -0.625014 0.023626 144 151 145
0.184919 -0.625363 0.076868 154 156 152
0.185469 -0.612835 -0.054404 131 149 144
0.186975 -0.612162 -0.047347 120 146 140
0.186938 -0.614989 -0.024201 114 133 125
0.182212 -0.616467 0.009081 137 152 152
0.185413 -0.615636 0.015775 150 158 156
0.184201 -0.613810 0.026356 169 174 174
0.188062 -0.610821 0.034059 149 158 158
0.184018 -0.617504 0.084402 157 158 155
0.184669 -0.605272 -0.055340 22 85 74
0.188462 -0.605135 -0.046307 60 93 87
0.185007 -0.607062 -0.034850 129 158 151
0.184521 -0.605475 -0.026285 125 148 138
0.183758 -0.604579 0.009442 126 134 130
0.186290 -0.603675 0.014001 168 173 170
0.186538 -0.605453 0.043643 156 162 161
0.184510 -0.604174 0.055977 176 176 171
0.183439 -0.595641 -0.052649 6 77 66
0.187574 -0.594150 -0.046884 16 70 62
0.184632 -0.595860 -0.023588 124 150 143
0.186835 -0.592619 -0.016702 190 194 186
0.185415 -0.596309 -0.003645 196 196 192
0.185310 -0.593107 0.004617 133 140 136
0.187700 -0.592512 0.013038 181 184 181
0.186597 -0.594990 0.023170 219 222 218
0.184371 -0.595361 0.048278 179 180 178
0.186861 -0.597187 0.057284 173 176 176
0.185139 -0.593020 0.064724 183 185 184
0.182684 -0.594603 0.074061 210 204 196
0.184843 -0.584542 -0.054947 110 152 143
0.186113 -0.584232 -0.046243 84 122 115
0.189139 -0.585204 -0.038403 123 141 130
0.183131 -0.584993 0.006732 92 112 106
0.186494 -0.585007 0.014908 138 143 140
0.185970 -0.585892 0.026836 204 202 198
0.184801 -0.587303 0.047285 213 212 208
0.185387 -0.585190 0.056089 216 215 210
0.185107 -0.584654 0.065593 220 216 212
0.183808 -0.585582 0.072578 218 214 210
0.182092 -0.574655 -0.042398 99 130 121
0.185169 -0.573817 -0.035041 188 190 181
0.186436 -0.575488 -0.014881 144 159 147
0.184572 -0.574647 0.015447 164 168 164
0.182565 -0.563896 -0.042848 8 74 62
0.186579 -0.565740 -0.034910 148 154 140
0.183615 -0.566923 0.016209 204 190 177
0.182055 -0.557806 -0.042233 13 56 46
0.186558 -0.554057 -0.034602 136 144 131
0.185279 -0.544858 -0.033383 209 188 160
0.184879 -0.535303 -0.036036 210 184 151
0.186867 -0.535398 0.017167 187 168 144
0.184551 -0.523398 -0.041398 157 119 74
0.185457 -0.527194 -0.037329 192 168 145
0.187005 -0.525415 0.026597 176 168 158
0.185988 -0.515058 -0.036912 159 127 94
0.184682 -0.506199 -0.023150 168 147 130
0.184024 -0.502795 -0.016582 172 147 121
0.184582 -0.495846 -0.015092 140 127 116
0.185375 -0.494821 -0.005971 180 170 166
0.186497 -0.481473 -0.033877 173 164 162
0.184894 -0.485697 -0.012574 163 160 160
0.184677 -0.487085 -0.004606 150 144 140
0.184845 -0.483491 0.004326 154 148 145
0.187284 -0.477627 -0.034184 162 155 154
0.184701 -0.474545 0.015281 176 172 173
0.186618 -0.471838 0.023127 206 201 202
0.180975 -0.464337 0.018816 210 202 202
0.184196 -0.465238 0.025644 216 206 206
0.188156 -0.463571 0.031161 218 210 208
0.182593 -0.454579 0.017335 174 165 166
0.184439 -0.455985 0.025586 205 196 196
0.188355 -0.456173 0.032623 206 198 197
0.183370 -0.446926 0.025127 176 167 166
0.185858 -0.445733 0.034666 212 204 204
0.186138 -0.442835 0.053733 145 138 136
0.186085 -0.442511 0.063311 156 150 149
0.183908 -0.434049 0.045797 226 213 214
0.187609 -0.435629 0.053484 176 168 167
0.187434 -0.436777 0.062788 122 117 116
0.184191 -0.424870 0.045608 220 208 208
0.186647 -0.426291 0.053721 195 184 183
0.182741 -0.415937 0.036608 181 172 172
0.184905 -0.416634 0.045471 214 204 204
0.184814 -0.414495 0.054163 218 206 203
0.183678 -0.407528 0.038234 202 192 193
0.185779 -0.405093 0.046757 180 174 175
0.185631 -0.405024 0.053610 181 174 174
0.186024 -0.403061 0.065478 161 156 155
0.187274 -0.404064 0.072691 190 184 183
0.182703 -0.394721 0.024639 134 130 128
0.182852 -0.395159 0.036516 140 134 134
0.181567 -0.393702 0.044944 189 184 176
0.184683 -0.394824 0.055721 192 179 178
0.187087 -0.397645 0.064857 112 112 112
0.187305 -0.397404 0.072452 166 162 165
0.180574 -0.385889 0.025822 184 179 174
0.181126 -0.385586 0.037080 191 184 174
0.182284 -0.384811 0.045666 197 189 183
0.185381 -0.385209 0.055552 214 202 198
0.182202 -0.375400 0.025100 138 132 130
0.182530 -0.375479 0.035901 156 153 150
0.184003 -0.375409 0.046058 193 186 184
0.186340 -0.376329 0.055376 209 200 197
0.188212 -0.374645 0.062869 221 209 205
0.183128 -0.361818 0.015843 206 198 194
0.183069 -0.363052 0.025580 208 200 198
0.182852 -0.366375 0.036187 178 175 170
0.185368 -0.365167 0.046500 175 170 172
0.186931 -0.364255 0.054381 176 171 171
0.187411 -0.363479 0.064536 170 167 165
0.181695 -0.354876 -0.001845 160 157 156
0.183617 -0.355313 0.003699 154 150 150
0.182450 -0.353319 0.016732 144 146 144
0.183380 -0.355325 0.024781 152 150 148
0.184483 -0.355239 0.035735 173 168 166
0.185401 -0.356350 0.047106 211 201 196
0.187850 -0.356581 0.055934 184 177 176
0.184337 -0.356230 0.065554 142 139 138
0.181905 -0.342132 -0.003615 142 140 136
0.183756 -0.342929 0.005880 149 146 143
0.181911 -0.344875 0.014122 182 178 174
0.184052 -0.345365 0.023657 186 180 176
0.185274 -0.345186 0.035229 194 188 184
0.186335 -0.345758 0.045218 208 200 198
0.188461 -0.345879 0.053975 216 205 205
0.189234 -0.344074 0.063011 227 218 212
0.180695 -0.333409 -0.001942 158 152 142
0.181759 -0.335554 0.006218 154 148 138
0.183251 -0.336329 0.013742 150 148 141
0.183679 -0.335195 0.023663 157 153 143
0.185126 -0.334384 0.034358 178 172 165
0.186644 -0.333990 0.044699 214 206 203
0.188482 -0.334564 0.053218 222 210 212
0.181362 -0.325705 -0.003193 61 62 46
0.182642 -0.324126 0.005752 103 96 80
0.183551 -0.325185 0.014579 164 156 144
0.185067 -0.326630 0.024388 206 198 192
0.186809 -0.324867 0.035707 181 175 172
0.188172 -0.323130 0.045615 211 202 202
0.188365 -0.323922 0.053560 172 167 170
0.182767 -0.314973 -0.003511 135 134 130
0.183551 -0.314901 0.003452 159 158 156
0.184584 -0.315171 0.014491 152 150 147
0.185407 -0.315113 0.024675 154 152 150
0.186718 -0.315327 0.034513 186 178 176
0.188215 -0.314953 0.045282 209 198 195
0.188398 -0.317511 0.054949 148 145 149
0.184160 -0.302869 -0.002893 152 145 141
0.184409 -0.305098 0.004958 150 149 145
0.185516 -0.306266 0.014651 160 156 150
0.186963 -0.305434 0.025115 172 166 160
0.187972 -0.307149 0.035667 204 198 194
0.189100 -0.307207 0.043585 212 204 204
0.181306 -0.294377 -0.015556 74 85 81
0.183295 -0.294866 -0.005692 83 93 86
0.184908 -0.294705 0.004526 120 116 102
0.185447 -0.294105 0.014253 159 144 123
0.186505 -0.294934 0.024577 174 168 160
0.187927 -0.295603 0.034445 194 185 180
0.180844 -0.288595 -0.015345 71 88 82
0.181176 -0.287025 -0.004133 80 74 52
0.182996 -0.283747 0.005577 164 154 142
0.185795 -0.285329 0.014670 184 178 173
0.188306 -0.285880 0.023932 194 183 180
0.188449 -0.286651 0.032532 198 188 186
0.189014 -0.281879 0.042869 168 160 160
0.184424 -0.273874 -0.015453 99 96 86
0.183380 -0.274420 -0.004726 112 108 99
0.184134 -0.275916 0.005327 168 160 154
0.187103 -0.273877 0.013768 166 157 154
0.187397 -0.276508 0.024739 188 178 173
0.183072 -0.264072 -0.004616 166 154 142
0.185896 -0.264824 0.006087 166 156 151
0.187348 -0.264685 0.014900 167 157 155
0.187434 -0.263813 0.023783 171 161 159
0.186549 -0.264253 0.034464 172 163 163
0.186648 -0.263800 0.042453 174 167 167
0.182933 -0.253527 -0.014501 115 110 96
0.183058 -0.252791 -0.004190 152 147 140
0.183719 -0.253997 0.005698 158 149 145
0.185437 -0.254423 0.014963 169 159 155
0.187204 -0.255694 0.024041 174 164 161
0.187952 -0.254996 0.035592 187 177 176
0.182224 -0.246894 -0.014097 106 98 86
0.182837 -0.245406 -0.004588 147 135 128
0.184826 -0.245323 0.004983 156 144 139
0.186879 -0.245097 0.014290 172 161 158
0.186756 -0.247043 0.023766 182 170 167
0.186994 -0.247771 0.032369 184 172 170
0.182989 -0.235147 -0.003495 150 132 114
0.185683 -0.234845 0.004227 168 153 144
0.188597 -0.234959 0.014658 161 150 148
0.188773 -0.235768 0.022534 178 168 167
0.183136 -0.223829 -0.004150 163 141 121
0.185490 -0.225963 0.003871 152 137 128
0.188737 -0.225718 0.013698 164 152 146
0.189536 -0.223672 0.023637 172 162 158
0.185020 -0.220931 0.136572 168 166 170
0.185240 -0.215273 -0.003872 144 131 123
0.186217 -0.215955 0.003430 153 141 135
0.185660 -0.215844 0.013730 169 158 154
0.183786 -0.215136 0.144563 190 189 192
0.185813 -0.212965 0.153342 175 174 176
0.183916 -0.204972 -0.012373 159 135 108
0.185307 -0.206321 -0.005827 171 154 141
0.189477 -0.206076 0.002278 162 150 146
0.180983 -0.206590 0.135945 196 188 188
0.182538 -0.206301 0.145524 171 168 172
0.184788 -0.206123 0.154390 167 164 168
0.187264 -0.204083 0.164469 156 154 156
0.187743 -0.204409 0.174580 108 123 122
0.181742 -0.191861 -0.011144 130 119 110
0.184514 -0.195826 -0.006103 169 153 140
0.188709 -0.195422 0.005713 142 128 119
0.181988 -0.194476 0.125899 165 160 163
0.182836 -0.196853 0.133282 195 190 190
0.186268 -0.192186 0.143972 190 182 183
0.186528 -0.192400 0.155544 179 173 174
0.185292 -0.195784 0.165306 166 162 165
0.187113 -0.192933 0.173118 180 176 179
0.182992 -0.183106 -0.013003 156 138 122
0.185226 -0.184491 -0.006613 159 140 128
0.187134 -0.184876 0.002900 136 120 114
0.183866 -0.183714 0.056134 105 98 98
0.186885 -0.182994 0.064426 162 154 154
0.188115 -0.183478 0.085666 146 144 145
0.186632 -0.182520 0.093696 178 176 178
0.183986 -0.185517 0.125137 174 165 166
0.185691 -0.184239 0.135608 180 176 179
0.185708 -0.184648 0.145073 163 158 161
0.187349 -0.183889 0.155238 183 176 177
0.186244 -0.184100 0.165246 197 188 190
0.188306 -0.185117 0.173422 184 176 178
0.184171 -0.174721 -0.012922 166 142 122
0.186728 -0.173790 -0.004279 162 138 119
0.187398 -0.172816 0.005763 146 132 124
0.183200 -0.175374 0.015947 144 133 132
0.181628 -0.175318 0.057053 144 134 134
0.184701 -0.176571 0.064835 142 136 134
0.184873 -0.174525 0.074401 118 116 114
0.184922 -0.175361 0.084174 144 138 139
0.182009 -0.175217 0.117188 136 130 129
0.183222 -0.175042 0.124132 133 129 127
0.184203 -0.175706 0.134099 172 168 169
0.184787 -0.176901 0.145373 164 159 162
0.185802 -0.175806 0.155806 193 185 188
0.187142 -0.175313 0.164691 194 185 188
0.188199 -0.177145 0.171937 178 168 170
0.185052 -0.162102 -0.005949 182 170 162
0.187727 -0.165325 0.004953 147 135 129
0.181332 -0.164438 0.101572 168 162 163
0.182962 -0.167013 0.115661 175 170 168
0.183208 -0.166409 0.125518 157 152 153
0.185193 -0.163640 0.135318 161 153 150
0.187169 -0.164163 0.145078 186 179 175
0.188038 -0.163993 0.154970 199 191 191
0.186895 -0.163770 0.163458 180 172 174
0.183220 -0.154772 -0.012500 178 150 120
0.185548 -0.157352 -0.006629 180 162 148
0.182985 -0.154834 0.067088 154 152 154
0.182896 -0.155957 0.074589 169 165 168
0.184663 -0.153666 0.107038 194 184 178
0.184396 -0.153755 0.114436 148 134 125
0.185449 -0.154602 0.124508 168 163 161
0.185307 -0.155501 0.134610 184 179 179
0.186437 -0.154962 0.145115 179 173 173
0.188915 -0.154758 0.155912 194 186 187
0.187838 -0.157904 0.162667 188 183 184
0.183627 -0.146207 0.055715 164 155 156
0.181630 -0.142832 0.096658 139 132 124
0.182300 -0.145154 0.105711 135 148 146
0.184543 -0.144881 0.115362 144 152 151
0.185367 -0.144006 0.125330 161 158 156
0.185978 -0.144995 0.135118 165 161 160
0.187631 -0.145445 0.146370 185 178 178
0.181633 -0.131329 0.014551 162 151 149
0.183098 -0.132573 0.023960 172 164 162
0.182368 -0.134072 0.032885 156 150 149
0.181560 -0.134661 0.048310 130 122 120
0.183008 -0.137646 0.056183 147 123 102
0.185135 -0.131821 0.062458 158 156 155
0.181718 -0.133056 0.077600 175 155 137
0.183137 -0.134977 0.083358 161 151 142
0.182929 -0.135651 0.095599 171 164 162
0.182391 -0.135636 0.106293 164 156 154
0.184113 -0.136303 0.116089 164 156 155
0.185290 -0.135334 0.122950 167 163 161
0.186445 -0.134837 0.134730 158 154 154
0.188548 -0.134292 0.146239 176 169 168
0.184829 -0.133374 0.155074 191 181 184
0.183680 -0.126415 0.014357 169 162 162
0.180555 -0.125045 0.047969 82 78 78
0.183661 -0.125187 0.054806 128 122 122
0.182771 -0.124275 0.062782 128 124 120
0.185716 -0.126172 0.074062 137 123 105
0.182353 -0.124283 0.086362 122 114 104
0.182895 -0.123294 0.094218 126 120 109
0.183349 -0.126427 0.105893 175 167 166
0.184885 -0.125844 0.115824 173 168 167
0.186570 -0.126404 0.124016 164 157 156
0.188335 -0.124210 0.135973 163 154 153
0.187147 -0.124711 0.145658 166 160 159
0.186570 -0.126055 0.152364 182 174 176
0.186899 -0.113440 -0.003565 195 182 174
0.184359 -0.115225 0.015202 172 170 168
0.183120 -0.115846 0.047517 136 129 126
0.182547 -0.111365 0.054218 101 96 96
0.180943 -0.115796 0.064972 130 105 81
0.181219 -0.117661 0.076488 158 147 142
0.181582 -0.117319 0.087022 159 152 154
0.183396 -0.114827 0.092785 164 158 159
0.184246 -0.115868 0.104363 148 142 141
0.185448 -0.114891 0.113810 153 148 146
0.187328 -0.114588 0.124668 157 146 143
0.186475 -0.116190 0.134662 166 156 154
0.185027 -0.116750 0.141929 176 166 167
0.185256 -0.103869 -0.004059 188 163 135
0.181533 -0.103110 0.005996 174 164 160
0.183971 -0.102469 0.023421 94 90 82
0.183672 -0.106336 0.034194 118 114 112
0.181671 -0.104930 0.056085 174 170 170
0.182716 -0.104742 0.075298 174 168 165
0.184614 -0.106808 0.084679 175 167 166
0.186263 -0.106730 0.092808 157 150 149
0.186028 -0.104962 0.104327 156 147 145
0.186373 -0.103578 0.115205 165 158 157
0.187870 -0.106261 0.123996 158 152 150
0.186361 -0.105468 0.144337 166 168 170
0.184227 -0.096805 -0.006124 202 186 176
0.182657 -0.096453 0.077093 177 168 168
0.182022 -0.094791 0.085340 95 108 104
0.183196 -0.095369 0.095049 111 118 113
0.184775 -0.095303 0.104004 140 141 140
0.185838 -0.094687 0.112771 130 130 128
0.188612 -0.094658 0.125906 127 141 139
0.188935 -0.094706 0.130475 118 140 140
0.184371 -0.083524 -0.002194 213 196 192
0.188486 -0.085524 0.004077 152 141 135
0.184668 -0.084240 0.017666 172 165 162
0.186363 -0.082085 0.023628 162 156 156
0.185921 -0.085071 0.045365 151 144 142
0.182067 -0.085250 0.053186 172 164 162
0.181979 -0.083295 0.076591 188 182 181
0.182273 -0.083381 0.086771 177 170 169
0.184380 -0.084524 0.095727 166 161 161
0.185090 -0.084520 0.105121 147 149 149
0.186608 -0.084474 0.115269 174 174 172
0.188099 -0.084860 0.123300 167 175 176
0.182629 -0.073646 -0.013573 130 127 122
0.184246 -0.076344 -0.005633 176 159 144
0.185366 -0.073892 0.006512 160 140 123
0.184397 -0.074705 0.014359 150 132 120
0.186013 -0.076368 0.024900 138 125 119
0.188422 -0.074192 0.036309 214 206 206
0.183670 -0.073780 0.047203 173 168 168
0.181638 -0.075591 0.054010 178 171 172
0.182817 -0.074722 0.077115 129 127 125
0.184664 -0.076716 0.084988 149 146 144
0.185260 -0.073779 0.094929 166 161 158
0.186563 -0.074807 0.105663 150 157 155
0.187699 -0.076241 0.114385 185 179 180
0.187757 -0.077350 0.122748 177 171 174
0.184980 -0.065423 -0.005468 150 120 94
0.185017 -0.068068 0.002891 150 122 103
0.186053 -0.062711 0.017633 216 198 186
0.184153 -0.064414 0.025412 222 209 206
0.184908 -0.065896 0.035850 214 202 200
0.184108 -0.065708 0.045941 182 172 171
0.183509 -0.065009 0.054177 188 179 178
0.186123 -0.062432 0.064920 191 181 181
0.183977 -0.066615 0.073528 180 173 172
0.187180 -0.066926 0.095935 191 184 182
0.184984 -0.067410 0.104899 201 194 194
0.186838 -0.057969 0.017988 210 187 168
0.186513 -0.051909 0.025870 228 209 201
0.183533 -0.053071 0.036773 185 176 174
0.181525 -0.057110 0.044190 192 180 177
0.182848 -0.056714 0.056775 189 179 177
0.184848 -0.057322 0.066239 180 170 168
0.184759 -0.054733 0.075331 190 180 176
0.184388 -0.053605 0.085802 216 203 198
0.183259 -0.051972 0.092991 229 215 210
0.184594 -0.044984 0.016095 194 176 167
0.184944 -0.044418 0.024623 184 166 154
0.187063 -0.041716 0.034511 207 189 177
0.181882 -0.035061 0.025811 180 156 126
0.185444 -0.031903 0.037334 213 191 174
0.186515 -0.034916 0.046977 224 208 204
0.185231 -0.024299 0.028525 168 155 148
0.186804 -0.025514 0.036335 207 190 183
0.184402 -0.013115 0.027456 173 154 134
0.184070 -0.016920 0.036031 208 190 176
0.183448 -0.016927 0.042039 213 192 182
0.182662 -0.006408 0.023323 111 106 84
0.184992 -0.003254 0.034112 170 158 136
0.183876 0.005805 0.033583 128 112 102
0.186718 0.004694 0.075481 159 155 146
0.183065 0.016271 0.025330 104 102 84
0.184459 0.017130 0.035188 150 140 122
0.186459 0.016760 0.043837 169 155 134
0.188386 0.016538 0.056346 157 143 129
0.188240 0.015586 0.064452 182 174 166
0.189318 0.013900 0.072880 198 188 180
0.180523 0.025697 0.006908 58 75 52
0.181228 0.024765 0.015229 94 100 79
0.182343 0.025119 0.025268 133 130 100
0.184116 0.024084 0.035448 137 128 99
0.185962 0.025012 0.044304 157 142 113
0.187129 0.024638 0.054149 156 148 124
0.188496 0.023969 0.062338 145 141 128
0.182136 0.034441 0.014407 31 68 56
0.184087 0.033288 0.025230 88 96 72
0.184419 0.035112 0.034902 121 138 126
0.187277 0.036737 0.044567 140 146 126
0.182333 0.043713 0.016776 112 119 96
0.182869 0.045323 0.023431 113 114 80
0.184424 0.043945 0.035084 155 150 97
0.188174 0.043208 0.044771 186 170 126
0.181322 0.053800 0.004296 3 74 64
0.182720 0.054307 0.017237 96 125 88
0.184778 0.055116 0.024632 69 94 73
0.186856 0.056854 0.034932 134 106 84
0.188883 0.057356 0.041911 183 118 104
0.182172 0.067761 0.016456 92 111 94
0.184337 0.066861 0.026207 162 158 136
0.185508 0.064280 0.036049 146 108 100
0.187065 0.064267 0.044815 160 130 126
0.183599 0.076566 -0.003230 16 88 75
0.182805 0.074398 0.005363 84 96 78
0.183462 0.074261 0.014953 139 130 114
0.185369 0.073180 0.023806 182 150 144
0.187149 0.073188 0.034163 175 145 142
0.183014 0.082636 -0.004992 34 90 80
0.184871 0.085026 0.004159 82 73 70
0.182639 0.106775 -0.002790 28 97 86
0.185229 0.114276 -0.004029 3 104 89
0.193508 -0.704112 -0.034644 70 74 75
0.194773 -0.704100 -0.026600 106 112 114
0.194124 -0.695078 -0.033510 88 92 94
0.194752 -0.694267 -0.023362 131 136 138
0.196199 -0.693997 -0.016319 149 158 160
0.193091 -0.686608 -0.032181 55 60 60
0.195265 -0.684985 -0.022682 128 134 136
0.196398 -0.683222 -0.015588 149 158 161
0.190643 -0.670394 -0.055959 8 91 81
0.192609 -0.673848 -0.036360 54 60 59
0.194692 -0.675006 -0.022984 109 116 118
0.196240 -0.674562 -0.015094 150 158 161
0.191757 -0.665245 -0.056010 6 86 76
0.193159 -0.663773 -0.044715 44 94 90
0.192227 -0.663997 -0.034423 39 81 78
0.193978 -0.664519 -0.022645 71 82 83
0.195858 -0.664206 -0.014699 140 151 153
0.192011 -0.657876 -0.052894 10 76 68
0.193439 -0.654534 -0.044850 53 89 87
0.195133 -0.655575 -0.034272 130 144 148
0.195910 -0.654622 -0.023989 120 144 147
0.196044 -0.654617 -0.015001 129 140 143
0.192895 -0.647057 -0.035200 50 87 86
0.194670 -0.646683 -0.023091 127 147 148
0.198024 -0.643225 -0.015672 146 164 168
0.198358 -0.646964 -0.008085 142 153 156
0.192446 -0.634210 -0.024811 24 76 69
0.194783 -0.635551 -0.013918 79 114 113
0.197383 -0.633021 -0.003627 124 134 136
0.193333 -0.634827 0.036832 175 176 168
0.197732 -0.634060 0.044338 167 168 162
0.194753 -0.626764 -0.015359 65 95 92
0.196314 -0.624991 -0.004283 113 134 134
0.194297 -0.623378 0.004263 70 96 94
0.195850 -0.621435 0.011473 74 87 85
0.194591 -0.627273 0.075075 174 175 172
0.192257 -0.613951 -0.045080 121 137 134
0.193755 -0.614350 -0.034493 108 122 118
0.194255 -0.614207 -0.024398 125 138 133
0.197183 -0.612252 -0.015749 116 122 119
0.193134 -0.612461 -0.006821 187 199 194
0.197533 -0.616336 0.004672 125 138 135
0.196508 -0.616297 0.016109 103 119 120
0.195591 -0.613886 0.023577 122 136 138
0.195743 -0.614696 0.031986 148 157 156
0.193985 -0.615049 0.085486 160 160 156
0.191881 -0.604898 -0.042733 114 130 125
0.192273 -0.605089 -0.034796 161 169 165
0.193180 -0.605040 -0.023565 149 157 152
0.196120 -0.603854 -0.015545 167 171 168
0.196680 -0.605399 -0.005647 138 142 141
0.198014 -0.606961 0.002797 152 156 152
0.196177 -0.604652 0.017058 122 131 130
0.195679 -0.603099 0.023549 141 152 152
0.195169 -0.605219 0.035933 120 134 138
0.192802 -0.602645 0.044576 142 153 156
0.195936 -0.594854 -0.044504 129 145 141
0.196193 -0.592888 -0.036339 164 166 161
0.194812 -0.598058 -0.023273 138 145 138
0.195798 -0.597416 -0.015457 171 174 170
0.194839 -0.598532 -0.003526 164 168 168
0.194535 -0.596362 0.005232 140 142 142
0.192229 -0.595517 0.017123 140 146 144
0.196980 -0.594680 0.023818 103 106 106
0.195605 -0.596015 0.035388 142 150 154
0.195091 -0.595111 0.045083 136 145 148
0.194406 -0.593648 0.054372 156 163 166
0.194884 -0.592296 0.062552 164 168 168
0.191695 -0.588274 -0.042252 152 166 158
0.195118 -0.585425 -0.033595 173 173 168
0.194830 -0.583540 -0.026793 187 186 182
0.195164 -0.584106 -0.013620 190 192 184
0.195221 -0.585090 0.024257 146 146 142
0.194582 -0.583970 0.033841 202 202 200
0.194252 -0.586918 0.055042 192 195 194
0.195451 -0.586240 0.063698 196 198 198
0.195271 -0.575056 -0.032140 165 161 156
0.194095 -0.574863 -0.006350 179 181 172
0.195359 -0.575770 0.017180 174 170 164
0.194534 -0.577729 0.023111 180 176 169
0.194890 -0.564796 -0.031611 172 166 159
0.195295 -0.567282 -0.029329 158 152 146
0.195101 -0.555384 -0.031820 171 164 156
0.194322 -0.543991 -0.031786 184 173 162
0.194605 -0.535028 -0.033638 180 169 158
0.199292 -0.534239 -0.027945 161 156 152
0.193352 -0.525455 -0.034992 184 168 150
0.198550 -0.524279 -0.026971 155 148 144
0.192791 -0.527655 0.025418 176 168 158
0.193415 -0.516638 -0.034258 166 148 129
0.196804 -0.514881 -0.025255 150 141 134
0.198549 -0.512748 -0.017679 170 162 159
0.196096 -0.512805 0.035076 114 113 110
0.194423 -0.507726 -0.022604 169 158 152
0.195694 -0.504510 -0.014900 174 166 162
0.197237 -0.507586 0.037295 119 116 114
0.193303 -0.497017 -0.014249 147 140 138
0.195375 -0.495881 -0.006115 172 164 162
0.191616 -0.481009 -0.034302 163 156 156
0.195237 -0.487888 -0.004514 148 144 143
0.193420 -0.485224 0.004881 142 136 136
0.196792 -0.483780 0.012491 174 171 170
0.191745 -0.478467 -0.034390 160 156 156
0.195333 -0.473928 0.025042 208 203 204
0.194549 -0.474707 0.047664 150 146 142
0.197117 -0.473162 0.054130 146 142 139
0.195791 -0.466539 0.028057 146 144 133
0.194871 -0.464874 0.033801 224 214 214
0.197118 -0.467734 0.053853 145 142 140
0.194914 -0.456280 0.035254 212 202 203
0.197376 -0.443699 -0.013590 194 186 186
0.195283 -0.447279 0.035562 222 212 214
0.192691 -0.440173 0.053292 156 150 150
0.195243 -0.435779 -0.003521 168 161 163
0.196086 -0.435185 0.002062 170 163 166
0.195323 -0.436676 0.047594 181 174 175
0.194675 -0.435001 0.053024 190 182 184
0.195494 -0.436044 0.065651 146 142 140
0.196153 -0.437045 0.072585 165 160 158
0.194656 -0.425226 0.052423 236 224 226
0.196110 -0.416921 0.006193 148 140 142
0.195667 -0.417078 0.052341 225 216 218
0.193342 -0.404013 -0.003132 220 209 212
0.194643 -0.404446 0.005009 210 199 202
0.194042 -0.405043 0.047170 173 168 170
0.195289 -0.403982 0.054655 210 203 204
0.194952 -0.402903 0.075198 215 209 208
0.192728 -0.396294 -0.003475 195 185 187
0.193412 -0.395748 0.005301 163 154 158
0.195652 -0.395429 0.013401 168 160 163
0.191732 -0.399526 0.046804 110 110 114
0.194640 -0.396517 0.057135 189 183 186
0.196659 -0.396050 0.064537 156 153 154
0.195766 -0.396228 0.073756 153 152 154
0.198382 -0.384595 0.006022 120 127 117
0.195257 -0.382773 0.014519 152 145 146
0.194549 -0.384688 0.058740 229 216 220
0.195728 -0.384305 0.060577 234 221 224
0.195704 -0.376324 0.013685 160 154 154
0.193869 -0.376109 0.056281 230 221 224
0.193934 -0.363171 0.046787 138 137 140
0.194238 -0.364469 0.055575 205 198 200
0.195778 -0.363404 0.063060 206 200 200
0.195467 -0.363970 0.075392 218 211 210
0.195790 -0.355671 -0.003065 220 211 212
0.195948 -0.355824 0.004214 222 212 214
0.195716 -0.359521 0.045335 128 128 134
0.193069 -0.356723 0.057927 190 182 185
0.195866 -0.356489 0.063683 170 166 166
0.195618 -0.357351 0.075295 154 153 154
0.192666 -0.347021 0.058319 232 220 222
0.194655 -0.346045 0.064278 231 221 219
0.193704 -0.333449 0.045519 230 220 222
0.195010 -0.333502 0.055642 240 228 231
0.193690 -0.323443 0.056957 194 186 189
0.196722 -0.322698 0.062894 208 202 204
0.197078 -0.325679 0.078271 174 170 168
0.196031 -0.323723 0.083916 205 200 197
0.192044 -0.316399 0.057405 180 174 176
0.195901 -0.316371 0.063494 186 180 184
0.197900 -0.317509 0.086140 166 163 166
0.196229 -0.315925 0.093870 166 160 159
0.197764 -0.304633 0.104114 198 191 188
0.191549 -0.292110 0.038788 218 207 206
0.193910 -0.294832 0.045626 229 220 221
0.195833 -0.296097 0.054458 232 222 223
0.192800 -0.285297 0.038093 164 158 160
0.193681 -0.284620 0.045473 179 170 173
0.196001 -0.284358 0.055220 207 197 201
0.198009 -0.283237 0.062211 202 194 198
0.192739 -0.272515 0.005199 153 146 146
0.193989 -0.272979 0.014218 150 145 147
0.193067 -0.275050 0.025760 166 162 164
0.193700 -0.274651 0.034066 190 182 182
0.193362 -0.275489 0.045306 216 206 204
0.195561 -0.276577 0.055360 224 212 214
0.193377 -0.267186 -0.003475 132 128 130
0.194441 -0.267354 0.005157 136 132 134
0.194277 -0.266613 0.017272 136 130 132
0.192482 -0.265898 0.024448 166 159 158
0.191658 -0.264390 0.035218 178 171 172
0.194148 -0.264046 0.045586 210 200 200
0.192901 -0.254507 0.026883 196 187 187
0.193168 -0.254785 0.035218 196 188 188
0.194467 -0.253638 0.044413 190 182 184
0.197968 -0.252459 0.053047 201 190 193
0.191883 -0.241023 0.006917 138 129 128
0.194997 -0.244045 0.014774 152 145 147
0.195473 -0.244752 0.024413 162 156 157
0.194212 -0.244989 0.035096 181 173 174
0.194630 -0.247502 0.045950 192 181 186
0.197241 -0.248093 0.052432 197 188 191
0.193068 -0.238387 -0.003408 138 128 130
0.193363 -0.236325 0.006701 157 147 146
0.193644 -0.236314 0.014752 160 152 150
0.193095 -0.235426 0.024834 174 165 165
0.193006 -0.234917 0.035054 184 175 176
0.196638 -0.234688 0.044436 198 188 189
0.193399 -0.225832 0.017815 169 159 158
0.194219 -0.226166 0.026297 179 169 168
0.195649 -0.225369 0.035349 174 167 167
0.197886 -0.223728 0.043179 195 184 186
0.194988 -0.224321 0.156351 179 177 176
0.194996 -0.222694 0.185400 174 172 170
0.191843 -0.212206 0.004858 122 113 111
0.195285 -0.212985 0.015773 116 108 108
0.194909 -0.215545 0.024748 145 137 136
0.195699 -0.215840 0.035032 186 176 176
0.197861 -0.216688 0.042809 196 185 187
0.196671 -0.213685 0.065838 180 170 176
0.195598 -0.213539 0.117551 190 180 181
0.195378 -0.214207 0.123485 156 153 153
0.195632 -0.216780 0.136422 148 144 146
0.195007 -0.216370 0.145242 152 148 151
0.196083 -0.215417 0.154632 178 174 176
0.196487 -0.212726 0.164892 198 192 192
0.194441 -0.213837 0.185417 168 172 170
0.192561 -0.208221 -0.003111 133 122 121
0.192168 -0.206096 0.005164 160 149 146
0.192467 -0.205647 0.015460 159 148 144
0.193236 -0.206170 0.024984 184 172 170
0.195415 -0.205402 0.034948 201 190 188
0.197561 -0.205938 0.042962 210 198 197
0.196598 -0.204680 0.075228 186 177 178
0.196657 -0.207337 0.081624 180 172 173
0.193066 -0.205897 0.113894 138 130 128
0.193067 -0.202653 0.135816 164 159 161
0.193526 -0.205441 0.146139 161 156 157
0.195110 -0.205133 0.155757 165 155 149
0.196319 -0.205205 0.165848 198 191 192
0.195836 -0.204090 0.173578 191 186 187
0.195695 -0.204955 0.186667 172 173 174
0.191175 -0.193172 0.016908 146 131 122
0.194133 -0.194856 0.025028 176 165 160
0.195962 -0.194458 0.034719 203 190 186
0.197072 -0.193859 0.042346 196 184 180
0.194830 -0.196074 0.056541 150 145 145
0.193980 -0.195964 0.065189 128 122 122
0.196093 -0.194749 0.077265 141 138 138
0.192836 -0.193798 0.085035 179 177 178
0.190960 -0.197746 0.137837 156 152 156
0.194162 -0.194278 0.146976 143 120 101
0.194152 -0.194477 0.156598 165 155 153
0.196583 -0.195223 0.164697 204 196 201
0.193071 -0.195307 0.173990 198 191 193
0.195709 -0.194853 0.185350 196 188 192
0.190617 -0.182279 -0.004009 98 82 72
0.192331 -0.183731 0.005472 114 102 96
0.193650 -0.185066 0.014864 132 120 116
0.193672 -0.185660 0.025473 160 148 144
0.195005 -0.186545 0.036041 191 178 175
0.195554 -0.186292 0.043603 187 175 172
0.194814 -0.184072 0.067794 103 110 110
0.194538 -0.186731 0.074263 149 145 143
0.194350 -0.186221 0.136362 154 133 117
0.194230 -0.183800 0.145119 165 156 154
0.194019 -0.185627 0.156137 166 161 162
0.195645 -0.184645 0.165182 209 200 203
0.193296 -0.184887 0.175189 209 199 201
0.196688 -0.185051 0.184706 194 184 188
0.191618 -0.173846 -0.004644 139 124 114
0.194108 -0.176288 0.066761 110 114 113
0.194655 -0.175342 0.075856 130 133 133
0.193936 -0.176590 0.085538 139 138 139
0.193603 -0.174691 0.166251 230 220 221
0.192899 -0.174305 0.177863 196 186 190
0.196112 -0.177431 0.183078 194 184 187
0.192961 -0.164638 -0.002769 152 140 134
0.194509 -0.164074 0.006195 145 132 128
0.196791 -0.164423 0.014055 164 153 150
0.192516 -0.166421 0.163858 224 214 215
0.194339 -0.163737 0.176964 183 173 175
0.193564 -0.155656 -0.004705 164 146 137
0.196143 -0.157236 0.003715 164 150 146
0.194894 -0.156656 0.117895 200 190 190
0.190739 -0.151952 0.159183 206 196 198
0.193638 -0.154814 0.164162 220 210 210
0.193834 -0.155910 0.176015 183 174 178
0.193110 -0.143976 0.157723 195 187 188
0.194691 -0.147413 0.163540 168 160 162
0.194710 -0.144622 0.175795 186 178 182
0.197884 -0.132791 0.017652 173 158 153
0.198514 -0.133704 0.025136 186 172 168
0.193121 -0.135009 0.155191 217 208 210
0.193735 -0.132702 0.167747 196 188 190
0.196791 -0.135454 0.173322 204 195 198
0.195130 -0.124746 0.005807 166 150 142
0.196418 -0.126057 0.014017 180 165 160
0.192793 -0.122195 0.147333 213 204 206
0.194449 -0.125650 0.153159 228 218 222
0.197234 -0.126832 0.173057 190 182 185
0.193349 -0.112603 -0.001672 168 158 151
0.195115 -0.115788 0.003674 165 156 152
0.192160 -0.113750 0.126773 170 161 156
0.193170 -0.116088 0.134246 162 152 148
0.193395 -0.114557 0.145189 215 206 206
0.196182 -0.115396 0.164494 191 184 188
0.192419 -0.106405 -0.006193 180 160 138
0.196178 -0.104059 0.007205 156 142 134
0.196674 -0.104323 0.013851 162 149 144
0.195332 -0.103718 0.034467 156 136 122
0.193952 -0.107559 0.125647 164 160 156
0.193007 -0.103796 0.137269 200 190 192
0.195453 -0.105161 0.144518 229 218 222
0.194926 -0.106912 0.155845 187 180 184
0.195640 -0.092713 0.006591 173 164 160
0.195474 -0.095265 0.014850 174 158 144
0.194709 -0.096051 0.024212 176 158 141
0.193348 -0.095305 0.115431 164 161 160
0.193237 -0.092864 0.127549 134 150 148
0.194745 -0.093829 0.133347 151 169 169
0.197784 -0.092821 0.146564 184 178 181
0.197212 -0.096663 0.153135 184 176 180
0.194415 -0.083251 -0.003676 192 180 170
0.193963 -0.085297 0.003778 130 114 100
0.194108 -0.084492 0.014679 158 129 105
0.192673 -0.083812 0.023254 190 168 156
0.194140 -0.081400 0.034327 178 167 165
0.196623 -0.081663 0.044491 192 184 184
0.193087 -0.082843 0.117569 110 148 143
0.193716 -0.085192 0.125919 169 177 178
0.195470 -0.084904 0.133407 192 185 188
0.197710 -0.086411 0.143611 190 184 186
0.190703 -0.078533 -0.005407 176 154 135
0.191594 -0.075473 0.006722 136 110 85
0.192866 -0.076027 0.014171 154 132 117
0.195250 -0.073576 0.023039 155 140 132
0.192343 -0.076789 0.033075 174 170 170
0.192911 -0.076936 0.043154 197 191 192
0.195608 -0.071912 0.075328 222 212 214
0.194186 -0.074947 0.116492 198 192 194
0.196157 -0.077133 0.124030 192 185 188
0.196510 -0.077563 0.132635 174 168 170
0.196771 -0.064633 0.018329 182 162 140
0.196894 -0.065934 0.022913 180 163 152
0.192832 -0.063776 0.065566 224 212 214
0.194282 -0.065579 0.073229 223 212 214
0.192141 -0.062610 0.086390 202 191 190
0.194412 -0.064339 0.095709 208 197 197
0.195258 -0.066651 0.104232 218 207 208
0.194429 -0.066760 0.115398 178 174 176
0.193355 -0.058407 0.016947 155 136 122
0.195379 -0.055749 0.026688 180 168 161
0.195165 -0.055214 0.033940 190 178 174
0.198934 -0.050972 0.044587 216 206 200
0.190763 -0.054796 0.066564 215 206 206
0.192350 -0.054830 0.075254 203 192 190
0.192066 -0.056852 0.084581 204 193 191
0.195078 -0.057793 0.093725 222 212 211
0.192694 -0.047137 0.016891 190 175 166
0.196056 -0.044024 0.025671 166 152 144
0.196133 -0.044915 0.034771 178 163 154
0.196866 -0.046356 0.043449 223 208 200
0.193792 -0.033048 0.036382 190 170 155
0.195416 -0.034876 0.045049 218 201 196
0.195167 -0.022982 0.025776 189 177 174
0.195074 -0.026424 0.034975 197 181 175
0.194662 -0.016754 0.015869 178 165 160
0.194353 -0.016913 0.036079 206 188 182
0.197341 -0.003121 0.085869 190 173 168
0.194414 0.006151 0.077426 201 176 171
0.196408 0.005626 0.083498 182 166 162
0.196201 0.015455 0.046725 168 116 112
0.194726 0.014875 0.055226 164 138 129
0.194315 0.015140 0.063712 204 190 182
0.192543 0.012008 0.074776 214 204 197
0.194556 0.011086 0.081990 215 204 198
0.194907 0.028287 0.058036 194 150 130
0.194971 0.023992 0.064560 216 193 182
0.193602 0.037739 0.047723 162 130 114
0.194802 0.034834 0.054858 188 142 130
0.192572 0.043549 0.048033 186 148 116
0.195926 0.044207 0.053102 208 170 149
0.193714 0.055801 0.046043 143 87 84
0.196036 0.057496 0.054063 190 168 164
0.191204 0.064767 0.047050 169 150 142
0.193964 0.064532 0.054628 192 182 175
0.194301 0.072746 0.046009 224 212 207
0.196400 0.070865 0.053023 226 214 209
0.194903 0.113819 -0.002587 8 98 85
0.202198 -0.694134 -0.042288 108 116 117
0.201445 -0.694190 -0.037018 121 132 136
0.201984 -0.684829 -0.034258 112 120 123
0.202929 -0.674788 -0.042575 87 96 97
0.201592 -0.673599 -0.026026 133 141 144
0.207332 -0.666509 -0.054940 12 92 85
0.204535 -0.664259 -0.045546 34 87 84
0.205056 -0.667699 -0.035412 92 110 109
0.202070 -0.663959 -0.024826 114 126 129
0.200586 -0.663879 -0.016524 151 161 165
0.203313 -0.657048 -0.042284 77 104 110
0.205395 -0.656053 -0.033861 67 115 113
0.203733 -0.654154 -0.025388 122 146 147
0.202628 -0.653830 -0.014593 136 150 153
0.200279 -0.652774 -0.009239 154 166 170
0.208025 -0.646763 -0.042019 2 76 70
0.205975 -0.645701 -0.036161 38 94 91
0.205581 -0.645948 -0.025761 71 118 115
0.203464 -0.645384 -0.015417 123 151 153
0.207978 -0.635097 -0.043759 82 122 117
0.205209 -0.635648 -0.015021 100 130 130
0.203552 -0.634240 -0.005764 109 136 137
0.203333 -0.632106 0.001547 144 160 160
0.205616 -0.625608 -0.054026 4 64 57
0.205494 -0.625768 -0.045225 122 142 139
0.205908 -0.623446 -0.035174 118 143 139
0.204219 -0.627703 -0.014063 140 158 160
0.204784 -0.625017 -0.004150 136 152 154
0.203047 -0.625315 0.005253 117 139 141
0.206709 -0.624503 0.015148 60 99 98
0.202443 -0.626348 0.045033 172 175 170
0.203510 -0.625608 0.053704 172 175 168
0.202806 -0.624835 0.076256 187 187 184
0.204683 -0.623135 0.083622 182 182 180
0.209222 -0.614201 -0.052403 100 128 124
0.207419 -0.613342 -0.045294 160 176 172
0.206707 -0.614262 -0.033789 134 158 154
0.204133 -0.614197 -0.026588 177 182 178
0.202989 -0.613944 -0.015819 162 168 164
0.205278 -0.612581 -0.005500 170 176 172
0.201854 -0.615194 0.005183 149 159 157
0.202945 -0.616350 0.016567 140 154 152
0.203979 -0.615793 0.026081 100 121 119
0.204902 -0.613906 0.035133 140 152 149
0.206796 -0.612480 0.041736 164 173 171
0.207295 -0.618894 0.057059 172 170 165
0.205945 -0.616965 0.086402 182 182 180
0.207772 -0.603675 -0.053316 38 84 79
0.207224 -0.603143 -0.047147 140 153 153
0.204950 -0.604537 -0.035215 164 174 172
0.203913 -0.605316 -0.024535 162 172 168
0.201976 -0.602942 -0.016838 188 191 187
0.203935 -0.606508 -0.004883 183 189 185
0.205023 -0.604210 0.005246 121 127 122
0.205786 -0.605183 0.013843 148 160 153
0.204010 -0.603706 0.025797 132 144 143
0.205585 -0.609389 0.032331 84 96 96
0.203171 -0.606915 0.044271 126 139 140
0.205169 -0.602784 0.055668 156 162 162
0.207130 -0.602988 0.065208 145 146 145
0.206804 -0.596184 -0.053752 79 118 113
0.203296 -0.595319 -0.046123 159 165 164
0.203489 -0.595029 -0.035738 174 181 179
0.204501 -0.596728 -0.023827 174 183 180
0.203208 -0.594314 -0.016452 182 183 178
0.205597 -0.597776 0.008016 170 171 170
0.206315 -0.595288 0.015788 141 146 141
0.203535 -0.595292 0.023530 162 167 162
0.206143 -0.592931 0.036080 208 212 207
0.203007 -0.595995 0.046773 158 168 170
0.203686 -0.594119 0.053762 164 173 173
0.203184 -0.595211 0.066075 160 166 166
0.205811 -0.594571 0.076535 182 184 180
0.206930 -0.594307 0.083009 211 209 203
0.207334 -0.588378 -0.050716 12 76 71
0.205381 -0.584718 -0.046298 72 108 106
0.201836 -0.582849 -0.037024 162 168 168
0.202702 -0.586023 -0.012691 174 175 169
0.208525 -0.583799 0.017355 144 146 144
0.203461 -0.585954 0.025068 170 171 167
0.204058 -0.586313 0.056067 211 212 209
0.203637 -0.585648 0.065485 204 204 202
0.204920 -0.585506 0.075106 208 206 204
0.207575 -0.586839 0.081524 213 212 208
0.206860 -0.578495 -0.043822 78 108 104
0.204175 -0.573767 -0.035310 158 164 162
0.204975 -0.576779 0.017578 174 168 158
0.203323 -0.576356 0.022370 200 194 186
0.208794 -0.564258 -0.040286 44 63 58
0.205000 -0.564708 -0.034360 156 158 153
0.205151 -0.555226 -0.032434 166 162 154
0.205812 -0.544649 -0.032216 174 162 152
0.204437 -0.543628 0.014082 160 150 138
0.205929 -0.534660 -0.033085 172 161 150
0.206732 -0.525194 -0.032802 162 149 138
0.202175 -0.524167 -0.026184 166 158 154
0.207604 -0.517608 -0.031825 148 137 130
0.205125 -0.514305 -0.025479 158 150 145
0.201946 -0.512732 -0.016191 171 164 160
0.207910 -0.508057 -0.022336 152 141 134
0.204535 -0.505062 -0.013451 170 164 160
0.203286 -0.506382 0.037625 122 118 116
0.206431 -0.496902 -0.013311 144 140 138
0.205226 -0.495827 -0.005281 173 168 164
0.204752 -0.488009 -0.005354 148 144 144
0.205121 -0.484651 0.005737 152 148 148
0.202728 -0.483596 0.012248 184 179 178
0.203870 -0.474705 -0.025210 176 175 179
0.205802 -0.475792 0.016862 176 174 177
0.204952 -0.472329 0.025337 212 207 208
0.203150 -0.473130 0.054936 149 144 140
0.205260 -0.464685 0.027660 169 166 159
0.203559 -0.463738 0.033394 170 165 158
0.205676 -0.465896 0.055544 140 134 130
0.205936 -0.463380 0.062600 161 158 154
0.207293 -0.453922 0.013285 62 76 73
0.207583 -0.455963 0.027305 216 206 205
0.203839 -0.456590 0.034890 162 160 150
0.204445 -0.443375 -0.013550 198 190 190
0.204393 -0.444655 -0.007009 208 198 198
0.206200 -0.442324 0.005105 133 152 150
0.207056 -0.442112 0.013069 190 194 190
0.205907 -0.446627 0.025305 202 192 194
0.205790 -0.445618 0.034969 226 216 216
0.209223 -0.445202 0.057639 166 146 129
0.206527 -0.439398 -0.014514 133 124 125
0.204587 -0.437683 -0.004283 154 146 148
0.205874 -0.435282 0.004219 118 134 132
0.206297 -0.437114 0.015399 74 96 94
0.207994 -0.434990 0.028270 160 154 154
0.207417 -0.435281 0.035797 189 182 182
0.205095 -0.434510 0.046760 240 230 231
0.204698 -0.434600 0.055628 153 145 142
0.204627 -0.435186 0.065425 159 152 150
0.205193 -0.424015 0.006022 106 121 119
0.206532 -0.422851 0.013459 124 132 131
0.208357 -0.423967 0.024777 157 156 153
0.205020 -0.425149 0.046570 232 222 223
0.205686 -0.424857 0.054725 184 162 151
0.206984 -0.426214 0.065160 138 128 122
0.204626 -0.425046 0.072309 156 151 150
0.204446 -0.416787 0.008984 160 152 152
0.204374 -0.416217 0.013224 149 140 142
0.206749 -0.417287 0.025605 86 90 90
0.207984 -0.417666 0.035365 163 158 156
0.205073 -0.415455 0.045050 223 215 215
0.203688 -0.416880 0.052466 179 167 163
0.207704 -0.403091 -0.003989 168 162 163
0.206346 -0.403750 0.005478 154 165 164
0.204990 -0.404452 0.013017 164 164 166
0.205995 -0.402301 0.022768 133 131 134
0.205984 -0.405419 0.047100 214 207 208
0.204789 -0.403065 0.053757 236 228 229
0.204260 -0.401418 0.065781 158 156 154
0.205300 -0.403042 0.075665 210 205 203
0.205712 -0.399419 -0.001470 128 121 122
0.206660 -0.397471 0.005426 112 128 127
0.206271 -0.396368 0.014308 118 132 132
0.205208 -0.398140 0.022005 62 87 88
0.204326 -0.395918 0.057256 197 191 191
0.204798 -0.395539 0.064168 163 158 157
0.206028 -0.396340 0.074135 168 166 166
0.205097 -0.383771 0.014972 153 147 135
0.205816 -0.382167 0.025249 116 107 88
0.206648 -0.381481 0.033666 130 116 95
0.206442 -0.385593 0.057193 172 160 159
0.205361 -0.377353 0.016522 118 130 129
0.205585 -0.378613 0.024147 104 108 103
0.206534 -0.377469 0.032289 90 88 82
0.205659 -0.372081 0.046289 220 213 216
0.207399 -0.372651 0.056527 197 190 191
0.207495 -0.363148 0.007164 228 222 225
0.205253 -0.364439 0.015212 234 226 228
0.204751 -0.363980 0.056949 182 178 180
0.204787 -0.363556 0.063402 193 186 187
0.204233 -0.363515 0.075735 190 184 183
0.205580 -0.363977 0.083041 222 214 213
0.204798 -0.356127 0.007272 146 145 142
0.205195 -0.355851 0.014909 165 158 149
0.206660 -0.355748 0.023625 130 125 112
0.208080 -0.355139 0.031929 130 118 104
0.206010 -0.356624 0.057694 176 169 171
0.204795 -0.356963 0.063711 172 166 167
0.205527 -0.356794 0.076215 154 154 154
0.204797 -0.357283 0.083203 168 165 166
0.204822 -0.344187 0.008048 154 148 148
0.205943 -0.345469 0.015919 116 122 121
0.206435 -0.346483 0.024346 72 82 80
0.207008 -0.346835 0.032867 101 96 89
0.207502 -0.343862 0.053600 182 178 180
0.204231 -0.346500 0.063282 236 228 230
0.206614 -0.334348 0.045334 216 210 213
0.205505 -0.334226 0.056540 209 204 205
0.204831 -0.335320 0.063757 186 184 184
0.203745 -0.320925 0.015774 246 238 240
0.205456 -0.325053 0.056918 209 203 206
0.202823 -0.324167 0.064593 185 182 184
0.205466 -0.325431 0.075817 178 174 173
0.204107 -0.324582 0.083393 210 204 204
0.203069 -0.316441 0.015506 207 199 201
0.203642 -0.314915 0.062978 236 228 229
0.204518 -0.316759 0.076409 140 138 142
0.203492 -0.315002 0.085368 141 138 140
0.202755 -0.312991 0.093688 134 132 134
0.206899 -0.304716 0.006125 157 152 154
0.206164 -0.304742 0.015832 170 164 166
0.206675 -0.304666 0.022888 175 169 171
0.201854 -0.304543 0.104998 176 172 173
0.205973 -0.296747 0.046361 220 214 216
0.205888 -0.294044 0.055402 215 208 211
0.205224 -0.294997 0.096067 214 204 205
0.204509 -0.294687 0.103104 175 170 170
0.207148 -0.282468 0.015648 238 228 230
0.203800 -0.285885 0.045709 161 157 163
0.205667 -0.285231 0.056048 205 198 202
0.203884 -0.284895 0.063070 208 200 204
0.204297 -0.287547 0.096207 218 209 209
0.204456 -0.285913 0.104438 190 182 184
0.204315 -0.286127 0.115542 130 132 132
0.208749 -0.274177 0.008245 148 143 145
0.206676 -0.274564 0.015490 160 154 157
0.206228 -0.275449 0.023969 148 148 152
0.204649 -0.278448 0.105674 196 188 192
0.206686 -0.274127 0.115162 196 188 192
0.205306 -0.267109 0.006334 154 152 154
0.206261 -0.268001 0.013225 172 166 168
0.204873 -0.262128 0.047268 236 230 232
0.203507 -0.263260 0.052735 236 230 231
0.207880 -0.269418 0.113098 193 188 189
0.202638 -0.252057 0.025210 204 202 204
0.204938 -0.254211 0.047261 195 189 192
0.204500 -0.253275 0.053202 207 199 202
0.206293 -0.242528 0.016120 160 156 158
0.204558 -0.245002 0.024664 173 169 171
0.204556 -0.246535 0.036462 164 160 162
0.203193 -0.248138 0.054667 206 199 204
0.206517 -0.236202 0.006368 149 144 148
0.204638 -0.236846 0.014825 150 144 148
0.203656 -0.236583 0.022959 159 154 158
0.204753 -0.233075 0.045029 212 200 202
0.204709 -0.222725 0.026899 189 182 186
0.203770 -0.223533 0.035094 177 172 176
0.204875 -0.224038 0.045287 194 184 186
0.201452 -0.223685 0.136254 168 164 167
0.202735 -0.223507 0.144990 170 166 169
0.205025 -0.224092 0.153619 174 170 172
0.207322 -0.212914 0.017912 147 141 142
0.205868 -0.216437 0.023568 148 142 143
0.204469 -0.218103 0.032307 156 151 154
0.206324 -0.215555 0.044385 190 182 185
0.204096 -0.210730 0.054991 200 192 194
0.203698 -0.213957 0.066462 189 180 185
0.205943 -0.214143 0.076479 194 184 187
0.204323 -0.213214 0.085753 188 180 182
0.205909 -0.213709 0.093154 198 188 190
0.204516 -0.213806 0.134268 182 173 175
0.207311 -0.214571 0.143592 188 179 180
0.202552 -0.213358 0.165584 208 201 205
0.203926 -0.211583 0.172082 202 197 199
0.205371 -0.205082 0.036152 218 208 207
0.205380 -0.208444 0.044824 209 201 201
0.206438 -0.206123 0.054613 214 204 208
0.203274 -0.205512 0.064325 185 180 184
0.207982 -0.206068 0.074276 194 186 187
0.207370 -0.205693 0.083630 177 168 169
0.207282 -0.206456 0.091349 160 153 156
0.204807 -0.209660 0.125814 184 177 178
0.205042 -0.203628 0.145587 167 160 161
0.205811 -0.204647 0.155902 177 174 176
0.205989 -0.204090 0.164884 206 200 204
0.202926 -0.206140 0.172660 206 200 202
0.204591 -0.205578 0.184573 204 197 200
0.206952 -0.196184 0.045521 240 226 226
0.208086 -0.197314 0.085706 192 180 178
0.209440 -0.197145 0.155636 200 196 197
0.205092 -0.195552 0.166892 216 209 213
0.206994 -0.194337 0.171541 202 196 198
0.207574 -0.186254 0.044558 206 199 199
0.202770 -0.184883 0.077527 169 160 161
0.204421 -0.184330 0.084507 166 158 160
0.206749 -0.183505 0.124922 189 181 180
0.206036 -0.188364 0.142955 185 182 183
0.204756 -0.185244 0.166589 217 209 212
0.206814 -0.171699 0.036242 170 165 162
0.202978 -0.173314 0.077229 137 140 142
0.203755 -0.176294 0.083449 160 162 164
0.204744 -0.175120 0.165984 240 230 231
0.202868 -0.164106 0.014750 167 158 156
0.206298 -0.167464 0.034390 158 150 146
0.201864 -0.151811 0.185816 167 164 166
0.202905 -0.142635 0.176470 186 178 180
0.204785 -0.133475 0.016110 150 140 136
0.203983 -0.133564 0.025118 170 162 158
0.202901 -0.136397 0.175205 208 200 204
0.204653 -0.123670 0.016374 163 156 153
0.204950 -0.128144 0.022790 158 150 148
0.207267 -0.122510 0.136005 176 168 166
0.206210 -0.123291 0.143655 175 168 167
0.204032 -0.125028 0.174144 202 194 199
0.202662 -0.116875 0.007292 156 148 148
0.207176 -0.113137 0.034631 94 92 88
0.207122 -0.115816 0.134841 178 173 172
0.202715 -0.115710 0.166023 177 172 176
0.206708 -0.105495 0.015217 156 150 146
0.205986 -0.106458 0.025012 152 148 144
0.208074 -0.104821 0.125521 200 196 198
0.203401 -0.105840 0.163921 183 176 178
0.202841 -0.095237 0.012855 160 151 148
0.205317 -0.094235 0.104408 218 210 214
0.205732 -0.092640 0.126816 116 154 150
0.204779 -0.095221 0.134873 154 172 172
0.204094 -0.092892 0.147002 181 180 183
0.204723 -0.095849 0.153242 186 178 182
0.204369 -0.081527 0.035591 173 166 164
0.201854 -0.080744 0.041162 190 184 184
0.206766 -0.083933 0.092887 231 221 226
0.204007 -0.084507 0.126918 191 188 191
0.204313 -0.085384 0.132955 200 193 197
0.203216 -0.087767 0.145599 201 194 196
0.202450 -0.076318 0.016825 134 120 112
0.204372 -0.074867 0.026303 151 140 136
0.205868 -0.075326 0.033826 174 166 164
0.207224 -0.074985 0.058425 188 182 178
0.206948 -0.074310 0.063344 184 178 176
0.206328 -0.072552 0.076150 193 183 183
0.205283 -0.073951 0.083967 216 206 207
0.202902 -0.073349 0.116793 220 208 212
0.204538 -0.073878 0.126880 188 181 184
0.206185 -0.077098 0.132403 186 180 184
0.203482 -0.064648 0.026354 176 164 160
0.204770 -0.063873 0.033776 180 170 166
0.204506 -0.063281 0.068305 204 196 197
0.206383 -0.066161 0.073773 218 210 212
0.206370 -0.069372 0.083349 195 184 182
0.203272 -0.063833 0.096772 212 201 201
0.204675 -0.066046 0.105683 216 204 206
0.204525 -0.069068 0.123263 187 182 184
0.202916 -0.057148 0.026135 166 152 138
0.204930 -0.057447 0.034146 162 154 150
0.204785 -0.051716 0.044289 179 169 166
0.202777 -0.044577 0.027093 152 142 138
0.204124 -0.045114 0.035222 168 158 154
0.204431 -0.046377 0.044459 203 190 188
0.205351 -0.044814 0.054743 208 200 200
0.203064 -0.035369 0.037195 195 183 180
0.203593 -0.035884 0.044419 210 195 194
0.203985 -0.034999 0.053222 220 206 205
0.205345 -0.022097 0.027180 190 176 174
0.203232 -0.026876 0.034957 202 188 185
0.205661 -0.019100 0.025025 182 168 166
0.202905 -0.017478 0.044515 208 194 191
0.204746 -0.004222 0.087243 172 156 152
0.207050 -0.004020 0.092785 194 178 174
0.204712 0.006212 0.046336 164 152 149
0.204904 0.006412 0.075822 226 214 210
0.204181 0.004939 0.084489 184 171 167
0.205928 0.015167 0.036327 156 146 142
0.206624 0.016468 0.043776 188 178 174
0.204431 0.015316 0.055241 147 130 122
0.206081 0.013423 0.064626 195 182 177
0.205801 0.027032 0.058331 169 131 126
0.204503 0.024540 0.064704 202 180 174
0.206891 0.024075 0.071731 220 206 200
0.206748 0.037129 0.056237 177 156 152
0.203889 0.043534 0.054949 175 137 132
0.205888 0.055701 0.064901 213 200 196
0.207628 0.067214 0.055427 217 209 204
0.204067 0.076063 0.005004 135 114 109
0.206502 0.074830 0.014067 186 172 167
0.204673 0.074223 0.047151 202 194 191
0.205891 0.071591 0.054703 204 195 191
0.202955 0.085488 -0.003291 70 90 82
0.204048 0.083050 0.003339 122 124 118
0.208135 0.082112 0.012054 132 144 137
0.202960 0.093175 -0.004598 64 95 87
0.204837 0.114744 -0.002804 17 101 89
0.206707 0.123306 -0.004491 26 106 94
0.214720 -0.674994 -0.063112 85 104 102
0.213276 -0.671328 -0.057595 18 84 79
0.214127 -0.664627 -0.063425 73 120 118
0.215232 -0.666488 -0.055708 9 92 84
0.215127 -0.663939 -0.045220 4 86 74
0.213413 -0.655235 -0.058273 78 120 118
0.214270 -0.654907 -0.044737 1 81 72
0.212448 -0.653734 -0.034926 1 80 69
0.216099 -0.646904 -0.043149 0 79 70
0.212444 -0.648360 -0.037221 2 74 68
0.217006 -0.644479 -0.025743 2 79 72
0.213895 -0.634377 -0.051911 110 118 116
0.214491 -0.632324 -0.045134 82 124 115
0.217455 -0.635205 -0.006289 10 68 61
0.215676 -0.628320 -0.041501 89 130 121
0.214817 -0.625546 -0.038362 92 132 124
0.215105 -0.614607 -0.055655 72 116 110
0.214553 -0.614296 -0.035980 112 151 144
0.215502 -0.617119 -0.013219 100 101 97
0.217047 -0.615357 0.035386 168 174 174
0.215131 -0.611516 0.043407 175 177 173
0.214818 -0.613737 0.063900 179 182 170
0.214669 -0.616636 0.088362 180 182 178
0.213974 -0.614363 0.093144 185 186 183
0.214988 -0.604444 -0.055802 65 117 111
0.215841 -0.603819 -0.032561 110 145 137
0.215263 -0.601654 -0.028220 176 193 184
0.216268 -0.606453 -0.004734 160 162 162
0.217897 -0.603714 0.004586 175 179 178
0.213542 -0.604320 0.013023 180 182 175
0.215855 -0.603128 0.023612 209 210 204
0.213589 -0.603513 0.034474 170 170 166
0.216353 -0.606273 0.044644 180 183 180
0.216852 -0.605228 0.054329 180 180 177
0.214358 -0.603257 0.063963 161 164 161
0.217165 -0.606765 0.095965 212 213 208
0.214290 -0.595001 -0.055183 67 119 114
0.215399 -0.596316 -0.025473 140 162 154
0.214199 -0.592556 -0.017492 204 202 196
0.214761 -0.592990 0.008421 83 90 88
0.213311 -0.594427 0.015374 169 172 170
0.216256 -0.593050 0.023959 196 197 195
0.216564 -0.596110 0.035822 208 208 203
0.214496 -0.592234 0.044195 213 211 208
0.216070 -0.595503 0.057266 187 188 185
0.214271 -0.595926 0.066450 164 165 165
0.214813 -0.592172 0.075467 180 181 180
0.213170 -0.594686 0.083502 215 212 204
0.215485 -0.588873 -0.053567 59 113 107
0.215069 -0.583520 -0.048278 3 78 71
0.213673 -0.585286 0.007504 117 124 118
0.214912 -0.584593 0.014090 108 116 111
0.214809 -0.585208 0.023660 153 154 149
0.215734 -0.586498 0.066263 218 215 212
0.215147 -0.586259 0.075669 220 218 216
0.212285 -0.586997 0.081550 216 216 214
0.215538 -0.574988 -0.045180 12 81 74
0.210890 -0.572017 -0.037752 167 180 178
0.214818 -0.576904 0.017338 166 164 156
0.215582 -0.574283 0.023285 186 178 166
0.215251 -0.565241 -0.042719 7 70 63
0.213071 -0.563537 -0.037006 146 150 143
0.214640 -0.553960 -0.033681 177 172 160
0.214852 -0.550809 -0.029765 216 204 191
0.214961 -0.544903 -0.033434 206 172 128
0.214942 -0.534799 -0.034137 202 180 160
0.217759 -0.525301 -0.040821 134 103 70
0.214667 -0.525422 -0.036226 178 154 126
0.214736 -0.517067 -0.034085 160 136 114
0.213514 -0.512252 -0.026880 167 146 129
0.212410 -0.507833 -0.022975 165 148 134
0.215747 -0.504052 -0.015252 174 150 128
0.213979 -0.495359 -0.013530 140 129 119
0.213768 -0.494817 -0.003479 176 167 164
0.215705 -0.492178 0.002970 194 186 182
0.215481 -0.492523 0.038156 152 145 136
0.213981 -0.492631 0.044321 166 158 152
0.214001 -0.485338 -0.014165 166 162 162
0.214636 -0.485441 -0.004240 156 149 148
0.216010 -0.486315 0.005443 198 189 186
0.213625 -0.481145 0.011222 224 217 215
0.216131 -0.487513 0.038392 144 136 128
0.215073 -0.485577 0.043970 142 134 126
0.215270 -0.476423 -0.031313 122 119 120
0.215813 -0.476033 -0.026466 136 134 138
0.215843 -0.472944 -0.017357 193 190 194
0.216778 -0.475291 0.005847 200 193 194
0.215382 -0.474892 0.014183 214 205 204
0.211058 -0.471023 0.022758 227 220 222
0.218054 -0.465237 0.005647 124 133 131
0.216613 -0.463763 0.014901 193 192 189
0.212620 -0.466116 0.022797 234 222 222
0.215369 -0.463614 0.047103 137 127 116
0.214424 -0.462916 0.054565 165 156 149
0.215964 -0.454359 0.005579 87 108 104
0.214895 -0.455086 0.015004 168 166 162
0.214714 -0.454249 0.024207 190 188 182
0.216328 -0.454183 0.047022 160 146 125
0.214715 -0.455024 0.054246 180 164 146
0.212549 -0.454291 0.063078 205 197 192
0.213882 -0.443440 -0.015305 206 198 198
0.213038 -0.444219 -0.007157 222 213 212
0.216022 -0.443855 0.005181 146 158 155
0.214969 -0.445647 0.015402 161 167 165
0.214251 -0.444293 0.024118 177 178 177
0.213957 -0.444897 0.032082 204 198 194
0.214503 -0.446542 0.054151 174 144 114
0.213615 -0.446176 0.063612 186 174 164
0.216538 -0.435596 -0.002990 176 163 157
0.215749 -0.434693 0.004354 144 151 147
0.215400 -0.434352 0.015290 183 174 172
0.213688 -0.434671 0.025695 178 173 165
0.214421 -0.435372 0.035490 209 199 190
0.215726 -0.435662 0.045098 230 220 217
0.213560 -0.431161 0.064471 197 186 179
0.216282 -0.424685 0.005173 160 167 164
0.214269 -0.423119 0.015503 147 161 155
0.212061 -0.424214 0.025391 192 185 182
0.213805 -0.424692 0.035150 202 194 187
0.214540 -0.424408 0.042163 207 198 194
0.215970 -0.422568 0.058152 192 157 123
0.214662 -0.424243 0.064482 194 170 149
0.215202 -0.416045 0.004818 107 123 120
0.217111 -0.415735 0.014492 125 139 134
0.213370 -0.414849 0.025727 163 165 164
0.211715 -0.414073 0.034621 179 176 175
0.214906 -0.414111 0.044808 166 159 155
0.216821 -0.414287 0.056208 171 158 147
0.214486 -0.413362 0.065110 168 158 152
0.213533 -0.414083 0.073643 206 197 194
0.216808 -0.404557 -0.023735 116 116 116
0.218047 -0.403048 -0.014173 169 165 164
0.215671 -0.403519 -0.004170 181 176 175
0.215934 -0.405200 0.004272 162 175 172
0.215900 -0.405054 0.015695 180 179 177
0.214520 -0.404326 0.024605 192 188 187
0.215025 -0.403721 0.034821 192 185 184
0.212218 -0.403047 0.044447 204 197 197
0.215176 -0.406025 0.054748 153 147 145
0.214996 -0.407335 0.064825 168 160 154
0.213678 -0.406286 0.074062 196 187 182
0.218141 -0.398435 -0.011378 140 134 135
0.216457 -0.397725 -0.004328 146 144 144
0.215406 -0.397093 0.004326 130 142 141
0.214251 -0.394469 0.014899 143 153 151
0.215017 -0.394464 0.025638 134 148 145
0.215015 -0.395324 0.035565 168 174 171
0.215181 -0.395228 0.042151 184 188 185
0.215076 -0.397673 0.056442 202 196 195
0.214427 -0.393627 0.066900 151 144 140
0.218951 -0.383500 -0.002346 170 166 168
0.216840 -0.383776 0.003800 108 127 126
0.215116 -0.385549 0.015805 174 174 166
0.215344 -0.385897 0.024815 172 169 156
0.214147 -0.385137 0.035318 192 179 161
0.213112 -0.383834 0.044652 203 184 163
0.213587 -0.383964 0.054796 166 148 132
0.217205 -0.386794 0.065159 178 164 152
0.215216 -0.384504 0.074371 196 189 186
0.216022 -0.373043 0.004030 100 124 124
0.215949 -0.376423 0.016293 133 143 143
0.216203 -0.375845 0.025158 120 135 132
0.214900 -0.375413 0.035686 154 153 149
0.215318 -0.375517 0.046344 162 156 152
0.214359 -0.374354 0.054486 184 172 162
0.217061 -0.375778 0.065073 168 147 124
0.216218 -0.374539 0.075530 198 188 184
0.214390 -0.374444 0.082996 206 198 196
0.217422 -0.363997 -0.003355 170 168 170
0.215499 -0.363640 0.005241 139 150 151
0.216299 -0.363736 0.014301 188 187 185
0.217246 -0.363633 0.024406 155 150 147
0.215331 -0.364405 0.034421 186 182 185
0.215027 -0.363440 0.045279 187 182 184
0.214381 -0.364828 0.055792 191 186 187
0.212865 -0.363235 0.064465 183 177 176
0.214549 -0.365392 0.075886 195 187 184
0.213570 -0.366159 0.082683 201 193 190
0.214693 -0.357779 0.005756 85 101 102
0.216084 -0.356495 0.015631 150 152 150
0.214325 -0.355747 0.022751 179 167 157
0.216552 -0.354351 0.034525 193 177 161
0.215584 -0.354141 0.044938 201 183 165
0.214430 -0.353129 0.055122 211 188 168
0.215061 -0.355042 0.064630 190 177 169
0.214974 -0.354362 0.073665 191 184 182
0.214978 -0.345685 0.017112 120 127 126
0.215581 -0.346986 0.024491 94 108 106
0.214708 -0.347063 0.035720 162 160 157
0.215568 -0.345259 0.046251 164 158 153
0.214727 -0.345136 0.053871 175 165 156
0.215783 -0.343865 0.065045 184 171 162
0.216961 -0.344239 0.075924 196 188 184
0.215314 -0.342891 0.081768 203 194 191
0.216841 -0.333140 0.034976 210 206 206
0.216752 -0.335205 0.046508 198 194 194
0.214255 -0.334980 0.053852 202 198 199
0.214794 -0.336592 0.064229 210 206 204
0.216543 -0.335457 0.076203 189 180 176
0.216911 -0.323821 0.006360 206 202 203
0.214844 -0.322134 0.015956 242 236 238
0.216512 -0.324713 0.025739 209 203 204
0.215397 -0.324523 0.033966 188 182 184
0.216094 -0.324605 0.044880 194 188 189
0.214946 -0.324101 0.053992 226 220 219
0.213206 -0.323560 0.063111 208 204 202
0.213680 -0.327077 0.077035 180 176 174
0.214821 -0.316700 0.016803 198 192 196
0.215500 -0.314860 0.025036 180 176 180
0.215981 -0.314221 0.035205 174 170 174
0.216503 -0.315177 0.044889 190 184 185
0.215213 -0.314665 0.054998 206 199 199
0.215888 -0.314088 0.063118 208 203 203
0.215433 -0.304530 0.016479 182 177 180
0.214934 -0.304594 0.023383 196 190 192
0.216331 -0.305709 0.037409 172 168 170
0.216617 -0.307016 0.046057 200 194 196
0.217033 -0.305673 0.056072 210 204 204
0.213619 -0.306137 0.064008 232 226 224
0.216842 -0.293702 0.035924 224 220 221
0.214802 -0.295214 0.045155 231 225 227
0.214135 -0.296249 0.053898 216 211 214
0.215430 -0.293734 0.066208 182 176 178
0.212536 -0.292822 0.074547 194 185 186
0.214663 -0.290626 0.084924 192 182 183
0.214635 -0.285087 0.008966 232 223 226
0.214908 -0.283611 0.016104 242 234 237
0.217616 -0.284994 0.026766 196 193 195
0.216649 -0.283584 0.035537 194 191 193
0.216947 -0.284521 0.045134 194 188 190
0.213915 -0.284345 0.055248 210 203 207
0.216925 -0.287164 0.065097 170 164 168
0.215971 -0.283338 0.074389 172 165 170
0.212781 -0.284574 0.086684 195 188 188
0.212484 -0.281957 0.094006 197 190 191
0.214480 -0.272744 -0.005004 130 127 129
0.215265 -0.273530 0.005936 145 141 145
0.214843 -0.275011 0.015718 195 190 193
0.214267 -0.276460 0.024296 195 190 194
0.215922 -0.276236 0.034470 202 198 200
0.216582 -0.276177 0.045406 216 210 213
0.214399 -0.277629 0.054862 228 220 223
0.215132 -0.275363 0.108138 196 190 194
0.215520 -0.265102 -0.002591 116 116 120
0.213941 -0.265688 0.006044 146 144 148
0.214981 -0.266884 0.017717 172 167 170
0.216893 -0.266419 0.037611 170 164 166
0.213197 -0.264258 0.045667 215 209 211
0.215981 -0.266582 0.055191 215 208 211
0.214695 -0.264488 0.065385 192 183 188
0.218720 -0.262184 0.076133 164 157 162
0.219015 -0.261664 0.086141 174 165 170
0.214762 -0.262820 0.097300 172 165 170
0.215486 -0.264429 0.106441 184 178 182
0.215677 -0.264541 0.112844 180 174 178
0.216879 -0.253822 0.027168 225 218 218
0.216359 -0.255538 0.035493 227 220 221
0.213521 -0.253459 0.045788 216 207 210
0.212864 -0.254664 0.055245 211 203 205
0.214804 -0.255164 0.064791 196 190 193
0.215581 -0.254283 0.074512 179 174 179
0.215876 -0.253788 0.084657 177 172 178
0.216079 -0.254436 0.094734 176 170 176
0.216373 -0.256737 0.103423 172 164 170
0.217890 -0.243188 -0.001119 126 120 122
0.217015 -0.242329 0.006890 167 163 165
0.213740 -0.242634 0.013187 172 168 170
0.215370 -0.245383 0.024859 191 186 190
0.216524 -0.245402 0.036470 183 178 181
0.215340 -0.247987 0.045660 216 206 210
0.216665 -0.243025 0.055142 190 176 176
0.216510 -0.244125 0.074232 176 165 166
0.215475 -0.244564 0.085478 172 163 167
0.215257 -0.246407 0.095151 175 168 172
0.219160 -0.234644 -0.011358 146 140 144
0.215181 -0.235242 -0.003982 147 142 144
0.215292 -0.237036 0.005204 146 140 144
0.213201 -0.235741 0.012106 164 158 160
0.215883 -0.234643 0.037165 202 194 196
0.213751 -0.234805 0.044048 206 196 198
0.214096 -0.236182 0.053225 206 198 200
0.216741 -0.234505 0.093044 210 152 148
0.212824 -0.234106 0.157195 172 170 172
0.213851 -0.231966 0.163445 178 175 178
0.216244 -0.223080 0.016311 195 184 186
0.215772 -0.223066 0.024736 198 187 189
0.216195 -0.225509 0.037376 198 187 187
0.214233 -0.223614 0.043579 211 198 197
0.217200 -0.224727 0.093644 202 168 169
0.214503 -0.226355 0.156044 174 174 178
0.216996 -0.212868 0.005651 171 162 163
0.215272 -0.214235 0.014739 162 154 156
0.214736 -0.215578 0.024689 159 153 156
0.214311 -0.215598 0.035275 181 175 177
0.211957 -0.215455 0.043946 189 180 184
0.215730 -0.215446 0.086634 179 170 174
0.215817 -0.215119 0.093728 179 170 174
0.218087 -0.213271 0.106334 192 186 182
0.216605 -0.213264 0.115246 186 180 178
0.216271 -0.212719 0.123534 188 182 180
0.214465 -0.214617 0.144126 160 154 156
0.215115 -0.203979 -0.002998 180 174 178
0.217408 -0.208014 0.006116 161 152 154
0.215134 -0.207218 0.024495 208 201 202
0.214866 -0.205083 0.035679 208 200 200
0.213022 -0.205193 0.044908 208 199 202
0.213643 -0.203236 0.054689 218 207 208
0.213801 -0.205218 0.065036 219 206 205
0.213200 -0.203262 0.076012 165 155 156
0.212490 -0.207297 0.086033 182 174 174
0.211873 -0.205998 0.094204 165 158 159
0.215338 -0.203911 0.106850 182 176 175
0.215426 -0.205697 0.115404 168 165 163
0.213328 -0.205085 0.125282 199 192 191
0.213277 -0.203237 0.133871 180 174 174
0.213559 -0.204236 0.146425 200 197 198
0.213357 -0.204601 0.155552 178 175 178
0.216380 -0.205193 0.165826 184 180 184
0.216579 -0.204261 0.175668 194 189 194
0.215533 -0.203484 0.183071 203 196 200
0.219222 -0.194043 0.017972 200 190 187
0.216335 -0.193790 0.025377 168 157 154
0.216035 -0.194198 0.037130 208 197 194
0.214412 -0.193106 0.043823 195 183 182
0.215425 -0.196229 0.056449 172 163 165
0.216039 -0.194341 0.064307 181 170 169
0.216187 -0.193372 0.073824 190 178 178
0.214817 -0.195445 0.083587 205 192 190
0.216036 -0.192135 0.094872 192 185 184
0.214158 -0.193892 0.105707 176 168 168
0.214121 -0.195539 0.115976 179 173 174
0.215172 -0.194938 0.125856 202 196 198
0.214700 -0.194924 0.135252 183 178 180
0.213101 -0.194284 0.146545 190 186 185
0.212532 -0.193963 0.155714 192 187 189
0.212976 -0.193504 0.164591 218 214 216
0.213821 -0.194728 0.173245 220 216 219
0.218859 -0.187305 0.016141 138 127 125
0.219000 -0.186128 0.023949 202 190 188
0.216333 -0.185666 0.034639 194 185 185
0.216245 -0.186680 0.045034 200 189 188
0.215722 -0.185517 0.055314 189 179 180
0.214825 -0.186316 0.064978 187 179 178
0.215160 -0.185940 0.073614 185 178 180
0.216229 -0.186333 0.086107 191 184 184
0.216951 -0.184968 0.095927 161 154 154
0.216737 -0.185628 0.103538 148 142 142
0.214290 -0.184280 0.114513 178 172 173
0.215026 -0.184765 0.125923 210 203 206
0.214112 -0.184128 0.133978 179 175 177
0.214227 -0.184769 0.144765 195 190 192
0.214110 -0.185161 0.155003 219 214 215
0.213245 -0.183912 0.164319 240 234 235
0.213860 -0.186929 0.172955 246 240 240
0.217729 -0.171445 0.016174 203 192 190
0.211135 -0.171942 0.031940 199 193 191
0.215169 -0.176657 0.066077 156 150 152
0.214311 -0.173975 0.087612 173 169 170
0.216190 -0.175207 0.095278 179 173 174
0.215749 -0.174620 0.105017 178 172 175
0.214200 -0.175088 0.112785 162 158 159
0.213839 -0.175086 0.124645 204 198 199
0.215051 -0.173295 0.134787 201 195 196
0.214989 -0.176150 0.145481 209 205 207
0.214252 -0.174664 0.155350 216 211 213
0.212996 -0.175797 0.164476 239 232 232
0.217090 -0.162987 0.006385 162 152 150
0.216398 -0.166156 0.016229 135 128 127
0.215084 -0.166147 0.025206 160 151 151
0.214110 -0.165014 0.034102 189 181 181
0.214875 -0.165014 0.045009 198 192 194
0.216891 -0.163465 0.053425 183 176 179
0.216131 -0.164485 0.077723 163 157 157
0.214294 -0.164420 0.086697 157 149 151
0.214913 -0.165893 0.094561 172 166 167
0.214651 -0.165834 0.105544 171 166 168
0.215577 -0.163893 0.115339 155 150 151
0.215344 -0.164464 0.124560 210 205 206
0.215551 -0.163913 0.134844 213 207 209
0.215494 -0.164104 0.144555 208 203 205
0.214011 -0.165288 0.154178 238 232 234
0.214591 -0.166593 0.164164 236 231 232
0.217554 -0.155224 0.026501 215 203 200
0.215060 -0.156739 0.033525 216 203 200
0.214913 -0.153983 0.054666 199 190 190
0.215212 -0.154337 0.065504 208 198 198
0.217019 -0.153544 0.074344 196 188 188
0.217880 -0.153804 0.085384 158 152 152
0.215369 -0.154110 0.094964 135 129 129
0.217114 -0.154955 0.103452 157 149 149
0.216372 -0.154017 0.116973 184 178 179
0.215611 -0.153807 0.123788 211 207 209
0.215407 -0.154092 0.135292 216 212 213
0.214549 -0.155275 0.146108 234 228 230
0.212946 -0.155741 0.154274 234 228 230
0.214655 -0.146392 0.034615 199 187 182
0.217937 -0.147415 0.047782 214 203 202
0.215547 -0.146046 0.055591 193 183 182
0.215238 -0.144542 0.065020 185 174 174
0.215389 -0.145021 0.074713 169 160 159
0.215180 -0.146397 0.083492 167 160 158
0.216140 -0.143313 0.095773 179 172 172
0.218282 -0.145099 0.103497 183 177 177
0.217273 -0.145869 0.116367 198 193 196
0.215250 -0.145073 0.125579 210 205 208
0.215742 -0.144979 0.135053 179 174 174
0.212302 -0.146247 0.145191 212 207 209
0.214933 -0.134847 0.014849 160 152 149
0.218459 -0.133006 0.024689 198 185 182
0.216123 -0.134360 0.034677 204 194 194
0.218406 -0.131584 0.043343 172 161 162
0.218086 -0.135597 0.057420 172 161 160
0.216914 -0.134975 0.065762 176 164 164
0.216055 -0.134782 0.075935 167 159 159
0.214849 -0.136101 0.084474 170 162 162
0.214234 -0.135944 0.095354 170 166 167
0.215728 -0.136835 0.104655 186 180 182
0.214921 -0.135443 0.115787 182 176 177
0.216534 -0.133833 0.125607 188 184 186
0.215365 -0.134958 0.133268 217 214 215
0.212832 -0.132942 0.142857 222 216 220
0.215503 -0.125222 0.015625 179 172 170
0.215050 -0.126736 0.024164 173 163 161
0.216629 -0.126067 0.045655 155 144 144
0.215919 -0.124695 0.056813 157 149 149
0.214801 -0.125923 0.065492 180 172 172
0.218156 -0.124893 0.073919 164 159 159
0.216591 -0.123878 0.086006 159 153 154
0.214233 -0.125093 0.094437 166 160 160
0.216998 -0.123996 0.106822 182 177 178
0.214885 -0.125428 0.115030 178 174 175
0.214225 -0.126205 0.125191 194 191 193
0.213208 -0.125371 0.135875 182 176 176
0.215844 -0.124880 0.144459 178 171 170
0.216407 -0.116086 0.006213 168 164 162
0.217144 -0.115529 0.045203 187 178 177
0.218872 -0.114211 0.055862 141 132 134
0.218267 -0.116870 0.063955 140 143 142
0.217154 -0.116245 0.073782 152 151 151
0.215523 -0.115487 0.085186 174 168 170
0.215345 -0.114585 0.092874 175 171 173
0.216622 -0.115250 0.104576 212 204 208
0.214009 -0.115904 0.113446 209 202 205
0.213963 -0.113130 0.126399 195 191 192
0.215672 -0.115664 0.135671 196 192 193
0.215631 -0.102674 0.017006 138 132 130
0.214804 -0.104690 0.024734 122 126 122
0.213016 -0.107021 0.032532 152 151 148
0.218385 -0.105278 0.076793 156 151 152
0.216245 -0.106474 0.084952 161 157 158
0.214364 -0.106784 0.094339 174 169 171
0.215400 -0.104511 0.106065 194 189 191
0.215309 -0.104808 0.115023 200 196 198
0.213931 -0.105430 0.124965 197 192 195
0.216843 -0.102233 0.145326 152 168 169
0.217093 -0.096097 0.016292 172 168 166
0.215897 -0.095546 0.024455 176 171 170
0.216994 -0.093607 0.065144 156 154 153
0.215640 -0.096047 0.074625 155 152 152
0.214734 -0.094621 0.084088 168 166 166
0.216697 -0.095069 0.097843 191 184 187
0.215868 -0.097354 0.104069 207 201 203
0.215970 -0.095383 0.115200 205 198 199
0.213475 -0.095472 0.123283 214 206 208
0.214198 -0.094928 0.135320 146 170 170
0.214094 -0.095552 0.143916 189 190 194
0.217865 -0.087727 0.053665 156 154 154
0.217474 -0.083586 0.066218 164 161 162
0.215223 -0.084854 0.075755 153 150 151
0.215279 -0.082657 0.086420 203 197 199
0.215269 -0.084262 0.093524 206 199 201
0.214688 -0.086829 0.103374 227 218 220
0.214667 -0.086628 0.124598 232 222 223
0.214413 -0.084067 0.136225 194 188 190
0.214362 -0.086221 0.143562 192 184 188
0.212434 -0.076854 0.026650 130 126 124
0.213477 -0.076648 0.034826 148 141 140
0.215902 -0.074275 0.045240 160 156 153
0.214534 -0.073266 0.055724 175 168 166
0.214735 -0.075193 0.064970 176 169 169
0.214269 -0.074223 0.075309 191 182 181
0.216005 -0.075377 0.084026 215 208 211
0.213418 -0.076449 0.093023 210 205 208
0.216366 -0.072427 0.127982 204 195 198
0.213781 -0.076205 0.132545 194 186 190
0.214471 -0.066519 0.038180 154 154 150
0.215395 -0.064285 0.044944 164 154 151
0.216866 -0.063760 0.055289 193 182 181
0.216987 -0.064681 0.066139 183 174 174
0.215932 -0.066681 0.075054 190 181 182
0.214671 -0.068129 0.083322 183 174 173
0.215698 -0.064589 0.096802 218 204 202
0.215499 -0.064892 0.104583 222 207 206
0.215345 -0.066270 0.123886 180 170 174
0.216464 -0.055480 0.038321 139 128 125
0.215712 -0.055917 0.044166 160 149 145
0.216235 -0.058133 0.054620 199 186 184
0.214319 -0.044005 0.035081 162 150 148
0.215726 -0.044800 0.045965 212 200 199
0.214448 -0.046976 0.052366 213 200 199
0.216316 -0.039494 0.036298 168 156 152
0.213107 -0.036231 0.047457 190 177 176
0.215088 -0.033843 0.054958 214 200 198
0.212218 -0.024035 0.026515 188 176 174
0.216745 -0.025001 0.045999 202 187 184
0.216467 -0.026778 0.055217 226 208 206
0.215116 -0.003228 0.086990 174 158 154
0.214747 -0.003043 0.093587 190 174 170
0.214871 0.006973 0.046098 152 138 134
0.214988 0.001520 0.086382 176 160 156
0.215345 0.015631 0.036132 188 175 171
0.216549 0.017612 0.042522 206 195 191
0.213211 0.018118 0.057291 146 130 126
0.215493 0.014770 0.065967 216 202 198
0.216884 0.025330 0.036088 136 158 152
0.216672 0.023425 0.041567 121 142 138
0.215543 0.022620 0.065223 186 170 167
0.216030 0.033765 0.033654 104 138 134
0.216311 0.036456 0.053226 153 149 134
0.212663 0.057550 0.064485 206 194 188
0.213888 0.066966 0.056896 208 200 194
0.214792 0.076236 0.045522 187 180 175
0.214276 0.073778 0.054129 202 197 192
0.214693 0.084369 0.013426 124 137 132
0.215106 0.086176 0.035915 195 196 193
0.214112 0.083699 0.045535 193 191 188
0.214934 0.095233 0.016831 200 206 206
0.216468 0.092553 0.022796 220 221 219
0.215954 0.116124 -0.002983 60 132 125
0.214213 0.123231 -0.003340 78 136 129
0.224622 -0.666242 -0.055184 13 88 81
0.224500 -0.664114 -0.044614 2 88 78
0.225365 -0.656055 -0.044046 0 84 75
0.226368 -0.646353 -0.025686 1 86 78
0.226274 -0.644338 0.069138 157 160 159
0.226551 -0.635492 -0.004426 3 60 54
0.223931 -0.627558 -0.043459 12 70 60
0.224921 -0.623966 -0.037566 52 101 92
0.225541 -0.622748 -0.025127 101 102 98
0.227361 -0.628478 0.007879 100 144 140
0.225809 -0.625101 0.015338 94 134 128
0.224671 -0.613765 -0.054760 111 143 136
0.226204 -0.616220 -0.035274 89 123 114
0.225885 -0.615955 -0.023680 151 158 154
0.225432 -0.614916 -0.014605 129 135 132
0.227317 -0.617396 0.027827 182 185 182
0.225651 -0.613338 0.034418 182 184 181
0.225632 -0.615798 0.044451 151 153 146
0.225038 -0.604348 -0.054974 0 80 70
0.227018 -0.606294 -0.036891 101 144 132
0.227426 -0.604798 -0.027910 206 204 198
0.225384 -0.605938 -0.003890 168 175 171
0.225744 -0.603700 0.003919 136 142 139
0.225048 -0.602338 0.014080 123 128 126
0.227912 -0.607706 0.037165 182 183 179
0.224546 -0.604986 0.044276 173 174 172
0.222667 -0.601635 0.053491 187 186 184
0.224509 -0.605278 0.066915 194 190 178
0.223712 -0.604032 0.073993 200 200 186
0.225109 -0.603408 0.084703 210 213 204
0.223544 -0.603799 0.093419 218 218 212
0.225064 -0.594828 -0.053667 0 83 72
0.224181 -0.596868 0.005155 172 175 174
0.222876 -0.595523 0.014734 178 183 182
0.224354 -0.593906 0.025497 165 169 164
0.224812 -0.593292 0.033722 169 172 168
0.224994 -0.595595 0.046822 156 170 167
0.225157 -0.596584 0.054537 193 197 192
0.225203 -0.593759 0.064961 196 197 192
0.228625 -0.597896 0.077299 206 202 190
0.225182 -0.588771 -0.050755 1 84 72
0.224898 -0.583791 -0.048666 2 83 73
0.222294 -0.584905 0.015204 110 116 109
0.223793 -0.585756 0.025442 196 195 190
0.225897 -0.585580 0.036966 197 197 193
0.226749 -0.585351 0.043093 208 212 207
0.224915 -0.584725 0.055425 218 222 215
0.224841 -0.584719 0.065533 214 216 210
0.225140 -0.574948 -0.045704 4 85 75
0.222921 -0.577509 0.016905 134 138 130
0.224861 -0.575382 0.024027 170 167 156
0.225129 -0.564900 -0.043007 4 80 72
0.226434 -0.557827 -0.041333 6 50 41
0.224502 -0.553212 -0.035661 132 134 121
0.224434 -0.544062 -0.031822 208 174 129
0.225214 -0.545522 -0.028882 217 196 168
0.224766 -0.534553 -0.032675 215 190 164
0.224666 -0.526251 -0.035913 170 133 88
0.222642 -0.517755 -0.033269 151 113 66
0.226045 -0.515227 -0.024103 166 121 61
0.227013 -0.512049 -0.016162 192 150 93
0.224622 -0.506757 -0.012185 172 136 92
0.225591 -0.503517 -0.007934 176 149 120
0.222997 -0.497492 -0.003050 166 152 144
0.224550 -0.493595 0.005963 203 192 188
0.227011 -0.491664 0.012064 156 147 142
0.225364 -0.485955 0.007190 154 152 147
0.226337 -0.487226 0.012053 168 162 158
0.227252 -0.486307 0.025838 148 137 122
0.225495 -0.485941 0.031611 184 168 150
0.223527 -0.477659 -0.032926 120 116 118
0.223045 -0.474312 -0.025638 165 160 161
0.226253 -0.472361 -0.012396 189 177 172
0.225640 -0.473819 -0.003949 213 199 194
0.226273 -0.474552 0.003962 162 163 157
0.225147 -0.476743 0.043964 196 177 158
0.224117 -0.466798 -0.013084 192 184 184
0.226252 -0.465689 -0.004438 210 194 190
0.223072 -0.464424 0.003081 155 163 158
0.222586 -0.464865 0.013315 191 189 184
0.227509 -0.463452 0.033060 186 176 158
0.228198 -0.453090 -0.004384 89 105 96
0.224695 -0.454651 0.004645 155 165 159
0.226223 -0.451361 0.010728 237 221 218
0.224990 -0.454605 0.027821 189 176 154
0.225288 -0.455217 0.034566 174 160 137
0.224040 -0.453367 0.045019 196 172 142
0.226677 -0.443869 -0.013977 160 146 129
0.228620 -0.445196 -0.002765 166 160 152
0.226501 -0.444882 0.003612 130 133 119
0.224180 -0.445064 0.028236 140 148 136
0.222811 -0.445215 0.035114 148 146 136
0.221892 -0.446911 0.043881 179 161 140
0.225388 -0.435197 -0.012262 142 138 124
0.224486 -0.435288 -0.004347 206 187 170
0.224486 -0.435765 0.002601 176 178 170
0.224471 -0.433258 0.011571 204 193 184
0.223733 -0.435863 0.036137 207 198 182
0.223413 -0.434496 0.044481 182 178 167
0.228048 -0.425234 -0.014096 200 181 138
0.226403 -0.425541 -0.004355 176 165 144
0.223345 -0.425654 0.002909 165 172 162
0.225922 -0.424856 0.013246 210 204 199
0.222722 -0.424701 0.045228 192 176 150
0.222714 -0.424090 0.054947 200 178 152
0.225718 -0.415073 -0.033789 133 134 116
0.226237 -0.415430 -0.027127 130 130 109
0.226022 -0.414715 -0.014059 110 111 93
0.226560 -0.416507 -0.003803 115 123 109
0.224763 -0.415890 0.003533 135 151 143
0.224841 -0.414409 0.015580 148 163 156
0.225774 -0.413618 0.024035 142 155 149
0.224061 -0.415510 0.035538 94 114 94
0.222287 -0.414366 0.044079 120 128 120
0.221453 -0.417358 0.054722 182 170 158
0.224595 -0.407126 -0.022954 136 136 129
0.225840 -0.405406 -0.013949 153 146 140
0.225463 -0.405052 -0.003791 147 144 133
0.224927 -0.404827 0.003435 134 145 132
0.223253 -0.407413 0.014859 158 162 152
0.225302 -0.405035 0.023678 140 150 144
0.226923 -0.405080 0.035924 172 174 170
0.224194 -0.401998 0.043807 164 160 156
0.223358 -0.406335 0.053634 134 130 126
0.226421 -0.394331 -0.025564 128 118 78
0.226892 -0.394178 -0.014948 134 114 83
0.224012 -0.394597 -0.005166 162 148 132
0.225552 -0.395495 0.004984 135 142 127
0.223559 -0.393579 0.013256 171 164 152
0.224032 -0.396105 0.025611 204 198 182
0.224801 -0.394764 0.045226 174 175 170
0.223778 -0.394568 0.055404 195 189 184
0.227266 -0.383497 -0.034768 150 150 135
0.225408 -0.384506 -0.025374 174 170 160
0.223876 -0.383215 -0.015783 156 162 160
0.223858 -0.382811 -0.005749 120 138 136
0.224945 -0.384036 0.004782 112 133 131
0.224909 -0.385670 0.014943 169 170 168
0.226547 -0.383259 0.023746 193 180 158
0.223674 -0.386983 0.037209 124 135 116
0.223421 -0.385737 0.045620 148 141 120
0.222819 -0.385076 0.054863 170 160 146
0.221734 -0.386074 0.064594 200 190 184
0.227642 -0.377452 -0.035045 80 116 114
0.225585 -0.375716 -0.023935 103 121 120
0.225653 -0.371987 -0.015912 106 104 94
0.224124 -0.374749 -0.003991 120 140 138
0.224396 -0.374284 0.004722 148 160 158
0.222030 -0.373344 0.015018 164 175 172
0.224497 -0.374697 0.024811 116 139 136
0.225131 -0.374107 0.034511 86 106 86
0.223642 -0.374481 0.044962 67 82 74
0.222098 -0.374409 0.054776 122 123 119
0.222738 -0.375193 0.065051 193 185 180
0.221683 -0.375400 0.071699 201 190 186
0.228183 -0.362213 -0.024723 148 146 136
0.226814 -0.365361 -0.013809 162 154 143
0.225067 -0.365852 -0.005428 164 154 139
0.223502 -0.364997 0.004274 148 155 148
0.222361 -0.365925 0.015091 148 159 157
0.222514 -0.362709 0.026058 120 132 132
0.225527 -0.362816 0.035166 148 151 145
0.225077 -0.363303 0.055411 132 120 112
0.223986 -0.362306 0.063080 172 160 156
0.228263 -0.357587 -0.023571 78 92 86
0.225890 -0.357929 -0.014256 114 122 121
0.224441 -0.356995 -0.003964 156 160 158
0.226048 -0.354322 0.005843 146 153 144
0.224238 -0.353908 0.015009 154 163 161
0.224364 -0.352694 0.023502 114 128 126
0.224391 -0.357295 0.036947 182 166 143
0.225985 -0.356060 0.045258 161 138 108
0.224907 -0.355423 0.056061 171 152 126
0.222508 -0.355306 0.064429 192 174 157
0.228125 -0.344540 -0.013501 166 145 108
0.226652 -0.346164 -0.005481 142 130 108
0.227151 -0.346411 0.005602 167 164 159
0.224244 -0.347320 0.016715 158 167 165
0.224771 -0.344701 0.024290 110 128 126
0.221626 -0.342997 0.034451 110 122 120
0.225178 -0.343951 0.044946 106 106 97
0.224688 -0.343922 0.055495 134 132 127
0.224003 -0.343541 0.065954 183 174 169
0.223012 -0.342828 0.071959 193 182 177
0.226606 -0.334512 -0.023808 96 96 92
0.227646 -0.334030 -0.017148 116 114 108
0.226674 -0.333679 -0.005860 183 179 175
0.224970 -0.335033 0.006327 209 208 205
0.223947 -0.336921 0.015837 210 207 205
0.221908 -0.335343 0.023245 205 202 200
0.222538 -0.336052 0.043901 170 165 164
0.225076 -0.337955 0.065784 182 174 172
0.225875 -0.327680 -0.003789 114 116 109
0.226182 -0.325788 0.005417 187 181 175
0.224167 -0.323412 0.014751 195 193 192
0.221832 -0.323376 0.023586 172 168 168
0.223619 -0.324262 0.045944 190 186 186
0.226047 -0.322666 0.053609 164 160 162
0.227399 -0.316156 -0.005156 136 130 115
0.225987 -0.316501 0.006060 188 184 185
0.224407 -0.315234 0.016019 201 197 196
0.222815 -0.314694 0.024522 204 198 198
0.223645 -0.314780 0.035804 185 185 187
0.222380 -0.315373 0.041800 176 174 175
0.222869 -0.316789 0.056882 176 172 173
0.224579 -0.314241 0.063692 164 162 162
0.227559 -0.302360 -0.005189 167 165 165
0.226009 -0.303274 0.004806 182 179 179
0.223712 -0.304029 0.015626 172 169 168
0.222140 -0.302788 0.022156 193 190 188
0.226434 -0.307491 0.035656 120 125 126
0.224106 -0.304106 0.044006 177 174 175
0.223512 -0.304122 0.053797 185 182 184
0.228457 -0.296804 -0.013168 121 127 127
0.226573 -0.296495 -0.005236 146 146 141
0.225997 -0.294809 0.005168 172 162 149
0.226317 -0.295550 0.015392 177 172 167
0.224958 -0.294713 0.022872 185 182 182
0.224664 -0.297487 0.045725 194 190 191
0.224131 -0.293830 0.065057 164 160 164
0.225742 -0.293148 0.074043 167 164 168
0.226644 -0.292568 0.086360 154 150 155
0.228910 -0.281584 -0.002655 182 184 182
0.227599 -0.283882 0.006722 203 201 201
0.225151 -0.284807 0.014142 194 190 191
0.224062 -0.284284 0.025422 174 170 171
0.223348 -0.282800 0.035929 183 178 180
0.224283 -0.283519 0.042614 193 188 189
0.225235 -0.287112 0.055791 184 180 183
0.224632 -0.285707 0.062345 166 162 165
0.223080 -0.283884 0.076396 155 152 155
0.224725 -0.284055 0.085080 178 174 180
0.226302 -0.283469 0.095876 162 160 163
0.226476 -0.275545 0.005155 192 187 189
0.224135 -0.275281 0.014725 201 199 200
0.223227 -0.277419 0.025216 195 192 192
0.223500 -0.276273 0.035036 202 196 196
0.225199 -0.276353 0.046776 210 204 203
0.223500 -0.273303 0.055195 196 189 191
0.223957 -0.276971 0.106635 162 160 165
0.226144 -0.264462 -0.014481 115 118 120
0.224977 -0.265013 -0.003294 154 152 154
0.226384 -0.264848 0.006069 184 182 182
0.225725 -0.264859 0.014444 194 188 188
0.225284 -0.263394 0.022052 184 179 179
0.223402 -0.266925 0.045238 168 162 162
0.221874 -0.268294 0.053754 209 202 204
0.221283 -0.264325 0.074724 193 188 192
0.223459 -0.262939 0.084525 184 179 182
0.224499 -0.261871 0.093852 170 163 168
0.223010 -0.264538 0.106260 173 167 172
0.225108 -0.264768 0.115840 182 176 182
0.226867 -0.255371 -0.002719 180 170 166
0.226552 -0.255120 0.005502 191 185 182
0.225489 -0.254881 0.016409 191 184 183
0.223775 -0.254303 0.023591 202 193 191
0.223827 -0.254267 0.033076 214 207 208
0.225591 -0.253328 0.062382 206 194 194
0.220995 -0.259364 0.094706 174 166 170
0.224595 -0.258674 0.114265 179 172 178
0.225812 -0.244263 -0.005181 164 152 148
0.224199 -0.245151 0.005391 202 192 191
0.223737 -0.244314 0.014304 189 179 176
0.222703 -0.246075 0.025004 180 171 169
0.221968 -0.244342 0.034664 204 194 194
0.222212 -0.242825 0.043966 202 192 193
0.226431 -0.242126 0.055615 188 178 176
0.224227 -0.247486 0.065460 178 169 168
0.224375 -0.243728 0.073975 165 152 152
0.222994 -0.234567 -0.013008 146 141 144
0.225967 -0.236056 -0.003534 141 135 135
0.225681 -0.235778 0.003670 169 161 156
0.224572 -0.236171 0.013889 194 182 177
0.224344 -0.235654 0.025567 198 184 178
0.223023 -0.234940 0.034748 204 192 190
0.223886 -0.236841 0.045167 211 197 195
0.224549 -0.237735 0.052819 190 180 178
0.223917 -0.233621 0.093934 200 136 130
0.227283 -0.227004 -0.003424 188 178 176
0.224554 -0.223837 0.006088 180 168 165
0.225046 -0.224595 0.013895 177 160 153
0.226083 -0.224118 0.024596 208 184 171
0.227250 -0.226125 0.035816 197 148 132
0.225473 -0.225648 0.044651 202 147 138
0.224899 -0.224852 0.051085 212 145 134
0.224854 -0.224597 0.095706 179 166 168
0.225746 -0.224207 0.101001 193 184 188
0.226055 -0.214650 -0.002132 207 193 189
0.224841 -0.213569 0.003669 180 167 164
0.225278 -0.213131 0.015408 181 170 169
0.224915 -0.213374 0.023788 195 183 180
0.226137 -0.213748 0.033834 186 154 148
0.226905 -0.219206 0.048310 201 138 128
0.224153 -0.216992 0.086270 190 180 182
0.225674 -0.215537 0.095327 188 178 178
0.224014 -0.214156 0.105478 187 180 178
0.225256 -0.211433 0.112773 189 182 180
0.225864 -0.206485 -0.002491 196 183 178
0.225680 -0.206250 0.005754 183 167 156
0.225245 -0.206080 0.015223 182 171 168
0.223291 -0.205004 0.025184 188 179 178
0.222603 -0.206585 0.034687 195 184 184
0.224939 -0.202031 0.046378 218 209 212
0.225390 -0.202251 0.052712 210 198 200
0.223988 -0.207047 0.067283 222 208 208
0.224649 -0.207065 0.072936 215 198 193
0.223370 -0.206090 0.106024 181 176 174
0.223643 -0.204832 0.115709 210 204 206
0.224266 -0.201551 0.121369 210 204 206
0.225895 -0.193632 -0.004451 181 170 165
0.224513 -0.194537 0.003595 183 172 167
0.222450 -0.195362 0.012697 186 174 170
0.222212 -0.198065 0.023346 208 196 194
0.223475 -0.198256 0.046519 216 204 206
0.224099 -0.196321 0.054903 204 194 193
0.224914 -0.192637 0.063881 179 169 167
0.225856 -0.193698 0.076782 184 172 169
0.226224 -0.192872 0.086170 182 173 172
0.223953 -0.195253 0.095150 174 166 163
0.223087 -0.195158 0.102554 187 178 176
0.225889 -0.195189 0.116071 174 170 172
0.223965 -0.194825 0.123243 212 206 208
0.227463 -0.184627 -0.012239 160 142 123
0.225955 -0.184458 -0.003192 173 160 151
0.225192 -0.185717 0.004124 186 176 173
0.224956 -0.183496 0.014600 187 178 176
0.222829 -0.184135 0.025107 195 186 185
0.225907 -0.185229 0.035436 195 182 179
0.224386 -0.184737 0.044455 192 180 180
0.223747 -0.185630 0.052114 200 186 185
0.223751 -0.187626 0.066232 178 166 164
0.223444 -0.188434 0.076347 186 176 175
0.226806 -0.185227 0.084833 171 165 164
0.224183 -0.184876 0.093755 169 163 162
0.223125 -0.183228 0.103764 169 163 166
0.225817 -0.183642 0.113787 204 200 202
0.225714 -0.174489 -0.005237 194 178 164
0.227135 -0.174243 0.006309 188 176 172
0.223671 -0.175540 0.016113 200 191 190
0.224100 -0.174761 0.023164 201 190 188
0.227173 -0.172293 0.077278 174 170 172
0.225602 -0.174678 0.084966 171 166 168
0.222757 -0.176342 0.096462 178 172 172
0.223077 -0.177432 0.103288 169 164 165
0.225412 -0.164328 -0.004350 186 170 164
0.224507 -0.162883 0.006329 140 130 127
0.223388 -0.163504 0.014261 173 165 165
0.222712 -0.162901 0.023973 199 190 190
0.224127 -0.164516 0.035498 180 176 179
0.224911 -0.163871 0.044830 168 166 168
0.225836 -0.161934 0.055080 142 139 140
0.225295 -0.163425 0.065051 167 163 165
0.223690 -0.165774 0.075653 171 162 163
0.223273 -0.164516 0.084893 174 167 168
0.223530 -0.164936 0.092582 171 162 161
0.224201 -0.153551 -0.003052 182 172 166
0.225214 -0.156945 0.006513 182 170 165
0.222470 -0.155558 0.013753 193 182 178
0.221782 -0.157180 0.023577 208 194 190
0.227779 -0.151693 0.046679 194 188 188
0.225805 -0.157069 0.055008 181 174 175
0.224535 -0.155586 0.065575 192 185 184
0.224101 -0.155918 0.073591 191 184 185
0.223688 -0.156360 0.083058 181 175 176
0.221645 -0.151806 0.105913 140 132 131
0.223217 -0.153544 0.116077 229 225 227
0.223025 -0.156523 0.122354 234 230 232
0.221358 -0.153666 0.137345 160 155 156
0.226076 -0.147055 -0.004930 182 172 166
0.226289 -0.146562 0.003665 179 172 173
0.228650 -0.145680 0.026101 176 156 144
0.225407 -0.145973 0.036340 182 172 170
0.225568 -0.145105 0.046157 191 181 180
0.223554 -0.142879 0.053824 169 161 160
0.223494 -0.144320 0.065230 172 161 159
0.223621 -0.145083 0.072415 158 153 148
0.224653 -0.145165 0.085998 180 174 173
0.224401 -0.143120 0.094441 183 177 176
0.226210 -0.143623 0.107408 207 201 204
0.224858 -0.144661 0.114079 208 202 204
0.226390 -0.133411 0.005998 166 150 141
0.223693 -0.133499 0.013909 160 151 148
0.223545 -0.134108 0.024208 150 145 143
0.225073 -0.133072 0.035854 145 130 118
0.224294 -0.134102 0.044131 160 150 147
0.223931 -0.137634 0.054949 154 139 132
0.224146 -0.136011 0.064706 170 160 157
0.223910 -0.132504 0.074933 158 145 135
0.225662 -0.134906 0.085632 174 170 166
0.225220 -0.137639 0.092801 178 176 176
0.226624 -0.134135 0.106735 212 210 211
0.222846 -0.136278 0.114368 209 204 207
0.220610 -0.136160 0.122926 194 190 193
0.226851 -0.125215 -0.013009 196 170 147
0.228620 -0.126951 -0.002973 172 157 146
0.226648 -0.126116 0.006192 168 156 148
0.224796 -0.127863 0.014812 168 156 150
0.226244 -0.126894 0.023872 164 153 146
0.224877 -0.125710 0.036809 173 154 139
0.224373 -0.125075 0.045811 171 160 156
0.226800 -0.124531 0.056130 166 154 150
0.224446 -0.125724 0.064819 162 150 146
0.223690 -0.126765 0.072432 172 157 149
0.226300 -0.125454 0.105947 196 193 196
0.224468 -0.124850 0.113817 204 198 202
0.226562 -0.113644 -0.004676 179 172 169
0.223749 -0.115785 0.004342 180 173 171
0.225808 -0.117015 0.036636 180 170 166
0.226165 -0.115149 0.046557 133 131 124
0.226397 -0.112933 0.054824 114 114 105
0.223844 -0.112263 0.065033 108 115 114
0.223617 -0.113652 0.073842 145 145 144
0.225999 -0.114366 0.096821 212 208 211
0.225167 -0.116137 0.104321 217 211 215
0.227905 -0.102288 -0.003163 149 141 134
0.225550 -0.105045 0.005218 184 176 172
0.223502 -0.105633 0.014356 127 133 129
0.222799 -0.104787 0.024846 100 114 112
0.224322 -0.106189 0.037505 119 134 132
0.224292 -0.107204 0.043559 124 137 136
0.225889 -0.104520 0.065689 148 143 142
0.223737 -0.104545 0.073707 152 146 147
0.222482 -0.105843 0.082370 150 144 145
0.224892 -0.103244 0.094025 181 175 179
0.221876 -0.106468 0.101495 202 197 201
0.226911 -0.097608 -0.005321 162 156 153
0.225301 -0.095843 0.005140 154 152 149
0.223219 -0.095511 0.013697 159 155 154
0.222831 -0.094251 0.021154 172 172 170
0.227061 -0.092609 0.035250 176 170 166
0.225341 -0.094395 0.053929 156 155 155
0.222155 -0.095613 0.063666 152 150 150
0.226280 -0.096460 0.086115 185 179 182
0.226020 -0.096067 0.093771 194 187 190
0.221878 -0.094804 0.104558 213 203 207
0.223348 -0.092709 0.112792 197 187 190
0.226019 -0.083890 -0.005238 173 167 162
0.224252 -0.086052 0.005871 176 170 166
0.226322 -0.085286 0.014677 163 161 158
0.224830 -0.084003 0.025423 147 152 147
0.224028 -0.083513 0.035650 130 136 134
0.224205 -0.085252 0.046240 138 136 134
0.223555 -0.082543 0.055049 165 164 164
0.225069 -0.084618 0.076811 204 201 204
0.227164 -0.084424 0.084183 216 210 215
0.223949 -0.086218 0.092699 234 226 228
0.228890 -0.084350 0.104898 174 166 164
0.221860 -0.081825 0.134977 202 194 197
0.227180 -0.074137 0.004960 160 155 152
0.226313 -0.076533 0.014449 112 124 120
0.225556 -0.076297 0.025424 116 118 118
0.226701 -0.072555 0.036799 171 170 172
0.224887 -0.074918 0.044620 168 166 168
0.223113 -0.075979 0.053916 154 154 155
0.224565 -0.072345 0.066743 202 196 198
0.223704 -0.074100 0.075291 216 209 212
0.222944 -0.076612 0.083498 228 219 222
0.224689 -0.072939 0.126362 206 194 197
0.225473 -0.066355 0.002571 150 146 142
0.227421 -0.065290 0.026704 159 166 166
0.225631 -0.066931 0.034012 154 156 158
0.224134 -0.063422 0.045791 166 162 162
0.225625 -0.064325 0.057177 200 195 196
0.223785 -0.063451 0.065659 199 190 190
0.223155 -0.065382 0.075044 160 151 151
0.221774 -0.063748 0.085217 155 144 143
0.223318 -0.064469 0.096448 200 188 188
0.223106 -0.064606 0.103372 223 211 210
0.227098 -0.063062 0.117519 204 195 197
0.224032 -0.066864 0.122689 189 178 181
0.224802 -0.056367 0.025570 155 150 147
0.223067 -0.055202 0.033968 157 146 143
0.225227 -0.053609 0.056778 219 206 204
0.226047 -0.056362 0.064093 190 180 181
0.225641 -0.055164 0.074521 200 188 186
0.225075 -0.055089 0.085821 210 197 192
0.224163 -0.053910 0.093939 231 217 214
0.227103 -0.046816 0.026464 154 136 120
0.223735 -0.046283 0.033531 152 138 132
0.224313 -0.043877 0.047036 224 212 210
0.226162 -0.044795 0.086518 235 220 218
0.226529 -0.046935 0.093907 240 225 224
0.225489 -0.037761 0.036561 198 184 180
0.227165 -0.036423 0.044407 200 187 184
0.223068 -0.024914 0.054266 236 216 212
0.226152 -0.017224 0.045378 196 168 160
0.225935 -0.002814 0.044106 171 136 128
0.223346 -0.001653 0.087258 172 154 149
0.223920 0.004962 0.045550 188 175 171
0.225944 0.006120 0.056298 168 159 156
0.227225 0.007387 0.062740 177 172 168
0.226829 0.003897 0.085862 177 156 148
0.225122 0.001593 0.094063 208 190 186
0.224083 0.017005 0.036930 204 190 183
0.223293 0.015129 0.044302 199 189 185
0.223396 0.016304 0.056061 163 155 150
0.224460 0.015853 0.064600 197 179 166
0.229066 0.017366 0.071977 210 192 174
0.226252 0.023767 0.035196 137 144 130
0.223227 0.023245 0.045555 100 106 98
0.224543 0.024199 0.056071 156 132 118
0.223603 0.023791 0.063783 210 189 170
0.225771 0.025060 0.073163 218 208 200
0.224795 0.033114 0.032457 114 146 142
0.227234 0.037497 0.047343 158 120 104
0.222509 0.035176 0.053499 177 159 136
0.224629 0.033524 0.063675 196 187 178
0.225911 0.047225 0.025341 106 142 138
0.228466 0.043515 0.049026 162 127 118
0.225986 0.042104 0.053826 175 154 149
0.226746 0.068600 0.047062 238 219 217
0.225324 0.066536 0.054365 237 219 216
0.223677 0.075148 0.014439 174 160 159
0.224200 0.073279 0.045324 216 202 199
0.222548 0.082953 0.014311 164 165 164
0.222797 0.083468 0.032644 199 196 194
0.226874 0.107018 -0.001960 35 122 109
0.224403 0.114440 -0.003934 16 106 92
0.236356 -0.664413 -0.055838 12 93 86
0.233648 -0.663843 -0.044495 6 88 78
0.236397 -0.654171 -0.044125 4 85 76
0.236850 -0.655869 -0.037997 3 86 76
0.235275 -0.647091 -0.041539 1 87 77
0.236418 -0.645055 -0.036192 9 82 74
0.235156 -0.643747 -0.026296 22 90 83
0.232443 -0.643043 0.023050 92 112 106
0.235814 -0.633485 -0.037536 44 92 84
0.236654 -0.634273 -0.011680 78 120 116
0.235027 -0.632905 -0.007607 76 117 112
0.235245 -0.635850 0.028376 88 112 105
0.234387 -0.634644 0.033086 78 100 92
0.236284 -0.625679 -0.034007 59 108 102
0.238742 -0.629171 -0.003935 114 131 130
0.236429 -0.624298 0.006980 140 152 150
0.233134 -0.622037 0.015123 156 164 162
0.238892 -0.626412 0.068086 134 136 129
0.235081 -0.625979 0.073221 145 150 145
0.232228 -0.613691 -0.052979 139 165 156
0.233513 -0.612680 -0.046615 138 161 152
0.233350 -0.613725 -0.036323 76 124 114
0.232349 -0.615452 -0.022552 63 88 86
0.237911 -0.617122 0.016330 166 168 164
0.234672 -0.613742 0.024249 180 182 178
0.234538 -0.611669 0.033462 160 160 154
0.234198 -0.604361 -0.052673 9 81 71
0.237600 -0.606563 -0.046606 89 132 122
0.235735 -0.606005 -0.035010 104 145 136
0.236073 -0.604464 -0.025549 118 143 134
0.233993 -0.603361 -0.014778 120 138 130
0.233921 -0.600652 -0.008600 121 134 126
0.233948 -0.605880 0.006709 47 70 63
0.235060 -0.605512 0.015096 90 98 93
0.236226 -0.607658 0.025954 180 182 175
0.233013 -0.606040 0.033057 158 163 158
0.235908 -0.603526 0.045056 120 118 109
0.235086 -0.595200 -0.052761 2 82 73
0.239223 -0.595223 -0.048417 4 64 52
0.236175 -0.597688 -0.032122 121 171 158
0.237905 -0.595060 -0.025977 120 170 156
0.236406 -0.596442 -0.013925 131 150 141
0.236438 -0.594233 -0.005569 147 161 149
0.234771 -0.593535 0.005449 131 150 138
0.232772 -0.593342 0.011875 136 146 137
0.234002 -0.596475 0.026869 47 96 86
0.233914 -0.594688 0.032585 26 61 58
0.235105 -0.595546 0.045131 96 126 121
0.235706 -0.593688 0.054391 136 150 143
0.233892 -0.593997 0.066080 212 209 197
0.232976 -0.593723 0.075133 198 193 182
0.234261 -0.593712 0.084832 223 220 214
0.233332 -0.588770 -0.050676 2 82 72
0.235438 -0.583772 -0.048024 2 82 72
0.236829 -0.589119 -0.004113 226 230 221
0.237792 -0.587110 0.004382 160 167 157
0.236329 -0.584819 0.015343 166 173 162
0.234782 -0.583065 0.023442 181 188 178
0.233621 -0.583239 0.035259 146 154 146
0.231571 -0.582010 0.044583 213 217 207
0.235275 -0.585197 0.056593 202 210 204
0.235200 -0.585663 0.065713 209 208 199
0.235457 -0.584786 0.074840 217 215 206
0.238404 -0.587497 0.082880 226 222 214
0.235101 -0.574719 -0.045365 3 83 74
0.235979 -0.577982 0.026947 189 194 184
0.235338 -0.576332 0.035152 206 208 200
0.236407 -0.574931 0.045213 226 226 217
0.236709 -0.575026 0.056038 229 227 219
0.235941 -0.576338 0.064550 226 224 218
0.234698 -0.564381 -0.042619 4 83 74
0.239641 -0.568830 0.047043 228 225 218
0.238985 -0.568723 0.054380 234 226 222
0.235116 -0.555164 -0.041999 8 70 60
0.237737 -0.547401 -0.041255 10 56 46
0.233840 -0.544283 -0.035105 152 156 139
0.234720 -0.534187 -0.031935 200 184 162
0.234402 -0.526480 -0.032183 180 137 83
0.236384 -0.525896 -0.027834 178 152 115
0.233614 -0.516547 -0.023798 167 134 92
0.233392 -0.513988 -0.016711 192 162 124
0.234402 -0.505845 -0.004070 182 166 152
0.236965 -0.503655 0.005363 203 191 183
0.232389 -0.497868 0.007933 210 199 190
0.235835 -0.494182 0.012799 227 215 211
0.232557 -0.482976 0.008043 168 166 160
0.235474 -0.486602 0.012790 186 179 173
0.234590 -0.485780 0.025309 186 177 164
0.234852 -0.472292 -0.025545 95 99 91
0.236337 -0.472908 -0.017358 108 105 90
0.234733 -0.471371 -0.002796 172 156 135
0.234358 -0.475096 0.005595 162 165 158
0.235952 -0.477067 0.011992 138 141 136
0.235757 -0.475120 0.025496 124 122 114
0.238007 -0.462461 -0.032708 134 127 122
0.235406 -0.465969 -0.024529 112 118 111
0.235261 -0.465783 -0.015260 159 146 126
0.235768 -0.464895 -0.005011 172 157 138
0.237545 -0.466310 0.003224 154 152 132
0.235255 -0.466303 0.027468 223 218 210
0.233863 -0.462752 0.033773 207 197 186
0.238565 -0.457359 -0.033785 122 126 120
0.235222 -0.456636 -0.025065 142 143 138
0.234087 -0.456930 -0.014145 92 95 73
0.234760 -0.456469 -0.004706 174 155 127
0.235171 -0.453619 0.003822 145 152 138
0.235579 -0.453061 0.013281 209 192 170
0.232556 -0.457436 0.034658 198 180 155
0.235793 -0.445537 -0.024793 128 122 108
0.234343 -0.445287 -0.015051 92 105 92
0.236386 -0.446053 -0.003919 63 101 93
0.234792 -0.446228 0.004864 159 168 152
0.234936 -0.444998 0.012535 234 219 197
0.236497 -0.434630 -0.035162 104 122 111
0.236750 -0.435362 -0.024399 187 184 166
0.233935 -0.435108 -0.015476 152 157 135
0.231722 -0.433370 -0.006530 222 212 205
0.234205 -0.435550 0.004179 86 120 111
0.235909 -0.438163 0.014808 230 211 176
0.237043 -0.425733 -0.033512 120 133 92
0.236435 -0.426302 -0.023974 176 173 144
0.234665 -0.425963 -0.014065 157 166 140
0.233175 -0.426235 -0.006374 167 169 147
0.234210 -0.423278 0.003102 90 120 113
0.237019 -0.414203 -0.043218 24 82 64
0.235217 -0.413869 -0.035462 83 105 87
0.235255 -0.413976 -0.025481 105 127 111
0.233809 -0.414708 -0.014607 121 144 127
0.233674 -0.413840 -0.006213 59 91 74
0.234962 -0.415560 0.003713 102 136 126
0.234087 -0.412803 0.014785 152 160 154
0.232619 -0.405008 -0.035752 132 148 142
0.234466 -0.405381 -0.023171 166 163 162
0.235129 -0.404408 -0.014358 127 138 136
0.233430 -0.404301 -0.004606 112 144 132
0.234530 -0.404023 0.003604 82 117 93
0.234879 -0.406498 0.013297 158 162 144
0.233010 -0.404513 0.035658 182 190 186
0.235124 -0.394885 -0.033076 124 134 91
0.236647 -0.396056 -0.027512 113 130 96
0.235615 -0.394220 -0.013945 172 156 127
0.234553 -0.394662 -0.003832 220 206 176
0.233095 -0.395231 0.003533 134 149 127
0.234820 -0.382995 -0.042140 42 100 84
0.233819 -0.386258 -0.037443 124 127 82
0.236009 -0.383693 -0.014707 127 163 159
0.235128 -0.382946 -0.005018 151 176 175
0.235127 -0.384432 0.004124 83 120 116
0.234253 -0.383594 0.013982 220 217 216
0.234392 -0.382195 0.022509 118 146 136
0.234363 -0.378478 -0.041826 8 82 77
0.234586 -0.376998 -0.035776 4 78 72
0.236603 -0.375274 -0.025276 53 94 87
0.233950 -0.374541 -0.016483 92 116 99
0.234527 -0.373200 -0.003941 236 232 232
0.233968 -0.375033 0.003921 157 176 173
0.234111 -0.376334 0.023647 194 199 194
0.235169 -0.363007 -0.035830 141 154 144
0.234506 -0.366378 -0.024799 226 212 184
0.235172 -0.367933 -0.014431 190 177 158
0.234129 -0.363955 0.003098 110 137 135
0.236283 -0.364470 0.042762 81 114 102
0.235507 -0.356722 -0.033750 42 88 83
0.236147 -0.355411 -0.025676 6 62 56
0.235042 -0.354533 -0.014647 65 98 86
0.235935 -0.353925 -0.003551 177 181 163
0.234080 -0.354929 0.003365 140 146 130
0.233152 -0.351444 0.011959 105 128 121
0.234252 -0.343852 -0.024216 143 123 78
0.234145 -0.344317 -0.015035 141 124 80
0.235959 -0.344485 -0.004676 129 126 111
0.234496 -0.345295 0.005722 158 158 149
0.234548 -0.347093 0.015661 147 161 158
0.233165 -0.343706 0.023279 119 137 136
0.234420 -0.347093 0.036381 101 106 75
0.236390 -0.346400 0.041717 126 134 111
0.239165 -0.338239 -0.040707 30 36 21
0.236355 -0.337400 -0.033923 76 80 69
0.235517 -0.336608 -0.025494 75 91 82
0.232678 -0.335216 -0.017175 142 137 124
0.234814 -0.333142 -0.005936 210 205 203
0.235004 -0.335466 0.004233 211 203 194
0.232597 -0.338821 0.045601 100 113 107
0.234115 -0.336843 0.051437 148 160 158
0.235118 -0.327775 -0.014829 62 90 81
0.235891 -0.326116 -0.004235 150 151 133
0.233743 -0.324798 0.003991 193 184 162
0.231404 -0.323292 0.010678 214 212 213
0.236045 -0.322507 0.043652 156 162 166
0.235077 -0.324332 0.054888 150 154 154
0.235368 -0.322063 0.063428 139 140 142
0.235655 -0.316548 -0.010731 43 74 56
0.235325 -0.315220 -0.005234 127 133 114
0.234193 -0.315594 0.004792 160 166 166
0.234081 -0.316927 0.044536 148 152 158
0.235094 -0.312299 0.056555 83 88 92
0.234704 -0.315538 0.065643 115 119 120
0.235294 -0.315461 0.073261 134 137 138
0.236560 -0.301803 -0.012242 113 131 125
0.234199 -0.304541 -0.007219 200 189 170
0.234461 -0.305591 0.004935 226 222 221
0.232447 -0.306342 0.042125 96 106 106
0.235834 -0.307880 0.053986 96 107 109
0.236323 -0.297720 -0.022782 65 86 86
0.234805 -0.295669 -0.015041 63 89 85
0.234858 -0.293193 -0.004567 121 117 101
0.231927 -0.292522 0.001494 191 176 151
0.234025 -0.295972 0.075557 170 170 174
0.235140 -0.295307 0.085541 158 156 162
0.236342 -0.293163 0.094288 159 159 164
0.234881 -0.284134 -0.005172 203 193 178
0.234747 -0.284310 0.005888 204 203 201
0.232804 -0.284700 0.013023 199 194 191
0.231060 -0.285178 0.023451 186 180 182
0.234735 -0.283551 0.046870 198 192 192
0.235442 -0.283930 0.054944 201 196 198
0.236750 -0.284971 0.064104 196 192 194
0.234720 -0.284619 0.097339 166 164 171
0.233813 -0.283047 0.103412 174 174 178
0.235801 -0.274928 -0.022860 7 61 56
0.234679 -0.277183 -0.015102 60 90 84
0.236565 -0.275052 -0.002976 139 154 151
0.234667 -0.273616 0.004264 180 181 181
0.233148 -0.273883 0.012783 222 216 214
0.234833 -0.278822 0.055699 196 188 188
0.237947 -0.275982 0.113866 172 170 176
0.235405 -0.263821 -0.024137 71 86 86
0.235935 -0.262331 -0.013904 146 147 145
0.235484 -0.263221 -0.005248 214 212 211
0.233963 -0.267047 0.004422 212 207 207
0.237999 -0.264680 0.084237 202 198 200
0.234868 -0.264401 0.093475 174 168 173
0.235566 -0.262667 0.104362 176 171 174
0.236075 -0.265791 0.116964 170 168 174
0.234702 -0.264929 0.123908 172 168 174
0.236195 -0.255647 -0.022100 78 108 108
0.235815 -0.255741 -0.015840 113 128 128
0.233871 -0.254450 -0.004633 182 174 168
0.231974 -0.253621 0.003239 199 193 191
0.233833 -0.252563 0.013633 191 186 184
0.234254 -0.255816 0.065014 210 179 177
0.235314 -0.254760 0.073009 214 181 178
0.236105 -0.246162 -0.014556 54 72 62
0.235216 -0.245450 -0.004879 161 154 143
0.233157 -0.246179 0.004087 206 198 195
0.233573 -0.247120 0.013606 171 160 154
0.235055 -0.244816 0.053686 198 190 191
0.233455 -0.244245 0.075080 178 124 114
0.235753 -0.244296 0.084618 198 140 131
0.238164 -0.245405 0.116176 204 142 140
0.237534 -0.234450 -0.011514 122 122 121
0.234806 -0.234667 -0.005234 145 140 140
0.232998 -0.234755 0.003192 205 182 150
0.237460 -0.237029 0.064500 106 95 95
0.236420 -0.225921 -0.002905 187 178 175
0.234460 -0.225536 0.003654 194 178 172
0.235606 -0.228371 0.034705 152 91 68
0.234146 -0.226539 0.073278 214 150 142
0.234707 -0.223706 0.096731 202 155 153
0.236581 -0.225907 0.103324 206 140 135
0.236285 -0.214125 -0.004222 198 190 187
0.236982 -0.218331 0.006401 208 199 196
0.233384 -0.212253 0.014374 204 172 170
0.232434 -0.213698 0.024505 190 144 140
0.232985 -0.212599 0.036108 179 122 117
0.236438 -0.212838 0.047212 194 95 85
0.235428 -0.214821 0.055648 212 119 90
0.235494 -0.217255 0.065381 227 108 94
0.235434 -0.213492 0.074046 239 176 172
0.236141 -0.216844 0.088232 195 182 187
0.235914 -0.215998 0.094713 197 185 186
0.234303 -0.203982 -0.004040 192 173 161
0.234609 -0.204061 0.004663 166 148 142
0.234633 -0.204673 0.012880 182 146 139
0.235036 -0.206206 0.023812 196 154 149
0.236456 -0.207258 0.036487 182 143 137
0.235255 -0.203518 0.046405 197 170 167
0.235227 -0.203705 0.055307 200 165 164
0.236430 -0.205111 0.064763 201 158 146
0.236949 -0.205648 0.073575 191 154 147
0.236329 -0.195050 -0.005294 192 180 176
0.236071 -0.196432 0.003705 179 168 165
0.235839 -0.195869 0.016000 160 143 126
0.234878 -0.196144 0.024764 147 122 102
0.234496 -0.195410 0.034310 159 141 132
0.234356 -0.194493 0.045659 215 174 171
0.235095 -0.195771 0.055133 202 166 163
0.234103 -0.194834 0.064821 168 160 161
0.234031 -0.193175 0.076329 171 164 160
0.233768 -0.195347 0.084227 142 132 128
0.235788 -0.195521 0.097995 208 200 202
0.236092 -0.194491 0.103580 214 206 208
0.234757 -0.197387 0.125522 144 137 135
0.233808 -0.186773 -0.012355 186 170 156
0.234071 -0.185985 -0.005333 193 179 165
0.233674 -0.185281 0.004475 187 172 163
0.233894 -0.184880 0.014343 192 172 161
0.232244 -0.184250 0.023277 209 195 191
0.232853 -0.185205 0.035408 208 180 176
0.235286 -0.187886 0.042661 210 146 138
0.234451 -0.187232 0.054755 192 174 173
0.236908 -0.185242 0.065286 186 179 180
0.233155 -0.186876 0.074333 190 183 184
0.231814 -0.186965 0.085437 183 176 177
0.232219 -0.185432 0.114100 197 192 195
0.232115 -0.174087 -0.002636 174 156 140
0.232830 -0.175083 0.003535 198 186 181
0.236637 -0.175997 0.016398 199 180 178
0.235836 -0.175120 0.025662 205 165 163
0.234945 -0.173629 0.043285 169 165 169
0.236910 -0.174019 0.056087 172 164 168
0.235517 -0.175033 0.064790 172 166 168
0.233408 -0.176806 0.073463 170 166 168
0.236371 -0.172766 0.104105 232 224 227
0.234289 -0.176859 0.113344 214 208 212
0.235740 -0.165245 0.005154 194 150 140
0.230747 -0.162497 0.014678 178 170 170
0.236798 -0.167072 0.033353 189 184 187
0.236326 -0.164431 0.045293 176 169 171
0.235621 -0.165104 0.055672 154 150 153
0.234042 -0.165559 0.065421 184 179 180
0.235411 -0.165818 0.074570 203 192 189
0.232794 -0.166149 0.084579 198 187 185
0.234653 -0.162924 0.114398 218 216 220
0.235435 -0.153919 -0.004594 184 163 153
0.235470 -0.156091 0.005049 194 182 176
0.235384 -0.154120 0.013826 192 176 164
0.234888 -0.154694 0.023553 168 148 124
0.236800 -0.152782 0.037072 167 164 166
0.234964 -0.154305 0.045210 180 176 178
0.234181 -0.156749 0.054100 189 182 184
0.235139 -0.156846 0.064738 208 199 200
0.236680 -0.152893 0.105509 216 210 210
0.232215 -0.153916 0.112884 220 216 222
0.236467 -0.142942 -0.013594 196 188 187
0.234859 -0.145998 -0.006421 192 178 172
0.236494 -0.145464 0.014247 168 166 170
0.235010 -0.146592 0.025531 185 160 138
0.236710 -0.146742 0.036672 190 172 158
0.234304 -0.145065 0.044527 195 173 155
0.235446 -0.144656 0.084815 172 170 171
0.234707 -0.143526 0.096423 199 198 198
0.235146 -0.146400 0.104958 204 199 201
0.232564 -0.145380 0.112888 204 199 201
0.237499 -0.132257 -0.011703 198 187 184
0.234579 -0.133256 -0.004646 175 150 130
0.234193 -0.134077 0.004219 173 156 142
0.233179 -0.134680 0.015461 125 125 123
0.235167 -0.131764 0.024563 137 132 125
0.234437 -0.132495 0.036639 138 127 121
0.234598 -0.136251 0.044621 145 126 106
0.232994 -0.136061 0.055349 126 108 89
0.233864 -0.130897 0.068496 168 156 150
0.235264 -0.132909 0.077419 170 170 170
0.234700 -0.136873 0.085972 167 169 168
0.234045 -0.135907 0.094058 195 193 195
0.231983 -0.134374 0.103911 221 218 220
0.236514 -0.126011 -0.012749 187 168 148
0.234160 -0.125549 -0.004565 138 120 107
0.234466 -0.125967 0.003922 131 122 115
0.234118 -0.124514 0.015499 165 154 147
0.234739 -0.124897 0.024261 191 181 178
0.235746 -0.125136 0.035409 169 159 155
0.234271 -0.123807 0.045348 160 153 151
0.233856 -0.123698 0.054437 167 163 162
0.234618 -0.125732 0.064985 179 174 171
0.234299 -0.126781 0.074372 188 180 174
0.237203 -0.122461 0.085684 203 195 195
0.234423 -0.125899 0.094247 210 206 210
0.232741 -0.126074 0.114081 204 198 202
0.239107 -0.114010 -0.013477 190 182 176
0.235023 -0.115614 -0.006296 179 172 168
0.236122 -0.116582 0.015377 177 172 172
0.235949 -0.116062 0.023500 170 161 160
0.236419 -0.116729 0.036408 130 131 128
0.233610 -0.115510 0.044734 80 106 98
0.233478 -0.116142 0.053533 118 126 121
0.233806 -0.115344 0.065764 144 150 148
0.237336 -0.113543 0.086554 222 215 218
0.234711 -0.114110 0.095378 211 204 207
0.235478 -0.116289 0.103130 202 194 197
0.236191 -0.104096 -0.013025 176 168 160
0.233366 -0.103191 -0.006912 178 164 152
0.235341 -0.103355 0.004518 92 120 116
0.233476 -0.103829 0.015135 52 89 84
0.236487 -0.103822 0.026257 12 62 56
0.234892 -0.105771 0.035047 70 100 95
0.235052 -0.105584 0.045146 164 160 156
0.235880 -0.104890 0.054558 170 165 165
0.233668 -0.103656 0.065210 185 178 179
0.231514 -0.103949 0.072161 163 156 157
0.236042 -0.106293 0.086262 213 206 208
0.232642 -0.108273 0.091477 218 212 216
0.236566 -0.097463 -0.013395 172 166 156
0.234829 -0.095734 -0.007329 126 126 118
0.231700 -0.095750 0.006721 147 154 152
0.234409 -0.095594 0.013613 73 90 88
0.236305 -0.094457 0.034447 172 174 174
0.236308 -0.095845 0.046301 166 163 164
0.237361 -0.096920 0.053791 194 187 190
0.237119 -0.097260 0.064589 200 190 192
0.236121 -0.093373 0.077158 192 188 190
0.233222 -0.094877 0.084457 202 197 200
0.230788 -0.094756 0.091444 172 168 169
0.235081 -0.081894 -0.011390 176 174 170
0.234413 -0.084886 -0.005154 154 155 150
0.236189 -0.083039 0.006487 164 164 166
0.233774 -0.086089 0.013936 159 157 155
0.234902 -0.084935 0.025750 126 132 129
0.232459 -0.083811 0.036430 146 146 146
0.237500 -0.083087 0.066914 184 180 182
0.236425 -0.085164 0.074714 203 199 200
0.233572 -0.085113 0.084756 217 208 211
0.235846 -0.084939 0.095156 191 186 187
0.233019 -0.082489 0.103061 178 170 170
0.230695 -0.084280 0.111183 194 185 183
0.235212 -0.073416 -0.014589 161 162 159
0.233367 -0.073536 -0.004780 150 151 146
0.232429 -0.075086 0.004374 172 164 158
0.234379 -0.074920 0.013352 69 90 86
0.236857 -0.074053 0.066102 197 194 198
0.235491 -0.075601 0.074545 199 192 192
0.235339 -0.075458 0.085358 167 162 161
0.235797 -0.077684 0.094739 166 160 159
0.231078 -0.077456 0.102893 190 182 181
0.236093 -0.067410 -0.021945 65 68 62
0.234822 -0.068696 -0.015717 142 142 139
0.233870 -0.066997 -0.005519 149 152 147
0.235495 -0.062810 0.014349 184 178 177
0.234019 -0.064527 0.022385 183 178 178
0.237215 -0.062151 0.036247 170 168 166
0.234032 -0.062849 0.048302 178 176 177
0.235504 -0.065106 0.054947 193 190 193
0.234339 -0.066014 0.063858 211 205 207
0.235333 -0.068808 0.070349 186 177 172
0.232730 -0.063129 0.115908 206 199 201
0.235603 -0.057150 0.006285 162 162 165
0.235886 -0.058608 0.014276 170 158 145
0.236765 -0.055027 0.045080 190 186 187
0.234924 -0.054252 0.055282 206 198 198
0.233091 -0.054130 0.063054 205 197 197
0.236836 -0.051385 0.074297 180 170 166
0.237407 -0.052421 0.084299 217 208 201
0.233708 -0.058260 0.115190 208 202 202
0.237243 -0.048232 0.036012 188 178 171
0.235605 -0.045674 0.052575 194 188 189
0.232856 -0.049230 0.063432 192 184 183
0.234980 -0.044350 0.086994 234 222 218
0.234817 -0.046805 0.094892 238 225 224
0.234349 -0.035490 0.035941 190 180 170
0.233723 -0.033123 0.045011 208 194 186
0.236063 -0.024415 0.038000 192 151 128
0.235081 -0.027580 0.043657 218 188 181
0.236182 -0.013784 0.035701 210 189 176
0.234759 -0.016575 0.044956 214 192 183
0.231519 -0.016131 0.052299 240 222 216
0.237360 -0.005665 0.017523 90 118 104
0.235987 -0.006536 0.026025 145 141 130
0.234315 -0.007642 0.033532 170 158 146
0.236544 0.008173 -0.002097 186 170 160
0.236573 0.007472 0.002721 196 177 166
0.236747 0.004455 0.015938 170 154 134
0.235101 0.004506 0.024045 189 170 145
0.236433 0.005584 0.046197 210 188 168
0.234017 0.003866 0.054073 209 188 180
0.232044 0.005085 0.064172 210 198 193
0.236189 0.015733 -0.003922 161 159 152
0.235136 0.013944 0.003137 182 176 170
0.236509 0.014804 0.027643 150 140 114
0.235163 0.014589 0.034976 186 178 158
0.236535 0.013120 0.044019 215 200 182
0.231521 0.012404 0.064179 192 178 170
0.237342 0.024221 -0.011688 56 94 88
0.236383 0.023897 -0.005835 74 104 98
0.236236 0.025348 0.004448 129 138 123
0.235036 0.026681 0.014540 158 140 119
0.233092 0.025617 0.024416 187 168 142
0.234131 0.026602 0.033985 159 172 164
0.234748 0.033534 0.003800 155 145 128
0.237216 0.033977 0.014245 207 202 192
0.234097 0.033436 0.025457 216 202 192
0.233057 0.033583 0.033241 137 150 135
0.231941 0.037091 0.045183 177 132 98
0.235726 0.046170 0.014579 180 152 138
0.236397 0.041904 0.023924 188 166 142
0.235929 0.046641 0.035686 134 148 140
0.235624 0.046939 0.044384 178 155 146
0.235988 0.054377 0.014687 212 195 184
0.236624 0.052072 0.033819 135 147 131
0.235884 0.053203 0.045551 194 174 166
0.237785 0.064189 0.007674 87 104 97
0.237895 0.066253 0.015852 135 120 109
0.239402 0.066826 0.026743 189 160 148
0.237121 0.067522 0.036753 210 188 186
0.234709 0.066332 0.046118 242 226 224
0.236828 0.076088 0.007306 170 128 129
0.234830 0.073526 0.014357 204 180 180
0.237062 0.072408 0.026087 170 150 148
0.235110 0.073222 0.034266 222 206 204
0.233070 0.070856 0.043722 236 221 219
0.236265 0.094389 -0.000772 73 133 124
0.235863 0.106176 -0.002268 46 118 108
0.234282 0.113689 -0.004321 32 113 104
0.245313 -0.663979 -0.057763 5 95 86
0.245969 -0.656943 -0.054607 2 91 82
0.243043 -0.652319 -0.047453 2 86 78
0.245210 -0.644593 -0.035889 11 83 74
0.246115 -0.644163 -0.026695 96 142 132
0.243784 -0.635657 -0.034356 6 67 60
0.247059 -0.638097 -0.023237 59 115 108
0.246177 -0.632392 -0.014521 73 118 111
0.246276 -0.632450 0.054912 125 136 132
0.244977 -0.624711 -0.025979 21 67 62
0.245301 -0.627190 -0.004781 176 180 176
0.244899 -0.623911 0.005178 166 167 162
0.244759 -0.625983 0.065230 144 149 144
0.246332 -0.616331 0.007643 169 171 164
0.244587 -0.615428 0.012762 159 160 156
0.241200 -0.601546 -0.044754 74 120 111
0.241735 -0.606108 -0.035698 67 118 109
0.246775 -0.602632 -0.024611 97 145 132
0.246927 -0.607911 0.016246 158 161 154
0.244374 -0.604175 0.023779 142 153 147
0.243993 -0.602913 0.032640 160 158 152
0.241471 -0.595316 -0.051030 5 82 72
0.243513 -0.594214 -0.046517 22 82 72
0.244180 -0.594154 -0.035553 105 142 132
0.243860 -0.594249 -0.025224 83 131 118
0.244630 -0.594524 -0.016796 112 139 128
0.246477 -0.596938 0.027842 114 130 124
0.245675 -0.594397 0.036088 127 137 130
0.244508 -0.594382 0.043901 173 170 165
0.244314 -0.584425 -0.045799 5 79 70
0.247221 -0.584656 -0.035721 54 98 88
0.244406 -0.585909 -0.024689 73 122 111
0.245323 -0.585446 -0.015778 83 123 110
0.244870 -0.585730 -0.004602 139 148 138
0.243321 -0.582762 0.004996 165 171 161
0.241376 -0.581397 0.013444 136 144 132
0.246078 -0.586507 0.035219 120 120 115
0.246946 -0.586972 0.046305 163 164 158
0.245297 -0.584129 0.054932 202 199 193
0.242238 -0.582103 0.062600 206 201 193
0.241724 -0.581656 0.076431 227 222 212
0.244025 -0.583979 0.084008 222 217 211
0.244060 -0.574988 -0.043828 4 79 70
0.248523 -0.575687 -0.036524 12 73 62
0.248790 -0.576934 -0.024398 46 76 62
0.246508 -0.575296 -0.014444 57 107 93
0.246738 -0.573488 -0.005746 80 116 103
0.246829 -0.576135 0.005322 155 157 145
0.244509 -0.574362 0.015061 174 174 164
0.243069 -0.573935 0.025203 194 197 188
0.241116 -0.571555 0.034002 190 194 184
0.246619 -0.575830 0.058094 210 205 198
0.245130 -0.574778 0.064938 216 210 203
0.246257 -0.575508 0.075511 226 220 212
0.248681 -0.577518 0.082505 225 219 214
0.243987 -0.564957 -0.041723 6 81 72
0.248421 -0.564261 -0.037458 12 80 72
0.244926 -0.564983 -0.003652 42 80 68
0.247628 -0.565315 0.004134 88 104 90
0.248180 -0.566142 0.017219 180 177 167
0.247310 -0.565846 0.023683 194 191 181
0.245155 -0.564044 0.034788 194 192 180
0.242551 -0.564201 0.045158 209 204 196
0.244358 -0.564206 0.055790 230 223 217
0.246267 -0.566980 0.063178 230 222 217
0.244327 -0.554923 -0.041460 5 81 72
0.249662 -0.558213 0.026752 184 180 170
0.248708 -0.557638 0.035760 191 186 176
0.246121 -0.556613 0.045276 204 192 175
0.247681 -0.557247 0.054117 219 209 198
0.244609 -0.545758 -0.041546 2 72 64
0.247854 -0.541594 -0.039747 3 73 63
0.244077 -0.538909 -0.040395 2 64 56
0.244867 -0.534996 -0.037505 26 73 66
0.243617 -0.527022 -0.033568 38 58 52
0.242548 -0.527278 -0.027842 126 132 124
0.244298 -0.514481 -0.004721 178 171 166
0.246499 -0.511741 0.004595 189 184 178
0.242660 -0.507568 0.007667 205 196 190
0.245597 -0.503744 0.013658 221 210 204
0.245161 -0.494622 0.015520 237 224 218
0.247778 -0.482656 -0.026314 119 122 112
0.243881 -0.485037 0.014494 164 155 151
0.244018 -0.484770 0.025249 162 152 142
0.243635 -0.473740 0.005025 225 212 195
0.243527 -0.476267 0.013268 130 128 124
0.246409 -0.475405 0.023925 151 142 130
0.243260 -0.463825 -0.036413 142 136 128
0.243870 -0.463302 -0.025878 91 118 105
0.243036 -0.462430 -0.014746 160 150 136
0.242695 -0.463304 -0.003419 194 190 176
0.243986 -0.465767 0.004808 161 156 142
0.244606 -0.463575 0.013462 78 82 62
0.246623 -0.465570 0.024472 162 155 144
0.241462 -0.463610 0.032819 209 206 198
0.243919 -0.455204 -0.034717 140 136 126
0.246511 -0.455536 -0.024477 49 81 64
0.244582 -0.455247 -0.015625 110 121 103
0.245742 -0.455739 -0.004944 225 212 202
0.244987 -0.455518 0.002381 170 178 170
0.246811 -0.458039 0.017280 138 138 122
0.245270 -0.445079 -0.034347 148 158 145
0.247316 -0.446900 -0.024680 93 118 108
0.246956 -0.446038 -0.015144 79 103 95
0.244865 -0.444247 -0.004531 102 126 120
0.244361 -0.445476 0.003783 158 174 169
0.247344 -0.433864 -0.045132 116 152 145
0.245973 -0.433301 -0.034103 198 198 189
0.244241 -0.434517 -0.026534 209 207 200
0.246414 -0.434101 -0.005946 136 164 157
0.244720 -0.434862 0.002872 111 140 135
0.247215 -0.425367 -0.042631 88 129 109
0.243366 -0.425293 -0.035116 125 144 122
0.240942 -0.425214 -0.027299 175 178 157
0.246112 -0.423204 0.003183 36 98 90
0.246315 -0.415829 -0.042901 50 105 101
0.242647 -0.414611 -0.035896 74 105 95
0.241587 -0.416609 -0.028152 103 132 124
0.244097 -0.414970 0.003789 10 72 58
0.247075 -0.404809 -0.042185 2 86 82
0.244999 -0.404819 -0.026096 158 172 168
0.242211 -0.404345 -0.015913 158 176 174
0.242940 -0.406486 0.005477 24 72 46
0.248183 -0.396005 -0.040582 14 100 90
0.246433 -0.395534 -0.034998 98 141 130
0.243911 -0.395758 -0.024668 152 162 145
0.241025 -0.395979 -0.015323 180 178 154
0.240590 -0.394677 -0.006909 211 202 167
0.246621 -0.395408 0.006275 10 71 64
0.245076 -0.383743 -0.041190 16 95 85
0.246464 -0.383328 -0.037902 27 100 96
0.244352 -0.386454 -0.026013 176 200 196
0.243588 -0.382786 -0.016721 148 188 186
0.242327 -0.384359 -0.004536 128 166 162
0.243588 -0.383214 0.004241 70 120 115
0.243260 -0.382608 0.014654 148 168 166
0.244357 -0.377603 -0.040920 6 88 84
0.245526 -0.376387 -0.033980 57 103 96
0.244737 -0.373865 -0.026772 118 136 120
0.243987 -0.375684 -0.015919 152 172 173
0.243815 -0.375592 0.004974 122 152 149
0.242666 -0.377753 0.016297 178 192 192
0.243787 -0.365024 -0.036090 160 168 152
0.246698 -0.365125 -0.023318 238 236 236
0.243192 -0.367271 -0.013997 197 198 196
0.246342 -0.356906 -0.040840 8 84 79
0.245532 -0.354964 -0.036344 24 86 84
0.245252 -0.354791 -0.023378 101 135 127
0.243159 -0.353824 -0.015751 160 172 157
0.240952 -0.354020 -0.007366 171 178 163
0.247106 -0.342214 -0.041007 92 104 78
0.245927 -0.344966 -0.035826 112 120 87
0.245398 -0.347196 -0.025235 190 179 150
0.242906 -0.345109 -0.014047 160 161 146
0.241936 -0.344747 -0.006186 146 150 149
0.243565 -0.345375 0.015661 108 137 136
0.244400 -0.344775 0.043613 88 118 118
0.243350 -0.337642 -0.040616 18 43 32
0.245289 -0.337215 -0.035330 53 71 69
0.245306 -0.335185 -0.024460 71 99 98
0.246343 -0.333751 -0.016631 98 123 124
0.244390 -0.337197 -0.006567 208 210 208
0.246116 -0.336551 0.036003 82 107 110
0.245964 -0.335910 0.044438 87 110 112
0.243801 -0.336156 0.054019 62 92 93
0.244632 -0.335455 0.065474 158 165 166
0.245462 -0.324277 -0.012921 105 133 127
0.243239 -0.324877 -0.007037 130 146 134
0.243642 -0.323513 0.045706 161 166 172
0.244497 -0.324039 0.054062 169 178 182
0.245716 -0.323953 0.064037 157 167 168
0.247383 -0.322080 0.073626 152 156 158
0.244490 -0.315333 -0.012339 82 119 113
0.243682 -0.312971 -0.008988 96 116 76
0.243748 -0.319112 0.045278 166 170 176
0.244907 -0.314638 0.084858 158 156 158
0.244135 -0.301155 -0.022848 104 128 127
0.246441 -0.304798 -0.014579 89 134 130
0.243160 -0.305133 -0.006859 167 187 186
0.245542 -0.305372 0.006049 209 208 209
0.244043 -0.307275 0.062014 127 134 136
0.246249 -0.294391 -0.022264 94 115 103
0.245082 -0.294242 -0.014827 73 102 92
0.243185 -0.293252 -0.005773 156 155 136
0.242496 -0.295612 0.086380 178 179 183
0.247572 -0.283136 -0.022257 136 158 146
0.244731 -0.287285 -0.016889 215 198 160
0.243635 -0.283183 -0.006452 215 212 210
0.245265 -0.283684 0.005206 182 184 180
0.244068 -0.284543 0.056738 205 202 204
0.245689 -0.283760 0.064587 208 204 206
0.245985 -0.283790 0.072305 204 200 204
0.244990 -0.275131 -0.023287 8 69 64
0.245269 -0.276144 -0.014908 91 119 115
0.244084 -0.275342 -0.004042 137 159 158
0.244569 -0.272508 0.004457 192 189 188
0.244379 -0.265903 -0.022858 102 116 116
0.244519 -0.263855 -0.013849 163 167 166
0.245318 -0.265856 -0.005139 218 216 214
0.244759 -0.266759 0.002370 206 202 202
0.244614 -0.265278 0.105693 184 180 184
0.246293 -0.264683 0.114088 175 174 178
0.245177 -0.253638 -0.015464 110 122 116
0.245778 -0.253838 -0.005039 150 151 144
0.246247 -0.254234 0.004150 150 150 148
0.244582 -0.256727 0.065830 200 192 194
0.243701 -0.255287 0.073471 209 186 184
0.245145 -0.247201 -0.021218 104 132 122
0.243899 -0.245874 -0.015847 89 105 97
0.242467 -0.245087 -0.008039 195 179 156
0.244535 -0.246558 0.005252 220 214 208
0.246554 -0.244516 0.048858 202 194 194
0.244247 -0.244556 0.053985 202 192 194
0.246682 -0.244708 0.076796 213 143 104
0.243154 -0.246287 0.116796 195 147 144
0.245351 -0.243403 0.124981 210 153 152
0.244504 -0.235911 -0.013694 91 96 93
0.243643 -0.232944 -0.005991 121 120 111
0.247239 -0.231934 0.027325 153 159 146
0.243570 -0.238527 0.065772 168 149 134
0.245234 -0.224063 -0.012235 152 154 136
0.244747 -0.225701 -0.005245 177 174 166
0.244766 -0.223184 0.003520 182 179 178
0.246909 -0.227349 0.028576 59 56 50
0.244836 -0.227378 0.034459 130 99 68
0.244595 -0.223015 0.105860 230 161 157
0.245547 -0.222977 0.112439 226 158 154
0.247426 -0.213148 -0.011636 192 192 190
0.245043 -0.215422 -0.006389 196 191 190
0.243872 -0.217127 0.004060 200 193 192
0.246138 -0.215512 0.014631 195 134 130
0.246105 -0.214117 0.025226 198 138 132
0.245430 -0.212783 0.031406 207 145 138
0.246608 -0.215020 0.048525 143 97 85
0.245241 -0.214440 0.054590 145 94 82
0.244688 -0.215461 0.065893 214 143 134
0.243721 -0.213803 0.074259 223 178 175
0.242879 -0.213697 0.085091 199 189 191
0.243438 -0.217356 0.095323 197 185 190
0.242717 -0.217092 0.103245 204 193 197
0.247307 -0.205178 -0.014453 172 167 160
0.244344 -0.205678 -0.005360 136 140 129
0.242607 -0.204576 0.007399 162 155 153
0.243765 -0.207004 0.014625 201 148 141
0.245629 -0.205184 0.026783 139 100 91
0.243616 -0.207231 0.036635 152 140 137
0.243691 -0.204077 0.045924 187 167 166
0.245707 -0.203524 0.054873 192 164 160
0.244352 -0.206700 0.065432 180 154 147
0.242869 -0.205009 0.071863 166 147 139
0.247054 -0.202538 0.124065 192 176 176
0.247933 -0.204300 0.132886 158 90 84
0.245139 -0.193667 -0.021096 90 107 104
0.245118 -0.194589 -0.015047 132 134 132
0.244528 -0.193956 -0.005968 194 187 186
0.242789 -0.196385 0.004829 142 142 138
0.243954 -0.197220 0.014435 121 135 128
0.244035 -0.195625 0.022141 69 90 80
0.246967 -0.194500 0.045924 227 187 183
0.245989 -0.198060 0.054213 210 180 179
0.243601 -0.195628 0.064601 194 192 192
0.246649 -0.193578 0.085384 164 168 169
0.245684 -0.194278 0.104760 198 192 193
0.245126 -0.196462 0.127961 167 160 159
0.247996 -0.196588 0.134359 164 159 159
0.247685 -0.184732 -0.012396 192 188 187
0.245257 -0.186051 -0.006894 194 186 185
0.243013 -0.184666 0.003320 161 158 156
0.247446 -0.184189 0.028867 102 109 108
0.245434 -0.184942 0.035167 219 190 185
0.245557 -0.185952 0.044032 206 174 170
0.243266 -0.182744 0.063560 180 174 175
0.246888 -0.185740 0.085679 195 190 194
0.244720 -0.184774 0.094693 197 194 198
0.244247 -0.175164 0.004902 178 172 172
0.242801 -0.172367 0.015578 209 167 163
0.243744 -0.177290 0.025966 216 177 175
0.245883 -0.174653 0.037048 182 176 178
0.245260 -0.177911 0.044441 153 149 149
0.245325 -0.175603 0.054357 192 184 181
0.244876 -0.172851 0.063563 198 190 184
0.246088 -0.172873 0.077074 188 188 183
0.246698 -0.174242 0.084602 195 189 187
0.246150 -0.177940 0.092632 196 195 199
0.244686 -0.175148 0.102299 216 210 212
0.244738 -0.163556 0.004500 228 167 156
0.245299 -0.166637 0.014587 211 179 176
0.245265 -0.164963 0.024748 190 183 184
0.243718 -0.165427 0.034278 178 172 172
0.242738 -0.164336 0.043234 179 172 173
0.242003 -0.164291 0.058100 200 196 198
0.245459 -0.164828 0.064188 198 195 192
0.246196 -0.165790 0.074156 188 183 178
0.246342 -0.165962 0.086678 228 222 224
0.243469 -0.167633 0.094785 230 224 226
0.242235 -0.165084 0.105076 218 216 220
0.243490 -0.155423 -0.003110 211 171 162
0.242885 -0.156213 0.003299 205 164 156
0.245727 -0.152018 0.012884 127 126 124
0.245442 -0.153235 0.025868 158 158 159
0.244381 -0.154305 0.035125 192 188 189
0.243927 -0.155848 0.044528 199 194 196
0.243965 -0.156708 0.055915 185 181 179
0.244573 -0.153105 0.064975 134 144 138
0.246310 -0.152159 0.086330 213 207 207
0.244722 -0.153789 0.095238 219 213 213
0.244416 -0.143537 -0.012824 202 172 168
0.244801 -0.143968 -0.005360 196 171 167
0.246148 -0.144594 0.005087 171 170 173
0.246602 -0.147171 0.016317 128 129 127
0.244887 -0.146042 0.027114 152 150 146
0.242378 -0.144526 0.033721 191 168 147
0.246181 -0.142737 0.056509 34 62 55
0.244551 -0.144800 0.066064 110 112 108
0.246227 -0.143521 0.076973 181 181 182
0.244715 -0.143979 0.085178 208 205 207
0.243699 -0.144891 0.095877 211 206 210
0.244421 -0.145132 0.103640 191 186 186
0.245456 -0.133869 -0.015148 198 192 188
0.241007 -0.134966 0.005443 188 177 170
0.245239 -0.131570 0.023066 54 58 50
0.246659 -0.134808 0.037059 113 118 112
0.247073 -0.136346 0.045563 17 58 49
0.246458 -0.133008 0.057725 124 130 128
0.246268 -0.133388 0.065083 160 160 161
0.244586 -0.136904 0.074762 166 167 169
0.244890 -0.137148 0.084619 196 196 199
0.243705 -0.134893 0.095444 205 200 202
0.245055 -0.135597 0.105008 198 194 193
0.246293 -0.135800 0.113565 214 211 210
0.244738 -0.125276 -0.017757 159 154 148
0.241705 -0.127387 -0.002628 182 154 132
0.245348 -0.127862 0.005033 196 186 178
0.246665 -0.125715 0.014745 169 165 162
0.246323 -0.124896 0.025653 148 146 141
0.244403 -0.123918 0.034183 132 137 133
0.245589 -0.122970 0.044233 167 166 163
0.244058 -0.126285 0.055087 166 168 169
0.245148 -0.127621 0.062033 86 107 104
0.245691 -0.122798 0.077068 183 177 173
0.243490 -0.124166 0.083059 204 193 189
0.246887 -0.124966 0.104717 232 226 225
0.245244 -0.124411 0.117079 222 210 210
0.246337 -0.126410 0.124128 215 205 206
0.244503 -0.124382 0.131525 211 200 202
0.246335 -0.113317 -0.014423 168 166 162
0.247229 -0.115820 -0.003140 166 162 161
0.247935 -0.114631 0.006301 162 159 159
0.246780 -0.114094 0.014621 148 152 150
0.245383 -0.116861 0.026232 126 132 129
0.243667 -0.117392 0.032908 124 130 126
0.244926 -0.117393 0.042644 146 144 141
0.242744 -0.117839 0.053847 152 148 148
0.244764 -0.115800 0.075508 216 214 218
0.243868 -0.114667 0.085666 216 212 212
0.244504 -0.115574 0.094672 217 210 211
0.241971 -0.114510 0.102945 206 196 198
0.246410 -0.115272 0.145045 238 230 231
0.245956 -0.105123 -0.015701 160 160 159
0.247277 -0.103025 -0.004213 190 186 182
0.245410 -0.105446 0.004687 140 152 148
0.243070 -0.102942 0.013660 14 62 56
0.243419 -0.106853 0.025760 13 60 53
0.246439 -0.104323 0.036552 172 170 170
0.244836 -0.106596 0.045831 129 136 134
0.241922 -0.105987 0.051661 86 84 84
0.245856 -0.107569 0.076666 233 224 225
0.243750 -0.106099 0.083315 231 227 230
0.245712 -0.103418 0.105827 173 169 168
0.247636 -0.102709 0.115960 209 205 206
0.248139 -0.102322 0.122227 239 237 237
0.244498 -0.096157 -0.015047 151 150 146
0.245379 -0.095603 -0.007431 100 117 109
0.241945 -0.096099 0.003024 14 58 53
0.241625 -0.092112 0.026764 163 163 164
0.243459 -0.093441 0.033613 178 178 180
0.243333 -0.096207 0.046242 182 176 179
0.243457 -0.095722 0.054793 207 196 198
0.246334 -0.094212 0.064745 164 164 166
0.245250 -0.094056 0.074827 192 196 198
0.243841 -0.096189 0.082962 181 184 188
0.246974 -0.092852 0.095772 203 198 202
0.247478 -0.096061 0.104584 221 214 214
0.247429 -0.096514 0.114127 229 221 221
0.246428 -0.082904 0.004734 165 166 166
0.246359 -0.086421 0.014411 166 166 168
0.244007 -0.088220 0.023506 164 164 165
0.243885 -0.086586 0.055798 152 156 158
0.245173 -0.085267 0.065913 191 193 196
0.244533 -0.084642 0.074480 193 190 194
0.246584 -0.082683 0.084081 174 176 176
0.245387 -0.083823 0.094174 202 195 194
0.244519 -0.084747 0.104644 198 191 189
0.243258 -0.075344 -0.016525 119 131 130
0.249233 -0.076750 0.002418 92 116 115
0.246605 -0.072707 0.056641 191 191 193
0.246290 -0.076629 0.062265 209 207 209
0.244139 -0.076555 0.075787 168 162 158
0.245140 -0.075895 0.083486 171 162 153
0.245768 -0.075523 0.094545 215 208 206
0.244493 -0.065165 -0.024883 146 144 140
0.244955 -0.063433 0.014424 188 182 179
0.244691 -0.065518 0.024150 204 200 201
0.245876 -0.064767 0.033648 202 199 200
0.246227 -0.064147 0.046583 182 181 182
0.243811 -0.064192 0.054871 209 203 205
0.242655 -0.068814 0.062212 222 218 220
0.244252 -0.055575 -0.003438 82 100 95
0.245104 -0.057614 0.005804 135 136 123
0.244130 -0.056565 0.014058 152 142 123
0.245274 -0.053049 0.037685 176 177 179
0.244240 -0.056595 0.045549 207 203 204
0.242939 -0.054848 0.053982 207 201 201
0.244290 -0.054845 0.065769 198 192 189
0.246182 -0.055377 0.074995 208 200 198
0.245394 -0.053638 0.085763 215 204 200
0.246746 -0.051871 0.095269 207 199 197
0.246716 -0.052493 0.106369 195 180 173
0.247415 -0.056643 0.111839 210 196 188
0.248449 -0.045911 0.018571 159 168 163
0.245740 -0.043935 0.026028 176 170 162
0.245392 -0.045629 0.034078 152 150 143
0.244190 -0.046914 0.044538 150 154 152
0.243320 -0.044987 0.053007 209 204 204
0.244076 -0.044460 0.086686 218 210 207
0.243980 -0.047445 0.094295 210 194 189
0.244717 -0.049306 0.102081 190 153 134
0.249474 -0.030684 0.014988 178 174 162
0.246378 -0.032342 0.024628 185 177 164
0.245401 -0.032201 0.045785 234 220 214
0.245344 -0.039185 0.083006 232 224 222
0.245472 -0.022987 0.007515 171 173 166
0.244371 -0.024619 0.015919 179 177 164
0.242063 -0.024026 0.026623 168 162 136
0.243809 -0.024045 0.036118 213 190 162
0.244369 -0.025516 0.044490 181 180 168
0.245189 -0.015487 -0.005064 100 139 134
0.245475 -0.016065 0.004740 137 158 154
0.244898 -0.014896 0.013189 110 135 121
0.244707 -0.015171 0.026636 210 202 191
0.242729 -0.017153 0.033058 230 204 183
0.244748 -0.003017 0.006121 184 186 160
0.242552 -0.004034 0.013941 178 180 150
0.241507 -0.006347 0.023409 182 176 146
0.244301 0.006676 -0.005269 126 142 131
0.243985 0.003097 0.004101 126 153 145
0.246887 0.014966 -0.013512 119 148 137
0.243403 0.013987 -0.005337 127 156 145
0.242730 0.015807 0.033213 120 137 112
0.246857 0.023297 -0.015195 110 156 146
0.244692 0.025484 -0.003802 71 122 106
0.242189 0.026402 0.002262 127 137 112
0.244124 0.026156 0.032642 52 114 100
0.245924 0.034801 -0.004329 120 139 112
0.244836 0.034257 0.003687 130 143 126
0.243662 0.036066 0.014903 188 184 158
0.244589 0.034398 0.033965 75 118 86
0.243652 0.043109 -0.005645 28 86 66
0.245857 0.045356 0.006070 128 156 146
0.242783 0.045748 0.013849 136 138 130
0.243300 0.045352 0.033619 79 111 105
0.245001 0.054182 0.014090 142 154 146
0.245416 0.066685 -0.003951 24 85 76
0.243968 0.064799 0.005407 116 105 95
0.242773 0.066860 0.012293 166 145 123
0.244053 0.066175 0.026405 174 160 153
0.245606 0.075495 -0.004093 25 104 88
0.244324 0.073687 0.004962 139 133 124
0.242173 0.071491 0.012802 138 121 119
0.245422 0.085609 -0.002975 74 141 133
0.245705 0.084968 0.006116 221 224 220
0.245735 0.095565 -0.003904 88 138 129
0.247584 0.105015 -0.013392 100 150 142
0.244001 0.104156 -0.003808 11 96 84
0.254750 -0.663705 -0.058530 6 94 86
0.255604 -0.656144 -0.055297 4 92 84
0.254273 -0.646892 -0.044139 2 80 72
0.255428 -0.642192 -0.037062 32 92 86
0.254215 -0.634706 -0.024598 64 115 109
0.254405 -0.631564 -0.017700 104 136 130
0.254973 -0.627291 -0.013911 114 149 141
0.253554 -0.623828 -0.004092 175 181 177
0.252890 -0.620332 0.001555 184 184 180
0.256827 -0.617347 -0.001973 123 147 140
0.255053 -0.614901 0.004791 186 185 182
0.251269 -0.611023 0.010508 181 180 173
0.256022 -0.605504 0.007437 136 155 146
0.253423 -0.604914 0.012698 199 198 193
0.257961 -0.607559 0.067048 118 130 128
0.255693 -0.605850 0.070633 86 100 100
0.251739 -0.595531 -0.015587 91 114 98
0.254752 -0.596513 0.013949 112 140 128
0.253966 -0.595354 0.024470 173 173 167
0.254531 -0.586331 -0.013144 102 132 121
0.253734 -0.585145 -0.004881 168 167 152
0.252402 -0.580626 0.001793 170 168 154
0.252928 -0.583094 0.023601 53 74 64
0.254451 -0.587328 0.036139 175 173 168
0.253338 -0.582561 0.046081 172 169 164
0.252975 -0.581188 0.052298 202 196 194
0.250520 -0.571535 -0.033544 104 128 115
0.250298 -0.572466 -0.026040 99 125 112
0.255116 -0.575631 -0.014620 170 164 156
0.253548 -0.573240 -0.005235 121 142 129
0.254251 -0.574723 0.005584 172 170 155
0.253943 -0.574939 0.012754 160 153 140
0.255681 -0.573929 0.023862 148 155 144
0.254087 -0.574728 0.056259 203 198 192
0.252119 -0.572200 0.062885 215 207 201
0.252906 -0.575368 0.083737 223 216 210
0.251191 -0.563199 -0.035251 36 84 74
0.252195 -0.564271 -0.025747 162 163 149
0.252694 -0.564443 -0.015667 161 158 144
0.254029 -0.564888 -0.004146 170 165 153
0.253399 -0.562937 0.005718 132 136 123
0.252519 -0.562760 0.014345 190 188 176
0.256617 -0.565175 0.022680 195 190 178
0.254568 -0.564512 0.057399 208 200 189
0.253796 -0.564399 0.063803 222 214 207
0.254557 -0.565242 0.074490 222 214 207
0.250492 -0.552540 -0.040545 6 82 73
0.253307 -0.554355 -0.036182 12 81 70
0.255024 -0.555673 -0.025554 140 153 139
0.255985 -0.555334 -0.015554 164 160 147
0.255128 -0.555540 -0.004821 166 159 146
0.254789 -0.556120 0.005954 134 145 132
0.254593 -0.554355 0.014976 158 161 149
0.253855 -0.553600 0.023760 181 176 162
0.254058 -0.553617 0.035130 185 177 165
0.254129 -0.552954 0.046018 211 202 190
0.254315 -0.554475 0.056648 220 210 197
0.255814 -0.556904 0.063180 230 220 214
0.250737 -0.547132 -0.040673 4 80 72
0.254831 -0.544824 -0.037268 8 82 72
0.258166 -0.546858 -0.025864 94 126 114
0.258552 -0.546249 -0.015233 122 130 119
0.258069 -0.545544 -0.004736 160 158 145
0.257405 -0.544640 0.005130 173 167 154
0.255159 -0.543885 0.016121 167 168 158
0.256318 -0.544609 0.024849 173 168 155
0.256963 -0.546024 0.034911 199 189 179
0.256449 -0.545532 0.045318 231 220 216
0.255830 -0.546980 0.054472 225 213 207
0.257386 -0.547242 0.062958 231 221 215
0.253613 -0.535785 -0.035830 4 78 70
0.259049 -0.536028 0.007483 191 186 176
0.258554 -0.536714 0.015623 194 185 176
0.257346 -0.535664 0.025575 201 195 183
0.258679 -0.536390 0.034082 212 203 190
0.259594 -0.539060 0.041464 230 220 216
0.254742 -0.524764 -0.024508 8 60 54
0.256570 -0.523374 -0.012460 36 71 66
0.257957 -0.522443 0.006821 194 191 182
0.255571 -0.525387 0.025371 218 210 200
0.254428 -0.515470 0.005375 184 182 176
0.256761 -0.513289 0.015140 206 198 191
0.254415 -0.504657 0.016496 216 204 197
0.259128 -0.505289 0.020962 228 214 210
0.255017 -0.494971 0.016141 227 214 208
0.255096 -0.485781 0.013161 238 224 219
0.255050 -0.474143 0.007146 235 221 216
0.255948 -0.476562 0.013727 202 188 180
0.251619 -0.473577 0.025557 164 156 144
0.254230 -0.464573 -0.014200 94 100 88
0.255389 -0.463741 -0.003323 150 142 129
0.255668 -0.465466 0.004593 192 181 169
0.251121 -0.463900 0.025307 182 174 164
0.252230 -0.454458 -0.023618 54 89 77
0.254752 -0.454048 -0.015444 99 115 105
0.257189 -0.456397 -0.003995 161 155 144
0.256849 -0.456790 0.003234 160 163 153
0.253212 -0.457901 0.016623 196 186 175
0.252752 -0.456786 0.024059 220 214 202
0.254878 -0.445701 -0.041775 116 152 144
0.254896 -0.443906 -0.035273 130 152 144
0.253880 -0.446350 -0.023005 120 125 114
0.255291 -0.446623 -0.014152 104 123 113
0.257509 -0.445181 -0.006429 188 178 169
0.252680 -0.442947 0.003891 122 157 152
0.254675 -0.434713 -0.043819 72 114 105
0.257022 -0.435387 -0.036075 138 168 160
0.253835 -0.435836 -0.027100 224 219 212
0.257992 -0.438192 -0.014809 186 178 166
0.253854 -0.437094 -0.005978 117 154 145
0.254209 -0.434580 0.003984 85 136 129
0.254105 -0.424693 -0.043678 62 122 113
0.252817 -0.423112 0.004975 0 78 67
0.254144 -0.415371 -0.042790 48 116 111
0.254208 -0.413962 -0.037384 47 105 100
0.255548 -0.404073 -0.042813 69 130 118
0.257347 -0.404617 -0.038511 67 131 119
0.254732 -0.402902 0.007092 46 108 104
0.253272 -0.394665 -0.041140 44 117 113
0.255163 -0.395272 -0.039170 71 136 129
0.254074 -0.396053 0.007194 50 108 104
0.252604 -0.384653 -0.040787 2 98 93
0.256081 -0.385017 -0.038043 53 127 122
0.254747 -0.376211 -0.036034 55 111 109
0.255206 -0.362777 -0.041215 0 90 84
0.256166 -0.365723 -0.037531 118 162 160
0.257504 -0.362754 0.003591 70 108 108
0.254570 -0.354784 -0.041404 1 88 84
0.254480 -0.353637 -0.038907 64 117 111
0.255991 -0.355684 0.004489 70 96 96
0.256173 -0.352402 0.013948 66 94 95
0.255035 -0.344671 -0.042379 4 72 68
0.255676 -0.345804 -0.036778 101 149 147
0.255148 -0.348443 0.016328 73 107 108
0.254600 -0.346144 0.025406 82 118 119
0.254974 -0.343423 0.034964 89 123 124
0.254357 -0.341407 0.042989 102 130 130
0.256070 -0.336972 -0.042410 0 43 42
0.253786 -0.335484 -0.035818 41 69 69
0.253339 -0.332746 -0.026869 58 88 88
0.254390 -0.336888 0.036188 92 120 122
0.254520 -0.337376 0.043277 107 134 135
0.256381 -0.334056 0.054894 86 118 120
0.256333 -0.326253 -0.034665 117 139 139
0.252605 -0.324468 -0.023579 120 150 149
0.255077 -0.324528 -0.012500 14 91 88
0.255964 -0.321556 -0.009625 16 90 88
0.254108 -0.324690 0.058164 161 166 170
0.255278 -0.324883 0.064728 160 171 176
0.256516 -0.324006 0.076407 166 175 176
0.258225 -0.322463 0.084337 154 164 166
0.255849 -0.314398 -0.011541 32 109 106
0.254293 -0.302877 -0.023628 102 132 132
0.253367 -0.305065 -0.016540 75 136 135
0.254030 -0.306333 0.037866 121 166 160
0.256369 -0.307114 0.045015 60 110 102
0.256203 -0.306702 0.085043 183 184 188
0.254098 -0.294807 -0.022318 42 85 82
0.253161 -0.294026 -0.017440 53 97 95
0.256681 -0.295300 0.027378 85 104 104
0.255792 -0.294375 0.034274 96 111 110
0.256876 -0.295743 0.044464 64 107 100
0.257903 -0.295588 0.054363 20 76 68
0.253547 -0.285239 -0.023457 113 152 150
0.256367 -0.282065 -0.004067 106 127 124
0.255012 -0.284712 0.005234 206 206 204
0.255300 -0.285561 0.032415 82 105 104
0.253555 -0.282550 0.074417 168 177 178
0.254672 -0.275793 -0.023446 82 119 116
0.253944 -0.275695 -0.017385 83 115 112
0.253082 -0.273532 -0.002264 128 151 148
0.255157 -0.272916 0.004380 213 210 209
0.254845 -0.274602 0.010994 212 206 204
0.252331 -0.268458 -0.023076 114 126 125
0.253336 -0.265009 -0.016179 150 154 152
0.255318 -0.265591 -0.006392 226 224 222
0.254093 -0.267719 0.000861 206 206 202
0.253965 -0.263794 0.093665 210 205 208
0.252883 -0.266787 0.109024 192 190 193
0.254979 -0.254815 -0.016167 40 80 73
0.254517 -0.256901 -0.005876 184 188 184
0.254503 -0.256639 0.003692 140 138 134
0.255938 -0.243849 -0.013953 82 94 90
0.255236 -0.243812 -0.007009 188 187 184
0.254505 -0.246249 0.046965 198 191 193
0.254125 -0.245647 0.054689 198 192 194
0.254926 -0.241089 0.081586 208 180 140
0.252309 -0.243460 0.135215 198 160 161
0.252501 -0.237023 -0.012576 10 30 27
0.256516 -0.233251 -0.004015 152 160 155
0.256814 -0.231911 0.026316 68 102 94
0.257057 -0.234508 0.031771 158 164 162
0.255334 -0.234663 0.044712 166 173 172
0.255497 -0.233105 0.055047 122 130 128
0.253903 -0.235392 0.064378 161 159 154
0.254218 -0.235496 0.075133 185 170 152
0.252849 -0.233283 0.082167 189 172 170
0.252337 -0.237566 0.135160 186 182 187
0.253504 -0.225370 -0.013584 87 114 107
0.255023 -0.226446 -0.004797 136 149 142
0.255806 -0.223920 0.003882 132 117 107
0.256486 -0.222869 0.013824 112 72 62
0.255373 -0.226687 0.027496 21 60 52
0.253669 -0.224725 0.035259 26 58 51
0.254159 -0.225186 0.043063 43 78 71
0.253333 -0.222757 0.104890 212 202 204
0.258336 -0.222352 0.113662 191 186 188
0.255163 -0.213281 -0.013280 163 165 162
0.254200 -0.214807 -0.006653 205 194 192
0.253519 -0.213936 0.006454 184 156 154
0.254564 -0.216000 0.014169 198 139 134
0.255557 -0.213717 0.026514 209 168 163
0.254933 -0.213387 0.033234 217 154 146
0.256065 -0.215393 0.044630 98 130 124
0.258071 -0.218853 0.104778 202 193 196
0.253505 -0.204185 -0.022377 104 118 114
0.253990 -0.204147 -0.016980 124 132 129
0.254823 -0.205501 -0.004208 110 128 124
0.254539 -0.207246 0.003960 176 149 147
0.255957 -0.207719 0.016521 200 142 136
0.255603 -0.207796 0.024803 206 147 140
0.254750 -0.203405 0.035941 194 165 160
0.253516 -0.203770 0.044004 203 160 156
0.253612 -0.204544 0.054996 169 157 152
0.254706 -0.204425 0.065258 111 149 146
0.255128 -0.204677 0.116600 152 147 148
0.254903 -0.203545 0.126082 185 178 179
0.255084 -0.196509 -0.013623 152 156 153
0.255012 -0.194871 -0.008520 194 189 188
0.255427 -0.192198 0.015417 177 174 170
0.254017 -0.194913 0.025985 194 175 170
0.254183 -0.193655 0.034716 204 148 142
0.254391 -0.195110 0.044481 210 187 184
0.255848 -0.196781 0.053977 202 200 204
0.253338 -0.192979 0.075582 137 161 159
0.254509 -0.191564 0.082552 88 134 126
0.255550 -0.196772 0.126622 190 189 191
0.255870 -0.196489 0.133110 185 184 185
0.253674 -0.193635 0.142947 178 172 174
0.255545 -0.184411 -0.013307 178 176 174
0.253084 -0.186300 -0.007094 150 154 152
0.255468 -0.184982 0.026260 205 171 164
0.252587 -0.184656 0.035950 221 190 186
0.253414 -0.187721 0.042931 168 164 165
0.255684 -0.188337 0.053249 116 114 115
0.256265 -0.187164 0.065178 182 180 182
0.255210 -0.186413 0.075065 192 190 193
0.253299 -0.183147 0.083919 202 200 202
0.256077 -0.185400 0.124238 211 206 206
0.257516 -0.177598 -0.015458 94 110 106
0.257744 -0.177155 -0.003659 184 176 173
0.257507 -0.175179 0.003645 210 186 182
0.256741 -0.172857 0.014415 208 156 148
0.254393 -0.175966 0.023640 212 157 148
0.255484 -0.176481 0.036218 197 186 182
0.259192 -0.172279 0.047719 217 212 208
0.255472 -0.173225 0.065951 144 144 140
0.254623 -0.176691 0.076242 168 165 163
0.254015 -0.173333 0.083937 206 200 204
0.257467 -0.173375 0.095092 196 192 194
0.256344 -0.175861 0.104272 199 194 196
0.255991 -0.178585 0.112879 206 201 201
0.256682 -0.162770 -0.003197 201 170 166
0.254949 -0.164367 0.004180 224 186 179
0.253470 -0.164943 0.013537 227 189 183
0.254385 -0.164087 0.025115 182 176 178
0.256325 -0.163714 0.056658 160 156 155
0.253004 -0.164781 0.063236 178 173 172
0.253096 -0.164442 0.073304 195 190 188
0.255000 -0.166063 0.083694 203 199 203
0.256081 -0.156151 -0.004556 158 122 108
0.251884 -0.158080 0.002146 188 145 132
0.256385 -0.156932 0.018233 218 214 214
0.255098 -0.156018 0.025237 214 208 208
0.256558 -0.154475 0.034759 208 203 205
0.254317 -0.155391 0.043813 161 159 158
0.254431 -0.155019 0.051840 202 197 195
0.257629 -0.154900 0.076035 209 206 206
0.252681 -0.155629 0.084226 215 208 209
0.254223 -0.141839 -0.004383 172 172 174
0.254684 -0.145593 0.006024 117 141 138
0.252549 -0.145475 0.015289 117 139 135
0.255581 -0.142844 0.026183 108 144 140
0.255395 -0.143766 0.034496 188 184 180
0.257595 -0.142147 0.057116 167 170 168
0.255302 -0.141940 0.065634 156 160 160
0.253311 -0.144068 0.075805 208 210 212
0.251820 -0.146496 0.083272 216 214 220
0.255588 -0.144659 0.103546 134 160 156
0.255540 -0.133708 -0.021933 147 160 158
0.254818 -0.136774 -0.015960 188 187 188
0.254934 -0.139659 -0.007580 173 171 174
0.255002 -0.135712 0.016828 73 76 73
0.257221 -0.133317 0.028216 73 100 91
0.255397 -0.136219 0.033805 77 100 92
0.254965 -0.133706 0.045195 84 116 111
0.255021 -0.135711 0.054010 148 152 152
0.254635 -0.136160 0.065229 179 182 184
0.254212 -0.136885 0.074531 200 201 203
0.253882 -0.134297 0.084620 214 208 209
0.252654 -0.138564 0.113247 188 190 190
0.254396 -0.131932 0.125978 178 175 176
0.254918 -0.126617 -0.020955 113 134 128
0.255645 -0.124329 -0.017973 130 136 130
0.254344 -0.123998 -0.005127 163 157 151
0.256088 -0.124862 0.003462 118 115 109
0.253385 -0.124607 0.013692 137 135 128
0.254899 -0.123028 0.026154 140 144 142
0.252580 -0.122680 0.033446 151 154 151
0.254969 -0.125925 0.044376 181 178 175
0.252935 -0.126022 0.052586 125 147 141
0.256106 -0.126634 0.065778 150 171 170
0.252380 -0.129119 0.076798 214 211 215
0.257505 -0.121816 0.096308 226 221 224
0.253012 -0.124695 0.105873 234 227 228
0.251888 -0.123281 0.117793 236 224 222
0.255734 -0.114741 -0.003453 137 134 131
0.254082 -0.115232 0.005376 166 162 159
0.254491 -0.116934 0.015595 164 164 162
0.254901 -0.117430 0.024839 154 153 149
0.252999 -0.117002 0.033330 129 132 125
0.255125 -0.114728 0.074765 173 185 184
0.254301 -0.114238 0.087789 155 175 173
0.255910 -0.115678 0.092650 156 178 176
0.254585 -0.112673 0.136145 240 228 228
0.257414 -0.115621 0.145993 242 234 233
0.254782 -0.105173 -0.015203 134 136 136
0.255645 -0.106840 -0.006242 161 160 159
0.253978 -0.106262 0.007338 124 142 135
0.258374 -0.105036 0.012991 102 132 123
0.255158 -0.104161 0.027535 94 118 112
0.253170 -0.106139 0.035771 145 154 150
0.254048 -0.107356 0.043292 102 110 108
0.253801 -0.104160 0.055674 226 215 216
0.255015 -0.104207 0.064704 230 221 223
0.254687 -0.104144 0.074353 239 233 233
0.255247 -0.108926 0.085246 228 222 222
0.254681 -0.103496 0.096943 150 156 152
0.255338 -0.103469 0.104832 162 162 161
0.254157 -0.102967 0.115055 222 218 218
0.251760 -0.103266 0.122750 240 233 235
0.255577 -0.109055 0.134126 242 232 232
0.257419 -0.107501 0.142895 213 204 198
0.252411 -0.096682 -0.015927 102 119 112
0.254965 -0.097293 0.047383 170 172 171
0.254234 -0.096487 0.054318 219 212 212
0.254383 -0.092982 0.066464 162 168 167
0.256732 -0.098073 0.073464 242 236 234
0.253730 -0.096702 0.086086 178 177 176
0.255464 -0.093725 0.095783 217 211 211
0.255007 -0.093215 0.105402 240 234 234
0.256023 -0.094212 0.114314 221 210 207
0.254426 -0.094414 0.123092 209 200 198
0.254513 -0.082306 0.004524 170 170 172
0.255421 -0.083862 0.055978 146 156 155
0.257536 -0.085983 0.064507 145 156 155
0.254342 -0.083077 0.076787 153 157 155
0.254218 -0.083638 0.084657 177 177 177
0.253121 -0.081904 0.093092 191 177 160
0.256908 -0.088266 0.106974 204 182 166
0.256343 -0.073511 -0.016186 176 176 178
0.255413 -0.076318 -0.005828 148 157 157
0.254916 -0.071295 0.046990 205 201 203
0.253317 -0.074524 0.054398 203 200 203
0.255655 -0.075157 0.064500 184 182 184
0.255753 -0.077034 0.073842 93 112 108
0.255838 -0.077842 0.086442 205 181 160
0.255020 -0.076582 0.094457 233 226 224
0.253932 -0.064892 -0.022289 80 99 94
0.251849 -0.062438 0.015867 178 176 176
0.253571 -0.063423 0.026208 162 162 160
0.255740 -0.065334 0.036593 202 197 198
0.255528 -0.065146 0.045067 201 197 196
0.254337 -0.064540 0.052363 204 198 195
0.255412 -0.064048 0.106681 197 188 188
0.255440 -0.062598 0.113442 198 192 188
0.255917 -0.053129 0.034646 186 186 184
0.255424 -0.055137 0.043880 193 189 187
0.257052 -0.055552 0.054988 207 201 198
0.255952 -0.055591 0.065357 207 202 197
0.255048 -0.055499 0.075036 200 194 190
0.255215 -0.055337 0.085866 219 211 206
0.255032 -0.053388 0.094713 213 207 204
0.254847 -0.053696 0.105524 196 176 161
0.253631 -0.056950 0.112701 196 178 166
0.254663 -0.046627 0.026893 177 179 178
0.253676 -0.045834 0.035605 153 153 149
0.257169 -0.044928 0.047009 196 191 187
0.257261 -0.045035 0.052581 215 209 205
0.259589 -0.043456 0.075451 210 205 204
0.254152 -0.043941 0.086739 224 215 212
0.255753 -0.047808 0.092057 222 213 210
0.255428 -0.033918 0.015901 194 194 192
0.254427 -0.035594 0.023193 197 195 193
0.256488 -0.032844 0.046895 225 221 219
0.255388 -0.035420 0.053855 198 199 196
0.255605 -0.034697 0.066095 168 178 176
0.257050 -0.036702 0.072380 196 198 195
0.255972 -0.023443 0.037347 122 160 156
0.255582 -0.025354 0.044694 183 196 193
0.255410 -0.027121 0.054457 128 166 161
0.254099 -0.013290 -0.004867 110 145 140
0.254721 -0.014553 0.026864 242 236 235
0.255466 -0.006819 -0.005649 96 136 129
0.254061 -0.006529 0.003829 174 180 177
0.255124 0.006393 -0.013200 205 176 140
0.255053 0.005706 -0.005965 112 157 149
0.253742 0.015930 -0.017927 126 158 142
0.255070 0.026809 -0.021957 90 148 138
0.254948 0.025277 -0.016560 86 136 114
0.252476 0.025813 -0.006562 90 126 101
0.256458 0.034698 -0.020704 87 138 114
0.255218 0.035397 -0.017563 82 126 96
0.252689 0.036877 -0.004973 74 118 104
0.256862 0.041880 -0.020174 38 106 89
0.255356 0.043529 -0.017752 90 141 127
0.254622 0.044301 -0.004412 100 148 136
0.256963 0.057186 -0.002702 130 148 126
0.253335 0.057421 0.003029 201 200 190
0.257028 0.064132 -0.015462 80 138 123
0.255321 0.065275 -0.002960 85 122 97
0.251084 0.063582 0.002707 143 158 148
0.255982 0.075243 -0.003696 64 116 104
0.251191 0.075887 0.004634 113 145 138
0.254644 0.085142 -0.004888 73 140 129
0.257887 0.095514 -0.014289 112 162 154
0.253961 0.094478 -0.003952 40 114 104
0.253965 0.103246 -0.016655 111 161 154
0.263610 -0.665967 -0.060254 32 84 80
0.264643 -0.662827 -0.057785 8 91 84
0.265361 -0.655544 -0.054980 4 90 84
0.265289 -0.644419 -0.045606 6 79 74
0.268958 -0.639006 -0.040778 2 74 68
0.265614 -0.636157 -0.033424 84 136 132
0.263985 -0.631749 -0.024442 114 149 146
0.267172 -0.629058 -0.023545 132 162 161
0.265388 -0.624473 -0.014913 191 201 199
0.262414 -0.621861 -0.007371 188 191 189
0.265467 -0.615721 -0.003410 188 190 189
0.262803 -0.612477 0.001132 185 186 185
0.265139 -0.605768 0.004895 190 192 190
0.266831 -0.605250 0.066209 149 153 153
0.265650 -0.596083 0.014632 190 192 190
0.264264 -0.592003 0.022277 185 186 184
0.265849 -0.596262 0.074557 148 150 147
0.269242 -0.585668 0.015103 112 146 142
0.265264 -0.584439 0.035528 185 186 182
0.262941 -0.581180 0.043685 180 180 178
0.265580 -0.574484 0.015019 47 114 110
0.264489 -0.572108 0.021825 148 178 176
0.266350 -0.576980 0.046098 190 191 187
0.264102 -0.573236 0.054876 207 206 203
0.266728 -0.564542 0.016011 116 155 150
0.265034 -0.563861 0.021669 128 160 154
0.266240 -0.565642 0.058048 220 216 214
0.266004 -0.554986 0.015931 122 158 152
0.267722 -0.555621 0.021857 118 154 150
0.262827 -0.553417 0.057298 223 215 204
0.263976 -0.553868 0.064115 238 229 223
0.263742 -0.555164 0.075744 228 218 210
0.264882 -0.544847 -0.013992 176 170 158
0.264336 -0.543215 -0.004759 179 170 160
0.267605 -0.547202 0.015385 119 148 145
0.261692 -0.542937 0.046631 225 215 206
0.265178 -0.544676 0.055652 235 226 218
0.266467 -0.547536 0.062114 242 234 226
0.265411 -0.536752 -0.004194 184 175 164
0.264990 -0.536392 0.004197 202 194 184
0.264818 -0.536080 0.013124 218 209 202
0.260611 -0.531698 0.027374 214 204 196
0.261408 -0.534089 0.036861 218 210 198
0.264979 -0.534855 0.045077 231 220 213
0.268087 -0.537782 0.051900 233 225 219
0.262391 -0.523827 0.026894 219 209 201
0.264166 -0.525000 0.036286 227 215 207
0.267474 -0.527254 0.042591 231 221 214
0.264733 -0.514454 0.026139 227 215 210
0.265560 -0.515615 0.035003 232 220 210
0.265089 -0.504898 0.023582 231 218 214
0.262977 -0.494387 0.018034 229 214 210
0.265640 -0.495668 0.023782 234 220 213
0.264925 -0.485048 0.015072 235 221 216
0.261708 -0.473922 0.008415 222 208 202
0.264588 -0.475139 0.014474 223 208 200
0.262785 -0.464781 0.007389 222 206 200
0.265650 -0.464811 0.013296 221 206 197
0.262157 -0.453125 -0.002185 114 129 118
0.263869 -0.453705 0.006616 151 159 150
0.266315 -0.455559 0.012951 211 200 192
0.266856 -0.453907 0.024270 210 200 192
0.261623 -0.441452 -0.034827 144 157 146
0.260673 -0.444098 -0.002374 133 150 140
0.265760 -0.445434 0.006618 123 145 138
0.267848 -0.446260 0.012874 198 189 180
0.264647 -0.433217 -0.042605 92 138 125
0.263272 -0.434259 -0.035672 101 144 133
0.263050 -0.434080 -0.024913 114 142 132
0.262703 -0.434591 -0.013842 154 158 148
0.263338 -0.435249 -0.004622 190 184 173
0.266004 -0.435621 0.006432 151 168 163
0.268386 -0.435326 0.012326 122 144 138
0.262789 -0.425509 -0.040889 0 106 99
0.266634 -0.426694 0.006343 120 152 146
0.264044 -0.413775 -0.044302 117 170 165
0.264088 -0.405719 -0.043682 92 137 118
0.264228 -0.403495 -0.038258 0 108 98
0.263889 -0.395441 -0.038319 0 108 99
0.264284 -0.384614 -0.043065 83 143 138
0.264344 -0.385560 -0.038518 0 108 98
0.263185 -0.375557 -0.041912 67 116 112
0.265928 -0.376236 -0.038742 0 108 98
0.266766 -0.372867 0.006462 11 79 72
0.262871 -0.363545 -0.042395 65 128 119
0.265115 -0.365217 0.005390 48 94 92
0.262780 -0.354509 -0.042250 44 109 102
0.263824 -0.357767 0.006873 76 105 104
0.264631 -0.354878 0.012981 72 102 101
0.263782 -0.344017 -0.042104 58 115 110
0.263916 -0.346192 0.036319 86 134 134
0.264514 -0.337276 -0.042851 36 64 64
0.262914 -0.334900 -0.037338 64 92 90
0.263237 -0.337518 0.045634 90 126 128
0.264192 -0.335054 0.054882 88 122 122
0.265571 -0.333622 0.062749 82 118 118
0.265364 -0.333193 0.079857 78 111 111
0.266637 -0.332501 0.085048 76 108 111
0.264784 -0.326232 -0.044216 112 136 137
0.262664 -0.326950 -0.036700 116 140 140
0.264690 -0.325060 -0.012592 5 90 86
0.266050 -0.321669 -0.009324 14 102 98
0.262698 -0.323696 0.076426 156 164 166
0.264195 -0.324026 0.084696 158 169 174
0.264580 -0.313283 -0.012125 12 99 96
0.265179 -0.301789 -0.020459 6 84 82
0.265774 -0.305610 -0.016934 16 96 92
0.267026 -0.301256 0.027017 97 114 112
0.266266 -0.302537 0.034937 73 119 114
0.266002 -0.302462 0.044365 103 154 147
0.266421 -0.303281 0.053969 101 146 140
0.263939 -0.296713 -0.021512 3 69 64
0.263498 -0.298253 -0.017471 14 79 74
0.266970 -0.295820 0.005458 112 123 122
0.263811 -0.297368 0.027252 88 106 105
0.264298 -0.295709 0.034515 96 110 109
0.263957 -0.297553 0.044850 150 176 173
0.263310 -0.297079 0.053866 64 119 112
0.266449 -0.283176 -0.021178 14 68 64
0.266076 -0.282449 -0.016114 28 74 70
0.265058 -0.285440 -0.004599 126 148 144
0.263717 -0.286310 0.003897 216 214 212
0.262799 -0.278039 -0.021094 10 66 64
0.263547 -0.276451 -0.015266 30 76 74
0.267092 -0.272145 -0.005794 220 218 214
0.264484 -0.274835 0.004248 204 201 200
0.265101 -0.262338 -0.013519 110 127 122
0.265824 -0.264734 -0.006327 184 186 182
0.263675 -0.256534 -0.015591 14 60 53
0.265683 -0.251458 0.063933 217 209 207
0.264388 -0.245615 -0.013041 48 65 60
0.264315 -0.245649 -0.004759 137 161 154
0.266906 -0.243817 0.005258 100 120 116
0.266445 -0.244793 0.015233 188 182 180
0.266526 -0.242613 0.036347 185 180 181
0.264302 -0.246005 0.047073 182 178 179
0.264670 -0.245842 0.054765 184 179 181
0.264602 -0.248719 0.064406 217 209 207
0.263759 -0.234991 -0.003591 152 156 152
0.265331 -0.235950 0.003912 112 142 135
0.264391 -0.235023 0.014544 67 112 103
0.263099 -0.234101 0.026979 182 182 182
0.265114 -0.235245 0.033520 192 188 188
0.261530 -0.232342 0.053906 86 100 100
0.264824 -0.225244 -0.004506 136 133 128
0.262597 -0.226788 0.004270 139 110 102
0.264324 -0.226693 0.026005 63 91 87
0.264683 -0.224490 0.034381 119 143 140
0.264209 -0.226672 0.044613 166 162 163
0.265606 -0.215258 -0.015733 160 156 152
0.262916 -0.218717 -0.006898 212 188 185
0.265064 -0.216639 0.016006 212 155 146
0.262927 -0.213826 0.022760 218 158 148
0.266535 -0.217159 0.034841 131 153 149
0.266757 -0.213216 0.044952 78 115 110
0.264959 -0.215485 0.096456 199 194 198
0.263016 -0.218047 0.106643 203 196 200
0.264365 -0.203131 -0.005530 167 141 135
0.264542 -0.204207 0.005193 204 144 136
0.263910 -0.206257 0.014736 212 154 146
0.261504 -0.204463 0.024757 201 161 157
0.263104 -0.203480 0.032846 172 170 172
0.263849 -0.206958 0.055169 128 155 149
0.263596 -0.204199 0.062705 141 168 166
0.265097 -0.194216 -0.011873 168 162 158
0.263214 -0.197401 -0.009285 175 165 162
0.264757 -0.194125 0.016703 208 202 200
0.264917 -0.196546 0.025694 184 181 182
0.264201 -0.193291 0.035256 164 161 162
0.263956 -0.195238 0.043115 199 195 199
0.263308 -0.197668 0.057117 212 211 214
0.262099 -0.197286 0.124804 190 190 192
0.264994 -0.185502 -0.016235 171 170 166
0.266940 -0.181131 -0.006369 177 174 172
0.268709 -0.184628 0.005028 166 162 159
0.265535 -0.183860 0.014376 176 174 171
0.263879 -0.182472 0.025333 203 195 195
0.262620 -0.186084 0.033874 201 198 200
0.267929 -0.184696 0.047493 187 186 183
0.266285 -0.186548 0.052659 136 137 135
0.263539 -0.183696 0.064728 185 184 188
0.262825 -0.182770 0.073336 182 179 182
0.268768 -0.182433 0.094653 194 189 186
0.265427 -0.184346 0.115219 222 218 218
0.265714 -0.177748 -0.013753 141 148 146
0.266053 -0.175049 -0.005821 193 186 184
0.264849 -0.174786 0.004215 180 176 176
0.264103 -0.175066 0.016930 181 174 174
0.263611 -0.176349 0.023526 136 140 138
0.267698 -0.172934 0.035626 102 123 118
0.264752 -0.173792 0.046281 156 155 150
0.262768 -0.175093 0.053852 166 164 159
0.268060 -0.177672 0.065202 204 199 201
0.262926 -0.177673 0.074987 186 183 188
0.265898 -0.173123 0.084470 191 189 191
0.265310 -0.176047 0.094912 194 191 192
0.265092 -0.176028 0.103292 211 206 206
0.265493 -0.164685 -0.012354 190 182 179
0.264099 -0.165404 -0.005084 201 189 186
0.263852 -0.162956 0.003581 182 178 177
0.268088 -0.163115 0.025258 148 148 143
0.264572 -0.164578 0.034708 164 162 158
0.262816 -0.167204 0.052680 101 122 114
0.268752 -0.164721 0.066292 187 184 188
0.267282 -0.166860 0.074358 206 203 206
0.266367 -0.165802 0.084734 220 217 216
0.264157 -0.167433 0.095309 196 195 195
0.265762 -0.155937 -0.013150 165 156 152
0.267374 -0.158516 0.005797 210 207 204
0.265531 -0.154283 0.016246 199 194 189
0.264645 -0.154826 0.025079 210 205 202
0.264378 -0.155614 0.034636 182 179 180
0.263373 -0.155635 0.043524 165 164 164
0.268487 -0.155544 0.056621 162 179 179
0.266710 -0.157733 0.064918 97 132 130
0.262992 -0.153673 0.084293 108 133 130
0.265042 -0.143611 -0.014970 208 198 194
0.266078 -0.145951 -0.004669 114 144 140
0.265305 -0.144849 0.004023 128 143 137
0.264166 -0.143740 0.013407 71 108 98
0.266649 -0.146444 0.024900 203 198 197
0.264205 -0.145128 0.032199 199 194 192
0.265799 -0.141169 0.046629 182 182 181
0.264692 -0.144934 0.057807 185 185 188
0.267986 -0.147753 0.076523 100 120 117
0.266493 -0.142928 0.145792 228 218 220
0.266350 -0.140841 0.153684 148 143 142
0.264731 -0.134413 -0.022845 129 149 147
0.263612 -0.135234 -0.018729 152 170 167
0.265967 -0.134178 -0.005825 168 165 160
0.265467 -0.134237 0.007052 145 146 138
0.266720 -0.134194 0.015194 93 108 101
0.265004 -0.133686 0.025728 88 98 92
0.265590 -0.134940 0.035079 175 174 173
0.264704 -0.136213 0.044599 172 174 173
0.263572 -0.136151 0.054474 174 176 176
0.265442 -0.134801 0.064093 225 220 221
0.263265 -0.131215 0.073109 216 210 210
0.267963 -0.134167 0.104872 168 176 173
0.265580 -0.131922 0.116692 157 166 165
0.266358 -0.131844 0.123899 158 169 169
0.264809 -0.138520 0.137306 238 226 228
0.265915 -0.138463 0.151729 160 155 153
0.265570 -0.125442 -0.021602 125 135 128
0.265455 -0.125185 -0.017250 117 122 118
0.263346 -0.126393 -0.005852 109 110 104
0.265231 -0.127051 0.005451 80 88 82
0.267363 -0.123242 0.017086 166 166 164
0.265457 -0.124487 0.025956 147 150 148
0.264979 -0.125964 0.032975 186 182 180
0.264935 -0.125153 0.042745 160 163 156
0.264631 -0.122863 0.055290 224 219 221
0.265482 -0.122187 0.077811 115 124 126
0.264349 -0.124549 0.085588 158 172 168
0.265227 -0.123119 0.094967 204 206 204
0.262789 -0.125310 0.104986 190 188 192
0.266372 -0.126769 0.115905 216 209 209
0.265934 -0.126591 0.125558 198 196 194
0.263273 -0.114081 -0.001613 180 172 172
0.265499 -0.114370 0.004328 178 175 174
0.264590 -0.116550 0.014391 201 197 197
0.261573 -0.117251 0.024525 206 201 198
0.261503 -0.114695 0.032864 198 190 186
0.267428 -0.112641 0.047045 148 170 168
0.265608 -0.115278 0.054466 144 155 154
0.264937 -0.115416 0.065128 169 173 175
0.265636 -0.113236 0.075728 207 209 208
0.265331 -0.114657 0.084108 210 210 211
0.265580 -0.116649 0.094238 227 222 221
0.266921 -0.116686 0.103685 235 229 228
0.264953 -0.115836 0.113716 244 238 236
0.265733 -0.110841 0.125371 240 230 230
0.268292 -0.113532 0.135353 242 231 232
0.267043 -0.102016 -0.022658 166 168 170
0.264147 -0.104858 -0.015199 172 174 176
0.261611 -0.106455 -0.005995 158 163 165
0.263439 -0.104077 0.015019 28 92 80
0.266011 -0.105726 0.024894 101 139 130
0.263006 -0.106532 0.036773 180 189 188
0.265978 -0.105237 0.045207 189 190 192
0.263997 -0.104196 0.054571 210 206 208
0.265011 -0.103553 0.065570 214 211 212
0.264749 -0.107362 0.074091 162 172 170
0.264806 -0.108340 0.082984 181 177 179
0.264338 -0.101188 0.105511 220 212 212
0.264781 -0.104705 0.115613 240 233 233
0.266696 -0.107802 0.124354 240 230 230
0.266095 -0.105471 0.134768 214 204 201
0.263433 -0.107722 0.143209 218 210 206
0.266052 -0.097552 -0.013805 86 122 116
0.265696 -0.094669 0.026289 90 130 126
0.264658 -0.096814 0.033955 91 131 128
0.267066 -0.095712 0.044569 125 151 149
0.265549 -0.096005 0.052387 164 176 173
0.266130 -0.095555 0.064099 236 231 228
0.265441 -0.092451 0.074788 186 179 174
0.263858 -0.093216 0.086079 201 192 191
0.265057 -0.094808 0.095778 223 216 216
0.264099 -0.096829 0.106282 237 231 231
0.264024 -0.094945 0.113652 234 212 193
0.263241 -0.082904 0.045134 166 172 172
0.265138 -0.083819 0.055003 184 184 183
0.264851 -0.085872 0.063758 149 164 160
0.263318 -0.083509 0.076044 142 159 157
0.265927 -0.085677 0.085098 175 184 180
0.265353 -0.087630 0.094518 165 171 168
0.264038 -0.087517 0.105137 211 180 148
0.266784 -0.075347 0.035375 185 182 182
0.264907 -0.072615 0.045673 186 184 184
0.263965 -0.073648 0.054308 195 194 193
0.264549 -0.075121 0.064966 183 182 182
0.264887 -0.077085 0.075671 86 120 115
0.262865 -0.076889 0.084307 178 193 189
0.266413 -0.064867 0.036613 198 196 196
0.265183 -0.067251 0.044431 185 185 185
0.263982 -0.066922 0.053584 188 188 187
0.268610 -0.063954 0.065392 220 217 216
0.266245 -0.064466 0.072779 228 224 223
0.265579 -0.065620 0.106066 201 198 196
0.264359 -0.065273 0.112484 201 199 198
0.266734 -0.055918 0.034825 197 198 198
0.267232 -0.053157 0.046650 229 226 224
0.264121 -0.053271 0.066347 160 171 168
0.264786 -0.054734 0.075393 188 188 185
0.265303 -0.056428 0.085790 209 205 201
0.265237 -0.055049 0.094106 226 220 218
0.265070 -0.056540 0.105163 222 214 204
0.265674 -0.058324 0.112256 220 200 173
0.268434 -0.041889 0.017580 196 198 199
0.265907 -0.043943 0.025355 188 188 188
0.265840 -0.043492 0.035111 182 185 183
0.264688 -0.044695 0.045489 205 203 199
0.264345 -0.044061 0.053783 213 211 208
0.264449 -0.044288 0.076293 196 200 197
0.265257 -0.047201 0.086027 214 217 214
0.262796 -0.049131 0.091458 216 210 208
0.264771 -0.034321 0.005894 164 174 172
0.266517 -0.037775 0.016278 191 193 194
0.266141 -0.038227 0.023548 195 199 198
0.265551 -0.034452 0.036637 172 186 186
0.264615 -0.034854 0.045748 222 224 223
0.265165 -0.034235 0.054337 198 211 207
0.265305 -0.038774 0.071840 128 170 166
0.266678 -0.022665 -0.003504 80 130 122
0.264222 -0.023272 0.037111 169 191 188
0.265519 -0.025795 0.042620 173 199 195
0.263632 -0.028949 0.054333 129 166 165
0.265517 -0.014612 -0.005332 80 129 122
0.265278 -0.011481 0.015980 244 236 238
0.265910 -0.014579 0.022660 244 238 235
0.263472 -0.004490 -0.007761 112 152 145
0.265878 -0.005579 0.002564 229 226 227
0.263518 -0.007307 0.010519 244 240 237
0.266122 0.005787 -0.014241 134 158 154
0.265033 0.003252 -0.005862 152 180 174
0.264132 0.035498 -0.023233 61 118 85
0.265608 0.044597 -0.024142 92 144 118
0.263887 0.054529 -0.018728 42 116 106
0.263680 0.065565 -0.017194 70 126 100
0.267251 0.073514 -0.021699 56 124 103
0.263820 0.074603 -0.016084 96 144 121
0.264082 0.077182 -0.006533 56 114 104
0.265856 0.084723 -0.016615 88 147 138
0.263036 0.083572 -0.005381 74 130 122
0.264033 0.093603 -0.017236 113 170 162
0.275222 -0.661878 -0.057043 7 92 86
0.275075 -0.654912 -0.055008 4 92 87
0.275304 -0.646835 -0.051306 4 90 86
0.275459 -0.642484 -0.048059 2 88 82
0.276597 -0.636587 -0.044121 1 78 72
0.273569 -0.632391 -0.035856 45 104 98
0.278083 -0.627398 -0.034559 58 117 112
0.274520 -0.625027 -0.026311 120 156 154
0.272928 -0.621220 -0.018816 187 203 202
0.277736 -0.617388 -0.021701 188 208 205
0.274975 -0.614999 -0.013847 195 202 200
0.274784 -0.613475 -0.004221 128 158 154
0.274837 -0.613828 0.055058 154 159 160
0.279169 -0.606344 -0.014511 196 205 202
0.275048 -0.605365 -0.003747 194 197 196
0.273853 -0.604640 0.005711 130 159 156
0.273089 -0.605700 0.063389 138 142 140
0.278219 -0.596386 -0.003235 166 176 173
0.274611 -0.596451 0.005591 128 155 151
0.274254 -0.592357 0.012261 133 150 148
0.276158 -0.593922 0.065416 152 152 151
0.277656 -0.585182 0.006689 10 79 73
0.275733 -0.583768 0.013063 52 106 103
0.274097 -0.584055 0.024357 151 168 166
0.274588 -0.582195 0.031596 148 166 166
0.277893 -0.586285 0.068840 146 148 146
0.274691 -0.586293 0.073088 174 175 174
0.274381 -0.576027 0.008940 58 124 118
0.274258 -0.574731 0.013918 83 134 127
0.276121 -0.574616 0.025847 163 186 185
0.275064 -0.574615 0.034763 160 179 177
0.274024 -0.572263 0.042702 171 182 180
0.274789 -0.564616 0.013134 114 154 150
0.275126 -0.568662 0.028680 131 162 160
0.275456 -0.566740 0.034912 144 160 160
0.275191 -0.564911 0.045190 175 183 182
0.274347 -0.562687 0.053247 185 189 187
0.274022 -0.554957 0.014582 114 152 147
0.277284 -0.557124 0.046019 176 185 184
0.275997 -0.554983 0.055264 182 187 186
0.275067 -0.552433 0.064578 228 220 214
0.273657 -0.545013 0.015241 120 149 146
0.275184 -0.544206 0.056641 197 197 194
0.274968 -0.545474 0.062777 236 228 221
0.276788 -0.537390 0.013422 118 146 142
0.277386 -0.533864 0.037759 102 125 122
0.276263 -0.534580 0.045794 167 174 170
0.275352 -0.536324 0.054855 222 213 207
0.275005 -0.522796 0.037891 222 212 208
0.273785 -0.525693 0.044093 226 216 209
0.273214 -0.512153 0.028266 224 214 208
0.275387 -0.516419 0.033519 222 212 207
0.275306 -0.504773 0.025117 224 212 208
0.276245 -0.506278 0.034548 232 220 212
0.272912 -0.492111 0.019272 231 218 212
0.275400 -0.496498 0.021675 226 214 208
0.274774 -0.484798 0.016962 228 215 208
0.273216 -0.485993 0.024729 236 222 213
0.275065 -0.475089 0.014745 230 216 210
0.276220 -0.464244 0.013666 169 179 173
0.274949 -0.455629 0.013762 183 188 183
0.274332 -0.454785 0.026194 208 204 200
0.276320 -0.452882 0.032894 210 204 198
0.273426 -0.443384 0.008858 112 147 141
0.274218 -0.444483 0.014160 178 179 171
0.273842 -0.432910 -0.042552 94 139 130
0.275705 -0.434168 -0.036273 109 152 142
0.272869 -0.434245 0.008467 155 173 168
0.275827 -0.435593 0.012270 230 215 210
0.276297 -0.426627 -0.043758 87 136 124
0.275455 -0.424008 -0.035729 140 160 150
0.276886 -0.426283 -0.002971 231 224 216
0.275968 -0.427032 0.007333 152 172 166
0.276596 -0.403240 0.006547 67 118 115
0.275220 -0.395475 0.006716 76 124 122
0.277044 -0.387278 -0.040933 0 112 100
0.275120 -0.385396 -0.039020 0 111 100
0.277170 -0.373607 -0.040824 0 110 99
0.272479 -0.375169 -0.038821 0 110 98
0.273959 -0.373014 0.006464 32 98 90
0.277046 -0.367539 -0.040707 0 108 98
0.274097 -0.366229 0.005870 64 109 106
0.274172 -0.354502 0.015330 74 105 103
0.273105 -0.344378 -0.041677 1 82 73
0.276131 -0.344117 0.043456 10 86 82
0.274952 -0.336633 -0.042344 0 40 38
0.276274 -0.336933 -0.037504 2 62 56
0.271370 -0.335157 0.056794 4 68 63
0.274389 -0.326292 -0.012591 0 89 84
0.275729 -0.323049 -0.008812 2 96 93
0.275402 -0.313292 -0.012181 12 102 100
0.272030 -0.303129 -0.020624 33 98 93
0.274711 -0.305401 -0.016938 10 80 77
0.277327 -0.305551 -0.003200 132 146 146
0.276304 -0.303880 0.002587 180 188 186
0.274870 -0.303452 0.035121 114 147 144
0.274355 -0.303817 0.045412 109 152 147
0.274614 -0.303974 0.054007 118 159 154
0.277445 -0.292997 -0.015066 90 130 128
0.275803 -0.293550 -0.003530 148 169 164
0.276708 -0.296820 0.004368 155 169 165
0.274677 -0.297094 0.034584 109 118 116
0.275671 -0.293157 0.044630 138 150 148
0.273969 -0.285222 -0.020562 12 66 60
0.274836 -0.286524 -0.016502 22 74 68
0.273129 -0.287369 -0.006390 156 170 168
0.276381 -0.287903 0.054154 163 166 164
0.275342 -0.275167 -0.013559 93 105 100
0.275051 -0.275134 -0.006138 217 216 212
0.272194 -0.275568 0.003379 202 201 201
0.274275 -0.264461 -0.013668 54 78 72
0.275660 -0.265589 -0.005141 166 169 165
0.276124 -0.265027 0.006262 98 103 103
0.277590 -0.263521 0.014163 131 136 137
0.276446 -0.263597 0.021850 176 180 180
0.274696 -0.253730 -0.013069 76 90 84
0.274973 -0.255518 -0.006456 150 152 149
0.275303 -0.255020 0.015227 177 178 178
0.274183 -0.254564 0.038099 164 165 168
0.275166 -0.253509 0.044298 164 163 166
0.274059 -0.253793 0.056106 180 174 176
0.275948 -0.251583 0.066988 214 204 202
0.274638 -0.251655 0.073446 212 205 204
0.272733 -0.247422 -0.012272 42 64 61
0.272894 -0.244808 -0.003148 95 126 119
0.274819 -0.244606 0.003361 137 154 148
0.272752 -0.247919 0.013798 188 184 182
0.274028 -0.244669 0.036809 187 182 182
0.277089 -0.246130 0.046086 185 183 184
0.274009 -0.245467 0.056235 190 186 188
0.275357 -0.246263 0.063642 199 193 192
0.275726 -0.237801 0.002387 107 136 128
0.274362 -0.233457 0.034172 194 188 188
0.277580 -0.220735 -0.013219 186 184 176
0.273863 -0.223150 -0.007322 192 179 174
0.275189 -0.226308 0.023397 163 164 162
0.274632 -0.222821 0.033163 121 134 131
0.273833 -0.217076 -0.014823 148 152 148
0.276101 -0.216026 -0.005657 188 169 164
0.274088 -0.215392 0.005468 204 150 140
0.278176 -0.215860 0.027396 46 61 58
0.274356 -0.216783 0.034723 61 79 77
0.271099 -0.214906 0.040937 62 90 84
0.274461 -0.215520 0.105272 200 196 200
0.275728 -0.204212 -0.007375 228 162 150
0.271963 -0.204527 0.006227 249 187 176
0.274995 -0.204679 0.057161 204 198 198
0.277105 -0.203812 0.117098 214 214 214
0.278046 -0.202354 0.123188 210 212 208
0.273613 -0.194958 -0.015245 151 140 135
0.273509 -0.197426 -0.006355 160 129 118
0.275550 -0.192538 0.005880 193 188 184
0.275149 -0.194359 0.014482 223 215 211
0.275000 -0.195048 0.024077 228 219 218
0.274228 -0.194287 0.033876 211 206 206
0.273860 -0.183576 -0.021183 96 118 114
0.275390 -0.183463 -0.014868 141 149 145
0.275575 -0.184003 -0.005269 134 145 140
0.273381 -0.184812 0.002583 130 142 139
0.271144 -0.185255 0.012388 112 144 138
0.277330 -0.183409 0.028576 229 221 217
0.276103 -0.185314 0.034336 225 216 213
0.274644 -0.184208 0.044597 168 165 162
0.273488 -0.185439 0.052521 122 123 119
0.273636 -0.183164 0.094766 206 197 192
0.273082 -0.183425 0.105612 212 208 209
0.274059 -0.185977 0.114041 234 231 231
0.277546 -0.187811 0.145060 209 204 204
0.272246 -0.179430 -0.020685 98 122 118
0.274118 -0.176037 -0.015278 149 151 147
0.271956 -0.177660 -0.006240 184 175 172
0.278907 -0.174650 0.015942 169 166 155
0.275563 -0.175902 0.026000 141 154 146
0.274639 -0.177295 0.032719 160 158 152
0.276932 -0.177324 0.047279 198 193 192
0.275382 -0.176468 0.054412 210 204 204
0.273972 -0.174879 0.063403 212 204 206
0.275745 -0.172243 0.076089 180 176 179
0.274058 -0.175241 0.082688 180 176 178
0.276980 -0.175942 0.095385 227 224 220
0.273634 -0.177244 0.101887 198 203 198
0.275615 -0.166194 -0.015188 187 176 170
0.277246 -0.162192 0.005094 83 102 94
0.274909 -0.164182 0.015816 127 132 124
0.275934 -0.164326 0.024819 173 170 166
0.274903 -0.165974 0.034877 148 152 144
0.273328 -0.166018 0.044505 104 134 128
0.277795 -0.163599 0.056042 199 196 200
0.275491 -0.166754 0.066686 207 201 203
0.273652 -0.167308 0.075511 219 212 214
0.274703 -0.163906 0.084572 252 246 245
0.276696 -0.163676 0.117091 189 180 176
0.276653 -0.162803 0.124970 142 140 136
0.277643 -0.161626 0.143851 164 156 152
0.276726 -0.152429 -0.003732 127 149 143
0.273865 -0.155579 0.005547 137 149 144
0.273496 -0.155442 0.014579 192 188 185
0.272782 -0.156818 0.024185 184 182 179
0.272819 -0.155210 0.033026 208 204 204
0.277326 -0.156429 0.045655 204 200 201
0.274272 -0.157662 0.054424 203 200 202
0.272630 -0.155089 0.064768 180 180 176
0.276063 -0.156402 0.093015 195 189 188
0.276697 -0.153143 0.105597 210 202 197
0.276056 -0.156176 0.135841 189 179 175
0.276140 -0.156374 0.143757 198 187 184
0.276242 -0.141744 -0.021413 95 118 113
0.274832 -0.145137 -0.016336 180 182 177
0.274450 -0.145589 -0.004970 142 155 149
0.274822 -0.148099 0.003647 188 184 181
0.275045 -0.146304 0.015727 226 220 217
0.273068 -0.145317 0.026326 225 221 219
0.276074 -0.143107 0.032389 224 219 220
0.276028 -0.143518 0.067570 194 191 187
0.274613 -0.145361 0.075309 210 206 202
0.273637 -0.144808 0.082542 187 184 181
0.276757 -0.147871 0.115418 220 214 212
0.276163 -0.143603 0.144855 238 228 228
0.272746 -0.141744 0.153140 178 170 169
0.272986 -0.134571 -0.022290 127 147 144
0.275029 -0.133999 -0.017803 116 130 123
0.277095 -0.134212 -0.002090 110 115 109
0.275516 -0.135440 0.004475 159 164 160
0.273441 -0.133100 0.013855 184 180 176
0.275415 -0.134467 0.025549 133 137 134
0.273556 -0.136933 0.033212 202 197 196
0.273332 -0.136651 0.044109 188 182 181
0.275117 -0.131179 0.055837 210 204 203
0.271520 -0.133033 0.064321 210 206 206
0.275552 -0.134201 0.085341 72 80 78
0.273939 -0.130850 0.105392 159 159 155
0.276442 -0.133425 0.126142 203 193 189
0.274837 -0.137716 0.135635 240 231 231
0.273037 -0.128074 -0.022030 131 142 136
0.272914 -0.128300 -0.017739 96 104 98
0.276436 -0.126440 -0.003374 127 135 130
0.276889 -0.123378 0.006511 191 190 189
0.274353 -0.126194 0.014567 133 144 140
0.273480 -0.126846 0.024551 137 149 142
0.273975 -0.124606 0.032973 122 144 137
0.274645 -0.126852 0.053914 203 198 195
0.276622 -0.121774 0.075971 94 114 108
0.274340 -0.122727 0.085890 171 169 167
0.272791 -0.124602 0.092804 232 228 230
0.275952 -0.127097 0.103940 200 195 193
0.276339 -0.124544 0.114221 185 178 177
0.272625 -0.126312 0.124204 186 177 173
0.274954 -0.115324 -0.003694 202 201 202
0.273876 -0.117204 0.004555 195 194 194
0.273850 -0.115211 0.046516 73 111 104
0.275251 -0.114126 0.054941 38 82 74
0.277145 -0.113293 0.066877 179 171 168
0.277799 -0.114857 0.074773 207 202 202
0.275285 -0.115830 0.082796 232 226 225
0.276600 -0.114218 0.095184 238 230 228
0.273760 -0.116020 0.104401 227 220 218
0.271625 -0.115323 0.111408 247 242 240
0.278104 -0.113095 0.125800 238 230 230
0.271566 -0.112999 0.133972 242 232 232
0.272947 -0.104661 0.005987 94 132 121
0.273217 -0.104557 0.015316 82 122 112
0.274977 -0.103077 0.026084 135 156 151
0.274228 -0.105170 0.034831 150 164 160
0.271131 -0.107871 0.042735 178 177 180
0.278529 -0.106883 0.057185 169 163 158
0.275933 -0.104472 0.065322 215 210 211
0.273718 -0.105090 0.072490 200 197 197
0.276129 -0.105033 0.106356 234 224 224
0.275047 -0.105904 0.115853 238 226 226
0.276857 -0.103908 0.125741 212 183 151
0.274072 -0.106582 0.133800 195 178 168
0.274957 -0.094499 -0.025875 134 154 152
0.272902 -0.094767 0.026544 135 146 143
0.273593 -0.095122 0.034209 177 175 175
0.274622 -0.095069 0.043679 171 167 161
0.274895 -0.094703 0.056692 214 209 206
0.275276 -0.092254 0.064793 198 194 190
0.275789 -0.093868 0.072957 188 180 179
0.276299 -0.094370 0.086665 215 208 208
0.273876 -0.094057 0.095058 210 210 210
0.272007 -0.093545 0.103820 169 183 179
0.273679 -0.084835 0.015400 176 175 182
0.274494 -0.084107 0.024552 166 165 169
0.274339 -0.081396 0.037958 206 200 201
0.277792 -0.082799 0.047826 206 201 203
0.274912 -0.086001 0.055538 158 163 157
0.274896 -0.086737 0.064507 172 174 170
0.273896 -0.085166 0.074547 196 197 194
0.276510 -0.085819 0.085944 158 169 164
0.274063 -0.087379 0.094721 119 142 134
0.277451 -0.074473 0.005421 159 156 158
0.275750 -0.073619 0.015179 151 148 145
0.276884 -0.074356 0.025124 208 206 207
0.275193 -0.075235 0.033132 195 194 193
0.275105 -0.073226 0.044533 188 186 183
0.273984 -0.075752 0.052496 195 193 191
0.274079 -0.077967 0.064892 217 214 211
0.275566 -0.076602 0.077665 122 146 136
0.278511 -0.075273 0.084851 176 178 172
0.275294 -0.070868 0.103296 219 215 210
0.276656 -0.065972 -0.004630 95 124 124
0.277929 -0.068004 0.006840 156 152 150
0.278171 -0.065486 0.016719 174 173 172
0.274837 -0.064108 0.026239 183 181 181
0.273954 -0.065787 0.034356 172 171 169
0.274432 -0.064792 0.043937 176 184 180
0.273554 -0.064306 0.054635 220 218 217
0.273338 -0.064684 0.063671 218 218 217
0.275566 -0.064870 0.075032 220 220 218
0.276673 -0.061434 0.084472 220 217 214
0.276990 -0.063308 0.092893 220 214 210
0.273262 -0.066082 0.104821 227 224 220
0.273999 -0.062173 0.113006 227 216 206
0.279466 -0.053726 -0.002398 106 130 129
0.276451 -0.054341 0.016786 170 169 169
0.274478 -0.055509 0.024562 181 181 182
0.276028 -0.053795 0.034260 190 194 192
0.275295 -0.056083 0.044130 194 199 195
0.271845 -0.058550 0.057576 219 219 217
0.276114 -0.053249 0.066886 131 150 145
0.274849 -0.054892 0.076117 182 182 178
0.273164 -0.057312 0.085827 227 221 219
0.272969 -0.055538 0.094604 211 215 212
0.274443 -0.057180 0.105459 225 224 221
0.276310 -0.045362 0.006355 172 178 178
0.274844 -0.043954 0.015452 194 195 196
0.272916 -0.045821 0.023922 198 200 198
0.274123 -0.044424 0.035301 94 140 131
0.275095 -0.043447 0.046123 125 159 154
0.274545 -0.044708 0.053465 137 164 157
0.274713 -0.045652 0.064591 124 151 145
0.273156 -0.048314 0.084711 129 166 162
0.276912 -0.033002 -0.004199 55 120 111
0.275467 -0.033791 0.006379 181 190 188
0.274856 -0.036817 0.014685 168 184 182
0.273134 -0.037281 0.022475 138 168 165
0.275210 -0.035413 0.045250 170 192 188
0.273570 -0.034928 0.053850 167 196 192
0.275704 -0.038270 0.065475 127 172 168
0.276251 -0.025124 -0.003807 66 128 121
0.275862 -0.028178 0.001338 124 155 152
0.275454 -0.026340 0.036159 170 199 194
0.272503 -0.027696 0.041908 168 197 192
0.275255 -0.014468 -0.005560 85 136 129
0.272515 -0.011923 0.015100 242 241 238
0.275424 -0.018836 0.026996 248 246 244
0.273853 -0.004527 -0.004127 164 188 184
0.275367 -0.006693 0.004879 244 240 238
0.276436 0.006469 -0.015737 150 180 176
0.274770 0.003654 -0.006627 112 162 156
0.272438 0.079010 -0.024809 69 126 96
0.271603 0.082759 -0.023074 72 133 115
0.273140 0.104779 -0.024455 115 175 166
0.285432 -0.661626 -0.056832 10 94 87
0.284879 -0.655221 -0.054943 2 96 88
0.285041 -0.646659 -0.051358 2 96 90
0.284969 -0.641603 -0.049508 2 96 88
0.285178 -0.634996 -0.047166 2 94 86
0.287070 -0.625570 -0.044276 2 94 86
0.282805 -0.623354 -0.037129 32 102 94
0.288702 -0.615766 -0.041984 4 97 90
0.285240 -0.614309 -0.035440 16 93 85
0.281220 -0.613968 -0.026072 166 191 188
0.288157 -0.605338 -0.034672 12 94 88
0.284027 -0.605078 -0.026064 100 143 140
0.280827 -0.603036 -0.015754 117 136 132
0.283643 -0.607581 0.046305 152 158 158
0.287554 -0.596907 -0.025572 16 98 92
0.284577 -0.594005 -0.014911 42 106 102
0.282272 -0.593251 -0.006454 61 114 111
0.285846 -0.593530 0.056644 147 152 152
0.288114 -0.587316 -0.015285 7 87 82
0.282793 -0.586724 -0.004574 12 77 75
0.283446 -0.584402 0.003338 9 74 69
0.285253 -0.575486 0.005522 78 130 125
0.284959 -0.573072 0.011571 68 123 119
0.284697 -0.578676 0.066629 144 149 149
0.286714 -0.573623 0.073072 148 151 150
0.286704 -0.566491 0.008529 110 151 145
0.284746 -0.565212 0.013898 115 150 147
0.285760 -0.564463 0.024925 111 158 154
0.283025 -0.562504 0.033448 164 196 194
0.286685 -0.554708 0.008920 113 150 145
0.283615 -0.556739 0.012089 114 152 147
0.287935 -0.554859 0.037995 90 132 128
0.284217 -0.554552 0.044687 158 180 177
0.281585 -0.552253 0.054340 181 193 193
0.282092 -0.553786 0.065907 156 160 156
0.284319 -0.554051 0.075013 166 169 164
0.288472 -0.548618 0.044783 144 164 164
0.282753 -0.544530 0.056681 170 175 174
0.283300 -0.543420 0.063778 171 173 171
0.284139 -0.545128 0.074513 152 156 150
0.287018 -0.545495 0.084414 166 168 165
0.282985 -0.533094 0.008176 118 149 144
0.283394 -0.533441 0.013271 119 150 146
0.281487 -0.530562 0.038009 98 123 120
0.281035 -0.532389 0.045430 200 190 186
0.282536 -0.534438 0.056527 180 182 176
0.284640 -0.534943 0.064089 183 184 180
0.287035 -0.535500 0.074420 155 159 154
0.287953 -0.535358 0.084843 164 168 165
0.285890 -0.524594 0.008239 115 146 142
0.286688 -0.526193 0.012320 115 146 142
0.283725 -0.524318 0.036763 138 152 147
0.283810 -0.524190 0.045936 158 164 159
0.284339 -0.525799 0.054791 171 173 167
0.286598 -0.526691 0.064665 191 192 186
0.287704 -0.525880 0.072539 172 180 180
0.287812 -0.516802 0.006439 112 144 138
0.285376 -0.515753 0.026542 104 130 126
0.284746 -0.514548 0.035792 210 200 194
0.287117 -0.516094 0.044846 213 201 192
0.287663 -0.518263 0.053920 216 206 197
0.288317 -0.518278 0.063827 224 218 213
0.284313 -0.503585 0.027558 214 202 196
0.285058 -0.505370 0.034714 215 204 194
0.285110 -0.495319 0.023817 214 202 195
0.285177 -0.483577 0.016580 146 160 153
0.286915 -0.486834 0.021739 214 202 194
0.285037 -0.474866 0.015591 154 164 159
0.288385 -0.478083 0.021128 200 199 197
0.284114 -0.465839 0.014895 151 165 160
0.286534 -0.464550 0.033002 194 198 196
0.285183 -0.454784 0.016638 220 206 201
0.284241 -0.454883 0.034832 206 204 198
0.284939 -0.444831 0.017250 220 207 202
0.286555 -0.441731 0.024612 225 216 208
0.283455 -0.432853 -0.032580 115 154 146
0.284804 -0.433259 -0.025573 136 153 146
0.284515 -0.434508 0.016533 222 210 204
0.284399 -0.437370 0.023993 206 198 190
0.284740 -0.424323 -0.044285 82 138 127
0.283312 -0.424357 -0.013744 153 167 167
0.284434 -0.425124 -0.005594 208 213 208
0.284452 -0.425273 0.006166 154 177 171
0.286677 -0.427344 0.014223 225 214 210
0.285657 -0.413877 -0.043217 4 114 103
0.286178 -0.417370 -0.035754 152 184 176
0.285229 -0.417708 -0.013860 179 186 184
0.286745 -0.417483 -0.006837 180 188 190
0.287459 -0.415660 0.003560 118 152 150
0.285488 -0.404822 -0.042954 0 114 103
0.284138 -0.405487 0.006268 60 115 112
0.285264 -0.395033 -0.042712 0 113 102
0.283947 -0.394475 0.007518 87 137 133
0.285156 -0.384975 -0.043037 0 112 102
0.285250 -0.374717 -0.043301 0 111 100
0.285612 -0.375309 0.006794 36 105 100
0.285521 -0.365343 -0.043244 0 108 100
0.283724 -0.367277 0.006189 74 120 118
0.285456 -0.355032 -0.042957 0 106 98
0.283005 -0.355057 0.017393 74 104 102
0.285371 -0.344945 -0.042919 2 81 74
0.285101 -0.336612 -0.042155 0 42 42
0.283208 -0.337115 -0.037157 2 59 54
0.289598 -0.334881 0.067289 2 90 82
0.287012 -0.333261 0.103305 60 100 104
0.284625 -0.332967 0.114996 71 108 110
0.286215 -0.331830 0.123882 84 111 110
0.285302 -0.326681 -0.012603 2 90 88
0.285252 -0.323604 -0.008231 4 98 98
0.284914 -0.325553 0.116681 158 170 175
0.284995 -0.327075 0.125336 128 142 145
0.284863 -0.313364 -0.013095 4 94 94
0.283931 -0.306763 -0.016172 25 90 88
0.284243 -0.306718 -0.002412 116 128 128
0.286220 -0.304233 0.002508 174 180 178
0.284293 -0.302935 0.035837 184 184 184
0.284836 -0.303613 0.044133 140 156 155
0.284819 -0.304357 0.053213 104 146 142
0.284697 -0.294103 -0.016232 28 78 74
0.284692 -0.296414 -0.004868 130 154 152
0.283988 -0.297250 0.004127 209 209 203
0.282491 -0.298298 0.037104 162 164 163
0.285338 -0.294019 0.046587 184 183 182
0.286840 -0.283196 -0.014162 114 128 126
0.285624 -0.282858 -0.006002 222 219 217
0.287193 -0.287804 0.046946 172 172 172
0.283852 -0.284313 0.056066 162 160 160
0.283933 -0.284550 0.064208 176 174 174
0.285880 -0.273580 -0.004658 179 180 177
0.286835 -0.276289 0.036032 114 124 118
0.286489 -0.274621 0.042276 110 124 118
0.283295 -0.267160 -0.002681 148 146 142
0.283937 -0.264164 0.015658 161 164 170
0.283613 -0.262082 0.023561 160 162 166
0.281727 -0.264869 0.042457 180 177 176
0.285113 -0.262514 0.050796 184 182 178
0.286468 -0.255151 0.016629 166 166 169
0.286282 -0.255332 0.025062 175 174 176
0.285894 -0.254280 0.034513 178 176 178
0.287271 -0.254183 0.040710 162 165 164
0.286985 -0.252368 0.086989 190 186 189
0.286913 -0.256028 0.095046 184 183 184
0.286373 -0.255246 0.105004 184 183 184
0.284978 -0.244774 0.003025 120 142 134
0.282093 -0.243170 0.036861 194 189 190
0.284370 -0.244462 0.044231 203 199 199
0.284334 -0.243681 0.053848 202 198 197
0.284936 -0.244390 0.074849 213 214 210
0.286278 -0.247155 0.105520 172 173 172
0.286219 -0.245119 0.114907 166 168 166
0.285906 -0.235203 0.003898 191 187 182
0.283498 -0.235800 0.036012 196 192 194
0.286763 -0.233519 0.066707 200 200 196
0.283690 -0.237478 0.076875 216 216 210
0.283327 -0.235276 0.084582 178 176 172
0.283215 -0.233772 0.092833 104 108 102
0.286281 -0.238204 0.122349 171 173 176
0.285143 -0.225083 -0.005493 186 182 179
0.286174 -0.227903 0.006693 202 194 190
0.284700 -0.226314 0.013302 199 191 186
0.285099 -0.220929 0.025014 112 126 116
0.289246 -0.223651 0.054840 99 113 110
0.288673 -0.224410 0.065799 124 136 132
0.284908 -0.225610 0.083978 176 174 172
0.285059 -0.225512 0.097277 154 160 156
0.283845 -0.224408 0.104166 129 136 132
0.283585 -0.216256 -0.012717 176 144 134
0.284058 -0.215773 -0.006946 188 155 146
0.284988 -0.217337 0.025380 100 114 107
0.285949 -0.215673 0.034048 114 130 120
0.287393 -0.215213 0.045055 115 129 122
0.285766 -0.214235 0.095611 221 216 216
0.283504 -0.217454 0.116467 144 152 150
0.284121 -0.204518 -0.011287 234 177 164
0.288610 -0.205747 0.037331 111 128 118
0.286522 -0.204628 0.076701 206 202 204
0.287339 -0.208786 0.085837 204 200 204
0.285087 -0.206465 0.106675 156 156 150
0.286405 -0.205481 0.125398 118 125 120
0.287372 -0.205247 0.133393 166 149 135
0.283620 -0.196646 -0.016452 158 114 100
0.286556 -0.192494 -0.003759 171 168 162
0.285377 -0.194628 0.004509 214 206 204
0.285900 -0.195026 0.016274 216 206 202
0.284497 -0.192428 0.036743 212 207 207
0.284587 -0.195722 0.043160 208 202 202
0.284858 -0.197187 0.062601 162 168 167
0.285623 -0.197892 0.113050 217 211 206
0.287678 -0.196326 0.124784 209 204 202
0.286331 -0.194236 0.136657 217 211 210
0.287408 -0.195326 0.144542 212 208 205
0.282237 -0.193050 0.153926 218 212 210
0.282685 -0.185011 -0.023394 112 138 132
0.285217 -0.184257 -0.015312 114 130 124
0.283656 -0.186668 -0.003977 167 164 156
0.288027 -0.183286 0.003257 204 190 179
0.286486 -0.187698 0.015347 223 212 204
0.284727 -0.184212 0.026274 231 221 219
0.284773 -0.184741 0.033074 213 205 204
0.286032 -0.182009 0.044143 180 172 173
0.286366 -0.186517 0.066180 99 115 111
0.284648 -0.174914 -0.014281 171 159 152
0.286591 -0.176009 0.003476 198 184 172
0.284711 -0.173223 0.015125 211 200 192
0.284465 -0.177949 0.025813 214 204 201
0.287766 -0.179317 0.035561 166 158 158
0.285400 -0.176409 0.046144 212 204 206
0.288002 -0.174259 0.067154 190 184 188
0.283097 -0.173841 0.076300 199 195 200
0.285662 -0.174897 0.083068 209 207 208
0.284582 -0.174858 0.094712 170 180 176
0.283952 -0.172817 0.173621 215 203 200
0.284784 -0.166245 -0.014610 176 164 155
0.285568 -0.164526 -0.005578 199 186 178
0.284222 -0.161480 0.004261 212 203 200
0.286697 -0.166326 0.014319 204 192 184
0.283408 -0.167342 0.021746 200 190 180
0.286432 -0.160947 0.035180 192 182 178
0.285853 -0.163408 0.046064 189 184 188
0.283628 -0.164801 0.054960 195 192 196
0.284728 -0.166075 0.064174 207 202 204
0.283122 -0.164992 0.075420 237 233 234
0.282734 -0.161046 0.113858 170 162 157
0.283821 -0.162007 0.143933 163 152 146
0.284985 -0.153668 -0.014500 190 180 174
0.284890 -0.155513 -0.005422 166 160 153
0.284235 -0.156515 0.004387 190 182 180
0.286952 -0.153262 0.035983 209 202 202
0.283704 -0.156144 0.044075 198 193 193
0.284164 -0.150890 0.088701 220 209 208
0.281847 -0.153168 0.095108 212 202 196
0.287188 -0.157784 0.107357 192 182 177
0.286413 -0.158277 0.113292 180 168 164
0.284421 -0.152274 0.126622 230 220 218
0.283790 -0.154545 0.134619 180 171 167
0.283271 -0.147184 -0.017904 144 152 146
0.285772 -0.143749 -0.001546 206 198 195
0.285938 -0.143630 0.003981 220 212 211
0.285018 -0.143348 0.014484 224 216 215
0.286989 -0.142978 0.027203 223 222 224
0.285314 -0.146448 0.033350 219 217 220
0.286026 -0.145646 0.044934 192 180 174
0.287030 -0.144802 0.055491 196 185 179
0.283857 -0.144910 0.066817 194 184 179
0.283878 -0.146078 0.096107 226 216 214
0.285670 -0.142913 0.106556 254 242 238
0.285897 -0.145298 0.115655 252 242 240
0.287573 -0.147860 0.126484 242 233 231
0.285244 -0.142175 0.144611 181 168 166
0.283021 -0.134180 -0.001398 105 108 102
0.284216 -0.134162 0.003835 108 121 114
0.284168 -0.134702 0.014872 173 176 172
0.285465 -0.135424 0.024852 166 162 160
0.285130 -0.135977 0.033493 206 197 196
0.283408 -0.134519 0.043348 216 206 204
0.286399 -0.133851 0.055312 122 130 125
0.285257 -0.134578 0.063715 187 177 173
0.285786 -0.137119 0.072513 142 141 134
0.284027 -0.134965 0.084478 210 199 194
0.285527 -0.135380 0.116383 242 230 229
0.285570 -0.134153 0.126289 210 201 198
0.285246 -0.134150 0.134249 168 158 154
0.283263 -0.124989 0.006833 179 176 176
0.285015 -0.125626 0.015201 110 132 126
0.286769 -0.124839 0.025357 146 155 149
0.285746 -0.125971 0.035024 122 132 125
0.286930 -0.126981 0.044260 172 166 163
0.283249 -0.125751 0.053176 184 184 179
0.284873 -0.121495 0.075107 118 111 102
0.284229 -0.124261 0.086092 179 170 166
0.285673 -0.124276 0.096159 218 209 206
0.283999 -0.123341 0.104335 210 202 200
0.283869 -0.125873 0.114126 175 168 168
0.286701 -0.117278 0.006900 136 132 128
0.285702 -0.118462 0.015389 160 154 153
0.286446 -0.116231 0.026285 164 162 162
0.284390 -0.116308 0.035396 173 172 171
0.284970 -0.116985 0.043876 122 130 127
0.285633 -0.112126 0.056428 150 144 136
0.284610 -0.115418 0.065551 210 201 197
0.284457 -0.116133 0.075374 218 210 208
0.285088 -0.113810 0.085169 241 231 231
0.285887 -0.117950 0.105095 236 224 222
0.283823 -0.112707 0.123079 239 226 228
0.286030 -0.103474 0.026206 168 167 167
0.284191 -0.105311 0.033932 123 132 130
0.286008 -0.104879 0.046268 104 103 97
0.285150 -0.106801 0.055685 155 151 146
0.285402 -0.103245 0.063159 161 158 157
0.286222 -0.105939 0.085549 238 228 227
0.285509 -0.104380 0.105209 238 226 226
0.285209 -0.104981 0.114943 202 202 202
0.284003 -0.105432 0.124134 144 156 144
0.286922 -0.093486 0.016638 200 200 202
0.285740 -0.093623 0.033735 201 196 193
0.284838 -0.094843 0.042795 194 186 182
0.285964 -0.097284 0.054178 158 164 160
0.285190 -0.095637 0.062876 183 182 179
0.284393 -0.093328 0.074952 208 204 202
0.281742 -0.093792 0.085257 229 223 223
0.282456 -0.083120 0.007430 204 202 204
0.287199 -0.086014 0.016062 217 213 215
0.284429 -0.084915 0.024292 164 161 159
0.284761 -0.080983 0.038311 155 149 147
0.285406 -0.084151 0.046739 163 161 158
0.285780 -0.086176 0.054976 184 179 176
0.285685 -0.086985 0.066279 203 198 192
0.285506 -0.084846 0.075681 212 206 201
0.283277 -0.087195 0.084211 181 181 178
0.285737 -0.074517 -0.004329 206 204 204
0.282319 -0.076996 0.004122 170 168 168
0.285991 -0.073690 0.015235 162 158 154
0.284934 -0.076463 0.024346 152 148 140
0.285766 -0.075891 0.036685 182 184 184
0.284105 -0.074647 0.045256 186 185 183
0.283444 -0.077767 0.055605 206 203 200
0.286093 -0.074553 0.065532 221 215 213
0.285223 -0.076844 0.085515 194 194 189
0.284759 -0.073687 0.095568 193 193 190
0.283151 -0.073331 0.102346 208 204 199
0.285949 -0.064592 -0.013319 148 159 158
0.285138 -0.065491 -0.008008 140 144 140
0.286938 -0.064265 0.005688 155 160 156
0.284207 -0.067372 0.012681 152 151 147
0.285072 -0.062725 0.026323 177 177 174
0.285631 -0.062139 0.036060 190 186 185
0.286081 -0.063532 0.044097 202 198 196
0.286550 -0.065893 0.056301 180 182 180
0.284791 -0.066287 0.065081 200 202 198
0.286083 -0.064275 0.076438 191 194 192
0.284894 -0.063316 0.084391 196 196 194
0.285329 -0.066019 0.093793 220 216 212
0.284087 -0.062540 0.106833 151 180 175
0.284834 -0.054733 -0.004364 82 126 120
0.286303 -0.057106 0.005577 146 161 160
0.286190 -0.053574 0.016316 216 216 215
0.284381 -0.055149 0.024480 196 196 194
0.284076 -0.056246 0.033246 184 194 191
0.281939 -0.057112 0.042913 166 180 176
0.285930 -0.054746 0.064960 122 146 142
0.285143 -0.056829 0.074918 184 187 186
0.284346 -0.053417 0.084743 124 166 162
0.284142 -0.056876 0.094981 120 162 158
0.284910 -0.042027 0.007959 180 183 182
0.284267 -0.045954 0.013764 183 185 184
0.282222 -0.044776 0.025914 106 158 152
0.284278 -0.043358 0.035230 37 118 110
0.283320 -0.045027 0.045965 122 161 156
0.283828 -0.049194 0.055183 76 122 120
0.286268 -0.043912 0.066571 128 172 168
0.285398 -0.047525 0.075290 128 171 167
0.285128 -0.034343 -0.005074 43 119 109
0.285008 -0.036612 0.004983 176 184 182
0.284146 -0.033944 0.014403 35 123 114
0.283236 -0.037523 0.024656 1 113 102
0.284923 -0.034272 0.037490 127 175 168
0.285345 -0.036148 0.043195 128 175 170
0.285037 -0.037262 0.054035 127 172 168
0.284682 -0.024838 -0.004996 57 125 119
0.286182 -0.025618 0.002760 89 148 146
0.284507 -0.022354 0.027860 250 247 244
0.285183 -0.026484 0.033492 248 248 245
0.284258 -0.016883 -0.005514 79 133 126
0.284761 -0.014778 0.002950 213 216 216
0.286390 -0.014178 0.014457 250 247 246
0.284832 -0.003445 -0.005025 160 191 185
0.283981 -0.008615 0.005953 248 245 243
0.284751 0.005597 -0.016568 132 174 168
0.283890 0.003071 -0.007643 104 162 152
0.294576 -0.661859 -0.057110 10 90 83
0.294809 -0.655109 -0.054292 1 98 88
0.294561 -0.646498 -0.051424 0 99 90
0.295031 -0.641927 -0.049256 0 98 90
0.294989 -0.634790 -0.047678 0 100 90
0.294977 -0.624680 -0.045458 2 101 92
0.294972 -0.615265 -0.044392 2 100 92
0.297324 -0.605453 -0.042261 6 102 95
0.293124 -0.604174 -0.038249 5 100 92
0.298245 -0.597281 -0.041115 4 96 89
0.295480 -0.596035 -0.036210 6 96 90
0.293654 -0.594846 -0.024847 5 93 88
0.294986 -0.584855 -0.025102 2 94 87
0.293863 -0.582278 -0.015022 71 134 128
0.291919 -0.583124 0.056831 111 134 132
0.293773 -0.573121 -0.004219 77 127 123
0.293335 -0.572759 0.005218 110 150 143
0.294908 -0.571817 0.065712 137 146 145
0.298769 -0.565821 -0.004521 136 173 169
0.294363 -0.566229 0.004585 75 135 127
0.293984 -0.563344 0.012627 73 136 130
0.293379 -0.568184 0.067185 122 136 136
0.295983 -0.556485 0.006262 133 159 155
0.294884 -0.556250 0.012282 92 134 131
0.294525 -0.556004 0.023318 100 148 145
0.292820 -0.555639 0.076695 145 150 150
0.295369 -0.547224 0.005971 112 151 145
0.296191 -0.545496 0.012741 144 154 149
0.297041 -0.545727 0.027500 197 204 202
0.294635 -0.545348 0.034723 187 192 190
0.292091 -0.543999 0.042925 188 196 194
0.292168 -0.546743 0.085453 158 161 158
0.297405 -0.534415 0.036533 200 212 208
0.293541 -0.535380 0.045771 208 210 208
0.290994 -0.533877 0.053674 212 214 211
0.293942 -0.523896 0.007535 104 135 128
0.297411 -0.525406 0.048157 142 175 172
0.293941 -0.524651 0.056589 204 205 199
0.292984 -0.524298 0.063474 213 209 201
0.295529 -0.525805 0.085074 149 155 150
0.296347 -0.523896 0.094656 129 137 137
0.295888 -0.514970 0.006963 105 136 130
0.295102 -0.514475 0.013294 100 130 124
0.294926 -0.514248 0.023939 111 140 136
0.292452 -0.511556 0.036929 110 138 133
0.293319 -0.512740 0.046666 157 164 156
0.294951 -0.514344 0.054415 155 163 156
0.295104 -0.516718 0.063719 156 165 159
0.294942 -0.514478 0.071051 138 160 157
0.298330 -0.516953 0.095467 147 152 148
0.299115 -0.515212 0.103599 122 129 130
0.296983 -0.505885 0.005215 106 139 132
0.292154 -0.502102 0.027586 138 153 146
0.293824 -0.504043 0.034895 137 150 145
0.296296 -0.505175 0.045584 154 162 155
0.298782 -0.507255 0.052750 151 159 152
0.298844 -0.506182 0.064555 197 192 186
0.298883 -0.505655 0.071597 194 190 185
0.294150 -0.494252 0.025613 137 152 146
0.296098 -0.494688 0.035521 155 160 153
0.298095 -0.496946 0.043443 153 156 150
0.294733 -0.493079 0.085632 201 193 190
0.295917 -0.493056 0.093322 207 202 198
0.294173 -0.485042 0.023844 147 152 148
0.296308 -0.486099 0.034413 164 171 166
0.295685 -0.484160 0.076627 196 184 180
0.296327 -0.485592 0.085345 203 194 190
0.298051 -0.486514 0.092866 208 200 198
0.290640 -0.472923 0.019193 212 200 194
0.293881 -0.476048 0.024257 200 198 196
0.293894 -0.474198 0.035993 192 196 193
0.297446 -0.474786 0.041763 192 194 192
0.290972 -0.464397 0.018742 212 200 193
0.296173 -0.465173 0.023184 208 196 188
0.292476 -0.466154 0.036943 189 194 192
0.296776 -0.464600 0.043096 188 192 190
0.291833 -0.455422 0.018939 213 200 193
0.296778 -0.455090 0.022698 209 196 190
0.294966 -0.456744 0.044988 195 196 194
0.291507 -0.445825 0.019150 214 202 195
0.294212 -0.444738 0.024939 214 204 198
0.296503 -0.432749 -0.024243 170 181 180
0.296323 -0.430909 -0.018059 146 168 170
0.296730 -0.433235 0.005445 103 149 144
0.295542 -0.435473 0.023464 212 202 197
0.295951 -0.423823 -0.053506 30 116 108
0.293231 -0.423230 -0.047018 69 137 128
0.294891 -0.426268 -0.022823 174 180 178
0.293832 -0.426050 -0.006994 161 184 186
0.294479 -0.424812 0.006277 150 177 172
0.293176 -0.425961 0.015765 224 216 214
0.294201 -0.415795 -0.045028 77 143 134
0.294336 -0.416997 -0.034585 225 221 214
0.294738 -0.417718 -0.025858 232 221 215
0.294022 -0.415717 -0.005670 196 204 204
0.295245 -0.416890 0.003026 121 156 154
0.298667 -0.403097 -0.051193 2 112 102
0.293207 -0.405374 -0.046733 0 113 103
0.292817 -0.404008 0.003205 86 140 136
0.298077 -0.395226 -0.051221 0 111 102
0.293034 -0.395721 -0.047481 0 112 103
0.293468 -0.385083 -0.047677 0 111 102
0.293850 -0.374603 -0.047626 0 110 100
0.294500 -0.375521 0.005485 42 112 106
0.294286 -0.365354 -0.046847 0 108 99
0.294511 -0.355396 -0.046302 0 100 92
0.294006 -0.344965 -0.046929 2 66 62
0.294702 -0.336758 -0.045363 0 42 44
0.295443 -0.334210 0.068093 0 89 80
0.297530 -0.331800 0.073309 0 86 78
0.292843 -0.333011 0.104266 47 96 97
0.294982 -0.325515 -0.012532 2 91 88
0.295504 -0.324674 -0.007710 2 105 104
0.297309 -0.327951 0.076595 6 86 78
0.298024 -0.327471 0.084008 18 98 89
0.297967 -0.329276 0.116874 78 114 116
0.295625 -0.326763 0.125932 116 140 142
0.294113 -0.324213 0.133898 142 156 158
0.294840 -0.314220 -0.012961 4 103 104
0.294691 -0.313812 -0.007695 68 140 140
0.297083 -0.315759 0.085194 126 164 160
0.298072 -0.312681 0.093540 100 142 136
0.296200 -0.303525 -0.015674 22 91 90
0.295480 -0.302742 -0.003385 160 177 174
0.293029 -0.304783 0.003315 195 203 202
0.291227 -0.300605 0.047809 202 201 198
0.295388 -0.303973 0.125923 98 121 120
0.294174 -0.296637 -0.016128 16 84 83
0.296468 -0.294814 -0.003708 84 120 117
0.295112 -0.294615 0.001676 133 142 142
0.292437 -0.294245 0.048428 192 189 187
0.293698 -0.296133 0.054162 186 194 190
0.296959 -0.293116 0.105127 164 170 170
0.296720 -0.294985 0.112505 99 118 115
0.296537 -0.291593 0.147179 205 204 200
0.293930 -0.285625 -0.014169 63 84 82
0.294301 -0.285862 -0.006293 192 192 192
0.292067 -0.284254 0.065595 110 124 120
0.294409 -0.284109 0.083285 145 159 155
0.295011 -0.282966 0.117479 183 186 187
0.296580 -0.282240 0.126325 186 192 192
0.298092 -0.286169 0.145820 174 172 170
0.299572 -0.284477 0.154755 216 212 206
0.294473 -0.275804 -0.004039 125 138 138
0.295070 -0.272960 0.001399 180 178 179
0.293651 -0.276198 0.034788 38 64 58
0.297250 -0.277868 0.066476 90 106 104
0.296171 -0.275850 0.116006 197 196 196
0.297126 -0.275004 0.124421 195 197 197
0.298837 -0.272456 0.134951 190 196 195
0.295080 -0.268055 0.003247 183 180 182
0.294219 -0.264106 0.045531 132 145 140
0.295863 -0.267387 0.096337 192 190 187
0.296548 -0.262977 0.114916 202 196 196
0.296208 -0.264703 0.126164 207 207 205
0.297640 -0.264467 0.136213 206 206 206
0.297454 -0.265944 0.144387 205 204 205
0.296152 -0.252330 0.004444 144 152 144
0.293274 -0.255893 0.016260 198 196 196
0.293338 -0.254263 0.024817 212 208 206
0.293551 -0.253140 0.032795 216 212 210
0.294193 -0.251741 0.083537 192 188 188
0.293420 -0.253499 0.094392 184 182 183
0.294721 -0.256696 0.106439 195 192 192
0.294709 -0.256822 0.116845 206 206 205
0.297434 -0.255057 0.125182 100 148 145
0.298926 -0.258419 0.136108 196 199 197
0.296091 -0.253328 0.147410 192 189 186
0.297634 -0.254528 0.155847 206 198 192
0.295286 -0.244892 0.005269 161 164 159
0.296106 -0.244144 0.013292 175 171 166
0.294479 -0.248975 0.025136 203 199 196
0.294850 -0.241410 0.045227 217 213 211
0.294145 -0.242176 0.053470 205 206 202
0.295921 -0.245538 0.064987 188 190 188
0.294536 -0.247598 0.074904 194 192 192
0.295968 -0.243911 0.105858 148 148 148
0.294850 -0.243834 0.117234 154 155 153
0.294508 -0.244263 0.126803 126 135 132
0.296378 -0.245300 0.137272 214 206 206
0.298752 -0.248233 0.144563 146 148 141
0.295863 -0.233490 -0.002822 196 192 188
0.294851 -0.236307 0.003902 181 181 176
0.293432 -0.236276 0.012815 193 189 185
0.296753 -0.231941 0.036624 216 210 204
0.296397 -0.236225 0.045520 183 194 190
0.297279 -0.235672 0.055119 142 164 162
0.295981 -0.234187 0.064635 184 187 184
0.297700 -0.234223 0.075073 171 171 169
0.295726 -0.235003 0.085338 178 176 174
0.295898 -0.234719 0.096410 174 173 172
0.294186 -0.234577 0.104919 192 188 187
0.294832 -0.236770 0.117278 180 180 180
0.294123 -0.235850 0.124875 178 179 178
0.296023 -0.233949 0.135551 193 193 191
0.296544 -0.232873 0.142979 175 182 180
0.294820 -0.224117 -0.004346 161 163 160
0.296886 -0.223641 0.003937 160 165 156
0.294357 -0.224165 0.012954 163 164 158
0.298175 -0.222476 0.028092 28 64 58
0.295554 -0.225354 0.033311 60 115 108
0.296311 -0.227616 0.044803 125 164 156
0.296621 -0.228294 0.054642 170 169 166
0.294985 -0.225320 0.065721 144 152 148
0.297700 -0.226161 0.085798 186 181 181
0.296744 -0.226046 0.095452 190 187 186
0.294206 -0.226880 0.101569 190 186 188
0.296891 -0.224060 0.126429 221 217 218
0.296672 -0.227156 0.134468 220 215 216
0.295704 -0.227261 0.143892 223 219 219
0.292270 -0.217437 -0.002518 202 196 190
0.298529 -0.217018 0.006211 144 152 145
0.296632 -0.215214 0.015349 83 123 118
0.293371 -0.216301 0.024634 16 65 58
0.293703 -0.215420 0.033595 86 110 104
0.294802 -0.214021 0.085345 224 222 217
0.291922 -0.213289 0.094233 208 206 210
0.295673 -0.214482 0.114399 209 204 200
0.297033 -0.215496 0.146302 194 176 165
0.295087 -0.215992 0.155142 186 168 157
0.295902 -0.215577 0.163668 198 186 179
0.297587 -0.203425 0.005872 90 140 132
0.296041 -0.207063 0.016156 161 169 163
0.295101 -0.205654 0.024740 201 188 180
0.292592 -0.206361 0.033464 178 177 168
0.294744 -0.202537 0.067165 204 200 203
0.295797 -0.202703 0.073537 204 200 204
0.295156 -0.205011 0.083926 208 203 204
0.297330 -0.204737 0.093633 213 206 200
0.296759 -0.203675 0.104746 203 194 187
0.295374 -0.206108 0.113828 146 148 144
0.295210 -0.204654 0.124783 187 178 174
0.297547 -0.205115 0.165984 244 237 234
0.294760 -0.193559 -0.016228 91 128 118
0.294540 -0.192110 -0.003733 176 180 176
0.294424 -0.194835 0.004464 202 195 190
0.295820 -0.196039 0.036728 198 188 186
0.296035 -0.193499 0.045409 175 174 176
0.295611 -0.194178 0.055151 201 198 202
0.295592 -0.197042 0.064121 204 200 204
0.297592 -0.195862 0.074366 206 201 197
0.296998 -0.192803 0.086953 188 176 164
0.294067 -0.193709 0.094777 190 180 172
0.293710 -0.194740 0.103764 226 219 213
0.297472 -0.194746 0.127368 139 148 143
0.295070 -0.194622 0.135920 215 209 203
0.294810 -0.195570 0.143565 229 222 220
0.293661 -0.186724 -0.015299 117 141 135
0.294461 -0.185012 -0.003741 185 174 166
0.295054 -0.186636 0.004987 160 170 162
0.296256 -0.184376 0.015539 192 197 194
0.296055 -0.182429 0.024838 209 201 198
0.296322 -0.184244 0.036122 196 190 190
0.296478 -0.186047 0.044846 194 190 192
0.297198 -0.186044 0.054478 196 190 188
0.294493 -0.184736 0.063426 191 183 181
0.296986 -0.184164 0.076773 181 170 162
0.296687 -0.186259 0.086845 181 173 166
0.295166 -0.186639 0.095359 215 210 207
0.296980 -0.185151 0.118556 211 202 193
0.295115 -0.186322 0.126134 208 198 188
0.294715 -0.184308 0.132396 227 216 210
0.296336 -0.186713 0.145178 202 204 200
0.296481 -0.174811 -0.004421 193 177 168
0.297578 -0.176477 0.017463 224 216 213
0.295069 -0.177747 0.027311 195 186 186
0.295800 -0.175866 0.034847 197 188 188
0.294234 -0.175395 0.043093 206 199 201
0.295846 -0.176680 0.066541 136 145 143
0.295745 -0.175118 0.075694 160 171 166
0.292192 -0.174869 0.085084 226 225 226
0.296177 -0.177889 0.137378 244 238 233
0.296543 -0.167203 -0.002444 202 185 177
0.295845 -0.164440 0.004760 201 189 185
0.294738 -0.163997 0.014254 210 198 191
0.296536 -0.162186 0.035597 186 180 182
0.294544 -0.164795 0.044312 209 202 202
0.295900 -0.165118 0.055876 211 206 207
0.296661 -0.163623 0.066435 228 228 230
0.292414 -0.168902 0.084445 214 212 210
0.298209 -0.162634 0.094555 120 131 122
0.294799 -0.163317 0.103343 96 100 94
0.296892 -0.163903 0.116414 192 186 181
0.292423 -0.160573 0.136447 118 112 112
0.293898 -0.164669 0.144887 175 167 162
0.294503 -0.166641 0.154248 186 176 168
0.293584 -0.154377 -0.003640 190 184 182
0.295270 -0.156157 0.015194 204 192 187
0.295832 -0.155222 0.024452 197 186 185
0.293435 -0.154501 0.034620 202 194 195
0.294189 -0.155219 0.044502 200 195 200
0.295354 -0.156903 0.054192 204 202 206
0.295372 -0.156812 0.065190 244 239 235
0.297944 -0.155156 0.095694 182 173 167
0.297991 -0.155062 0.103476 193 194 191
0.296660 -0.155714 0.115959 113 131 125
0.294999 -0.154016 0.125154 126 129 125
0.295269 -0.157900 0.135369 126 126 125
0.294795 -0.144884 -0.004996 195 187 184
0.294417 -0.145823 0.018126 220 215 218
0.296215 -0.143248 0.025221 194 184 182
0.295282 -0.148236 0.035389 201 193 192
0.293706 -0.143088 0.054798 206 196 190
0.297764 -0.145897 0.087290 134 154 146
0.297314 -0.143680 0.097659 224 218 214
0.294803 -0.145516 0.104959 195 197 192
0.296354 -0.146571 0.116364 240 230 229
0.295034 -0.146202 0.123327 242 232 231
0.293181 -0.136486 -0.003484 200 190 182
0.293404 -0.135422 0.005312 185 169 160
0.295508 -0.134657 0.014974 196 181 177
0.293821 -0.135685 0.023841 176 163 158
0.294811 -0.132580 0.045662 156 151 144
0.294341 -0.137366 0.054018 142 141 134
0.294041 -0.133931 0.075431 143 152 145
0.295379 -0.139360 0.093653 248 236 234
0.297943 -0.133960 0.105654 238 228 226
0.295664 -0.133297 0.115813 218 210 206
0.295385 -0.133719 0.125474 194 185 183
0.292869 -0.135542 0.133542 153 145 142
0.293443 -0.127107 -0.005452 123 108 98
0.296031 -0.125149 0.003772 157 149 146
0.295764 -0.125744 0.014412 166 157 155
0.292734 -0.125108 0.024299 166 157 153
0.293759 -0.124782 0.033901 182 172 168
0.292446 -0.124576 0.043638 204 198 196
0.294890 -0.123724 0.054960 148 146 142
0.297066 -0.126335 0.068426 156 155 146
0.294441 -0.125964 0.073623 153 144 136
0.295397 -0.122632 0.087319 204 194 192
0.293722 -0.122927 0.094849 217 207 205
0.292724 -0.124179 0.103888 230 222 221
0.295674 -0.114857 -0.003878 156 154 147
0.294993 -0.114807 0.005233 132 134 126
0.294013 -0.115707 0.015600 158 160 156
0.295432 -0.113582 0.022527 148 156 152
0.294812 -0.117031 0.033321 170 162 158
0.296772 -0.114113 0.055416 168 174 169
0.295465 -0.115571 0.065623 174 168 163
0.293759 -0.115561 0.071344 193 184 180
0.297664 -0.115889 0.086545 219 206 203
0.296077 -0.115716 0.095220 240 227 224
0.293974 -0.114253 0.102776 236 224 223
0.297091 -0.103989 0.016527 173 167 161
0.294455 -0.105449 0.023409 145 145 142
0.296635 -0.104859 0.057072 196 194 189
0.297096 -0.107193 0.066002 222 213 211
0.295888 -0.106649 0.075866 244 232 229
0.295596 -0.104878 0.085392 228 215 213
0.294779 -0.104172 0.095090 230 218 216
0.294631 -0.105200 0.105490 194 192 190
0.293365 -0.104493 0.113416 135 148 145
0.294193 -0.094142 0.012748 178 178 176
0.296814 -0.095503 0.024221 79 145 138
0.296438 -0.096152 0.038169 163 182 173
0.296948 -0.093648 0.045935 172 165 160
0.292815 -0.095111 0.054117 191 189 185
0.294571 -0.092167 0.066889 164 166 164
0.293456 -0.092774 0.071995 194 187 185
0.294990 -0.083564 0.005077 197 193 195
0.294245 -0.084214 0.015713 186 186 182
0.293580 -0.084687 0.025874 145 181 175
0.296987 -0.083319 0.037105 178 172 168
0.295130 -0.084618 0.044703 165 164 160
0.295112 -0.085949 0.054904 175 173 169
0.293682 -0.086380 0.064331 189 184 178
0.292983 -0.085563 0.074037 210 202 197
0.296838 -0.074043 -0.004284 197 195 195
0.296976 -0.073133 0.004849 136 160 155
0.296107 -0.073877 0.014387 132 162 156
0.296491 -0.073813 0.025074 178 178 175
0.296404 -0.073333 0.034668 180 180 179
0.296849 -0.072930 0.044915 208 209 208
0.295015 -0.075571 0.054934 206 206 204
0.295812 -0.076670 0.076082 174 173 168
0.294943 -0.075065 0.085050 178 178 174
0.295339 -0.074397 0.094343 198 198 194
0.294333 -0.064725 -0.012252 162 167 168
0.295830 -0.064678 -0.004001 121 146 142
0.294178 -0.066714 0.003910 118 149 144
0.295874 -0.066959 0.014566 202 204 206
0.295463 -0.065401 0.025332 200 202 202
0.294137 -0.064323 0.034904 159 178 175
0.293441 -0.066532 0.044416 184 186 184
0.292952 -0.068129 0.053677 202 198 196
0.292953 -0.065262 0.065841 158 173 170
0.294234 -0.065535 0.074706 177 184 182
0.294185 -0.065252 0.084576 192 196 196
0.298076 -0.062645 0.097292 126 164 160
0.295283 -0.063182 0.102790 136 169 162
0.295906 -0.056420 -0.005855 67 130 124
0.296658 -0.054631 0.015526 190 191 188
0.293582 -0.057078 0.023796 202 203 201
0.292489 -0.057489 0.033839 116 158 152
0.295261 -0.053194 0.046471 12 96 91
0.296527 -0.054425 0.055748 41 116 106
0.295718 -0.054423 0.075762 122 166 160
0.292608 -0.058637 0.096908 122 164 160
0.294541 -0.055050 0.103682 235 228 226
0.295975 -0.043229 -0.002307 92 149 140
0.294977 -0.043284 0.004267 192 194 193
0.293644 -0.047594 0.011533 200 203 201
0.295214 -0.044265 0.036659 99 154 146
0.293815 -0.044168 0.043853 121 166 160
0.296031 -0.042327 0.054663 152 182 176
0.292887 -0.045384 0.063032 125 174 168
0.294780 -0.035332 -0.004426 109 146 143
0.295139 -0.035019 0.002792 90 146 141
0.295216 -0.034961 0.013400 6 117 106
0.294116 -0.038789 0.022931 12 112 102
0.297252 -0.034030 0.037944 249 249 248
0.293433 -0.036859 0.044102 170 196 191
0.294468 -0.039381 0.051514 126 174 167
0.295813 -0.025342 -0.011409 78 135 131
0.295229 -0.026315 -0.006120 92 150 143
0.294436 -0.024679 0.026007 252 252 249
0.293403 -0.029739 0.034629 250 250 246
0.293789 -0.017265 -0.007350 78 134 127
0.294211 -0.016642 0.013504 248 244 242
0.294988 -0.004698 -0.005176 153 190 182
0.293365 0.003343 -0.013510 124 176 168
0.304874 -0.654993 -0.053544 1 99 88
0.304903 -0.646275 -0.051620 0 100 90
0.303866 -0.641017 -0.049292 0 100 91
0.304745 -0.634723 -0.047071 0 102 92
0.305061 -0.624893 -0.045610 0 106 94
0.304910 -0.615114 -0.045971 2 104 95
0.306799 -0.606349 -0.044238 4 103 96
0.302753 -0.602771 -0.036572 6 104 97
0.305408 -0.595328 -0.043967 4 104 94
0.301760 -0.594711 -0.037837 22 112 104
0.307098 -0.586942 -0.041913 0 97 89
0.304553 -0.583396 -0.036559 0 96 88
0.307942 -0.575519 -0.034320 2 94 86
0.303721 -0.574645 -0.024912 11 94 88
0.303917 -0.573483 -0.015527 135 150 146
0.308171 -0.566548 -0.024351 8 96 88
0.306982 -0.563526 -0.015036 91 154 148
0.301898 -0.563864 -0.005784 87 148 141
0.308936 -0.556549 -0.012342 82 131 129
0.304251 -0.555664 -0.004342 113 155 151
0.304169 -0.553325 0.002980 84 137 132
0.308366 -0.544942 -0.004279 40 99 95
0.303949 -0.546070 0.004906 108 142 139
0.301770 -0.544315 0.013613 117 136 132
0.305430 -0.536856 0.005451 66 122 116
0.304102 -0.534946 0.013262 122 160 156
0.302106 -0.533020 0.027193 68 129 124
0.306180 -0.524580 0.023310 74 125 122
0.304422 -0.524969 0.035796 80 140 134
0.302564 -0.513058 0.007357 103 136 128
0.306924 -0.517274 0.045217 74 140 135
0.301833 -0.512799 0.056588 143 157 150
0.302630 -0.512278 0.063725 181 188 182
0.301902 -0.512225 0.087060 148 154 148
0.302624 -0.514640 0.104436 134 142 142
0.304062 -0.504312 0.006358 104 138 131
0.300347 -0.501794 0.049110 140 151 145
0.302493 -0.505408 0.054888 197 190 182
0.304212 -0.504801 0.065603 145 156 152
0.304894 -0.503906 0.074311 142 157 153
0.303282 -0.504257 0.084076 141 153 147
0.303917 -0.505469 0.095670 126 136 130
0.304040 -0.504972 0.105297 146 154 152
0.306250 -0.503321 0.114310 159 166 164
0.306041 -0.495484 0.003838 102 137 130
0.300916 -0.491577 0.037103 200 189 182
0.301475 -0.493419 0.046766 153 154 149
0.303407 -0.494835 0.053401 152 156 150
0.304614 -0.495007 0.063589 149 153 148
0.306117 -0.495093 0.075302 200 197 191
0.304644 -0.495618 0.085574 203 200 195
0.303197 -0.492790 0.093317 212 208 201
0.302995 -0.492857 0.114252 222 215 212
0.307768 -0.485613 -0.003500 104 138 132
0.301325 -0.483179 0.027435 198 188 180
0.303088 -0.484879 0.034736 198 188 180
0.303222 -0.485603 0.045174 165 168 162
0.305264 -0.485482 0.054012 166 168 164
0.305919 -0.485305 0.064953 168 171 165
0.304638 -0.484446 0.074953 198 189 181
0.305109 -0.485183 0.085428 210 204 199
0.304221 -0.484648 0.094397 224 219 214
0.305250 -0.483889 0.106839 220 211 204
0.306368 -0.487006 0.114134 224 216 211
0.302696 -0.474964 0.025481 198 186 180
0.306205 -0.474987 0.034407 196 185 180
0.304258 -0.475339 0.045349 195 190 185
0.306530 -0.475497 0.056045 188 185 181
0.307235 -0.476095 0.064905 182 182 176
0.306220 -0.475083 0.075637 205 196 188
0.306036 -0.475431 0.085718 217 211 205
0.304980 -0.476662 0.094335 225 221 218
0.307532 -0.477296 0.104185 224 218 213
0.305682 -0.465449 0.024840 193 195 188
0.307423 -0.466681 0.033757 194 184 178
0.304517 -0.464759 0.045626 195 184 176
0.305910 -0.466360 0.056561 188 186 182
0.307284 -0.464808 0.065202 192 191 187
0.308609 -0.465419 0.073774 171 171 170
0.305748 -0.465563 0.084787 219 217 217
0.307082 -0.465650 0.094036 224 224 226
0.304341 -0.455345 0.026371 150 158 151
0.307030 -0.454113 0.033301 201 200 194
0.304362 -0.453919 0.046079 199 190 182
0.306269 -0.454539 0.055697 206 197 190
0.307309 -0.455780 0.066312 206 205 204
0.307915 -0.456641 0.073861 208 208 206
0.307696 -0.456857 0.083581 219 220 222
0.305129 -0.443004 -0.024523 172 173 172
0.304341 -0.446376 0.027899 134 158 150
0.305012 -0.444035 0.034618 171 176 170
0.306445 -0.443469 0.043712 210 204 199
0.307336 -0.447653 0.054191 218 214 208
0.305303 -0.436861 -0.032487 156 172 175
0.303953 -0.435185 -0.024012 194 198 196
0.305260 -0.433994 -0.016372 185 188 186
0.306758 -0.434866 -0.002774 110 157 152
0.304066 -0.434356 0.003637 109 156 150
0.302602 -0.435838 0.026959 210 204 200
0.303521 -0.435703 0.036139 141 155 149
0.305019 -0.435734 0.041993 147 170 164
0.306594 -0.423489 -0.063422 20 104 94
0.304833 -0.423512 -0.055205 50 122 112
0.303573 -0.424935 -0.015074 180 184 183
0.306564 -0.423099 -0.002826 116 152 149
0.304332 -0.423110 0.004121 114 158 152
0.305313 -0.412690 -0.054515 95 148 140
0.304006 -0.415952 -0.044580 184 197 190
0.304333 -0.416688 -0.033896 227 220 213
0.306492 -0.417100 -0.023801 228 221 214
0.305643 -0.418176 -0.016583 226 220 216
0.304760 -0.415547 -0.004000 133 165 164
0.304417 -0.417245 0.003343 118 152 149
0.305054 -0.404756 -0.055219 3 112 102
0.305894 -0.407392 -0.002453 85 140 138
0.304319 -0.405695 0.000899 86 141 137
0.305386 -0.394872 -0.055503 0 111 102
0.305149 -0.384754 -0.054467 0 110 100
0.305491 -0.375092 -0.053826 0 108 99
0.306782 -0.376255 -0.002808 63 112 110
0.302441 -0.374426 0.002139 58 113 112
0.306043 -0.365148 -0.053662 1 104 97
0.305310 -0.366992 0.005307 64 99 98
0.305253 -0.364330 0.010883 60 100 100
0.306046 -0.355263 -0.053009 2 84 76
0.305571 -0.346503 -0.051799 0 54 49
0.303217 -0.344069 -0.047496 2 59 54
0.302219 -0.336779 -0.044146 0 52 51
0.303294 -0.335988 -0.033897 0 61 57
0.305470 -0.335099 -0.024426 0 66 61
0.307126 -0.332920 -0.016562 2 81 78
0.305706 -0.324867 -0.013399 2 88 84
0.305391 -0.325512 -0.007650 3 116 114
0.304329 -0.324923 0.084408 27 87 79
0.303208 -0.324126 0.092625 4 83 74
0.303376 -0.326041 0.105865 109 126 128
0.303460 -0.325396 0.115153 67 100 101
0.303888 -0.325872 0.124398 83 119 120
0.305490 -0.324079 0.133488 80 111 111
0.305150 -0.314451 -0.013972 2 114 112
0.307307 -0.314598 -0.007645 2 118 116
0.301896 -0.312988 0.097782 102 154 147
0.303397 -0.316099 0.117131 180 184 184
0.303510 -0.316614 0.126228 172 180 180
0.305866 -0.316971 0.135650 195 196 196
0.305690 -0.315134 0.140689 206 206 206
0.303821 -0.305501 -0.016608 5 102 99
0.301002 -0.302870 0.135855 85 108 103
0.303605 -0.302876 0.143665 114 130 127
0.302933 -0.295483 -0.004877 150 168 168
0.304934 -0.295850 0.003904 133 150 148
0.306706 -0.293088 0.014114 106 123 122
0.305955 -0.294071 0.024898 164 169 170
0.307003 -0.295206 0.033939 116 141 141
0.304195 -0.292398 0.043634 179 181 182
0.305108 -0.292791 0.054849 192 193 194
0.305722 -0.294517 0.064178 188 187 188
0.306402 -0.296049 0.072907 154 153 154
0.305327 -0.293911 0.108110 131 158 154
0.304793 -0.293048 0.114722 125 162 156
0.303861 -0.292425 0.123020 98 148 140
0.303221 -0.295477 0.135665 123 136 133
0.304226 -0.283258 -0.004211 76 113 114
0.306329 -0.283512 0.005766 170 172 173
0.305837 -0.286082 0.015598 108 126 124
0.305126 -0.286302 0.023544 159 166 165
0.304154 -0.285425 0.037263 144 150 150
0.306473 -0.286683 0.045148 185 186 185
0.306825 -0.286677 0.053079 184 186 185
0.304331 -0.284535 0.075021 83 100 98
0.306223 -0.283484 0.083619 114 124 122
0.305410 -0.286105 0.096148 110 124 120
0.304600 -0.286109 0.104006 197 192 191
0.306359 -0.285581 0.115881 193 188 188
0.303969 -0.283519 0.125906 171 185 182
0.305823 -0.282930 0.134470 176 188 183
0.304746 -0.284851 0.146500 162 166 162
0.305379 -0.285087 0.154070 176 176 172
0.303623 -0.277367 -0.005683 73 110 111
0.302390 -0.273695 0.002644 180 180 180
0.308596 -0.272751 0.027664 177 174 168
0.306436 -0.274532 0.045307 162 160 158
0.306160 -0.275358 0.056194 199 193 191
0.305723 -0.274152 0.065149 179 177 174
0.305281 -0.274433 0.074219 177 172 171
0.305745 -0.271068 0.095543 178 174 172
0.305599 -0.273793 0.104176 187 184 181
0.306935 -0.275123 0.114922 201 199 197
0.305509 -0.275209 0.125980 208 205 204
0.305679 -0.275553 0.134148 191 203 200
0.305978 -0.266608 -0.004906 146 155 154
0.303260 -0.268035 0.002381 174 173 173
0.307172 -0.267177 0.026996 188 184 176
0.305430 -0.263928 0.036122 196 190 184
0.305027 -0.264781 0.077572 218 213 210
0.303258 -0.263039 0.085420 188 185 182
0.303671 -0.265199 0.093963 180 175 174
0.304368 -0.266343 0.103838 184 180 179
0.306038 -0.265843 0.115341 228 223 219
0.304582 -0.261781 0.126787 211 215 212
0.305963 -0.265118 0.135725 220 218 216
0.304299 -0.263987 0.145215 225 223 222
0.303300 -0.264679 0.154010 224 224 224
0.304003 -0.252498 0.008180 192 189 185
0.306224 -0.254448 0.013002 203 198 194
0.303109 -0.254878 0.023452 212 206 204
0.307886 -0.255596 0.035299 106 154 150
0.306177 -0.255574 0.045980 152 168 163
0.306396 -0.253868 0.054720 194 189 185
0.306957 -0.256412 0.074319 176 174 174
0.305972 -0.255504 0.084981 186 182 181
0.305311 -0.254971 0.095315 213 208 206
0.305843 -0.257538 0.105850 226 216 212
0.305041 -0.255512 0.116075 183 192 188
0.306799 -0.257461 0.124849 214 212 208
0.305414 -0.254727 0.134675 215 214 208
0.304454 -0.256272 0.143746 216 221 216
0.304186 -0.252688 0.155608 204 198 195
0.306108 -0.240892 -0.001143 201 194 191
0.303107 -0.246708 0.007157 178 171 166
0.306921 -0.244048 0.025141 124 176 170
0.303752 -0.244401 0.035031 182 196 190
0.305469 -0.244642 0.056572 185 186 184
0.304907 -0.245102 0.064534 186 186 188
0.306008 -0.244920 0.085919 176 173 172
0.304733 -0.241908 0.096690 56 105 101
0.304154 -0.243096 0.106482 145 174 171
0.304305 -0.243657 0.115895 190 196 196
0.305055 -0.244031 0.124432 204 199 197
0.304825 -0.246100 0.134226 214 210 206
0.306430 -0.246115 0.146805 202 201 194
0.304595 -0.235663 -0.004263 176 177 175
0.305657 -0.234595 0.003997 101 135 131
0.306744 -0.234015 0.014814 158 172 166
0.305760 -0.235187 0.024486 192 186 178
0.303806 -0.234263 0.036374 208 201 197
0.305216 -0.234801 0.044885 200 195 194
0.304367 -0.236806 0.055366 185 183 183
0.303674 -0.235067 0.064382 166 164 161
0.304993 -0.234579 0.104566 108 124 120
0.306682 -0.237876 0.113434 183 187 183
0.305655 -0.234561 0.125902 207 203 199
0.304444 -0.234884 0.135700 216 212 208
0.302416 -0.233544 0.141436 218 214 208
0.306542 -0.235618 0.154998 242 234 230
0.302544 -0.225960 -0.003318 124 148 144
0.303783 -0.225401 0.003785 131 143 136
0.304857 -0.223252 0.014240 174 170 163
0.302857 -0.225055 0.026117 139 146 140
0.304265 -0.224724 0.033950 140 150 150
0.306779 -0.226432 0.047053 197 192 193
0.304905 -0.223466 0.055837 178 176 174
0.302649 -0.224598 0.064231 189 189 186
0.303752 -0.224493 0.074275 129 134 133
0.305227 -0.225304 0.085773 126 138 134
0.306064 -0.224902 0.094783 149 164 164
0.305569 -0.223551 0.115308 190 197 194
0.305781 -0.225442 0.126290 219 216 214
0.305113 -0.224938 0.135870 234 232 231
0.304905 -0.226562 0.144436 224 223 222
0.306477 -0.225131 0.152274 227 222 220
0.303180 -0.214574 0.004931 190 184 180
0.303504 -0.216223 0.013918 171 173 167
0.307380 -0.214844 0.022804 182 176 170
0.305553 -0.217536 0.034882 92 108 106
0.307334 -0.216175 0.045665 163 162 160
0.303881 -0.218431 0.054532 176 172 171
0.306901 -0.215391 0.074510 239 234 234
0.304173 -0.216264 0.083427 240 234 233
0.305339 -0.213012 0.105194 191 192 190
0.303110 -0.216602 0.114248 203 198 196
0.303144 -0.216815 0.124283 212 210 213
0.305867 -0.218486 0.134935 233 230 225
0.303727 -0.215018 0.146645 201 185 172
0.305431 -0.215156 0.154899 204 192 184
0.303616 -0.215266 0.163396 200 186 178
0.305280 -0.207528 0.006690 59 107 99
0.304283 -0.203667 0.073841 207 204 207
0.304531 -0.202401 0.084606 197 191 189
0.302886 -0.206076 0.096945 201 193 191
0.304200 -0.204468 0.106736 162 169 164
0.304509 -0.205369 0.113418 141 153 148
0.305229 -0.207154 0.122216 188 187 185
0.302035 -0.200847 0.141444 224 218 216
0.303363 -0.205009 0.163840 240 234 231
0.304834 -0.197088 -0.012830 95 136 126
0.304047 -0.195204 -0.005737 128 159 152
0.308026 -0.194038 0.027210 85 118 116
0.303825 -0.193863 0.034994 162 164 163
0.303597 -0.192626 0.044471 175 174 173
0.306122 -0.194614 0.057175 201 196 197
0.302947 -0.196450 0.066885 202 197 197
0.304544 -0.194578 0.076391 183 186 179
0.305890 -0.193250 0.095348 208 206 203
0.305634 -0.194581 0.102778 225 221 219
0.305690 -0.193741 0.126003 174 175 169
0.304923 -0.195065 0.135737 187 190 188
0.303445 -0.196921 0.142864 231 224 222
0.306086 -0.185301 -0.005623 89 126 122
0.305412 -0.182626 0.004958 172 181 176
0.303557 -0.182931 0.013167 193 193 190
0.302252 -0.183263 0.025921 186 181 179
0.303628 -0.186390 0.035214 148 152 150
0.304591 -0.184209 0.044537 174 177 176
0.303000 -0.183563 0.053462 189 183 182
0.304490 -0.187209 0.065912 174 166 160
0.302256 -0.182684 0.077872 186 178 172
0.308174 -0.187253 0.096682 224 220 219
0.307403 -0.187996 0.104363 250 244 242
0.305203 -0.186422 0.114757 222 216 210
0.303503 -0.185645 0.123209 210 204 197
0.306496 -0.185825 0.142105 230 224 221
0.301995 -0.174783 -0.003816 196 182 174
0.304548 -0.174714 0.003642 207 194 186
0.303234 -0.175425 0.016160 211 203 200
0.304008 -0.175102 0.024471 202 195 193
0.303542 -0.174272 0.034885 190 181 180
0.305206 -0.176349 0.043980 185 178 177
0.305045 -0.176494 0.055275 142 153 150
0.304073 -0.175171 0.065585 184 184 180
0.305962 -0.173939 0.077317 208 205 205
0.307368 -0.177677 0.104620 188 182 178
0.304274 -0.164743 -0.002211 194 180 173
0.305371 -0.164939 0.003225 191 178 169
0.306347 -0.165692 0.026936 200 191 192
0.305676 -0.165548 0.035283 217 212 213
0.304214 -0.164964 0.045359 208 201 200
0.304798 -0.162916 0.058344 200 198 198
0.305860 -0.163814 0.061988 211 209 208
0.303579 -0.166904 0.075377 212 207 207
0.305676 -0.165207 0.137898 130 145 138
0.305753 -0.165874 0.146424 156 161 156
0.305459 -0.167382 0.153174 184 184 181
0.306302 -0.153277 0.016433 200 191 187
0.302944 -0.154381 0.025826 193 184 181
0.303602 -0.155341 0.036045 184 179 182
0.307049 -0.156038 0.046545 229 223 224
0.306107 -0.154455 0.055346 250 242 238
0.301728 -0.154799 0.063641 244 238 235
0.305226 -0.153639 0.086215 170 160 153
0.304279 -0.152401 0.094795 187 183 180
0.303945 -0.153235 0.103922 210 204 201
0.304974 -0.155702 0.114836 158 172 168
0.302606 -0.156003 0.124179 124 145 141
0.303558 -0.158518 0.131240 126 144 142
0.307723 -0.143517 0.008969 202 198 202
0.305240 -0.147116 0.016412 201 191 188
0.304907 -0.145081 0.026428 185 173 167
0.307016 -0.143293 0.032700 189 176 169
0.304212 -0.141900 0.043909 213 203 196
0.307743 -0.145436 0.066214 134 136 130
0.305897 -0.143225 0.075131 146 150 143
0.302979 -0.143950 0.085792 153 162 154
0.305690 -0.144219 0.096316 226 221 218
0.304797 -0.146297 0.104398 177 186 182
0.303059 -0.145197 0.113781 238 230 228
0.307733 -0.133122 -0.003601 207 197 194
0.306703 -0.136069 0.004568 222 218 221
0.304456 -0.136386 0.014459 174 159 154
0.305681 -0.134625 0.036400 168 160 154
0.304459 -0.136588 0.043406 176 165 156
0.305060 -0.134012 0.054193 172 155 145
0.306338 -0.135235 0.075976 204 197 192
0.306690 -0.138144 0.085760 223 217 214
0.304812 -0.135046 0.095135 235 227 225
0.307082 -0.133190 0.105329 226 219 216
0.303982 -0.133437 0.114809 188 181 179
0.303073 -0.134974 0.123351 184 176 174
0.304893 -0.123904 -0.003928 178 166 160
0.305055 -0.125643 0.004934 191 180 178
0.304173 -0.123592 0.014496 200 188 186
0.305355 -0.121845 0.027069 217 207 205
0.306920 -0.123556 0.037357 200 193 193
0.307214 -0.123062 0.046175 212 205 205
0.306831 -0.122741 0.058382 184 173 165
0.304854 -0.125290 0.065486 176 167 159
0.303295 -0.123915 0.074537 190 181 177
0.302150 -0.123351 0.083935 221 215 214
0.306302 -0.126097 0.114715 228 218 215
0.305315 -0.113585 -0.002040 214 200 193
0.306498 -0.114635 0.004832 206 194 188
0.305605 -0.114068 0.014639 209 200 197
0.305645 -0.116135 0.024351 202 190 186
0.305206 -0.116275 0.033649 203 192 189
0.305985 -0.113034 0.045280 169 160 154
0.305510 -0.114699 0.054355 180 172 167
0.304661 -0.116730 0.064209 189 183 179
0.305950 -0.115634 0.075650 224 212 209
0.305055 -0.114128 0.085171 224 214 212
0.304260 -0.112838 0.094815 226 214 212
0.306885 -0.101771 -0.013425 234 227 229
0.306755 -0.107437 -0.005319 229 223 224
0.303865 -0.105945 0.005676 205 197 194
0.304050 -0.104393 0.015973 174 163 158
0.306658 -0.105146 0.025065 156 144 137
0.307614 -0.105766 0.034563 151 143 135
0.307404 -0.105942 0.044136 160 151 145
0.305353 -0.105309 0.053517 196 189 185
0.304479 -0.106445 0.063449 230 221 216
0.305684 -0.103118 0.075175 196 185 182
0.305872 -0.103527 0.085661 195 184 180
0.304619 -0.103158 0.095335 186 174 170
0.303452 -0.105557 0.103359 198 188 184
0.307690 -0.095737 -0.004873 168 158 152
0.305615 -0.094717 0.004992 180 175 174
0.307839 -0.095697 0.026869 183 174 169
0.306806 -0.095293 0.035855 175 170 167
0.305641 -0.095964 0.044205 188 182 178
0.305119 -0.096855 0.055319 200 194 192
0.305810 -0.083981 -0.004299 170 166 168
0.306555 -0.084046 0.004218 204 201 202
0.307567 -0.082342 0.013181 198 215 209
0.305777 -0.087116 0.024142 152 148 142
0.304737 -0.083015 0.036181 160 159 154
0.304943 -0.084823 0.042368 167 165 160
0.304320 -0.085776 0.054082 174 170 166
0.304439 -0.083819 0.064336 167 162 158
0.305239 -0.083437 0.072625 178 174 170
0.306869 -0.074989 -0.012125 183 180 182
0.304210 -0.072824 -0.004072 140 156 153
0.304877 -0.075540 0.004973 122 146 140
0.304438 -0.076807 0.015592 172 166 162
0.305777 -0.075645 0.026310 190 186 182
0.304373 -0.075209 0.034602 185 201 198
0.303108 -0.075237 0.044141 206 207 205
0.304558 -0.074021 0.053502 197 196 196
0.307985 -0.075389 0.072616 96 138 133
0.307143 -0.065191 -0.013586 166 172 173
0.303715 -0.065508 -0.004937 116 146 142
0.305326 -0.064634 0.004985 134 180 178
0.305779 -0.062180 0.016280 193 194 195
0.305070 -0.067324 0.024513 223 224 223
0.301598 -0.067820 0.033678 118 165 158
0.304238 -0.067237 0.053760 117 162 157
0.305639 -0.065933 0.066698 114 162 156
0.305496 -0.064496 0.073857 118 162 158
0.304380 -0.061554 0.087401 116 162 156
0.304670 -0.063936 0.095628 125 168 162
0.302766 -0.065101 0.102999 174 184 180
0.306144 -0.054581 -0.004129 113 160 154
0.304931 -0.053696 0.004580 161 164 163
0.303736 -0.057290 0.014131 192 194 193
0.303100 -0.056013 0.046596 68 126 118
0.304168 -0.053741 0.065989 128 158 151
0.305597 -0.055069 0.072901 175 196 191
0.308378 -0.046586 -0.014020 98 137 137
0.304570 -0.043936 -0.003614 131 176 169
0.304108 -0.046392 0.003110 202 206 204
0.305671 -0.043837 0.027558 90 141 130
0.306668 -0.047264 0.036109 124 159 148
0.304402 -0.043827 0.043258 180 198 193
0.302596 -0.043756 0.056255 231 230 224
0.303881 -0.047958 0.063380 209 212 208
0.305416 -0.033960 -0.014878 93 142 138
0.304992 -0.034084 -0.004947 64 133 125
0.304795 -0.035221 0.002654 59 135 128
0.304925 -0.037968 0.015977 24 122 112
0.305765 -0.033718 0.033208 230 229 226
0.305885 -0.038409 0.041398 184 184 180
0.302665 -0.026473 -0.012635 93 146 142
0.304537 -0.026517 -0.006223 54 128 120
0.305582 -0.022901 0.017095 250 248 245
0.304979 -0.027527 0.023714 250 249 244
0.306119 -0.013691 -0.003196 116 169 162
0.307086 -0.017199 0.007227 248 249 246
0.303369 -0.018038 0.010913 248 248 248
0.307136 -0.001960 -0.013479 150 184 179
0.305390 -0.005564 -0.006746 151 189 181
0.305575 0.004057 -0.017257 124 180 174
0.314880 -0.654667 -0.053171 2 100 90
0.314177 -0.646069 -0.051276 0 102 92
0.314125 -0.642243 -0.049544 0 104 92
0.314887 -0.634771 -0.046793 0 104 93
0.315101 -0.624973 -0.045388 0 108 97
0.314894 -0.614438 -0.047487 3 108 99
0.315131 -0.604933 -0.046923 1 108 97
0.314993 -0.595085 -0.046081 0 105 95
0.315328 -0.585026 -0.044450 0 100 90
0.313884 -0.584058 -0.036948 100 151 145
0.316371 -0.576011 -0.042155 2 102 93
0.312491 -0.573444 -0.037847 2 98 90
0.319015 -0.568238 -0.040507 2 101 90
0.315864 -0.565036 -0.035999 6 100 92
0.312646 -0.565707 -0.025291 56 134 127
0.318051 -0.555449 -0.033264 6 102 94
0.313682 -0.554928 -0.025566 4 98 90
0.310831 -0.554994 -0.018040 4 88 83
0.310164 -0.551735 -0.006961 138 174 170
0.316047 -0.546994 -0.023501 3 104 97
0.315211 -0.544139 -0.016617 2 102 92
0.313708 -0.542141 -0.002528 46 122 116
0.312254 -0.544486 0.001287 94 134 128
0.317705 -0.538173 -0.013077 2 106 98
0.316608 -0.535723 -0.003555 1 94 88
0.313396 -0.534152 0.004224 39 110 105
0.316712 -0.523851 0.005356 0 92 86
0.312675 -0.526697 0.015838 18 75 73
0.316954 -0.512277 0.028411 59 105 102
0.313872 -0.513313 0.034789 61 107 105
0.313106 -0.512895 0.040157 89 149 148
0.317709 -0.504515 0.035302 115 155 152
0.317709 -0.504832 0.043743 102 159 157
0.312618 -0.503740 0.056680 107 161 159
0.310766 -0.503386 0.063615 102 149 147
0.314992 -0.493295 -0.003455 31 102 96
0.313650 -0.493225 0.004576 126 158 151
0.315683 -0.494307 0.013347 185 188 183
0.318945 -0.492526 0.044439 190 192 192
0.317332 -0.493684 0.054362 81 111 113
0.314231 -0.495992 0.063828 136 170 170
0.311348 -0.493311 0.074160 139 166 167
0.311836 -0.492749 0.083979 111 136 136
0.314398 -0.494172 0.105434 110 127 126
0.312912 -0.494282 0.113397 154 164 164
0.313212 -0.485715 -0.002524 72 118 110
0.312097 -0.485503 0.002398 103 142 133
0.318232 -0.483485 0.024646 184 184 180
0.316996 -0.485040 0.053901 196 196 197
0.316035 -0.483739 0.065063 154 159 160
0.313186 -0.483610 0.075565 192 207 209
0.313942 -0.484331 0.085361 175 190 192
0.316350 -0.481924 0.094365 209 221 225
0.316818 -0.486333 0.105974 114 128 128
0.313924 -0.476333 -0.002841 68 122 113
0.313754 -0.475315 0.002998 67 120 111
0.315310 -0.477034 0.015282 191 197 189
0.317504 -0.478270 0.022167 186 193 186
0.315828 -0.472835 0.038786 188 185 180
0.313446 -0.473680 0.045005 202 194 190
0.315256 -0.474057 0.055205 210 209 206
0.314416 -0.475696 0.065689 127 135 139
0.314620 -0.474251 0.075505 202 213 216
0.313111 -0.473765 0.084228 207 212 211
0.314834 -0.473286 0.093054 212 217 217
0.315514 -0.464812 -0.004831 100 140 131
0.314701 -0.468489 0.002516 98 134 126
0.310777 -0.464754 0.027175 206 209 201
0.315413 -0.466160 0.037034 191 189 183
0.315822 -0.464439 0.045291 200 196 192
0.316761 -0.464368 0.054466 202 203 201
0.315370 -0.463380 0.064282 170 169 168
0.313700 -0.464153 0.075687 208 213 214
0.314225 -0.464940 0.084887 217 221 223
0.314828 -0.465301 0.092990 218 222 223
0.315563 -0.455068 -0.005563 102 141 132
0.315260 -0.455446 0.026224 204 204 200
0.313494 -0.454460 0.035939 214 214 210
0.315346 -0.455794 0.045363 210 208 206
0.313270 -0.454067 0.056195 207 206 203
0.313562 -0.454429 0.065560 174 175 174
0.312393 -0.457137 0.075009 212 216 219
0.313233 -0.457363 0.083716 216 220 223
0.314733 -0.441958 -0.033809 194 206 206
0.316473 -0.443173 -0.029179 185 194 194
0.314166 -0.443410 -0.013129 218 212 208
0.316734 -0.445371 -0.005181 141 172 165
0.311505 -0.445474 0.036566 212 206 202
0.311616 -0.445717 0.044997 212 206 205
0.311660 -0.447060 0.055457 223 221 218
0.312373 -0.447894 0.063829 233 230 228
0.312968 -0.438233 -0.033020 198 212 212
0.314248 -0.437497 -0.025033 197 203 204
0.313278 -0.435852 -0.015719 193 195 191
0.316067 -0.435055 -0.006018 100 139 130
0.314913 -0.435200 0.005260 212 209 204
0.314296 -0.435874 0.026882 226 226 224
0.315408 -0.424272 -0.064458 40 121 110
0.313716 -0.424746 -0.056857 98 157 144
0.316281 -0.425786 -0.011999 149 170 166
0.314613 -0.423545 -0.005276 147 173 167
0.316535 -0.425057 0.003092 222 218 215
0.317149 -0.412609 -0.062150 112 162 156
0.314551 -0.417275 -0.033238 225 222 216
0.314981 -0.417991 -0.024702 226 222 219
0.313211 -0.418488 -0.015557 213 209 206
0.314407 -0.417923 -0.007398 136 166 162
0.316287 -0.404465 -0.062308 6 114 105
0.316686 -0.394910 -0.062405 0 111 100
0.316650 -0.384771 -0.062400 0 108 98
0.311967 -0.383966 -0.058654 0 109 100
0.315517 -0.382092 -0.012978 76 122 120
0.316797 -0.374981 -0.061965 0 105 96
0.311970 -0.373954 -0.058260 0 106 97
0.318633 -0.376564 -0.012860 116 150 145
0.314174 -0.376062 -0.007809 93 130 128
0.317206 -0.365014 -0.061682 2 98 92
0.312422 -0.365242 -0.058161 0 103 96
0.317634 -0.357650 -0.061759 2 76 70
0.314396 -0.353916 -0.057170 1 70 65
0.313013 -0.347249 -0.053958 0 52 48
0.315826 -0.344963 -0.044649 8 70 68
0.315990 -0.343544 -0.034052 6 74 69
0.315094 -0.341382 -0.027937 4 80 76
0.314689 -0.338517 -0.023961 0 76 73
0.314713 -0.334532 -0.014410 1 90 87
0.315932 -0.331958 -0.008082 2 107 102
0.313161 -0.326060 -0.013529 2 88 84
0.314861 -0.326798 -0.007294 4 120 118
0.316032 -0.323626 0.033429 46 106 99
0.316390 -0.325857 0.076874 154 166 162
0.315475 -0.323892 0.084613 145 157 152
0.316124 -0.323893 0.124858 178 181 180
0.314220 -0.322664 0.133472 140 151 151
0.313842 -0.315620 -0.013311 4 120 118
0.314893 -0.318055 -0.008067 4 121 120
0.316475 -0.314056 0.027161 21 97 96
0.316285 -0.315343 0.034489 65 117 112
0.314916 -0.313501 0.045162 97 134 130
0.315081 -0.312762 0.053739 146 174 171
0.313714 -0.313892 0.064782 112 142 142
0.315140 -0.313515 0.074133 137 157 159
0.315546 -0.314222 0.084192 139 152 148
0.315444 -0.313614 0.094459 76 112 106
0.316455 -0.314469 0.126085 208 208 206
0.314420 -0.315164 0.133961 206 202 202
0.314824 -0.305098 0.005660 124 146 144
0.316140 -0.302813 0.014558 170 176 174
0.316116 -0.304043 0.025306 127 154 152
0.316409 -0.305782 0.032621 65 108 108
0.314484 -0.307368 0.046024 147 160 157
0.315952 -0.304904 0.055447 174 176 172
0.315716 -0.304662 0.065082 188 190 188
0.317229 -0.306739 0.074792 152 157 158
0.314738 -0.306520 0.083398 168 170 170
0.315966 -0.304801 0.095667 150 164 158
0.316269 -0.302872 0.106290 192 193 190
0.314220 -0.305467 0.111508 217 219 215
0.311030 -0.298511 0.007683 78 108 106
0.313743 -0.296443 0.014320 104 118 116
0.315295 -0.296336 0.023965 196 196 192
0.314768 -0.295055 0.033885 135 161 157
0.313972 -0.293596 0.043803 152 164 163
0.315857 -0.296099 0.056966 108 133 128
0.316293 -0.296206 0.064418 166 177 178
0.315840 -0.293793 0.075857 158 167 163
0.315475 -0.294073 0.086433 178 180 178
0.313283 -0.293800 0.096925 176 182 182
0.313892 -0.294995 0.104546 176 182 178
0.312789 -0.294684 0.112970 122 156 152
0.315942 -0.294089 0.135976 178 176 175
0.313780 -0.294089 0.145140 212 206 204
0.312699 -0.283112 0.005699 127 145 146
0.313606 -0.284299 0.015344 150 152 148
0.315134 -0.283124 0.024530 175 173 168
0.315483 -0.283818 0.034924 117 140 136
0.314021 -0.284869 0.044376 148 161 160
0.317240 -0.282242 0.052460 202 202 199
0.316709 -0.283843 0.064334 191 190 187
0.317721 -0.287487 0.073320 175 181 177
0.317151 -0.285357 0.086169 212 210 207
0.313783 -0.283653 0.093752 178 182 177
0.315248 -0.283762 0.105158 148 154 153
0.312914 -0.283646 0.116353 146 155 151
0.313775 -0.284695 0.125662 122 132 127
0.313270 -0.283318 0.145632 222 215 213
0.314527 -0.272666 -0.002680 179 176 177
0.315584 -0.275342 0.005418 186 182 180
0.317421 -0.275551 0.013949 142 153 147
0.315318 -0.272821 0.025823 187 182 176
0.317783 -0.275351 0.033443 136 155 148
0.316869 -0.273745 0.045014 177 175 172
0.314449 -0.275835 0.054090 201 194 190
0.315395 -0.273891 0.063884 204 196 191
0.317210 -0.275615 0.074554 154 164 157
0.315809 -0.275147 0.084829 188 187 183
0.316205 -0.274586 0.092947 157 158 154
0.315061 -0.273340 0.105501 199 198 191
0.316537 -0.277248 0.115134 148 170 168
0.315564 -0.274099 0.125174 182 188 187
0.313961 -0.276621 0.133862 201 204 200
0.315887 -0.276308 0.144890 196 192 188
0.315583 -0.276657 0.152780 162 158 154
0.313159 -0.267984 -0.005367 152 158 157
0.313985 -0.265202 0.006653 142 159 158
0.315845 -0.263764 0.035386 108 137 131
0.314248 -0.264499 0.043987 73 124 120
0.315882 -0.262595 0.074879 219 218 212
0.311768 -0.263101 0.097227 192 188 184
0.315777 -0.266396 0.106370 203 201 198
0.316401 -0.264407 0.115754 231 230 227
0.315524 -0.263487 0.126634 199 201 200
0.314129 -0.262187 0.135115 212 209 207
0.315034 -0.264520 0.144980 227 228 225
0.312956 -0.253383 0.007528 140 154 153
0.314351 -0.253888 0.012829 186 178 174
0.314230 -0.254897 0.025439 158 166 163
0.314895 -0.254878 0.035547 76 124 121
0.315162 -0.254261 0.043087 95 132 129
0.314396 -0.253784 0.054538 178 176 174
0.315161 -0.255147 0.064374 210 208 206
0.315912 -0.252413 0.074181 190 190 189
0.315533 -0.255797 0.084696 225 222 219
0.315326 -0.255088 0.097202 214 210 210
0.315755 -0.254707 0.106755 178 194 191
0.316328 -0.256469 0.116264 200 202 199
0.315939 -0.257026 0.125084 226 222 218
0.315399 -0.254717 0.135197 232 229 226
0.312348 -0.250792 0.155150 207 202 200
0.315299 -0.244104 0.005193 167 168 164
0.316241 -0.243223 0.013349 174 196 192
0.318676 -0.247015 0.037428 84 123 122
0.317599 -0.246203 0.044375 115 139 135
0.312210 -0.243594 0.056900 111 134 128
0.314625 -0.242620 0.065444 178 183 184
0.315177 -0.246343 0.074552 190 190 192
0.314874 -0.247598 0.094460 224 221 217
0.316788 -0.244744 0.114504 204 200 196
0.316300 -0.246736 0.125831 216 222 216
0.315266 -0.243101 0.136824 175 180 174
0.315172 -0.243873 0.144919 170 168 166
0.313686 -0.245536 0.152821 212 206 203
0.312895 -0.236886 -0.004822 131 151 149
0.313857 -0.236241 0.005156 67 122 118
0.313894 -0.237274 0.013317 112 147 142
0.313368 -0.235823 0.025080 204 196 192
0.313989 -0.234696 0.036232 190 189 187
0.312566 -0.233164 0.043753 199 198 199
0.317016 -0.236204 0.056867 154 159 158
0.318454 -0.238095 0.062550 123 156 154
0.313368 -0.236384 0.076755 122 128 124
0.314310 -0.236412 0.085602 140 144 146
0.313211 -0.234460 0.096021 40 66 61
0.314658 -0.235289 0.107378 170 172 169
0.315239 -0.235355 0.115634 176 179 176
0.315374 -0.234093 0.126466 146 152 148
0.314437 -0.235321 0.133372 150 162 156
0.312755 -0.234832 0.154927 238 232 230
0.315353 -0.225614 0.038496 181 186 186
0.314614 -0.225589 0.044866 173 175 173
0.314413 -0.221438 0.056698 187 187 184
0.316321 -0.222911 0.063768 178 176 175
0.315632 -0.224938 0.076376 164 166 163
0.315776 -0.224532 0.083501 180 177 174
0.316530 -0.225141 0.093774 204 201 200
0.311795 -0.225180 0.102455 222 223 224
0.315705 -0.224081 0.115986 168 187 184
0.316234 -0.225934 0.125637 223 220 218
0.315217 -0.223797 0.134267 221 220 220
0.314616 -0.223879 0.144264 214 211 211
0.313137 -0.212093 0.006263 94 121 114
0.315273 -0.212417 0.014529 169 173 170
0.314441 -0.213504 0.024326 195 188 182
0.315856 -0.213846 0.035778 204 202 204
0.313685 -0.216178 0.045234 187 184 185
0.314648 -0.217449 0.055757 206 202 203
0.315257 -0.215462 0.064763 220 216 215
0.313660 -0.217059 0.074181 226 224 226
0.317835 -0.215866 0.085749 173 183 182
0.314982 -0.216294 0.093768 182 195 192
0.315618 -0.216590 0.104610 155 192 193
0.315216 -0.217160 0.126644 234 232 234
0.315562 -0.215548 0.135412 213 212 207
0.316772 -0.213731 0.145465 200 197 192
0.314189 -0.214728 0.153559 166 164 161
0.313642 -0.205979 0.007606 99 129 122
0.315422 -0.204719 0.014050 144 156 150
0.318233 -0.204520 0.023289 214 211 210
0.315061 -0.203646 0.034899 168 168 172
0.314201 -0.205297 0.041682 168 168 172
0.316306 -0.205513 0.066635 223 221 218
0.316752 -0.201918 0.077538 150 179 178
0.313187 -0.203290 0.082942 186 188 186
0.313554 -0.206372 0.093856 189 188 187
0.315669 -0.201772 0.108545 210 206 204
0.314856 -0.204024 0.114553 213 209 207
0.314616 -0.206538 0.124282 214 211 209
0.314954 -0.205214 0.132312 202 195 192
0.315139 -0.192597 -0.014243 104 132 128
0.316929 -0.192985 -0.003272 84 108 104
0.315847 -0.195168 0.004702 183 186 186
0.316780 -0.196658 0.017517 174 174 174
0.316506 -0.195010 0.025981 174 170 167
0.314456 -0.192558 0.046773 191 185 182
0.314464 -0.194903 0.053652 196 192 191
0.314139 -0.197381 0.065014 192 186 185
0.317095 -0.192778 0.077229 157 153 148
0.316490 -0.194940 0.084560 214 212 210
0.313146 -0.194290 0.096357 221 220 217
0.314836 -0.195895 0.104091 194 202 199
0.316383 -0.191990 0.116395 171 173 170
0.316133 -0.196178 0.126106 208 204 201
0.313332 -0.197396 0.133532 224 218 216
0.313701 -0.194339 0.142216 224 220 220
0.316132 -0.186878 -0.015178 19 99 93
0.314633 -0.186525 -0.004739 28 92 88
0.314962 -0.186652 0.003830 143 162 159
0.315032 -0.187840 0.014804 160 166 166
0.314576 -0.187200 0.024328 181 176 173
0.314886 -0.182290 0.036468 172 165 162
0.313333 -0.183999 0.045373 193 185 178
0.316203 -0.185752 0.052750 188 181 178
0.317253 -0.186949 0.067188 138 131 127
0.316221 -0.184221 0.075429 218 214 213
0.314435 -0.183851 0.086113 215 211 211
0.315734 -0.186021 0.095676 232 227 226
0.314816 -0.184494 0.104991 224 219 217
0.313961 -0.185143 0.113844 206 204 202
0.317003 -0.184855 0.127292 194 194 191
0.313750 -0.184854 0.133676 222 223 221
0.313775 -0.173168 0.014434 217 209 210
0.315342 -0.176430 0.037083 138 131 128
0.314694 -0.175193 0.045451 170 166 163
0.314024 -0.174905 0.054739 189 182 178
0.313539 -0.174240 0.065166 232 230 228
0.316410 -0.173900 0.095551 192 187 186
0.313504 -0.163951 0.005586 202 190 184
0.314750 -0.164592 0.014354 216 206 200
0.316038 -0.164564 0.024763 220 212 211
0.313580 -0.164462 0.033943 212 205 204
0.314986 -0.162575 0.056927 159 169 170
0.313855 -0.165068 0.063910 202 199 199
0.315266 -0.163752 0.134905 122 146 140
0.314307 -0.166210 0.143926 123 142 135
0.316486 -0.153779 0.005697 178 164 158
0.315437 -0.155771 0.014536 190 180 176
0.316160 -0.157009 0.024108 208 197 192
0.313438 -0.154861 0.035208 204 198 196
0.315177 -0.152876 0.045435 212 206 202
0.315112 -0.155839 0.051856 216 211 211
0.313968 -0.152268 0.075912 167 156 151
0.314044 -0.154266 0.084854 144 138 133
0.313287 -0.152194 0.094961 130 146 142
0.313780 -0.152651 0.104361 118 142 138
0.314419 -0.155039 0.114751 122 149 146
0.316410 -0.144561 -0.003267 184 172 170
0.315374 -0.145693 0.003977 190 182 180
0.315666 -0.146390 0.014580 194 182 174
0.316299 -0.145168 0.037188 184 175 170
0.316780 -0.146623 0.044270 196 185 181
0.315586 -0.145565 0.054481 197 187 180
0.316174 -0.145091 0.064635 180 169 161
0.314562 -0.146658 0.073403 170 160 151
0.315907 -0.144258 0.086620 155 163 161
0.312665 -0.145177 0.095714 156 170 165
0.316128 -0.143710 0.106368 222 218 220
0.316403 -0.146019 0.113870 224 220 222
0.315218 -0.133063 -0.012072 206 192 188
0.315706 -0.135391 -0.004753 192 182 178
0.315555 -0.137067 0.001497 190 181 177
0.312623 -0.137412 0.013875 175 164 156
0.318651 -0.137791 0.023102 178 160 148
0.316712 -0.134632 0.035393 184 172 165
0.314428 -0.133600 0.045237 168 148 139
0.319038 -0.134528 0.054600 186 171 163
0.315841 -0.135118 0.065584 202 192 186
0.316448 -0.135107 0.076612 209 202 199
0.313855 -0.134380 0.085152 219 214 213
0.313814 -0.134509 0.094116 185 180 177
0.313691 -0.133942 0.103639 180 172 167
0.315015 -0.125135 -0.002533 190 183 180
0.311010 -0.124644 0.002599 173 161 156
0.314713 -0.120554 0.014371 217 208 204
0.317922 -0.123193 0.026523 227 224 224
0.315188 -0.125706 0.033203 190 179 174
0.316506 -0.124707 0.045444 173 159 149
0.314634 -0.126500 0.053988 198 189 185
0.312586 -0.122492 0.064601 182 180 178
0.313734 -0.125391 0.074053 178 175 171
0.314836 -0.114507 0.006629 209 200 197
0.315411 -0.114552 0.013204 207 197 193
0.313685 -0.114206 0.025479 168 156 150
0.315046 -0.112559 0.035601 159 144 137
0.314221 -0.112893 0.045442 155 146 137
0.313975 -0.113890 0.055475 179 172 167
0.315070 -0.115367 0.064854 187 179 175
0.314662 -0.112969 0.074305 194 181 178
0.315761 -0.102883 -0.014238 224 216 216
0.315188 -0.104659 -0.003965 194 188 186
0.314606 -0.103632 0.005306 171 162 158
0.314058 -0.105360 0.014880 174 164 160
0.314367 -0.104586 0.025373 171 159 151
0.315279 -0.105285 0.033956 178 167 161
0.314212 -0.104376 0.044891 195 187 183
0.313685 -0.105231 0.053476 195 188 185
0.314538 -0.104533 0.064832 157 150 145
0.313764 -0.106025 0.074590 180 172 169
0.314584 -0.097113 -0.014882 190 179 176
0.316126 -0.094943 -0.006322 156 148 146
0.311261 -0.096121 0.004764 180 174 172
0.317908 -0.092597 0.015930 185 177 172
0.313841 -0.096100 0.026083 178 170 165
0.314361 -0.095667 0.035117 189 182 180
0.314574 -0.096831 0.044245 178 174 172
0.314588 -0.098646 0.053001 138 134 128
0.314482 -0.081481 -0.010698 178 174 174
0.315682 -0.083311 -0.004077 192 188 187
0.313894 -0.083310 0.004969 190 182 178
0.313492 -0.084101 0.014328 204 196 191
0.312817 -0.084044 0.035949 142 145 139
0.313572 -0.087747 0.042739 171 166 160
0.314456 -0.083397 0.053287 102 146 137
0.313423 -0.078134 -0.012484 177 174 174
0.314726 -0.075377 -0.003353 110 131 122
0.314606 -0.076150 0.004208 156 151 144
0.315954 -0.075667 0.015041 178 170 163
0.314212 -0.074973 0.025886 194 188 184
0.312049 -0.076050 0.032061 160 179 174
0.314242 -0.073842 0.045309 112 157 152
0.314737 -0.077565 0.065897 80 122 111
0.317271 -0.077642 0.074806 85 124 116
0.314092 -0.073860 0.086004 122 164 156
0.315722 -0.072694 0.092289 146 176 168
0.314406 -0.066382 -0.013239 167 160 158
0.314107 -0.067649 -0.005356 111 141 132
0.317994 -0.064970 0.003960 60 111 98
0.313964 -0.063991 0.016121 182 181 178
0.311631 -0.067951 0.022880 217 218 216
0.312710 -0.068241 0.062574 110 154 149
0.316372 -0.062258 0.087187 206 210 208
0.314612 -0.065931 0.095038 148 168 162
0.314774 -0.054019 -0.003348 94 139 134
0.316077 -0.056928 0.006132 172 173 168
0.316900 -0.057449 0.013739 198 199 196
0.311605 -0.056543 0.074185 228 226 223
0.315977 -0.046407 -0.014090 91 144 140
0.315802 -0.046413 -0.005095 76 133 123
0.316306 -0.043859 0.016155 113 157 147
0.314131 -0.046011 0.024599 96 154 145
0.313696 -0.047205 0.033832 113 155 146
0.313765 -0.041572 0.042517 161 162 160
0.314410 -0.037147 -0.013828 118 173 167
0.315289 -0.035932 -0.004209 2 112 99
0.313187 -0.036160 0.006543 18 118 106
0.314848 -0.026751 -0.002101 2 114 102
0.313967 -0.024550 0.014627 248 248 244
0.315096 -0.014224 -0.003855 102 162 153
0.315520 -0.016124 0.001251 246 248 245
0.315635 -0.004580 -0.012836 130 183 175
0.313887 -0.006918 -0.006763 133 177 170
0.324723 -0.654193 -0.052858 0 102 92
0.326352 -0.648143 -0.051185 0 102 92
0.325396 -0.643565 -0.048853 0 103 92
0.325062 -0.635176 -0.046273 0 104 93
0.324892 -0.625097 -0.045049 0 110 98
0.323895 -0.614617 -0.053826 2 102 95
0.324712 -0.615217 -0.046779 0 112 100
0.325117 -0.604938 -0.047296 0 110 98
0.324689 -0.595267 -0.046265 33 114 106
0.324393 -0.585884 -0.044185 28 116 104
0.324979 -0.574688 -0.043843 0 103 92
0.325624 -0.565704 -0.042022 0 102 92
0.324086 -0.563689 -0.036471 6 101 92
0.327382 -0.555429 -0.041191 4 109 100
0.323554 -0.554595 -0.037956 8 106 99
0.325386 -0.546048 -0.035385 3 110 102
0.321641 -0.542983 -0.027398 2 108 100
0.325589 -0.542852 -0.002901 16 68 64
0.326387 -0.534357 -0.023520 5 100 92
0.325394 -0.532600 -0.017115 33 117 110
0.322317 -0.535865 0.000777 24 66 60
0.327933 -0.525915 -0.025181 2 98 90
0.327037 -0.527093 -0.016767 37 113 108
0.326789 -0.524113 -0.004260 44 113 108
0.325084 -0.522732 0.002384 55 116 112
0.326180 -0.516706 -0.005126 87 152 146
0.326916 -0.513890 0.003889 58 122 117
0.325299 -0.511154 0.017173 142 158 158
0.325029 -0.504835 -0.000767 86 138 134
0.324125 -0.504681 0.005777 92 140 134
0.325630 -0.505348 0.026354 79 121 118
0.323625 -0.503332 0.033726 17 78 73
0.324588 -0.496370 0.013131 146 165 164
0.324020 -0.494340 0.023114 169 175 173
0.324120 -0.496178 0.034135 139 171 168
0.323544 -0.494005 0.043047 94 129 129
0.324110 -0.483359 -0.005563 1 92 84
0.321678 -0.486765 0.025821 186 185 181
0.324622 -0.483979 0.035159 160 182 180
0.324428 -0.484396 0.046406 167 188 188
0.323685 -0.484270 0.056358 172 190 189
0.320534 -0.484401 0.095840 151 176 178
0.324776 -0.474394 -0.003883 0 92 84
0.325160 -0.474009 0.025134 206 204 200
0.322525 -0.474489 0.036237 196 198 195
0.324433 -0.474068 0.045309 187 207 208
0.322016 -0.473014 0.054874 195 208 209
0.321611 -0.473131 0.063147 195 211 211
0.320963 -0.475569 0.093681 196 203 206
0.325890 -0.464337 -0.002971 101 149 143
0.325344 -0.465098 0.005345 135 166 159
0.324216 -0.464333 0.016513 200 198 195
0.323753 -0.464032 0.026406 198 198 194
0.322476 -0.464289 0.034995 200 198 196
0.324029 -0.464447 0.047143 159 194 194
0.322863 -0.463753 0.055185 208 215 216
0.322643 -0.468566 0.066254 174 199 199
0.321293 -0.465198 0.073434 217 222 223
0.326732 -0.455532 -0.013593 106 157 152
0.321607 -0.454124 -0.004781 141 169 164
0.323491 -0.455671 0.004883 200 197 193
0.322823 -0.456703 0.026022 200 198 196
0.321763 -0.455413 0.036412 212 214 214
0.326197 -0.453897 0.044175 217 218 218
0.324191 -0.456317 0.053535 174 176 178
0.323761 -0.446913 -0.012799 113 164 157
0.320838 -0.445360 -0.005650 98 138 130
0.325954 -0.443454 0.025922 235 232 230
0.326196 -0.446236 0.034124 234 232 232
0.325820 -0.447497 0.044607 142 142 144
0.320417 -0.437327 -0.005430 98 138 130
0.324497 -0.434629 0.006074 217 210 207
0.324896 -0.434257 0.014640 219 218 216
0.324919 -0.437230 0.023638 230 229 226
0.325916 -0.420603 -0.044559 216 218 212
0.327436 -0.421201 -0.034766 177 182 180
0.325070 -0.423385 -0.024598 147 149 146
0.324817 -0.423949 -0.013589 116 140 136
0.323034 -0.424771 -0.006392 121 150 147
0.321814 -0.426353 0.006159 217 214 214
0.325308 -0.413574 -0.065189 113 166 161
0.321501 -0.419126 -0.035034 202 211 210
0.323447 -0.416400 -0.013506 82 112 106
0.321144 -0.416943 -0.009196 45 90 86
0.324670 -0.405098 -0.065934 14 118 108
0.321738 -0.404742 -0.006608 124 164 158
0.324668 -0.395143 -0.066575 1 112 103
0.324200 -0.384907 -0.066856 0 110 100
0.324324 -0.375208 -0.066529 0 106 98
0.323802 -0.373493 -0.012484 127 154 150
0.324373 -0.364688 -0.066398 2 92 85
0.323373 -0.367811 -0.006810 126 147 142
0.324953 -0.356181 -0.064294 0 61 58
0.322962 -0.352261 -0.057269 2 64 61
0.327478 -0.346458 -0.042861 0 82 76
0.325246 -0.344077 -0.035205 3 74 70
0.321103 -0.341060 -0.029224 2 79 74
0.324409 -0.336699 -0.025665 2 78 76
0.325291 -0.333570 -0.014056 2 98 92
0.324765 -0.323918 -0.007048 4 118 116
0.321066 -0.323856 0.114036 187 192 195
0.323462 -0.316775 0.026374 4 96 94
0.325895 -0.312765 0.034666 4 76 74
0.320795 -0.313354 0.045689 101 144 136
0.320826 -0.311745 0.052806 129 159 153
0.322343 -0.315273 0.085728 134 151 146
0.323541 -0.315011 0.116169 174 178 180
0.323442 -0.314602 0.123690 190 195 196
0.322707 -0.302822 0.015485 204 206 203
0.324906 -0.301743 0.022721 208 209 205
0.324766 -0.305093 0.033096 76 124 122
0.324951 -0.305469 0.045564 196 204 198
0.323385 -0.305073 0.054499 200 212 207
0.321008 -0.304063 0.064281 232 235 230
0.324708 -0.304146 0.086013 104 118 113
0.326006 -0.303326 0.094356 138 142 137
0.326171 -0.303893 0.116930 188 192 193
0.324373 -0.306030 0.125058 202 201 200
0.326231 -0.290481 0.009001 4 78 72
0.324393 -0.294310 0.015700 134 156 151
0.325303 -0.294593 0.024928 180 188 184
0.323848 -0.293032 0.033848 121 149 143
0.324002 -0.293485 0.042526 114 135 134
0.324206 -0.295269 0.055832 160 162 156
0.322446 -0.291797 0.065620 128 138 136
0.323209 -0.293277 0.074552 171 179 177
0.325236 -0.295704 0.086188 151 154 152
0.325074 -0.295501 0.094756 161 167 165
0.327761 -0.296045 0.103897 171 170 164
0.326093 -0.286477 0.006391 12 92 84
0.323944 -0.284950 0.015479 118 142 134
0.324883 -0.285589 0.024075 184 192 186
0.324732 -0.284932 0.035129 125 154 149
0.326113 -0.285002 0.043692 178 186 183
0.325684 -0.285009 0.054474 114 149 144
0.323934 -0.285914 0.065570 162 165 162
0.325029 -0.285442 0.074376 148 154 153
0.321566 -0.284321 0.084626 217 218 217
0.326593 -0.288779 0.093674 181 182 180
0.325251 -0.283648 0.116058 154 152 147
0.325469 -0.283539 0.124385 136 148 144
0.325164 -0.285044 0.135141 142 156 155
0.323864 -0.283977 0.143399 167 172 170
0.324438 -0.276641 0.006893 106 142 132
0.323367 -0.276196 0.014326 129 146 141
0.324695 -0.274974 0.024009 174 179 173
0.323254 -0.275113 0.035459 137 154 147
0.323243 -0.274578 0.045603 204 200 193
0.323123 -0.274147 0.053408 203 198 194
0.327358 -0.276186 0.067270 159 172 174
0.325772 -0.275088 0.073945 168 171 169
0.324391 -0.273983 0.084434 183 189 186
0.323081 -0.274063 0.094433 169 168 166
0.324861 -0.274889 0.107010 160 159 157
0.325811 -0.276048 0.114630 183 180 178
0.323596 -0.273986 0.127556 182 176 172
0.325642 -0.273525 0.135125 198 197 194
0.324181 -0.274790 0.143820 208 206 203
0.324232 -0.265564 0.015881 93 134 125
0.326027 -0.264372 0.026334 125 142 135
0.325595 -0.263880 0.033857 130 154 148
0.325592 -0.261714 0.058420 66 92 97
0.325689 -0.264080 0.064919 133 146 147
0.325971 -0.264084 0.074765 161 175 174
0.325481 -0.266090 0.086107 140 153 151
0.325403 -0.265812 0.095678 192 192 187
0.323944 -0.264488 0.104181 214 216 213
0.323707 -0.265005 0.114012 199 201 200
0.322771 -0.253438 0.014851 210 204 203
0.324453 -0.254631 0.027491 202 208 201
0.323994 -0.254072 0.035126 147 169 163
0.323130 -0.251842 0.048181 68 106 106
0.322242 -0.252277 0.053085 157 171 172
0.324058 -0.253657 0.062788 165 181 182
0.327804 -0.255188 0.076034 181 185 184
0.325376 -0.254942 0.083209 197 201 203
0.325865 -0.254107 0.094446 184 195 193
0.325197 -0.252970 0.106426 185 194 192
0.325735 -0.254476 0.115020 211 210 209
0.324304 -0.255526 0.125378 219 216 217
0.324191 -0.256708 0.132634 216 210 210
0.321750 -0.244901 0.006656 217 211 207
0.325189 -0.242356 0.014862 198 196 192
0.327458 -0.244703 0.026071 137 167 163
0.325425 -0.246539 0.034827 148 165 160
0.324556 -0.245816 0.044052 148 166 160
0.327933 -0.247350 0.052578 124 160 157
0.326663 -0.247225 0.062059 154 177 177
0.326537 -0.245095 0.076853 219 218 220
0.326806 -0.248268 0.084171 226 226 225
0.323813 -0.247198 0.095204 215 211 209
0.328037 -0.248838 0.103697 166 171 169
0.327128 -0.244097 0.117392 170 170 165
0.325469 -0.246173 0.124316 226 224 221
0.323892 -0.241562 0.143283 145 152 148
0.320735 -0.237514 0.009270 199 196 194
0.325333 -0.236411 0.014946 182 181 176
0.325434 -0.235082 0.025824 136 159 154
0.324718 -0.236301 0.033788 69 119 116
0.326621 -0.234304 0.045411 72 114 110
0.325156 -0.233392 0.054679 163 167 164
0.325735 -0.235431 0.065256 188 188 189
0.324653 -0.234679 0.072713 144 163 162
0.322337 -0.234240 0.083767 183 176 174
0.325057 -0.234990 0.095250 213 209 204
0.321325 -0.233530 0.105769 212 208 204
0.324889 -0.233819 0.115202 172 168 162
0.326264 -0.236157 0.125030 185 185 180
0.325378 -0.237291 0.134861 168 172 168
0.325241 -0.238271 0.141670 196 194 192
0.326990 -0.221853 0.006910 39 98 92
0.325850 -0.221761 0.013923 141 166 160
0.325242 -0.224178 0.027391 109 151 144
0.324663 -0.223420 0.034579 137 162 159
0.324248 -0.225577 0.044622 142 157 158
0.325830 -0.225488 0.056689 142 157 154
0.326128 -0.226285 0.063695 149 154 150
0.325439 -0.224639 0.072634 177 171 168
0.324414 -0.225669 0.085316 180 176 176
0.324158 -0.226051 0.094588 209 206 206
0.325727 -0.224439 0.106805 171 184 180
0.323809 -0.223810 0.115498 203 202 199
0.324433 -0.223618 0.124959 216 216 213
0.323404 -0.222300 0.136185 214 213 212
0.324431 -0.215621 0.005620 60 118 112
0.323579 -0.216007 0.013438 112 150 146
0.326257 -0.213574 0.026566 139 159 157
0.325095 -0.214454 0.032868 166 174 172
0.324620 -0.214018 0.044011 207 207 206
0.325980 -0.214491 0.054233 204 202 202
0.325031 -0.217196 0.066697 177 181 176
0.326284 -0.215390 0.073596 173 182 180
0.325086 -0.216297 0.085825 237 233 232
0.324330 -0.215425 0.095266 159 202 200
0.324099 -0.215482 0.105536 171 187 187
0.326484 -0.216700 0.114247 206 204 204
0.324921 -0.216423 0.125139 216 214 211
0.323237 -0.211791 0.136707 202 195 191
0.325365 -0.212248 0.143965 142 146 142
0.325496 -0.204949 0.005236 202 200 199
0.326221 -0.204497 0.016241 152 160 160
0.324784 -0.205689 0.025594 152 169 167
0.324469 -0.205914 0.032832 158 169 169
0.328097 -0.207176 0.046404 126 160 157
0.326158 -0.205409 0.054071 144 169 167
0.324772 -0.203725 0.063437 222 220 218
0.325054 -0.203188 0.084470 156 176 172
0.322425 -0.203553 0.095130 90 124 120
0.324818 -0.200908 0.108094 208 203 202
0.324004 -0.203781 0.113977 223 223 224
0.323648 -0.205795 0.123808 156 172 169
0.326232 -0.193328 -0.013938 99 140 134
0.325754 -0.196073 -0.005449 109 130 127
0.325299 -0.195925 0.003948 112 141 138
0.325491 -0.195234 0.015985 162 166 164
0.324486 -0.195713 0.024950 145 158 154
0.324316 -0.196278 0.033223 142 155 150
0.326032 -0.194550 0.044650 146 156 155
0.324682 -0.195127 0.053818 201 200 202
0.327661 -0.195410 0.064406 130 156 154
0.326019 -0.197100 0.073191 153 171 168
0.326660 -0.195435 0.084846 161 157 154
0.326077 -0.196614 0.096763 210 207 206
0.327207 -0.197736 0.104931 220 224 223
0.323454 -0.192673 0.114273 205 204 202
0.323052 -0.195773 0.124224 216 214 213
0.323887 -0.188348 -0.015163 6 96 89
0.322563 -0.188698 -0.007050 12 96 89
0.327374 -0.187251 0.006969 87 127 124
0.326006 -0.185224 0.014284 100 136 136
0.325280 -0.182578 0.025247 75 117 115
0.325392 -0.183855 0.034796 118 136 136
0.325518 -0.184957 0.046043 133 132 131
0.326054 -0.185450 0.054708 85 106 105
0.324886 -0.183568 0.064348 135 130 130
0.323687 -0.183565 0.072708 194 187 186
0.325816 -0.184396 0.084679 219 213 211
0.324371 -0.185479 0.094796 234 230 228
0.324924 -0.186659 0.104379 210 207 207
0.322719 -0.184980 0.116401 206 203 203
0.326317 -0.187149 0.125015 218 217 220
0.326864 -0.176428 0.027010 101 122 119
0.325570 -0.174425 0.033251 135 142 139
0.324715 -0.175046 0.044340 200 199 197
0.326576 -0.176615 0.053953 198 194 192
0.327065 -0.178688 0.062713 180 174 174
0.326856 -0.176170 0.074367 227 223 224
0.326623 -0.173896 0.086987 207 205 202
0.324395 -0.175406 0.094400 208 206 204
0.327009 -0.175893 0.115239 228 226 224
0.323987 -0.176582 0.122223 232 228 224
0.326561 -0.162688 0.015557 199 194 193
0.325325 -0.166271 0.024327 207 204 203
0.324817 -0.167305 0.032503 199 192 188
0.325498 -0.160872 0.056611 192 186 185
0.325032 -0.163989 0.064615 212 208 210
0.328069 -0.163709 0.075051 206 201 198
0.327606 -0.162576 0.116417 118 134 128
0.324226 -0.162932 0.125178 119 142 135
0.323185 -0.165127 0.133740 126 144 137
0.324742 -0.155730 0.007733 188 177 172
0.324164 -0.156062 0.013805 188 179 173
0.321931 -0.154496 0.022848 188 176 169
0.325697 -0.153095 0.045564 170 159 155
0.324123 -0.155617 0.052824 186 176 172
0.322962 -0.156184 0.061734 204 192 190
0.325519 -0.154277 0.075465 148 139 130
0.324322 -0.152642 0.092684 136 136 132
0.323219 -0.143465 -0.005221 176 164 159
0.323568 -0.145039 0.005816 186 173 164
0.323959 -0.146786 0.014239 189 175 165
0.322633 -0.144139 0.036899 180 166 159
0.327186 -0.144679 0.045561 174 163 158
0.324184 -0.144342 0.055502 170 158 150
0.323298 -0.144738 0.063568 178 166 159
0.324561 -0.144969 0.075282 179 169 164
0.324793 -0.145535 0.084590 176 170 169
0.324686 -0.145695 0.094299 198 196 195
0.323575 -0.137924 0.003426 176 166 159
0.324232 -0.135888 0.025277 185 173 167
0.325277 -0.136816 0.034399 176 162 155
0.326942 -0.135612 0.046331 180 168 160
0.323640 -0.134807 0.053965 174 160 150
0.323683 -0.135050 0.064683 189 178 174
0.322585 -0.136110 0.075186 201 192 190
0.322770 -0.139236 0.084040 207 204 202
0.327182 -0.122837 0.017034 182 173 168
0.327011 -0.124203 0.022992 187 178 176
0.325221 -0.124270 0.035567 182 169 162
0.325257 -0.126705 0.045194 178 165 156
0.324390 -0.127804 0.053189 214 202 197
0.325148 -0.111848 0.007896 196 185 180
0.325562 -0.114762 0.014613 198 190 187
0.324711 -0.115286 0.024000 188 177 170
0.322434 -0.114693 0.033281 167 152 143
0.324884 -0.116183 0.044227 146 130 122
0.323291 -0.105362 -0.004587 205 199 197
0.325119 -0.104975 0.005280 182 172 167
0.325523 -0.105136 0.014311 178 165 157
0.322240 -0.105591 0.023783 189 177 168
0.322433 -0.106064 0.033163 190 178 172
0.323772 -0.105613 0.042413 162 152 146
0.324979 -0.096287 -0.004014 169 162 160
0.326082 -0.095093 0.004853 167 157 151
0.324917 -0.096085 0.013490 165 155 148
0.324545 -0.094758 0.025609 198 188 182
0.323546 -0.096159 0.034669 179 167 158
0.322844 -0.085557 -0.003694 169 165 162
0.324057 -0.084534 0.004126 182 174 170
0.324072 -0.086927 0.013305 188 180 178
0.324189 -0.088164 0.045838 142 132 120
0.324621 -0.085094 0.054110 118 135 125
0.324867 -0.083682 0.065157 112 132 123
0.322498 -0.074216 -0.002048 147 142 130
0.324861 -0.073694 0.005698 151 143 133
0.324296 -0.073425 0.014638 158 147 139
0.327426 -0.072891 0.023263 168 157 149
0.324073 -0.072091 0.095639 238 234 230
0.322244 -0.066126 -0.004370 75 124 114
0.325726 -0.066214 0.005132 127 148 138
0.325479 -0.066268 0.014242 176 171 163
0.327886 -0.068284 0.022749 168 159 150
0.326162 -0.064632 0.066279 202 197 192
0.326519 -0.063809 0.074373 232 228 224
0.322639 -0.064386 0.088275 236 230 230
0.324286 -0.067036 0.094791 206 201 200
0.324883 -0.053608 -0.003072 113 168 160
0.326843 -0.056306 0.004107 126 162 153
0.326094 -0.053779 0.055682 202 196 188
0.325757 -0.055339 0.064803 211 209 204
0.323634 -0.047054 -0.005463 88 143 134
0.328126 -0.045219 0.004397 90 142 133
0.325535 -0.046558 0.015394 149 167 160
0.324793 -0.046863 0.022996 97 134 125
0.325552 -0.043562 0.037224 222 217 212
0.326278 -0.044870 0.046756 208 214 208
0.326260 -0.047875 0.053499 181 198 192
0.325906 -0.032479 -0.003108 6 114 102
0.327200 -0.037562 0.002416 22 112 98
0.327463 -0.022824 -0.001519 116 170 162
0.323892 -0.026956 0.014405 202 203 202
0.325078 -0.014034 -0.005656 145 186 180
0.322448 -0.018201 0.000669 240 241 239
0.325408 -0.005632 -0.014163 127 186 179
0.334615 -0.653764 -0.052690 1 102 91
0.334470 -0.648712 -0.051200 0 102 92
0.334759 -0.643075 -0.048197 0 104 93
0.334978 -0.634680 -0.045302 0 106 95
0.334801 -0.625201 -0.044780 0 111 100
0.334756 -0.615186 -0.046591 0 112 101
0.335033 -0.604863 -0.047054 0 112 100
0.334866 -0.594693 -0.046968 0 108 96
0.334486 -0.584089 -0.046093 1 106 95
0.337300 -0.586085 0.003613 4 98 88
0.334818 -0.575459 -0.044018 0 100 92
0.337038 -0.575532 0.005300 12 92 86
0.335001 -0.564751 -0.043483 0 108 99
0.339032 -0.561989 -0.001951 64 115 111
0.336349 -0.566563 0.004580 61 127 122
0.334945 -0.554872 -0.044469 2 112 104
0.336628 -0.553772 -0.024692 4 106 98
0.336878 -0.553997 -0.003766 44 114 106
0.336278 -0.545297 -0.045031 2 110 102
0.335452 -0.543885 -0.033905 1 102 92
0.334346 -0.548233 -0.015658 28 74 73
0.337405 -0.536383 -0.043364 0 104 97
0.335060 -0.533722 -0.034865 0 100 92
0.332114 -0.534950 -0.026982 4 94 86
0.333754 -0.535553 -0.002529 76 130 126
0.331807 -0.531311 0.002938 100 144 140
0.337145 -0.526287 -0.034442 0 103 94
0.334070 -0.524152 -0.027663 1 102 93
0.332377 -0.527847 -0.003746 102 146 144
0.333721 -0.526551 0.005019 99 144 138
0.337912 -0.516390 -0.031472 0 100 90
0.335906 -0.516016 -0.026743 1 103 93
0.335508 -0.514409 -0.014655 2 98 90
0.334038 -0.515594 -0.004678 1 90 85
0.335372 -0.505860 -0.025474 1 91 84
0.335019 -0.504021 -0.003292 22 108 103
0.333763 -0.507882 0.002928 2 104 98
0.336087 -0.496621 -0.002797 4 99 93
0.334638 -0.492431 0.007101 23 112 108
0.336162 -0.483984 -0.014890 88 153 146
0.336425 -0.484861 -0.006654 98 156 154
0.334426 -0.483098 0.013930 82 148 149
0.337100 -0.475353 -0.014668 109 165 159
0.335835 -0.464191 -0.011837 70 141 133
0.333240 -0.466876 -0.006464 0 100 90
0.336987 -0.442872 -0.015625 121 170 166
0.335309 -0.443116 0.015394 140 142 142
0.334804 -0.434704 -0.015867 118 165 160
0.334603 -0.433358 -0.003301 132 133 132
0.336614 -0.424030 -0.072802 98 157 149
0.337168 -0.422683 -0.065830 118 170 164
0.335947 -0.422915 -0.055025 213 219 216
0.334814 -0.423681 -0.044916 197 194 192
0.336593 -0.424895 -0.035987 126 129 128
0.332602 -0.426282 -0.014798 78 109 106
0.334245 -0.414916 -0.067356 94 156 150
0.333235 -0.405676 -0.068217 2 114 104
0.332839 -0.396093 -0.069044 2 114 104
0.336446 -0.396654 -0.014386 123 168 159
0.337053 -0.384189 -0.071898 0 110 100
0.336575 -0.375164 -0.072783 0 106 98
0.335919 -0.365625 -0.071827 1 88 81
0.335143 -0.356368 -0.066277 0 60 58
0.336739 -0.345198 -0.052954 0 46 44
0.335704 -0.345834 -0.044104 4 64 60
0.332950 -0.342621 -0.036847 4 78 74
0.334797 -0.336712 -0.036501 2 69 66
0.335441 -0.334784 -0.024245 0 82 79
0.335118 -0.332338 -0.015070 1 97 92
0.336504 -0.326555 -0.012010 2 108 104
0.332739 -0.322509 -0.008265 3 114 112
0.336732 -0.316313 -0.012741 6 121 120
0.333511 -0.317309 -0.006948 4 119 117
0.336035 -0.302659 0.005652 77 96 96
0.333688 -0.303139 0.015657 102 126 125
0.332201 -0.301757 0.023679 145 170 168
0.333058 -0.303917 0.033755 76 136 132
0.335882 -0.293969 -0.015421 87 140 134
0.337334 -0.295289 -0.005342 92 108 100
0.334732 -0.295861 0.006392 89 117 112
0.334502 -0.295508 0.015348 144 155 151
0.333309 -0.294370 0.023144 204 207 203
0.333452 -0.295311 0.034273 91 138 133
0.335609 -0.287054 -0.015791 92 140 135
0.332716 -0.286154 0.005661 6 100 90
0.335210 -0.285093 0.015655 93 143 138
0.333449 -0.285441 0.025152 155 176 172
0.332912 -0.284705 0.034205 137 160 159
0.335171 -0.283723 0.045108 103 147 149
0.335664 -0.283527 0.054889 98 134 136
0.332470 -0.284775 0.064411 148 155 154
0.331181 -0.282731 0.072092 167 167 167
0.332913 -0.281305 0.117157 134 154 151
0.333076 -0.281102 0.124135 139 152 152
0.333161 -0.275536 0.016800 56 116 110
0.335720 -0.275549 0.025705 19 100 94
0.335236 -0.276220 0.034164 51 112 107
0.336483 -0.274454 0.043634 154 190 188
0.334103 -0.273491 0.053296 165 179 180
0.332849 -0.275974 0.063779 168 170 173
0.330648 -0.276618 0.073599 139 144 143
0.333259 -0.273635 0.096395 142 154 154
0.333092 -0.275179 0.105032 148 153 154
0.334803 -0.274561 0.115444 157 162 161
0.334686 -0.273758 0.125525 167 173 173
0.332928 -0.273412 0.133018 182 184 185
0.336207 -0.262840 -0.013585 104 149 142
0.335564 -0.263585 0.013095 30 103 96
0.334476 -0.263503 0.025892 167 176 168
0.333752 -0.264474 0.034555 124 154 148
0.336767 -0.264132 0.044875 177 178 179
0.334206 -0.266331 0.054103 172 176 174
0.332804 -0.264117 0.062889 184 186 183
0.332287 -0.263601 0.074495 132 134 132
0.331425 -0.264131 0.084489 94 105 110
0.331712 -0.263419 0.094978 137 148 151
0.334980 -0.266467 0.105131 138 146 148
0.336859 -0.267565 0.115160 167 174 174
0.336083 -0.268653 0.124937 187 194 193
0.334379 -0.269194 0.131893 178 182 182
0.336381 -0.258561 -0.014658 97 148 141
0.335058 -0.256376 0.005259 69 92 90
0.337112 -0.253863 0.015566 78 105 102
0.334969 -0.254399 0.026332 93 138 131
0.334578 -0.256553 0.033012 123 152 146
0.336116 -0.257158 0.044767 181 179 176
0.334563 -0.256273 0.053726 116 154 151
0.334323 -0.254494 0.066345 101 137 133
0.333538 -0.254929 0.074721 134 150 150
0.335099 -0.255794 0.087083 141 159 161
0.333726 -0.255451 0.095295 159 168 167
0.333991 -0.252449 0.106090 173 182 182
0.332757 -0.253488 0.114720 194 195 196
0.338205 -0.243253 0.006201 128 132 132
0.334620 -0.244518 0.015037 141 141 140
0.334680 -0.245598 0.025888 94 135 130
0.333856 -0.245548 0.032841 87 147 141
0.336185 -0.245081 0.043027 141 183 178
0.333415 -0.245861 0.053771 107 151 149
0.335076 -0.246572 0.066593 154 173 175
0.335435 -0.245374 0.075572 186 196 195
0.334823 -0.245174 0.083872 201 203 202
0.334545 -0.247016 0.095353 188 188 187
0.336097 -0.247236 0.105822 190 190 190
0.334459 -0.245210 0.114198 194 202 202
0.338941 -0.232686 -0.001442 185 189 188
0.336942 -0.234973 0.004400 166 170 169
0.333067 -0.235883 0.013543 164 171 167
0.332677 -0.234491 0.026027 56 119 114
0.331312 -0.238897 0.034445 8 91 84
0.336183 -0.231695 0.047372 181 178 175
0.334845 -0.232032 0.055876 156 173 174
0.334238 -0.232751 0.064763 187 191 191
0.336013 -0.235592 0.075001 190 193 191
0.337348 -0.236847 0.083826 182 184 183
0.334695 -0.232842 0.115274 180 176 172
0.334010 -0.234998 0.124691 198 192 190
0.337715 -0.226428 -0.004057 159 168 166
0.335162 -0.226918 0.003519 97 132 128
0.335176 -0.226083 0.012048 93 138 130
0.336999 -0.224865 0.027501 99 135 132
0.337284 -0.224303 0.036286 177 176 176
0.335896 -0.225968 0.046016 190 194 193
0.334158 -0.224184 0.055162 191 189 187
0.332362 -0.224704 0.062591 195 190 188
0.333502 -0.226778 0.075317 158 167 168
0.334371 -0.223559 0.084118 155 156 154
0.334650 -0.223940 0.093562 176 180 177
0.334492 -0.227716 0.103549 199 196 193
0.336024 -0.227271 0.113011 171 166 164
0.335528 -0.213803 0.016333 149 158 157
0.333966 -0.214830 0.026095 132 154 151
0.335510 -0.214599 0.033954 213 211 210
0.334287 -0.216561 0.044312 162 176 171
0.338111 -0.219188 0.053281 162 170 170
0.333401 -0.214153 0.065305 124 146 146
0.334660 -0.213462 0.075237 191 198 198
0.335309 -0.213829 0.082633 173 181 182
0.335363 -0.214509 0.096951 187 186 183
0.335521 -0.212965 0.105937 195 192 189
0.333199 -0.213593 0.113189 204 202 201
0.336314 -0.215835 0.126476 212 210 209
0.332806 -0.217030 0.131613 214 212 210
0.336108 -0.203254 0.005122 152 165 163
0.335724 -0.204602 0.015588 179 187 185
0.335748 -0.205185 0.025521 149 168 165
0.334059 -0.204877 0.034628 214 207 202
0.334705 -0.204101 0.043249 224 219 214
0.334426 -0.204845 0.055808 182 195 192
0.336101 -0.205761 0.064900 186 192 192
0.335137 -0.206121 0.073949 197 197 198
0.334947 -0.204006 0.083792 140 156 156
0.338649 -0.208974 0.097025 181 178 176
0.337265 -0.207711 0.105358 200 196 196
0.334223 -0.204706 0.114542 207 202 198
0.334142 -0.205019 0.125002 170 170 163
0.333128 -0.206932 0.133918 163 172 166
0.334418 -0.196335 -0.012400 130 156 152
0.334290 -0.196429 -0.006482 135 158 157
0.334112 -0.194702 0.004887 88 121 118
0.335560 -0.195329 0.014654 133 148 145
0.335532 -0.195092 0.026271 98 130 120
0.336347 -0.193668 0.033361 122 147 139
0.334931 -0.194509 0.043816 199 193 187
0.334174 -0.195320 0.054041 172 171 170
0.334794 -0.195151 0.064944 118 143 141
0.334015 -0.195933 0.074497 129 152 150
0.332677 -0.192442 0.085240 172 173 174
0.334004 -0.192582 0.094655 142 156 154
0.334333 -0.195731 0.102939 184 181 181
0.336904 -0.196665 0.114704 192 189 185
0.334573 -0.186248 -0.003170 102 140 140
0.332620 -0.185024 0.027294 84 129 120
0.335940 -0.183421 0.034092 117 139 133
0.333708 -0.183365 0.043631 138 138 134
0.334801 -0.185052 0.054063 137 153 149
0.332133 -0.183526 0.066666 166 162 156
0.335104 -0.182847 0.076237 182 178 176
0.334854 -0.183729 0.085248 205 204 204
0.335398 -0.184509 0.094763 188 188 188
0.334662 -0.185144 0.105035 194 194 194
0.334124 -0.185058 0.113721 200 200 202
0.332257 -0.187579 0.123819 212 212 215
0.334314 -0.176051 0.027830 107 126 121
0.334836 -0.175123 0.034141 141 152 149
0.334094 -0.175617 0.043972 185 187 185
0.335078 -0.175055 0.054794 197 191 188
0.334192 -0.175654 0.064085 182 178 176
0.336440 -0.176397 0.074532 209 207 207
0.335249 -0.175217 0.083877 197 194 192
0.335877 -0.176600 0.093923 183 181 181
0.334428 -0.176728 0.103069 202 200 200
0.334599 -0.160881 0.008742 182 181 182
0.334655 -0.164736 0.015408 175 176 176
0.334155 -0.167230 0.026484 144 154 151
0.335495 -0.167023 0.032650 144 158 154
0.336109 -0.165647 0.045192 145 152 145
0.336353 -0.164110 0.056612 201 195 191
0.336173 -0.165528 0.063743 199 193 189
0.335380 -0.166001 0.074499 192 187 183
0.334411 -0.167466 0.083120 202 198 192
0.332060 -0.163896 0.113572 170 175 172
0.335313 -0.152378 -0.002506 183 182 182
0.333814 -0.156334 0.004485 185 184 185
0.333886 -0.155579 0.014612 186 182 178
0.335591 -0.154288 0.025561 176 162 150
0.337961 -0.155621 0.034063 94 118 110
0.334614 -0.153376 0.046154 204 196 190
0.333863 -0.156235 0.054605 201 188 181
0.335976 -0.154799 0.064153 195 187 182
0.335939 -0.143626 0.022225 176 162 150
0.334700 -0.143862 0.035443 184 175 169
0.332393 -0.146162 0.045321 176 168 162
0.333997 -0.143963 0.055614 169 159 152
0.334288 -0.144612 0.064361 174 164 158
0.334888 -0.134735 0.016883 170 156 147
0.335783 -0.135697 0.024258 183 174 168
0.335017 -0.136369 0.033669 185 175 169
0.335434 -0.135861 0.044353 189 183 180
0.332152 -0.135353 0.053412 177 168 164
0.334146 -0.135543 0.063298 176 166 162
0.335565 -0.126768 0.015010 174 165 161
0.336316 -0.123909 0.025345 192 181 175
0.336424 -0.126592 0.034728 194 186 182
0.333953 -0.126738 0.045518 175 167 163
0.332685 -0.127081 0.053721 148 140 134
0.337254 -0.126796 0.062812 179 172 166
0.333762 -0.113662 0.015249 195 182 175
0.334682 -0.117403 0.024036 188 176 168
0.334578 -0.114860 0.047327 129 112 101
0.336181 -0.113424 0.052648 138 123 110
0.338053 -0.112860 0.064485 154 139 129
0.339108 -0.112160 0.074431 142 130 120
0.332803 -0.104737 0.007582 163 148 140
0.334806 -0.106070 0.013703 167 152 141
0.335232 -0.103647 0.024247 164 150 140
0.335376 -0.106208 0.055007 136 121 110
0.335244 -0.105064 0.064629 136 122 112
0.336565 -0.105365 0.075278 146 134 124
0.337475 -0.104445 0.086347 150 139 129
0.338383 -0.102182 0.095560 173 175 167
0.338489 -0.102070 0.104143 178 178 169
0.335145 -0.095410 0.017597 187 174 167
0.334543 -0.096458 0.023808 185 172 165
0.337220 -0.093050 0.036577 172 156 147
0.337729 -0.093576 0.046123 176 161 152
0.338285 -0.093758 0.054725 191 180 172
0.336438 -0.096412 0.065219 153 142 133
0.336099 -0.094858 0.075540 152 145 136
0.335492 -0.094390 0.085875 132 152 144
0.335344 -0.095256 0.095626 159 173 165
0.336712 -0.096232 0.102962 201 203 195
0.335311 -0.082421 0.005858 183 177 175
0.337164 -0.084573 0.014463 202 196 192
0.334564 -0.086949 0.022448 196 186 181
0.333475 -0.087493 0.043264 175 162 152
0.335050 -0.086212 0.057209 192 181 174
0.335716 -0.086155 0.064857 178 170 162
0.334221 -0.083737 0.075330 200 193 188
0.336770 -0.083773 0.084032 196 190 188
0.338385 -0.088091 0.093906 223 213 207
0.334573 -0.075415 0.006122 87 116 108
0.334118 -0.075483 0.014494 168 162 156
0.333472 -0.075024 0.025274 188 185 178
0.333314 -0.076163 0.034039 177 176 170
0.333783 -0.075263 0.043040 204 203 197
0.334180 -0.074074 0.055451 205 205 200
0.335335 -0.072689 0.065612 220 217 213
0.335584 -0.076251 0.074757 208 201 197
0.336496 -0.075088 0.086277 194 190 184
0.337666 -0.073861 0.094402 216 210 205
0.334642 -0.073977 0.104379 216 207 204
0.335430 -0.065671 -0.001327 76 124 114
0.335772 -0.063960 0.004280 114 150 141
0.332764 -0.066088 0.014992 179 190 179
0.333574 -0.067277 0.024249 173 176 168
0.338280 -0.062185 0.056937 194 192 186
0.334169 -0.064902 0.066897 203 200 193
0.334965 -0.066270 0.075918 219 212 208
0.336339 -0.066186 0.083641 174 190 185
0.335054 -0.068371 0.091839 219 218 215
0.334805 -0.053411 -0.002732 81 141 134
0.334740 -0.056387 0.002138 118 165 157
0.338673 -0.052558 0.026487 104 138 130
0.336391 -0.052243 0.036392 128 172 164
0.337429 -0.053448 0.043448 193 200 194
0.333375 -0.055399 0.054829 207 201 195
0.334151 -0.054694 0.063131 176 198 190
0.334300 -0.059412 0.074853 194 206 201
0.336702 -0.044301 -0.013022 110 168 162
0.336084 -0.045311 -0.004527 67 135 127
0.335192 -0.045430 0.002841 40 110 101
0.335114 -0.046865 0.015590 72 128 120
0.334636 -0.048329 0.024497 86 142 134
0.335643 -0.045344 0.037126 182 190 184
0.335099 -0.046415 0.042814 156 168 163
0.333191 -0.048242 0.052522 127 174 166
0.336895 -0.037536 -0.004770 21 116 104
0.333956 -0.037343 0.000267 11 115 104
0.336295 -0.023581 -0.001438 118 169 160
0.337146 -0.012142 -0.013311 136 180 175
0.333241 -0.016661 -0.004087 144 184 177
0.335669 -0.006956 -0.016100 126 186 180
0.344885 -0.653739 -0.052638 0 100 89
0.344283 -0.647903 -0.051006 0 103 90
0.345180 -0.643218 -0.048358 0 104 94
0.345038 -0.635107 -0.045245 0 109 98
0.345051 -0.624825 -0.044794 0 113 100
0.344831 -0.615151 -0.045995 0 116 103
0.344918 -0.605375 -0.047269 0 116 102
0.345511 -0.594371 -0.054669 4 112 100
0.344820 -0.594606 -0.047762 0 112 98
0.347256 -0.584834 -0.053094 2 108 98
0.345153 -0.584822 -0.047353 0 112 98
0.344788 -0.574679 -0.045547 0 112 100
0.343505 -0.565426 -0.043619 8 103 94
0.346138 -0.561674 -0.034425 4 110 100
0.344665 -0.555535 -0.046970 2 116 106
0.343150 -0.556776 -0.028201 6 66 59
0.344765 -0.544367 -0.048436 0 110 100
0.345614 -0.534798 -0.047835 0 107 98
0.345652 -0.525834 -0.045568 0 109 100
0.342485 -0.523174 -0.035520 1 106 95
0.347840 -0.516804 -0.043860 0 114 104
0.344244 -0.514937 -0.034734 0 108 97
0.346013 -0.506083 -0.034162 0 114 103
0.343347 -0.504846 -0.027131 2 118 110
0.345725 -0.495103 -0.033474 2 102 92
0.343714 -0.496044 -0.026278 3 112 103
0.342708 -0.494356 -0.017460 4 108 102
0.343555 -0.495358 -0.005742 2 112 106
0.346348 -0.485269 -0.034250 64 134 126
0.344642 -0.484192 -0.025125 71 154 149
0.348091 -0.484508 -0.013243 1 114 109
0.344340 -0.485415 -0.006807 0 108 102
0.344979 -0.475684 -0.035144 104 166 160
0.342656 -0.476236 -0.027587 108 168 160
0.347432 -0.476093 -0.012704 2 118 112
0.345401 -0.474346 -0.009127 4 116 110
0.343362 -0.465034 -0.015741 0 105 94
0.345664 -0.455033 -0.017793 81 152 145
0.346184 -0.445037 -0.023368 123 180 176
0.344255 -0.445746 -0.016720 122 172 168
0.345757 -0.434157 -0.024985 87 120 116
0.343977 -0.433421 -0.016235 16 64 62
0.345766 -0.424271 -0.072370 106 161 156
0.343996 -0.426522 -0.067061 154 191 186
0.345881 -0.426489 -0.056732 120 126 124
0.341954 -0.426321 -0.047451 120 124 122
0.344857 -0.426769 -0.020906 14 61 56
0.344053 -0.427528 -0.018540 18 65 62
0.346387 -0.413828 -0.072688 3 116 106
0.345136 -0.404907 -0.073894 2 114 104
0.344314 -0.395251 -0.074960 1 112 102
0.343272 -0.385147 -0.076048 0 108 99
0.344046 -0.374466 -0.076871 0 102 94
0.344943 -0.365413 -0.073996 0 78 70
0.343824 -0.360714 -0.068346 0 66 62
0.344361 -0.356342 -0.065293 0 68 66
0.345911 -0.352853 -0.054161 2 83 80
0.344166 -0.350787 -0.048898 4 92 86
0.345950 -0.347561 -0.062107 0 44 42
0.345533 -0.345239 -0.054348 4 51 46
0.342947 -0.345604 -0.047353 6 67 62
0.345384 -0.335522 -0.043544 1 65 62
0.345044 -0.335293 -0.034220 2 76 73
0.345420 -0.333809 -0.024039 0 88 84
0.343402 -0.332004 -0.017652 2 96 94
0.344932 -0.325438 -0.014363 2 108 104
0.345406 -0.315282 -0.015405 5 120 117
0.346713 -0.312518 0.031973 22 70 68
0.346558 -0.304449 -0.015793 21 103 98
0.343916 -0.303884 -0.005474 32 74 73
0.342294 -0.303952 0.001977 22 56 54
0.346672 -0.306617 0.032804 26 73 73
0.344087 -0.303309 0.055856 157 160 162
0.345358 -0.297492 -0.013622 53 123 115
0.345409 -0.294310 -0.005959 90 120 117
0.342826 -0.294681 0.004436 139 150 149
0.346897 -0.295251 0.036203 70 119 120
0.346441 -0.285284 -0.013706 51 116 110
0.346194 -0.285425 -0.004819 89 103 100
0.344861 -0.283977 0.004825 153 154 152
0.344308 -0.283284 0.013515 158 160 162
0.346191 -0.285020 0.035957 72 122 126
0.347457 -0.275854 -0.012898 43 121 115
0.345473 -0.274999 -0.005512 55 123 119
0.343994 -0.275171 0.003941 61 127 122
0.344830 -0.273396 0.014656 50 118 114
0.344598 -0.273311 0.022793 80 129 126
0.345774 -0.274685 0.033452 112 145 146
0.344982 -0.267326 -0.012090 91 148 142
0.345667 -0.266264 -0.004174 83 140 135
0.346661 -0.265674 0.004887 82 138 135
0.344130 -0.265051 0.014424 82 121 117
0.345084 -0.265990 0.024337 109 154 150
0.344386 -0.265045 0.034297 128 156 156
0.342651 -0.264533 0.043922 153 150 152
0.343322 -0.264690 0.106578 175 184 186
0.342254 -0.265801 0.115512 180 190 190
0.342034 -0.258137 -0.013355 160 170 166
0.347486 -0.253235 0.008357 160 162 163
0.342429 -0.255743 0.015136 93 122 120
0.345564 -0.256243 0.027111 82 131 128
0.344196 -0.254570 0.033549 62 113 110
0.344457 -0.254034 0.044679 91 131 127
0.341559 -0.254017 0.055858 178 177 175
0.344061 -0.253558 0.085919 186 188 185
0.342941 -0.252990 0.094804 144 169 170
0.344869 -0.243339 -0.002806 117 120 122
0.345335 -0.243510 0.004974 195 195 196
0.346415 -0.241811 0.016365 134 158 154
0.346893 -0.244713 0.026693 132 162 159
0.345981 -0.243540 0.033252 141 175 174
0.345242 -0.244435 0.046201 146 164 160
0.344267 -0.244508 0.055282 164 166 162
0.343538 -0.243886 0.064986 170 168 165
0.344017 -0.245688 0.074000 208 207 206
0.343584 -0.244638 0.086134 166 173 174
0.343003 -0.244092 0.094359 165 171 172
0.342210 -0.246168 0.103291 179 187 189
0.346500 -0.233061 -0.013003 131 147 142
0.344631 -0.234549 -0.005161 160 172 170
0.344069 -0.234413 0.004104 119 155 153
0.347492 -0.235542 0.016471 41 114 110
0.344628 -0.235810 0.025487 62 130 122
0.346654 -0.235093 0.035269 109 153 148
0.346581 -0.236144 0.044216 141 164 160
0.344980 -0.233071 0.054936 172 169 166
0.343399 -0.234980 0.064737 186 183 177
0.343851 -0.234520 0.075126 164 161 154
0.344833 -0.237788 0.084061 173 179 179
0.344059 -0.226849 -0.014112 175 174 168
0.344049 -0.227763 -0.005547 109 146 142
0.346968 -0.223211 0.026962 125 158 156
0.343469 -0.224751 0.036416 166 174 172
0.344270 -0.223431 0.043784 175 179 177
0.344914 -0.223235 0.053263 187 185 184
0.345054 -0.227498 0.064944 147 145 142
0.343300 -0.224080 0.096512 110 124 124
0.342977 -0.224097 0.104570 138 148 147
0.343676 -0.213046 0.016424 180 177 180
0.344811 -0.214878 0.026727 122 162 159
0.345537 -0.216345 0.034635 172 190 191
0.345148 -0.217385 0.044544 189 192 189
0.343989 -0.214212 0.053332 178 183 180
0.343181 -0.213658 0.063445 205 208 205
0.343298 -0.213506 0.074104 160 156 153
0.343269 -0.214237 0.086469 157 166 166
0.344161 -0.215606 0.095117 161 166 168
0.344774 -0.214913 0.105274 178 181 184
0.342629 -0.203512 0.005728 208 208 209
0.342332 -0.204786 0.015145 169 176 174
0.343156 -0.206133 0.024982 172 194 192
0.346097 -0.200765 0.033952 116 159 156
0.345867 -0.205150 0.055772 220 215 213
0.344800 -0.206006 0.063966 218 213 210
0.344680 -0.205255 0.074437 187 182 178
0.343800 -0.205366 0.085400 178 180 180
0.342326 -0.206810 0.094670 193 193 194
0.343917 -0.206665 0.103358 204 205 206
0.340199 -0.198100 -0.011233 184 186 188
0.342752 -0.195474 -0.004787 175 183 184
0.343902 -0.195998 0.004646 188 190 192
0.345501 -0.194983 0.028305 123 153 148
0.346971 -0.194832 0.033077 132 163 159
0.346470 -0.192817 0.044215 173 173 170
0.345111 -0.195586 0.054498 175 171 168
0.344180 -0.194562 0.065894 136 133 128
0.344005 -0.195865 0.072808 148 145 141
0.342244 -0.195590 0.105865 188 188 187
0.342409 -0.196965 0.113728 198 197 198
0.346308 -0.185279 0.026470 108 132 127
0.346584 -0.185270 0.034092 126 146 143
0.345460 -0.186512 0.045315 132 152 148
0.345682 -0.185455 0.056056 188 195 193
0.344299 -0.184132 0.065333 198 196 194
0.340691 -0.183399 0.095714 168 169 171
0.346820 -0.174697 0.005692 78 100 98
0.346359 -0.173707 0.015499 140 140 134
0.343171 -0.173989 0.027086 135 155 151
0.344993 -0.173877 0.034502 165 181 178
0.345195 -0.174007 0.044390 203 198 195
0.343222 -0.174106 0.056343 218 214 212
0.344734 -0.174521 0.064671 218 217 218
0.343327 -0.176442 0.073913 186 184 182
0.342083 -0.179198 0.093346 174 176 178
0.345487 -0.167499 0.015023 148 154 151
0.344987 -0.164718 0.027114 119 141 134
0.345015 -0.166699 0.033848 141 157 154
0.344631 -0.166622 0.043704 186 189 186
0.343301 -0.164302 0.056606 201 198 194
0.342515 -0.164468 0.064117 191 185 182
0.345971 -0.153789 0.004012 190 184 184
0.344645 -0.157614 0.026968 125 144 137
0.344191 -0.154276 0.032327 97 128 120
0.343770 -0.153779 0.046079 156 170 168
0.344973 -0.155893 0.054469 196 198 196
0.345708 -0.156396 0.064087 178 174 170
0.346655 -0.144028 -0.011961 94 130 131
0.345810 -0.146127 -0.004682 125 141 141
0.344969 -0.144376 0.034889 147 166 159
0.346585 -0.144663 0.043795 152 160 154
0.346323 -0.134389 0.004915 176 178 172
0.345372 -0.136573 0.014873 168 163 158
0.344170 -0.134812 0.024865 170 162 154
0.344777 -0.134214 0.033307 165 175 170
0.346729 -0.136531 0.043050 133 143 137
0.349167 -0.135192 0.053273 142 154 147
0.346445 -0.132950 0.074842 182 172 165
0.342561 -0.124291 0.026813 191 180 173
0.344607 -0.125424 0.034494 142 153 147
0.346234 -0.125365 0.044051 149 155 148
0.345525 -0.127139 0.054098 154 162 157
0.343541 -0.126417 0.067393 154 139 130
0.344667 -0.124480 0.075253 171 158 149
0.347331 -0.125026 0.084633 171 160 153
0.347499 -0.123466 0.095890 142 133 124
0.348166 -0.121894 0.104439 137 130 122
0.342212 -0.112785 0.027525 184 168 157
0.345084 -0.116393 0.034753 120 132 123
0.346260 -0.116823 0.043826 124 135 127
0.345103 -0.114245 0.054797 188 174 166
0.345351 -0.114262 0.064829 196 184 175
0.344723 -0.114814 0.073428 177 166 157
0.342295 -0.115228 0.085135 140 128 118
0.343462 -0.114711 0.094719 148 135 124
0.344771 -0.114307 0.105575 164 154 144
0.347322 -0.114089 0.114886 183 176 168
0.341872 -0.104000 0.016257 178 166 156
0.342754 -0.106997 0.027105 182 166 154
0.343356 -0.106335 0.035292 182 167 156
0.343182 -0.104969 0.086916 190 178 170
0.341841 -0.105589 0.096695 185 176 167
0.341693 -0.104150 0.104788 208 201 193
0.344125 -0.105166 0.115611 194 186 177
0.346420 -0.106096 0.123687 206 202 197
0.343799 -0.096435 0.017058 196 186 178
0.341559 -0.096881 0.055813 172 163 156
0.343062 -0.095368 0.064722 165 157 150
0.344629 -0.094771 0.074150 172 164 158
0.344633 -0.094101 0.084172 194 186 181
0.342351 -0.095748 0.103805 238 230 226
0.348118 -0.094663 0.115220 222 210 207
0.345503 -0.083024 0.004588 172 185 182
0.344482 -0.085843 0.013362 226 222 220
0.342646 -0.084970 0.024779 190 182 176
0.344874 -0.087497 0.064454 206 203 200
0.345687 -0.084429 0.077687 90 85 84
0.344208 -0.084614 0.085753 160 156 152
0.345282 -0.085641 0.095671 219 212 206
0.346954 -0.085739 0.105519 219 209 204
0.345886 -0.085018 0.115725 203 196 192
0.346781 -0.077493 0.000971 115 166 156
0.343897 -0.076230 0.026762 211 204 199
0.345581 -0.076173 0.035350 202 196 193
0.346008 -0.076118 0.044400 221 215 212
0.347018 -0.076858 0.052959 212 211 210
0.344908 -0.072553 0.067151 181 185 182
0.345330 -0.073691 0.075745 176 175 173
0.345035 -0.074141 0.084090 202 198 195
0.344857 -0.074756 0.095068 189 199 193
0.343451 -0.076365 0.104950 182 194 189
0.343606 -0.064951 0.001237 98 151 141
0.344406 -0.063345 0.045590 185 193 186
0.345537 -0.064082 0.055514 142 161 154
0.344484 -0.065649 0.064519 124 130 124
0.344166 -0.064995 0.076942 148 173 165
0.343587 -0.067688 0.085770 145 176 169
0.342789 -0.054730 -0.002715 29 102 92
0.343474 -0.054731 0.003572 13 113 98
0.345588 -0.052333 0.014493 128 140 130
0.344276 -0.053332 0.025919 130 144 134
0.343220 -0.055836 0.035999 125 144 136
0.342761 -0.055914 0.044789 145 170 165
0.345546 -0.054193 0.054808 108 132 126
0.345554 -0.057270 0.063992 85 111 90
0.343309 -0.058943 0.074234 70 122 102
0.344442 -0.043721 -0.013108 60 117 110
0.344203 -0.044745 -0.004199 34 107 98
0.345484 -0.046925 0.003395 45 104 93
0.343676 -0.048846 0.015349 66 120 110
0.341868 -0.049201 0.044401 57 102 94
0.345068 -0.023298 -0.002173 110 164 154
0.346204 -0.026343 0.002885 120 172 162
0.344235 -0.011709 -0.014541 127 183 176
0.344496 -0.016733 -0.004883 74 132 124
0.345999 -0.007287 -0.016712 92 154 148
0.355780 -0.653928 -0.048595 2 100 89
0.355548 -0.644778 -0.047427 0 104 94
0.354916 -0.634879 -0.045601 0 112 102
0.354874 -0.624929 -0.046164 1 115 104
0.354750 -0.614728 -0.046409 0 116 104
0.354774 -0.604482 -0.047274 0 116 104
0.355862 -0.593694 -0.046469 11 89 81
0.354814 -0.584881 -0.047370 0 114 104
0.354578 -0.575095 -0.046661 0 116 106
0.353368 -0.564950 -0.045743 10 112 104
0.353051 -0.556690 -0.048789 0 118 107
0.352978 -0.543484 -0.049516 0 110 98
0.355865 -0.537156 -0.051034 0 112 100
0.353444 -0.533852 -0.049116 0 111 102
0.356668 -0.523376 -0.051424 0 116 107
0.353312 -0.527586 -0.049121 0 113 104
0.357674 -0.514254 -0.052037 0 118 110
0.352729 -0.515215 -0.047968 0 116 108
0.352477 -0.512887 -0.036812 0 116 105
0.355556 -0.503147 -0.044937 0 116 108
0.353291 -0.504455 -0.037273 0 118 108
0.355306 -0.496463 -0.044415 0 118 110
0.353623 -0.495213 -0.036642 0 120 110
0.357302 -0.485379 -0.043439 2 122 114
0.353586 -0.485228 -0.036504 2 123 114
0.357642 -0.477015 -0.043602 3 124 116
0.353879 -0.476398 -0.036073 3 125 116
0.358135 -0.462690 -0.043056 111 172 170
0.354971 -0.465160 -0.036843 38 140 134
0.352739 -0.466543 -0.015326 0 116 109
0.357638 -0.455250 -0.044837 124 182 178
0.353533 -0.455000 -0.035321 124 180 177
0.353019 -0.456773 -0.018307 120 172 168
0.355675 -0.446970 -0.044457 124 182 178
0.351718 -0.447112 -0.034166 120 180 176
0.352745 -0.443017 -0.016142 20 70 66
0.355778 -0.433030 -0.083634 104 164 157
0.355843 -0.433607 -0.075165 139 180 176
0.356869 -0.432830 -0.066251 136 140 139
0.354012 -0.436634 -0.047497 128 128 127
0.353960 -0.425088 -0.075364 22 120 114
0.352454 -0.427138 -0.065927 116 126 128
0.356462 -0.414308 -0.083077 2 113 103
0.352308 -0.416998 -0.076543 3 116 106
0.356045 -0.404841 -0.084634 0 110 100
0.355551 -0.394974 -0.085672 0 108 98
0.355173 -0.384861 -0.084378 0 101 94
0.354876 -0.377792 -0.081626 0 90 86
0.354758 -0.372738 -0.077797 0 88 84
0.354652 -0.366515 -0.072965 1 78 72
0.356145 -0.361626 -0.067226 1 75 69
0.355907 -0.355944 -0.064205 1 72 66
0.353773 -0.354028 -0.056079 4 89 84
0.358794 -0.343705 -0.071498 0 33 28
0.355585 -0.345010 -0.064084 7 46 42
0.354146 -0.344747 -0.054668 6 74 69
0.355489 -0.336323 -0.044282 0 72 66
0.355934 -0.335114 -0.034312 0 80 75
0.354689 -0.332507 -0.025854 0 92 90
0.357006 -0.327546 -0.021737 0 98 96
0.353869 -0.324088 -0.017171 1 107 103
0.357936 -0.311773 -0.021786 20 72 70
0.354649 -0.315721 -0.016726 2 120 114
0.353528 -0.313473 0.024873 26 76 72
0.355409 -0.312160 0.031213 19 81 79
0.355332 -0.307294 -0.023155 12 94 90
0.353830 -0.305414 -0.017446 9 87 82
0.354276 -0.305105 0.034841 35 99 96
0.352239 -0.302897 0.045274 58 84 79
0.355742 -0.293737 -0.014071 12 85 81
0.353546 -0.294015 0.034075 73 124 125
0.353391 -0.294777 0.045256 25 70 66
0.354761 -0.284969 -0.014847 15 89 85
0.352714 -0.284317 0.032164 71 122 124
0.354220 -0.276612 -0.015101 11 89 85
0.353757 -0.275510 0.033063 73 124 126
0.356252 -0.265643 -0.013559 2 116 112
0.353607 -0.263585 -0.005486 0 110 106
0.353006 -0.263421 0.004579 52 116 117
0.353528 -0.265820 0.012578 72 134 140
0.354007 -0.262722 0.027116 72 122 125
0.356576 -0.257166 -0.014318 18 97 94
0.357723 -0.254367 -0.003973 56 129 129
0.355093 -0.255381 0.004782 79 135 136
0.354529 -0.254603 0.012956 101 139 141
0.353212 -0.253096 0.025500 52 121 119
0.353034 -0.252839 0.035915 59 119 117
0.354394 -0.253972 0.044232 136 156 157
0.355683 -0.244004 -0.003681 172 174 178
0.355960 -0.247131 0.004037 156 162 167
0.353443 -0.244803 0.016522 85 120 118
0.353600 -0.245110 0.025766 62 115 113
0.355437 -0.243994 0.033057 71 119 116
0.355128 -0.244151 0.045589 176 179 179
0.353660 -0.244934 0.054468 189 195 194
0.352696 -0.244827 0.063536 186 188 190
0.352129 -0.235536 -0.014051 167 171 171
0.352990 -0.236464 -0.006928 177 184 184
0.352324 -0.234088 0.006161 127 169 171
0.354101 -0.233685 0.014463 131 171 173
0.355908 -0.232709 0.025504 93 146 145
0.352589 -0.234905 0.034652 105 140 139
0.354614 -0.235775 0.043684 127 133 132
0.353725 -0.231854 0.053359 159 161 161
0.353589 -0.232528 0.065419 158 161 162
0.351255 -0.235895 0.074307 155 160 162
0.355747 -0.225142 -0.012425 122 158 160
0.356344 -0.224681 -0.005966 84 146 149
0.357906 -0.224044 0.005591 126 170 172
0.355914 -0.226152 0.014231 125 169 168
0.353960 -0.226234 0.026223 123 155 153
0.355938 -0.226295 0.034142 95 150 146
0.355230 -0.222875 0.044866 184 193 192
0.354415 -0.227815 0.054531 106 111 112
0.353138 -0.226187 0.062534 174 178 177
0.356421 -0.215298 -0.004594 96 134 134
0.356519 -0.214640 0.004976 116 151 149
0.355315 -0.215055 0.015963 147 168 166
0.355152 -0.214296 0.025568 100 146 144
0.354551 -0.215265 0.035062 152 177 175
0.352797 -0.215632 0.044477 205 204 201
0.357283 -0.204975 0.006359 68 126 123
0.356760 -0.205817 0.014683 133 157 155
0.354655 -0.205291 0.026251 114 156 153
0.355513 -0.206774 0.032929 127 160 156
0.353541 -0.203147 0.043859 197 191 187
0.353194 -0.204148 0.055050 208 202 197
0.356489 -0.194504 0.004616 84 132 131
0.356185 -0.192913 0.013709 144 154 155
0.351522 -0.196363 0.026753 127 161 157
0.353157 -0.194342 0.034424 169 187 185
0.352670 -0.193816 0.044329 171 169 166
0.352451 -0.194013 0.053576 136 134 130
0.355323 -0.184036 -0.000702 136 157 156
0.356490 -0.185471 0.004565 114 152 148
0.354082 -0.185882 0.013700 145 157 154
0.353189 -0.185757 0.034495 105 148 145
0.356037 -0.178003 -0.000831 70 124 120
0.356627 -0.176637 0.003562 33 100 94
0.353683 -0.175943 0.024353 130 158 162
0.353169 -0.175241 0.032324 123 155 153
0.351878 -0.173883 0.044042 202 201 200
0.351812 -0.171753 0.064904 155 152 154
0.355683 -0.166204 0.006248 96 150 144
0.355017 -0.164544 0.015243 142 167 166
0.353365 -0.163672 0.024258 187 193 193
0.356181 -0.165524 0.033024 88 134 132
0.354314 -0.165590 0.055380 139 138 138
0.354708 -0.154893 0.004289 177 177 178
0.355595 -0.158013 0.016491 184 182 184
0.356938 -0.158920 0.023967 158 172 170
0.354488 -0.154031 0.033272 84 130 122
0.350467 -0.154362 0.065049 164 164 162
0.355397 -0.142637 -0.013224 98 140 140
0.354089 -0.147558 -0.006102 158 170 170
0.352944 -0.147128 0.035060 96 130 124
0.352657 -0.146408 0.044226 216 208 203
0.354988 -0.143779 0.065249 164 188 185
0.356943 -0.136316 -0.013754 59 106 106
0.354980 -0.132939 -0.005329 94 124 122
0.354419 -0.133856 0.004396 112 129 126
0.352009 -0.134744 0.014598 142 153 150
0.351756 -0.132899 0.027409 56 111 107
0.354164 -0.133040 0.033348 65 112 108
0.350688 -0.135713 0.056211 160 165 159
0.352437 -0.135559 0.065271 166 170 166
0.355211 -0.136423 0.075481 149 154 151
0.355369 -0.136010 0.086170 126 124 120
0.357452 -0.133375 0.093277 184 180 178
0.355595 -0.129098 -0.006771 81 122 115
0.353809 -0.126353 0.016917 118 142 141
0.355588 -0.125127 0.026513 112 110 108
0.354834 -0.125499 0.034354 60 87 85
0.352028 -0.124332 0.047414 88 106 104
0.354498 -0.124022 0.054124 94 113 112
0.357175 -0.122757 0.065001 108 132 130
0.354535 -0.127134 0.095058 181 175 174
0.353516 -0.125386 0.104844 172 166 161
0.352137 -0.122795 0.113771 182 176 169
0.351722 -0.116340 0.045917 84 114 110
0.354352 -0.116294 0.054360 84 119 115
0.356149 -0.117200 0.063679 114 147 144
0.352580 -0.114335 0.116839 198 192 186
0.353746 -0.113153 0.123912 228 222 218
0.352965 -0.106234 0.124868 233 226 222
0.355145 -0.093725 0.066985 187 186 184
0.352881 -0.094883 0.074451 140 138 138
0.356530 -0.095299 0.105498 222 214 209
0.354775 -0.093669 0.114285 229 220 215
0.355214 -0.084303 0.004379 137 158 150
0.355532 -0.085158 0.014874 196 191 188
0.356073 -0.083735 0.024786 194 190 188
0.357845 -0.083138 0.036261 131 164 159
0.357674 -0.083242 0.045169 126 155 150
0.355242 -0.083087 0.055504 204 202 198
0.357010 -0.084431 0.065680 206 205 204
0.355843 -0.083929 0.076216 204 203 200
0.354086 -0.085065 0.083140 215 213 210
0.354743 -0.084097 0.094432 211 208 206
0.354133 -0.085670 0.105237 220 214 211
0.355077 -0.084601 0.115730 131 171 163
0.355897 -0.086661 0.122690 194 193 190
0.354179 -0.075939 -0.001285 98 148 139
0.354648 -0.074729 0.002177 83 132 120
0.356298 -0.077011 0.036123 88 136 128
0.355383 -0.076438 0.045185 141 175 171
0.353436 -0.077602 0.053715 220 218 218
0.354563 -0.075859 0.064913 180 181 178
0.354668 -0.076509 0.074209 143 157 153
0.354781 -0.076412 0.084863 142 168 163
0.354375 -0.076167 0.094226 139 170 166
0.354539 -0.066576 -0.002198 57 112 100
0.353707 -0.064968 0.003303 48 104 92
0.353187 -0.066074 0.062897 103 133 128
0.353554 -0.064986 0.073617 63 108 96
0.354162 -0.068659 0.085020 57 104 96
0.354717 -0.054317 0.003881 49 104 93
0.354881 -0.054979 0.052853 118 110 88
0.352602 -0.046319 -0.000852 51 103 93
0.353869 -0.046878 0.002573 50 102 94
0.355394 -0.022452 -0.003199 94 151 142
0.354686 -0.025543 0.000946 116 168 159
0.354878 -0.016844 -0.005249 53 122 114
0.365322 -0.654354 -0.047787 0 106 96
0.364191 -0.645145 -0.047248 0 110 100
0.364100 -0.635357 -0.047082 0 114 104
0.364646 -0.624882 -0.047046 0 115 105
0.363675 -0.615429 -0.047339 0 116 105
0.365704 -0.605229 -0.052650 6 63 58
0.363347 -0.605598 -0.047772 0 117 105
0.366213 -0.596110 -0.053891 16 72 68
0.364366 -0.595010 -0.048101 0 117 106
0.363671 -0.585625 -0.048207 0 116 106
0.363253 -0.575489 -0.055044 19 115 111
0.363543 -0.576366 -0.048370 2 118 108
0.366741 -0.563867 -0.051276 2 120 110
0.366656 -0.556320 -0.051981 0 116 106
0.366014 -0.544454 -0.051803 0 116 106
0.366846 -0.533613 -0.052873 0 118 110
0.365160 -0.524631 -0.053848 0 119 112
0.365500 -0.523115 -0.045230 0 118 108
0.364026 -0.515239 -0.055317 0 121 114
0.363923 -0.511979 -0.045835 0 120 110
0.367792 -0.502879 -0.062038 0 122 116
0.362924 -0.505596 -0.056842 0 122 116
0.366948 -0.494911 -0.063155 0 122 116
0.362610 -0.493128 -0.047126 1 122 114
0.366136 -0.485446 -0.064627 1 124 118
0.366479 -0.484296 -0.053835 0 123 114
0.362106 -0.485250 -0.047970 1 124 116
0.365224 -0.478575 -0.065037 5 127 122
0.365723 -0.475229 -0.054499 3 126 116
0.361681 -0.475427 -0.047952 3 127 118
0.365746 -0.465415 -0.055069 9 124 118
0.365728 -0.453459 -0.074674 121 178 176
0.364001 -0.455168 -0.054737 122 178 174
0.361385 -0.455848 -0.048120 112 172 170
0.366521 -0.443344 -0.083386 117 182 179
0.363944 -0.446532 -0.076809 118 175 174
0.365533 -0.445639 -0.054709 82 119 117
0.367373 -0.433338 -0.093426 55 131 124
0.363841 -0.434950 -0.086576 100 159 155
0.367748 -0.425669 -0.092108 1 114 105
0.363003 -0.425769 -0.087437 2 115 106
0.366853 -0.413948 -0.092460 0 112 102
0.366071 -0.404322 -0.092367 0 109 100
0.366267 -0.396856 -0.091050 0 104 96
0.364589 -0.393092 -0.089004 0 99 91
0.364868 -0.384955 -0.085203 0 88 82
0.368040 -0.380546 -0.079443 0 88 81
0.361380 -0.378605 -0.080958 0 86 80
0.365092 -0.374597 -0.075660 0 88 82
0.364087 -0.368347 -0.071503 0 86 80
0.365086 -0.363266 -0.067332 2 87 80
0.367720 -0.352840 -0.072287 17 76 70
0.363894 -0.356748 -0.064756 6 86 80
0.367688 -0.343734 -0.083024 0 18 13
0.364451 -0.345742 -0.074517 9 42 36
0.363095 -0.345752 -0.063826 18 79 73
0.363044 -0.345447 -0.056889 14 86 82
0.366419 -0.336851 -0.084533 2 28 25
0.365854 -0.336999 -0.044313 1 78 74
0.364752 -0.333309 -0.035061 1 88 84
0.368649 -0.328519 -0.031325 4 90 85
0.364731 -0.325341 -0.024631 2 97 92
0.362891 -0.316039 -0.017737 2 116 110
0.363002 -0.304261 -0.016108 11 88 85
0.368786 -0.295703 -0.021711 22 78 75
0.363875 -0.294450 -0.016139 14 93 91
0.365509 -0.293672 0.016082 82 116 118
0.365768 -0.293659 0.032766 1 94 90
0.363897 -0.284729 -0.016671 1 118 114
0.365223 -0.286959 0.008996 74 127 128
0.364018 -0.286702 0.013442 76 114 118
0.364765 -0.285964 0.034042 22 103 100
0.364119 -0.274768 -0.016893 1 118 114
0.368065 -0.274392 0.009302 67 124 125
0.365545 -0.274081 0.014204 69 124 126
0.361941 -0.274275 0.023853 88 127 130
0.363563 -0.276943 0.035419 93 144 140
0.364240 -0.264800 -0.016279 3 118 116
0.366644 -0.264771 0.008469 68 123 126
0.365767 -0.266450 0.012960 66 120 122
0.363107 -0.264672 0.033699 20 100 97
0.365129 -0.252825 -0.025682 32 85 84
0.364618 -0.255640 -0.014917 4 121 118
0.361166 -0.251979 -0.004592 50 129 129
0.364318 -0.252924 0.005037 47 118 118
0.363931 -0.256094 0.012980 66 120 120
0.364082 -0.253224 0.027524 10 96 91
0.363088 -0.255227 0.033467 32 108 104
0.367620 -0.246674 -0.013733 13 114 108
0.361883 -0.245159 -0.005565 102 148 152
0.365740 -0.243790 0.006173 82 136 137
0.363855 -0.245025 0.014304 66 124 121
0.363543 -0.244019 0.026414 46 109 108
0.363543 -0.244995 0.033819 77 122 119
0.366514 -0.233276 -0.006511 182 182 186
0.367441 -0.234780 0.004285 82 136 136
0.363445 -0.233634 0.014921 118 149 149
0.363127 -0.234924 0.025769 53 108 105
0.364127 -0.235511 0.033938 61 117 112
0.367152 -0.223050 -0.013511 4 68 66
0.364715 -0.223640 -0.003969 78 136 134
0.363057 -0.225283 0.003505 96 150 150
0.362113 -0.226859 0.026546 48 107 101
0.363052 -0.226510 0.034620 33 118 114
0.366647 -0.216622 -0.013277 18 116 112
0.366144 -0.216449 -0.005214 32 121 116
0.360475 -0.214033 0.026693 73 121 120
0.366072 -0.205363 -0.002611 12 112 106
0.363252 -0.203036 0.004608 61 121 118
0.363586 -0.206579 0.026855 73 120 115
0.363685 -0.204110 0.033122 76 124 117
0.367172 -0.194683 -0.003694 23 114 108
0.363128 -0.196311 0.004118 79 133 131
0.364416 -0.195475 0.033914 80 130 126
0.365506 -0.185378 -0.003686 76 148 142
0.363162 -0.163832 0.005364 117 157 156
0.362930 -0.163333 0.013797 80 139 137
0.363897 -0.162961 0.025773 103 158 154
0.365370 -0.162965 0.035526 65 99 96
0.362140 -0.157834 0.004042 172 176 180
0.362427 -0.158795 0.024665 40 92 88
0.364120 -0.156099 0.033744 4 106 99
0.367738 -0.142177 -0.021166 108 156 156
0.363922 -0.143877 -0.015854 106 148 148
0.366067 -0.133501 -0.023519 62 113 110
0.363732 -0.134923 -0.017062 44 92 90
0.363890 -0.133721 0.086034 144 152 152
0.363455 -0.133422 0.093686 186 188 188
0.365811 -0.127512 -0.023089 78 121 116
0.362915 -0.128350 -0.015677 82 124 120
0.364349 -0.125307 0.033349 3 52 48
0.366983 -0.125331 0.086207 152 171 170
0.364466 -0.117100 0.031987 110 156 150
0.363341 -0.114452 0.065199 120 158 156
0.368535 -0.115075 0.085161 186 194 196
0.367210 -0.102770 0.034451 12 62 58
0.365159 -0.104334 0.055267 98 144 138
0.363679 -0.104572 0.064062 148 174 172
0.368715 -0.106239 0.086724 208 208 208
0.365236 -0.094444 0.032552 98 148 142
0.364518 -0.092013 0.046607 63 94 91
0.365388 -0.093326 0.054599 86 99 96
0.363502 -0.093898 0.063745 170 171 171
0.366295 -0.096205 0.097903 117 115 114
0.366535 -0.095503 0.104671 112 110 108
0.365592 -0.092526 0.114095 138 136 135
0.363132 -0.086922 0.025172 157 154 152
0.364373 -0.085728 0.034880 122 157 152
0.363062 -0.086836 0.043333 111 141 138
0.364221 -0.085154 0.056692 131 141 140
0.363557 -0.085370 0.064026 136 142 142
0.367365 -0.084176 0.073703 150 157 156
0.363936 -0.084596 0.087201 155 166 164
0.364319 -0.084377 0.094050 144 164 162
0.364234 -0.085203 0.105049 142 162 158
0.364719 -0.087098 0.115281 158 168 164
0.363469 -0.073450 0.046536 96 146 140
0.363388 -0.075771 0.053668 126 167 162
0.364561 -0.077179 0.065141 118 132 130
0.367210 -0.077922 0.074868 136 143 142
0.362566 -0.078146 0.085703 104 148 142
0.363810 -0.065122 0.037648 70 124 114
0.363491 -0.065944 0.043304 78 130 122
0.364392 -0.066993 0.055026 122 154 150
0.364905 -0.066942 0.064021 124 144 141
0.364512 -0.064779 0.072283 130 131 131
0.365808 -0.065228 0.084817 158 157 158
0.364922 -0.054610 -0.004622 46 102 92
0.365135 -0.057693 0.066567 90 116 112
0.364313 -0.023122 -0.003448 90 154 146
0.365186 -0.026779 0.002103 90 136 106
0.367653 0.035353 -0.034840 24 63 58
0.376761 -0.652950 -0.052486 4 110 104
0.376588 -0.644500 -0.052930 2 110 104
0.375881 -0.635111 -0.052944 2 112 105
0.375729 -0.624309 -0.065197 11 64 60
0.375643 -0.625475 -0.052882 2 112 104
0.375587 -0.615571 -0.065579 8 64 58
0.375784 -0.615634 -0.053648 3 114 108
0.375246 -0.603956 -0.064428 20 72 68
0.376426 -0.604775 -0.054446 4 116 108
0.376426 -0.596358 -0.065799 39 68 68
0.376128 -0.595478 -0.053732 7 115 108
0.375637 -0.584606 -0.053458 10 118 108
0.375978 -0.583976 -0.045428 3 118 107
0.375023 -0.574855 -0.053233 8 118 108
0.375540 -0.576626 -0.044713 4 120 108
0.373529 -0.565514 -0.054076 2 119 110
0.373198 -0.555305 -0.054348 2 117 109
0.374751 -0.554371 -0.045847 2 116 105
0.373061 -0.544698 -0.054775 2 117 110
0.375168 -0.546355 -0.045859 2 116 106
0.377544 -0.533613 -0.063972 4 66 62
0.372713 -0.534587 -0.056415 5 116 110
0.374388 -0.536870 -0.046332 2 116 106
0.376987 -0.524270 -0.062044 8 100 93
0.372610 -0.525874 -0.056985 2 121 114
0.375919 -0.514367 -0.063599 0 118 110
0.374130 -0.505079 -0.065744 1 120 114
0.374995 -0.505671 -0.055429 1 119 112
0.376933 -0.493093 -0.072405 0 118 112
0.373209 -0.496152 -0.067487 0 120 114
0.375483 -0.484879 -0.073875 0 119 113
0.376294 -0.484007 -0.063724 2 120 112
0.374675 -0.475163 -0.075840 0 121 115
0.374476 -0.474909 -0.064788 4 124 116
0.376142 -0.464686 -0.083656 2 122 115
0.375473 -0.465258 -0.075251 3 117 110
0.373466 -0.465786 -0.065698 4 122 114
0.377090 -0.452787 -0.093276 10 116 112
0.374125 -0.455815 -0.086014 28 131 126
0.375439 -0.455260 -0.073349 79 151 146
0.375527 -0.444814 -0.095529 8 115 110
0.374573 -0.448122 -0.075321 117 172 169
0.374941 -0.436716 -0.104816 101 157 154
0.374384 -0.435000 -0.096592 2 114 106
0.370493 -0.435114 -0.087838 34 80 77
0.373786 -0.424097 -0.096676 0 112 104
0.374575 -0.414276 -0.096446 0 110 101
0.374957 -0.404800 -0.095123 0 102 95
0.374497 -0.396967 -0.091871 0 94 86
0.375410 -0.392200 -0.088302 0 91 84
0.374638 -0.385543 -0.083483 0 93 86
0.373906 -0.380788 -0.079107 0 95 88
0.374300 -0.375106 -0.075533 1 98 91
0.374565 -0.366244 -0.074019 4 99 93
0.378273 -0.352360 -0.096199 7 28 24
0.375975 -0.353445 -0.084966 10 48 46
0.373208 -0.357038 -0.076837 18 92 88
0.375047 -0.344102 -0.094527 6 28 25
0.373980 -0.346352 -0.086062 2 23 19
0.376176 -0.345460 -0.075297 4 50 46
0.375945 -0.343477 -0.064792 4 68 63
0.374414 -0.341510 -0.057792 2 75 70
0.375488 -0.336070 -0.093265 4 36 33
0.374876 -0.333948 -0.085552 1 51 48
0.375405 -0.337728 -0.053269 7 80 76
0.373685 -0.334620 -0.045094 7 90 85
0.371467 -0.331784 -0.038055 2 90 84
0.378529 -0.326160 -0.044654 34 84 64
0.373412 -0.326191 -0.034546 18 96 84
0.371194 -0.322420 -0.026432 9 96 86
0.377353 -0.315715 -0.035898 20 60 48
0.373486 -0.315326 -0.026386 8 93 86
0.373336 -0.304187 -0.025821 24 99 96
0.371600 -0.303911 -0.016251 23 86 87
0.373960 -0.296351 -0.025672 23 73 71
0.376332 -0.294144 -0.013993 5 106 102
0.374378 -0.297170 -0.004251 17 73 70
0.375292 -0.296054 0.027389 2 104 100
0.375052 -0.282248 -0.047025 12 65 60
0.374164 -0.284852 -0.025697 14 94 90
0.375808 -0.285512 -0.015550 7 112 108
0.377355 -0.275963 -0.031529 16 36 34
0.373378 -0.275182 -0.024676 31 124 120
0.374696 -0.274365 -0.016519 2 118 116
0.377239 -0.265880 -0.031692 24 56 38
0.375176 -0.264122 -0.022549 20 108 103
0.374214 -0.264195 -0.015372 6 118 114
0.375921 -0.252601 -0.047133 54 74 50
0.376955 -0.253855 -0.032935 42 78 58
0.375825 -0.256576 -0.025074 17 108 99
0.374266 -0.255393 -0.016807 4 120 116
0.373653 -0.246815 -0.044220 26 80 72
0.376226 -0.245737 -0.033069 24 84 72
0.376974 -0.245300 -0.023129 11 113 108
0.373922 -0.244220 -0.014930 10 116 112
0.377045 -0.234686 -0.022651 19 92 88
0.373617 -0.235147 -0.015459 8 124 119
0.370404 -0.236066 0.001412 82 138 138
0.373161 -0.236154 0.035327 42 94 92
0.375613 -0.223661 -0.023522 36 102 97
0.373780 -0.225289 -0.016585 4 124 119
0.375728 -0.215548 -0.022627 9 70 64
0.373053 -0.216072 -0.015654 10 81 74
0.376414 -0.204787 -0.022945 27 84 61
0.374470 -0.206736 -0.016623 0 60 54
0.372332 -0.203079 0.034526 47 101 98
0.373040 -0.194786 0.032730 42 96 93
0.374932 -0.165917 0.026757 8 75 71
0.375006 -0.143009 -0.023882 66 70 64
0.376566 -0.133391 -0.032911 58 58 41
0.373214 -0.134469 -0.026026 40 44 36
0.374624 -0.122448 0.027620 4 60 58
0.371914 -0.122734 0.035472 9 65 60
0.372039 -0.123261 0.086681 162 172 170
0.372764 -0.115673 0.017620 86 86 85
0.376023 -0.113242 0.025621 94 148 145
0.374191 -0.114560 0.033883 5 60 56
0.371377 -0.114427 0.084070 200 200 200
0.376028 -0.105148 0.026396 102 156 152
0.375233 -0.104668 0.032311 20 76 72
0.371296 -0.103608 0.094512 122 122 118
0.377608 -0.092177 0.002544 24 80 76
0.379409 -0.092450 0.013994 60 113 110
0.375952 -0.096125 0.027258 82 137 133
0.374622 -0.094852 0.033096 42 82 78
0.372348 -0.092633 0.044735 64 68 65
0.371487 -0.092068 0.051148 89 92 88
0.375593 -0.094795 0.097229 80 82 80
0.373563 -0.094196 0.106790 82 84 82
0.376590 -0.086186 -0.005392 9 108 102
0.375335 -0.086835 0.004387 2 102 96
0.376118 -0.087926 0.014454 23 74 72
0.377318 -0.086390 0.025744 50 107 102
0.373290 -0.086735 0.033555 81 121 117
0.373813 -0.086417 0.044660 98 101 97
0.373992 -0.084960 0.054823 98 102 98
0.373860 -0.083229 0.064878 122 125 120
0.373578 -0.081643 0.073860 161 164 162
0.373433 -0.083484 0.085170 140 145 145
0.373303 -0.084676 0.094021 111 115 117
0.376214 -0.086201 0.104992 174 178 177
0.375236 -0.086130 0.113400 186 190 189
0.375590 -0.076975 0.035209 18 82 75
0.371228 -0.075330 0.077496 138 146 144
0.372310 -0.076482 0.084593 140 150 150
0.374536 -0.066339 0.035988 75 135 130
0.374039 -0.043427 0.026966 52 106 102
0.372399 -0.044656 0.033777 52 110 105
0.375514 0.024281 -0.056605 45 99 94
0.371873 0.036834 -0.045179 48 58 60
0.374470 0.046268 -0.053595 48 98 94
0.373695 0.044586 -0.048497 46 58 57
0.375618 0.055256 -0.055888 48 92 86
0.377700 0.063749 -0.061056 60 94 90
0.374662 0.066740 -0.054915 46 96 90
0.371654 0.061646 -0.045562 46 66 64
0.375184 0.074758 -0.057159 58 98 94
0.372543 0.074478 -0.047408 50 68 66
0.375031 0.084716 -0.057188 62 102 98
0.387007 -0.654095 -0.064476 29 94 82
0.384315 -0.654471 -0.055834 7 111 105
0.386747 -0.645778 -0.062600 12 97 89
0.383613 -0.646178 -0.056010 4 110 103
0.384530 -0.637143 -0.084879 12 104 98
0.384819 -0.632991 -0.075802 28 89 85
0.385599 -0.632918 -0.064582 16 105 100
0.385120 -0.635752 -0.055053 6 109 102
0.383225 -0.623477 -0.083755 34 106 102
0.383139 -0.625894 -0.065186 23 92 88
0.384363 -0.625332 -0.055243 5 114 106
0.386738 -0.612082 -0.075563 18 56 54
0.387185 -0.616197 -0.065276 13 88 82
0.384067 -0.616823 -0.055263 12 120 111
0.387206 -0.604227 -0.072583 5 46 42
0.384181 -0.605098 -0.063538 20 91 85
0.384288 -0.604305 -0.057600 28 117 110
0.385916 -0.594707 -0.064650 13 77 70
0.385046 -0.593914 -0.054253 16 106 97
0.385726 -0.594271 -0.044311 2 92 85
0.386946 -0.585099 -0.074673 66 70 46
0.384185 -0.584802 -0.063939 36 83 64
0.382620 -0.586345 -0.056471 22 124 114
0.385691 -0.585476 -0.045245 2 92 84
0.386291 -0.574394 -0.073596 25 67 53
0.383608 -0.575324 -0.065223 36 85 67
0.386335 -0.562931 -0.065316 4 62 58
0.382459 -0.564810 -0.056406 18 116 106
0.382568 -0.554023 -0.057038 12 112 104
0.382234 -0.546681 -0.056805 9 110 102
0.383309 -0.533204 -0.074332 24 36 32
0.384385 -0.534112 -0.063327 18 62 54
0.383972 -0.523599 -0.072409 30 42 28
0.384099 -0.524601 -0.066125 17 56 45
0.384473 -0.514842 -0.074558 26 66 54
0.383950 -0.515968 -0.065944 14 96 79
0.387325 -0.502965 -0.082519 10 85 78
0.383652 -0.505000 -0.076256 7 110 102
0.385133 -0.505189 -0.065589 1 114 106
0.386630 -0.494556 -0.083661 18 117 112
0.386094 -0.493017 -0.072553 0 114 105
0.383265 -0.496149 -0.066873 2 117 108
0.384324 -0.485320 -0.085003 2 117 110
0.385046 -0.484953 -0.075154 0 114 106
0.385824 -0.474927 -0.094649 2 117 109
0.384546 -0.476743 -0.085820 0 110 103
0.382954 -0.475538 -0.077377 0 112 104
0.387720 -0.465364 -0.101870 1 112 104
0.383925 -0.465110 -0.096744 0 116 108
0.384528 -0.464951 -0.085188 1 116 107
0.386481 -0.454181 -0.102292 0 114 106
0.383254 -0.455970 -0.086012 2 116 110
0.384703 -0.443395 -0.104464 32 110 103
0.384151 -0.444166 -0.097554 36 98 94
0.386414 -0.435334 -0.101776 2 113 106
0.385502 -0.425188 -0.101932 0 110 102
0.389341 -0.413781 -0.142673 0 83 78
0.386185 -0.417181 -0.101030 0 104 96
0.385216 -0.412800 -0.098986 0 102 94
0.388713 -0.406353 -0.142582 0 82 76
0.386028 -0.404403 -0.136240 0 82 77
0.385239 -0.405111 -0.095995 0 98 90
0.386154 -0.396082 -0.093534 3 85 78
0.384753 -0.392945 -0.088034 7 100 92
0.386194 -0.384808 -0.085298 12 83 76
0.386588 -0.375292 -0.093194 7 54 48
0.386183 -0.376003 -0.084869 13 68 65
0.385913 -0.376082 -0.076683 10 80 74
0.387164 -0.373985 -0.043328 4 76 72
0.385905 -0.364359 -0.114833 9 70 62
0.385311 -0.366463 -0.095383 20 87 83
0.386482 -0.358841 -0.111510 2 40 34
0.385897 -0.355814 -0.103730 7 46 41
0.383578 -0.352913 -0.096207 3 29 27
0.382299 -0.352936 -0.086856 10 62 58
0.385492 -0.341910 -0.114016 2 43 38
0.385049 -0.341295 -0.107244 6 48 42
0.385193 -0.345123 -0.092797 0 36 34
0.386733 -0.346404 -0.084291 6 59 55
0.385944 -0.344569 -0.074890 8 62 57
0.384411 -0.342816 -0.065879 15 76 71
0.384099 -0.342393 -0.057486 4 72 66
0.384739 -0.336870 -0.114746 2 34 30
0.384124 -0.335793 -0.104658 8 39 36
0.384187 -0.335322 -0.096230 6 42 39
0.384061 -0.333805 -0.086751 12 62 59
0.387294 -0.335438 -0.073393 8 58 52
0.384407 -0.336219 -0.064059 14 60 54
0.382066 -0.334682 -0.055410 13 58 51
0.385329 -0.327227 -0.085070 8 47 46
0.384276 -0.325169 -0.076042 10 50 50
0.385963 -0.327902 -0.063664 0 34 30
0.384189 -0.324229 -0.054912 24 43 28
0.383876 -0.325749 -0.046068 2 32 29
0.388006 -0.324737 -0.037572 0 64 61
0.386549 -0.324403 -0.027055 1 66 64
0.384367 -0.315252 -0.036933 10 67 64
0.384836 -0.304393 -0.035258 12 70 68
0.385541 -0.302880 -0.014065 2 97 95
0.384270 -0.306191 -0.005951 1 96 94
0.387074 -0.294254 -0.044850 15 68 68
0.386503 -0.294863 -0.035313 8 72 70
0.386533 -0.294748 -0.024847 0 93 90
0.384848 -0.295366 -0.015448 0 94 92
0.389164 -0.282881 -0.051914 0 91 90
0.387666 -0.284441 -0.043321 0 92 90
0.385338 -0.285355 -0.034546 12 75 74
0.384493 -0.285009 -0.024146 0 92 89
0.383456 -0.287610 -0.015842 0 92 88
0.388309 -0.273888 -0.054678 0 88 86
0.384956 -0.275051 -0.045009 8 57 56
0.384110 -0.274850 -0.035766 7 71 70
0.383591 -0.275166 -0.024956 1 93 90
0.387984 -0.265082 -0.055271 0 86 86
0.384769 -0.265753 -0.045431 18 66 57
0.383673 -0.264470 -0.034991 9 72 69
0.383412 -0.265392 -0.024696 1 94 91
0.388399 -0.256371 -0.063456 0 87 86
0.387638 -0.255756 -0.054480 0 88 88
0.386387 -0.255211 -0.045040 0 91 89
0.384144 -0.254477 -0.036600 10 76 73
0.382566 -0.255836 -0.027003 13 77 76
0.388210 -0.244901 -0.062485 0 88 86
0.386727 -0.243339 -0.052696 9 73 73
0.384979 -0.245338 -0.043708 6 72 71
0.382985 -0.245407 -0.036135 5 74 72
0.383232 -0.245848 -0.026819 0 97 94
0.386748 -0.235234 -0.054785 1 59 57
0.384992 -0.235665 -0.045287 8 72 69
0.382810 -0.234489 -0.034452 14 79 77
0.382502 -0.234807 -0.025894 0 98 94
0.387254 -0.225743 -0.062950 0 86 82
0.386563 -0.223629 -0.055551 0 86 82
0.384552 -0.223549 -0.045564 13 76 75
0.382179 -0.226315 -0.035458 15 82 79
0.386647 -0.214747 -0.054462 8 65 62
0.384392 -0.215326 -0.045752 5 67 62
0.382300 -0.216240 -0.036674 0 64 59
0.381554 -0.215433 -0.026034 0 98 93
0.386371 -0.204591 -0.056121 8 51 50
0.385235 -0.206091 -0.044915 11 53 52
0.383922 -0.204694 -0.034579 5 78 76
0.381877 -0.205326 -0.026098 0 94 90
0.382198 -0.197010 -0.025246 0 86 82
0.382160 -0.194430 -0.016125 4 76 74
0.382516 -0.143062 -0.025375 12 57 56
0.384239 -0.135544 -0.034536 24 70 70
0.382903 -0.136381 -0.024904 20 67 66
0.382430 -0.126784 -0.047001 34 77 60
0.381341 -0.114231 0.014855 14 64 62
0.383464 -0.104332 0.006797 6 59 57
0.380577 -0.107708 0.023869 6 60 57
0.380911 -0.094193 -0.024660 8 61 57
0.382215 -0.095572 -0.003742 76 126 124
0.384401 -0.094410 0.005796 55 90 87
0.382392 -0.093017 0.014668 55 92 89
0.380856 -0.096760 0.024380 14 67 64
0.380641 -0.083220 -0.023966 8 62 59
0.381773 -0.086993 0.023938 44 96 91
0.381133 -0.073308 -0.027534 9 60 56
0.381375 -0.056573 -0.023868 17 65 62
0.383044 -0.025823 -0.013206 43 92 88
0.394196 -0.663703 -0.076974 16 66 51
0.391536 -0.656428 -0.074910 58 79 58
0.391230 -0.653673 -0.068250 18 92 84
0.395818 -0.641378 -0.063894 2 88 81
0.398938 -0.634297 -0.094837 0 80 71
0.395721 -0.634106 -0.083097 5 67 61
0.394265 -0.636093 -0.073557 7 69 64
0.394194 -0.634308 -0.064899 1 88 80
0.398931 -0.622853 -0.106551 0 81 74
0.397357 -0.625313 -0.095334 0 80 72
0.395803 -0.625389 -0.084496 0 82 75
0.393451 -0.625958 -0.076132 6 66 61
0.392698 -0.626547 -0.066376 0 88 79
0.395721 -0.613104 -0.092520 0 80 72
0.394995 -0.617226 -0.086353 0 81 72
0.393544 -0.615647 -0.076013 0 83 74
0.394806 -0.604822 -0.095584 0 80 73
0.393193 -0.605042 -0.084141 0 82 73
0.391546 -0.605861 -0.073900 1 84 76
0.394184 -0.597585 -0.096107 0 74 67
0.392775 -0.587252 -0.087278 1 78 72
0.391056 -0.586870 -0.074679 0 80 72
0.397756 -0.541692 -0.084418 18 64 57
0.397672 -0.532772 -0.084245 8 62 56
0.396830 -0.534040 -0.077576 12 67 61
0.399439 -0.516822 -0.083242 8 62 58
0.397109 -0.517121 -0.072327 13 84 78
0.395426 -0.517768 -0.063349 6 88 82
0.395246 -0.490904 -0.083849 2 66 60
0.395206 -0.482347 -0.093704 9 96 88
0.393712 -0.484537 -0.085461 6 104 96
0.395718 -0.473491 -0.104105 8 94 86
0.395654 -0.476593 -0.095023 3 78 70
0.395481 -0.464967 -0.106044 12 105 92
0.398740 -0.463644 -0.095421 18 75 68
0.394857 -0.455153 -0.104631 8 105 94
0.399122 -0.457577 -0.093157 20 74 68
0.397163 -0.444807 -0.140290 4 94 86
0.396226 -0.443631 -0.136332 10 93 88
0.394224 -0.444835 -0.104003 3 109 100
0.394273 -0.432970 -0.145798 3 88 82
0.395733 -0.437754 -0.133842 2 70 64
0.396422 -0.435371 -0.127160 7 48 46
0.395684 -0.433698 -0.103406 6 100 93
0.393452 -0.425319 -0.146589 2 87 82
0.395287 -0.425048 -0.103499 8 100 93
0.398124 -0.423217 -0.084565 5 92 86
0.392825 -0.414627 -0.142020 1 82 78
0.395229 -0.416267 -0.103082 7 82 77
0.395191 -0.413171 -0.097834 4 74 69
0.398721 -0.416359 -0.085033 12 86 81
0.396240 -0.413429 -0.075692 4 91 85
0.394758 -0.404076 -0.143975 0 74 68
0.395044 -0.400886 -0.138612 0 74 68
0.395628 -0.407223 -0.101966 2 32 33
0.393880 -0.405435 -0.095855 7 70 65
0.395888 -0.404987 -0.074621 7 86 80
0.395508 -0.404361 -0.067052 2 92 84
0.395461 -0.399121 -0.140987 0 66 60
0.394799 -0.395547 -0.135618 0 66 60
0.391988 -0.396126 -0.093436 22 68 58
0.391809 -0.394299 -0.087294 14 70 63
0.395058 -0.397381 -0.074722 14 75 71
0.393382 -0.395525 -0.064682 2 90 83
0.393306 -0.393574 -0.056602 2 94 86
0.395102 -0.385270 -0.125057 3 66 61
0.392381 -0.386592 -0.092237 41 50 32
0.390424 -0.387064 -0.087125 35 67 53
0.391820 -0.385393 -0.056044 2 86 79
0.391849 -0.378550 -0.092599 0 20 20
0.395068 -0.365911 -0.123594 8 40 35
0.393633 -0.362774 -0.115042 9 49 45
0.394372 -0.356635 -0.113355 8 42 41
0.394327 -0.355463 -0.104988 7 55 50
0.393084 -0.352927 -0.095866 8 61 56
0.392902 -0.347901 -0.093867 15 63 59
0.391460 -0.347586 -0.085861 12 68 64
0.390808 -0.344520 -0.077075 17 78 72
0.392711 -0.324411 -0.086928 8 34 34
0.395684 -0.326447 -0.062714 6 40 40
0.394878 -0.322795 -0.053490 8 56 53
0.393414 -0.325185 -0.044063 0 70 65
0.397138 -0.302872 -0.053332 10 76 74
0.395388 -0.303262 -0.044081 6 86 84
0.394026 -0.303458 -0.036958 13 88 88
0.398920 -0.292339 -0.074865 5 84 82
0.397089 -0.294116 -0.065186 5 91 89
0.394859 -0.294350 -0.055303 12 96 94
0.392644 -0.295317 -0.045237 4 96 95
0.395978 -0.285274 -0.075213 2 92 90
0.393831 -0.285709 -0.066205 0 92 90
0.391721 -0.285977 -0.056262 0 92 91
0.390553 -0.288821 -0.048340 0 92 92
0.396413 -0.273802 -0.092824 0 90 89
0.394509 -0.275218 -0.082927 4 85 84
0.393964 -0.277193 -0.075354 5 82 82
0.391483 -0.276662 -0.066258 0 89 88
0.402066 -0.535406 -0.103290 10 52 46
0.400792 -0.536155 -0.096269 13 60 54
0.404690 -0.525547 -0.116510 10 52 50
0.404181 -0.514323 -0.106356 10 61 58
0.404418 -0.502859 -0.094615 7 72 66
0.402944 -0.504834 -0.084334 10 62 58
0.406820 -0.493810 -0.112907 4 57 52
0.405918 -0.496593 -0.105664 6 68 60
0.404259 -0.494298 -0.095443 5 80 74
0.403565 -0.495151 -0.085571 4 79 72
0.403481 -0.497478 -0.076623 19 60 58
0.405645 -0.484376 -0.104604 5 73 67
0.403887 -0.484517 -0.095127 3 90 82
0.403413 -0.485511 -0.086472 1 92 82
0.406422 -0.476670 -0.112996 7 53 50
0.405821 -0.474803 -0.103533 7 72 66
0.403924 -0.474857 -0.096479 2 89 82
0.405912 -0.461632 -0.111836 4 49 44
0.403826 -0.466272 -0.104971 11 63 60
0.403484 -0.464333 -0.095873 4 91 82
0.403554 -0.455032 -0.103818 17 65 61
0.403556 -0.453935 -0.093158 8 92 86
0.403310 -0.444687 -0.103816 17 70 65
0.403435 -0.446300 -0.086464 3 92 84
0.403305 -0.435518 -0.104778 15 56 53
0.402917 -0.436129 -0.096580 20 91 85
0.401672 -0.425348 -0.094792 26 64 62
0.400856 -0.423929 -0.084872 10 90 84
0.401135 -0.414958 -0.100423 14 24 20
0.401882 -0.417878 -0.097879 23 34 32
0.404731 -0.403727 -0.143694 6 71 64
0.407001 -0.404500 -0.138153 8 30 28
0.406035 -0.397586 -0.140963 0 20 18
0.404206 -0.395970 -0.135966 10 60 54
0.407121 -0.366198 -0.143618 2 32 28
0.402094 -0.322928 -0.083135 15 40 36
0.406553 -0.315698 -0.093104 14 43 39
0.405868 -0.303658 -0.084168 6 61 60
0.404212 -0.302948 -0.077039 0 57 56
0.403582 -0.294703 -0.086705 4 74 73
0.401914 -0.297323 -0.077009 2 62 64
0.403629 -0.284202 -0.104393 7 75 73
0.401856 -0.284839 -0.093555 18 77 76
0.401068 -0.286716 -0.086470 16 77 76
0.412867 -0.403513 -0.145793 6 32 29
0.415427 -0.396495 -0.144618 20 47 46
0.417386 -0.382551 -0.145474 22 55 52
0.416033 -0.374931 -0.152853 4 36 31
0.414517 -0.374758 -0.144628 4 38 32
0.411974 -0.367792 -0.142304 5 39 34
0.423023 -0.404111 -0.164573 26 53 50
0.425533 -0.393462 -0.166128 8 36 34
0.421996 -0.394451 -0.157206 28 57 55
0.424085 -0.383132 -0.162960 24 56 51
0.422764 -0.385261 -0.156956 27 58 54
0.565183 -0.423309 -0.124450 18 16 10
0.576399 -0.432995 -0.147537 19 17 11
0.577593 -0.425545 -0.145803 17 16 12
0.576603 -0.426189 -0.136698 19 18 12
0.573493 -0.424485 -0.124323 17 18 12
0.589564 -0.443505 -0.122851 13 16 14
0.588931 -0.443540 -0.104401 12 16 18
0.584645 -0.436898 -0.151097 30 30 22
0.585935 -0.435246 -0.145208 52 38 24
0.587531 -0.435538 -0.136659 47 36 25
0.587481 -0.433137 -0.124756 18 19 17
0.582984 -0.427044 -0.144575 20 18 12
0.583107 -0.427804 -0.136408 16 14 9
0.586703 -0.428755 -0.125361 17 19 17
0.586049 -0.427166 -0.116141 9 11 12
0.598106 -0.455408 -0.107292 26 26 24
0.592550 -0.442235 -0.124369 50 53 52
0.595000 -0.445345 -0.114652 43 47 46
0.595290 -0.443816 -0.105186 35 41 40
0.598729 -0.443426 -0.084571 13 15 12
0.591983 -0.434712 -0.143477 69 44 23
0.590959 -0.432700 -0.137432 74 48 26
0.594626 -0.438004 -0.125909 40 44 40
0.592684 -0.435604 -0.114087 69 74 70
0.594367 -0.435972 -0.105332 45 49 49
0.598054 -0.434763 -0.096297 154 156 154
0.594491 -0.429105 -0.143480 42 34 31
0.593338 -0.428643 -0.113883 24 27 26
0.596218 -0.428374 -0.105648 34 38 36
0.601950 -0.455180 -0.106577 30 30 29
0.605610 -0.453789 -0.094796 19 21 22
0.606187 -0.454413 -0.087564 21 24 23
0.606456 -0.453796 -0.076930 22 24 22
0.601834 -0.446523 -0.104903 34 40 41
0.602281 -0.445135 -0.093955 44 46 46
0.603310 -0.445465 -0.084795 28 29 29
0.603199 -0.443624 -0.077339 53 54 52
0.603333 -0.434758 -0.106245 16 18 20
0.603527 -0.432670 -0.094202 78 79 80
0.604814 -0.434774 -0.084670 100 102 102
0.607696 -0.436604 -0.077353 118 120 118
0.602883 -0.427806 -0.122626 26 28 28
0.604740 -0.427547 -0.114111 22 24 26
0.609568 -0.426829 -0.073901 14 20 15
0.609753 -0.424831 -0.068556 18 22 19
0.604922 -0.385692 -0.104927 12 16 16
0.617783 -0.547041 -0.063506 56 62 60
0.618764 -0.543459 -0.057215 94 99 96
0.617069 -0.534772 -0.063673 48 54 51
0.617829 -0.534455 -0.056132 89 94 90
0.616760 -0.515785 -0.063777 38 45 40
0.617548 -0.503899 -0.064906 42 50 44
0.617748 -0.494413 -0.065039 46 54 50
0.616335 -0.483668 -0.063060 46 54 49
0.617960 -0.484096 -0.056392 102 108 104
0.617065 -0.474491 -0.064814 47 55 50
0.617308 -0.464971 -0.065264 48 56 50
0.613339 -0.453252 -0.073086 44 52 48
0.615306 -0.454322 -0.063979 46 54 50
0.617406 -0.453499 -0.056040 96 100 96
0.612453 -0.443484 -0.072673 111 117 115
0.612999 -0.444081 -0.064885 96 102 99
0.614938 -0.443999 -0.055641 112 116 114
0.611424 -0.432685 -0.083029 10 16 12
0.611691 -0.435177 -0.073833 64 68 65
0.614118 -0.434415 -0.064936 62 67 64
0.616049 -0.434846 -0.054973 70 74 72
0.618519 -0.434822 -0.046572 26 28 27
0.612727 -0.426656 -0.073325 16 20 17
0.615058 -0.425158 -0.065970 28 33 30
0.618383 -0.427087 -0.054229 86 92 88
0.615145 -0.411585 -0.104560 16 22 22
0.616427 -0.414835 -0.074198 31 37 32
0.616848 -0.415341 -0.065709 42 49 44
0.615515 -0.408095 -0.107849 26 32 32
0.617353 -0.404242 -0.074511 40 46 41
0.617700 -0.405218 -0.065404 43 50 45
0.617428 -0.393667 -0.073763 43 51 46
0.617586 -0.394850 -0.064379 44 51 47
0.618605 -0.392775 -0.056752 104 112 108
0.617955 -0.386438 -0.072667 41 52 47
0.617516 -0.385009 -0.064303 42 51 46
0.618525 -0.384852 -0.057628 102 108 104
0.617501 -0.375076 -0.064399 42 52 47
0.618262 -0.374846 -0.057138 90 98 94
0.616824 -0.364377 -0.062934 44 54 48
0.618527 -0.365005 -0.057149 93 100 96
0.617022 -0.354966 -0.063007 43 53 48
0.618443 -0.354815 -0.058444 89 98 92
0.617432 -0.345172 -0.064005 42 52 47
0.618744 -0.345874 -0.057960 100 108 103
0.617256 -0.336323 -0.063236 42 52 46
0.617980 -0.333713 -0.058335 77 84 79
0.616737 -0.325240 -0.063178 44 52 47
0.618027 -0.325536 -0.057154 90 96 92
0.616739 -0.314813 -0.062708 44 50 47
0.617888 -0.315374 -0.057327 93 100 96
0.616549 -0.305057 -0.062327 48 54 50
0.616537 -0.304360 -0.057589 69 74 72
0.616545 -0.295677 -0.064054 46 51 48
0.625746 -0.552996 -0.056322 148 150 146
0.624747 -0.544634 -0.055324 144 146 144
0.624029 -0.534961 -0.054085 140 144 141
0.623661 -0.525248 -0.054050 138 142 140
0.624084 -0.515088 -0.054780 146 149 146
0.624286 -0.504551 -0.054010 138 140 138
0.623984 -0.494607 -0.054223 120 122 120
0.623509 -0.484306 -0.053773 148 151 149
0.624056 -0.475041 -0.054767 150 151 150
0.623732 -0.465021 -0.054561 150 151 151
0.622822 -0.455484 -0.053412 150 151 150
0.623070 -0.445576 -0.106016 50 56 55
0.624454 -0.444156 -0.098399 52 60 58
0.624245 -0.445368 -0.044574 116 120 119
0.622366 -0.431607 -0.055063 83 86 84
0.623631 -0.424651 -0.054424 143 148 146
0.624167 -0.414864 -0.054793 146 150 148
0.623659 -0.404790 -0.054736 146 150 149
0.622974 -0.395269 -0.053999 144 150 148
0.622988 -0.385262 -0.054485 143 149 148
0.623001 -0.375249 -0.053425 142 147 146
0.623097 -0.364187 -0.054938 140 146 144
0.622841 -0.354647 -0.054813 140 145 143
0.622914 -0.344882 -0.054970 138 144 142
0.622923 -0.335389 -0.055150 137 142 140
0.623413 -0.325340 -0.054291 136 142 140
0.623298 -0.314938 -0.055002 134 140 138
0.623308 -0.305799 -0.056999 138 142 142
0.637820 -0.441050 -0.036051 156 157 157
0.636222 -0.436952 -0.037067 206 208 209
0.645996 -0.442753 -0.035391 196 196 198
0.645281 -0.436746 -0.036307 212 212 214
0.655248 -0.443510 -0.034752 184 185 186
0.654944 -0.437167 -0.036507 212 212 212
0.665079 -0.444157 -0.035348 180 182 182
0.662442 -0.437609 -0.036007 214 214 215
0.671848 -0.446074 -0.035874 186 186 187
0.235670 -0.240813 0.089981 40 255 80
0.235670 -0.240813 0.089981 40 255 80
0.235670 -0.240813 0.089981 40 255 80
0.235670 -0.240813 0.089981 40 255 80
0.235670 -0.240813 0.089981 40 255 80
0.235670 -0.240813 0.089981 40 255 80
0.235670 -0.240813 0.089981 40 255 80
0.235670 -0.240813 0.089981 40 255 80
0.235670 -0.240813 0.089981 40 255 80
0.235670 -0.240813 0.089981 40 255 80
0.235670 -0.240813 0.089981 40 255 80
0.235670 -0.240813 0.089981 40 255 80
0.235670 -0.240813 0.089981 40 255 80
0.235670 -0.240813 0.089981 40 255 80
0.235670 -0.240813 0.089981 40 255 80
0.235670 -0.240813 0.089981 40 255 80
0.235670 -0.240813 0.089981 40 255 80
0.235670 -0.240813 0.089981 40 255 80
0.235670 -0.240813 0.089981 40 255 80
0.235670 -0.240813 0.089981 40 255 80
0.235670 -0.240813 0.089981 40 255 80
0.235670 -0.240813 0.089981 40 255 80
0.235670 -0.240813 0.089981 40 255 80
0.235670 -0.240813 0.089981 40 255 80
0.235670 -0.240813 0.089981 40 255 80
0.235670 -0.240813 0.089981 40 255 80
0.235670 -0.240813 0.089981 40 255 80
0.235670 -0.240813 0.089981 40 255 80
0.235670 -0.240813 0.089981 40 255 80
0.235670 -0.240813 0.089981 40 255 80
0.235670 -0.240813 0.089981 40 255 80
0.235670 -0.240813 0.089981 40 255 80
0.235670 -0.240813 0.089981 40 255 80
0.235670 -0.240813 0.089981 40 255 80
0.235670 -0.240813 0.089981 40 255 80
0.235670 -0.240813 0.089981 40 255 80
0.235670 -0.240813 0.089981 40 255 80
0.235670 -0.240813 0.089981 40 255 80
0.235670 -0.240813 0.089981 40 255 80
0.235670 -0.240813 0.089981 40 255 80
0.235670 -0.240813 0.089981 40 255 80
0.235670 -0.240813 0.089981 40 255 80
0.235670 -0.240813 0.089981 40 255 80
0.235670 -0.240813 0.089981 40 255 80
0.235670 -0.240813 0.089981 40 255 80
0.235670 -0.240813 0.089981 40 255 80
0.235670 -0.240813 0.089981 40 255 80
0.235670 -0.240813 0.089981 40 255 80
0.237713 -0.240813 0.089841 40 255 80
0.237696 -0.240546 0.089841 40 255 80
0.237643 -0.240284 0.089841 40 255 80
0.237558 -0.240031 0.089841 40 255 80
0.237439 -0.239791 0.089841 40 255 80
0.237291 -0.239569 0.089841 40 255 80
0.237115 -0.239368 0.089841 40 255 80
0.236914 -0.239192 0.089841 40 255 80
0.236692 -0.239044 0.089841 40 255 80
0.236452 -0.238926 0.089841 40 255 80
0.236199 -0.238840 0.089841 40 255 80
0.235937 -0.238788 0.089841 40 255 80
0.235670 -0.238770 0.089841 40 255 80
0.235404 -0.238788 0.089841 40 255 80
0.235142 -0.238840 0.089841 40 255 80
0.234889 -0.238926 0.089841 40 255 80
0.234649 -0.239044 0.089841 40 255 80
0.234427 -0.239192 0.089841 40 255 80
0.234226 -0.239368 0.089841 40 255 80
0.234050 -0.239569 0.089841 40 255 80
0.233902 -0.239791 0.089841 40 255 80
0.233783 -0.240031 0.089841 40 255 80
0.233698 -0.240284 0.089841 40 255 80
0.233645 -0.240546 0.089841 40 255 80
0.233628 -0.240813 0.089841 40 255 80
0.233645 -0.241079 0.089841 40 255 80
0.233698 -0.241341 0.089841 40 255 80
0.233783 -0.241594 0.089841 40 255 80
0.233902 -0.241834 0.089841 40 255 80
0.234050 -0.242056 0.089841 40 255 80
0.234226 -0.242257 0.089841 40 255 80
0.234427 -0.242433 0.089841 40 255 80
0.234649 -0.242582 0.089841 40 255 80
0.234889 -0.242700 0.089841 40 255 80
0.235142 -0.242786 0.089841 40 255 80
0.235404 -0.242838 0.089841 40 255 80
0.235670 -0.242855 0.089841 40 255 80
0.235937 -0.242838 0.089841 40 255 80
0.236199 -0.242786 0.089841 40 255 80
0.236452 -0.242700 0.089841 40 255 80
0.236692 -0.242582 0.089841 40 255 80
0.236914 -0.242433 0.089841 40 255 80
0.237115 -0.242257 0.089841 40 255 80
0.237291 -0.242056 0.089841 40 255 80
0.237439 -0.241834 0.089841 40 255 80
0.237558 -0.241594 0.089841 40 255 80
0.237643 -0.241341 0.089841 40 255 80
0.237696 -0.241079 0.089841 40 255 80
0.239717 -0.240813 0.089424 40 255 80
0.239683 -0.240284 0.089424 40 255 80
0.239580 -0.239765 0.089424 40 255 80
0.239409 -0.239264 0.089424 40 255 80
0.239175 -0.238789 0.089424 40 255 80
0.238881 -0.238349 0.089424 40 255 80
0.238532 -0.237951 0.089424 40 255 80
0.238134 -0.237602 0.089424 40 255 80
0.237694 -0.237308 0.089424 40 255 80
0.237219 -0.237074 0.089424 40 255 80
0.236718 -0.236904 0.089424 40 255 80
0.236199 -0.236800 0.089424 40 255 80
0.235670 -0.236766 0.089424 40 255 80
0.235142 -0.236800 0.089424 40 255 80
0.234623 -0.236904 0.089424 40 255 80
0.234122 -0.237074 0.089424 40 255 80
0.233647 -0.237308 0.089424 40 255 80
0.233207 -0.237602 0.089424 40 255 80
0.232809 -0.237951 0.089424 40 255 80
0.232460 -0.238349 0.089424 40 255 80
0.232166 -0.238789 0.089424 40 255 80
0.231932 -0.239264 0.089424 40 255 80
0.231761 -0.239765 0.089424 40 255 80
0.231658 -0.240284 0.089424 40 255 80
0.231624 -0.240813 0.089424 40 255 80
0.231658 -0.241341 0.089424 40 255 80
0.231761 -0.241860 0.089424 40 255 80
0.231932 -0.242361 0.089424 40 255 80
0.232166 -0.242836 0.089424 40 255 80
0.232460 -0.243276 0.089424 40 255 80
0.232809 -0.243674 0.089424 40 255 80
0.233207 -0.244023 0.089424 40 255 80
0.233647 -0.244317 0.089424 40 255 80
0.234122 -0.244552 0.089424 40 255 80
0.234623 -0.244722 0.089424 40 255 80
0.235142 -0.244825 0.089424 40 255 80
0.235670 -0.244860 0.089424 40 255 80
0.236199 -0.244825 0.089424 40 255 80
0.236718 -0.244722 0.089424 40 255 80
0.237219 -0.244552 0.089424 40 255 80
0.237694 -0.244317 0.089424 40 255 80
0.238134 -0.244023 0.089424 40 255 80
0.238532 -0.243674 0.089424 40 255 80
0.238881 -0.243276 0.089424 40 255 80
0.239175 -0.242836 0.089424 40 255 80
0.239409 -0.242361 0.089424 40 255 80
0.239580 -0.241860 0.089424 40 255 80
0.239683 -0.241341 0.089424 40 255 80
0.241646 -0.240813 0.088739 40 255 80
0.241595 -0.240033 0.088739 40 255 80
0.241443 -0.239266 0.088739 40 255 80
0.241192 -0.238526 0.088739 40 255 80
0.240846 -0.237825 0.088739 40 255 80
0.240412 -0.237175 0.088739 40 255 80
0.239896 -0.236587 0.088739 40 255 80
0.239308 -0.236072 0.088739 40 255 80
0.238658 -0.235637 0.088739 40 255 80
0.237957 -0.235292 0.088739 40 255 80
0.237217 -0.235040 0.088739 40 255 80
0.236451 -0.234888 0.088739 40 255 80
0.235670 -0.234837 0.088739 40 255 80
0.234890 -0.234888 0.088739 40 255 80
0.234124 -0.235040 0.088739 40 255 80
0.233384 -0.235292 0.088739 40 255 80
0.232682 -0.235637 0.088739 40 255 80
0.232033 -0.236072 0.088739 40 255 80
0.231445 -0.236587 0.088739 40 255 80
0.230929 -0.237175 0.088739 40 255 80
0.230495 -0.237825 0.088739 40 255 80
0.230149 -0.238526 0.088739 40 255 80
0.229898 -0.239266 0.088739 40 255 80
0.229746 -0.240033 0.088739 40 255 80
0.229694 -0.240813 0.088739 40 255 80
0.229746 -0.241593 0.088739 40 255 80
0.229898 -0.242359 0.088739 40 255 80
0.230149 -0.243100 0.088739 40 255 80
0.230495 -0.243801 0.088739 40 255 80
0.230929 -0.244451 0.088739 40 255 80
0.231445 -0.245038 0.088739 40 255 80
0.232033 -0.245554 0.088739 40 255 80
0.232682 -0.245988 0.088739 40 255 80
0.233384 -0.246334 0.088739 40 255 80
0.234124 -0.246585 0.088739 40 255 80
0.234890 -0.246738 0.088739 40 255 80
0.235670 -0.246789 0.088739 40 255 80
0.236451 -0.246738 0.088739 40 255 80
0.237217 -0.246585 0.088739 40 255 80
0.237957 -0.246334 0.088739 40 255 80
0.238658 -0.245988 0.088739 40 255 80
0.239308 -0.245554 0.088739 40 255 80
0.239896 -0.245038 0.088739 40 255 80
0.240412 -0.244451 0.088739 40 255 80
0.240846 -0.243801 0.088739 40 255 80
0.241192 -0.243100 0.088739 40 255 80
0.241443 -0.242359 0.088739 40 255 80
0.241595 -0.241593 0.088739 40 255 80
0.243464 -0.240813 0.087797 40 255 80
0.243398 -0.239795 0.087797 40 255 80
0.243199 -0.238796 0.087797 40 255 80
0.242871 -0.237830 0.087797 40 255 80
0.242420 -0.236916 0.087797 40 255 80
0.241854 -0.236068 0.087797 40 255 80
0.241182 -0.235302 0.087797 40 255 80
0.240415 -0.234629 0.087797 40 255 80
0.239567 -0.234063 0.087797 40 255 80
0.238653 -0.233612 0.087797 40 255 80
0.237688 -0.233284 0.087797 40 255 80
0.236688 -0.233086 0.087797 40 255 80
0.235670 -0.233019 0.087797 40 255 80
0.234653 -0.233086 0.087797 40 255 80
0.233653 -0.233284 0.087797 40 255 80
0.232688 -0.233612 0.087797 40 255 80
0.231774 -0.234063 0.087797 40 255 80
0.230926 -0.234629 0.087797 40 255 80
0.230159 -0.235302 0.087797 40 255 80
0.229487 -0.236068 0.087797 40 255 80
0.228921 -0.236916 0.087797 40 255 80
0.228470 -0.237830 0.087797 40 255 80
0.228142 -0.238796 0.087797 40 255 80
0.227943 -0.239795 0.087797 40 255 80
0.227877 -0.240813 0.087797 40 255 80
0.227943 -0.241830 0.087797 40 255 80
0.228142 -0.242830 0.087797 40 255 80
0.228470 -0.243795 0.087797 40 255 80
0.228921 -0.244710 0.087797 40 255 80
0.229487 -0.245557 0.087797 40 255 80
0.230159 -0.246324 0.087797 40 255 80
0.230926 -0.246996 0.087797 40 255 80
0.231774 -0.247562 0.087797 40 255 80
0.232688 -0.248013 0.087797 40 255 80
0.233653 -0.248341 0.087797 40 255 80
0.234653 -0.248540 0.087797 40 255 80
0.235670 -0.248606 0.087797 40 255 80
0.236688 -0.248540 0.087797 40 255 80
0.237688 -0.248341 0.087797 40 255 80
0.238653 -0.248013 0.087797 40 255 80
0.239567 -0.247562 0.087797 40 255 80
0.240415 -0.246996 0.087797 40 255 80
0.241182 -0.246324 0.087797 40 255 80
0.241854 -0.245557 0.087797 40 255 80
0.242420 -0.244710 0.087797 40 255 80
0.242871 -0.243795 0.087797 40 255 80
0.243199 -0.242830 0.087797 40 255 80
0.243398 -0.241830 0.087797 40 255 80
0.245137 -0.240813 0.086616 40 255 80
0.245056 -0.239577 0.086616 40 255 80
0.244814 -0.238363 0.086616 40 255 80
0.244416 -0.237190 0.086616 40 255 80
0.243869 -0.236080 0.086616 40 255 80
0.243181 -0.235050 0.086616 40 255 80
0.242364 -0.234119 0.086616 40 255 80
0.241433 -0.233303 0.086616 40 255 80
0.240404 -0.232615 0.086616 40 255 80
0.239293 -0.232067 0.086616 40 255 80
0.238121 -0.231669 0.086616 40 255 80
0.236906 -0.231427 0.086616 40 255 80
0.235670 -0.231346 0.086616 40 255 80
0.234435 -0.231427 0.086616 40 255 80
0.233220 -0.231669 0.086616 40 255 80
0.232048 -0.232067 0.086616 40 255 80
0.230937 -0.232615 0.086616 40 255 80
0.229908 -0.233303 0.086616 40 255 80
0.228977 -0.234119 0.086616 40 255 80
0.228160 -0.235050 0.086616 40 255 80
0.227472 -0.236080 0.086616 40 255 80
0.226925 -0.237190 0.086616 40 255 80
0.226527 -0.238363 0.086616 40 255 80
0.226285 -0.239577 0.086616 40 255 80
0.226204 -0.240813 0.086616 40 255 80
0.226285 -0.242048 0.086616 40 255 80
0.226527 -0.243263 0.086616 40 255 80
0.226925 -0.244435 0.086616 40 255 80
0.227472 -0.245546 0.086616 40 255 80
0.228160 -0.246575 0.086616 40 255 80
0.228977 -0.247506 0.086616 40 255 80
0.229908 -0.248323 0.086616 40 255 80
0.230937 -0.249011 0.086616 40 255 80
0.232048 -0.249558 0.086616 40 255 80
0.233220 -0.249956 0.086616 40 255 80
0.234435 -0.250198 0.086616 40 255 80
0.235670 -0.250279 0.086616 40 255 80
0.236906 -0.250198 0.086616 40 255 80
0.238121 -0.249956 0.086616 40 255 80
0.239293 -0.249558 0.086616 40 255 80
0.240404 -0.249011 0.086616 40 255 80
0.241433 -0.248323 0.086616 40 255 80
0.242364 -0.247506 0.086616 40 255 80
0.243181 -0.246575 0.086616 40 255 80
0.243869 -0.245546 0.086616 40 255 80
0.244416 -0.244435 0.086616 40 255 80
0.244814 -0.243263 0.086616 40 255 80
0.245056 -0.242048 0.086616 40 255 80
0.246633 -0.240813 0.085219 40 255 80
0.246539 -0.239382 0.085219 40 255 80
0.246259 -0.237975 0.085219 40 255 80
0.245799 -0.236618 0.085219 40 255 80
0.245164 -0.235331 0.085219 40 255 80
0.244368 -0.234139 0.085219 40 255 80
0.243422 -0.233061 0.085219 40 255 80
0.242344 -0.232116 0.085219 40 255 80
0.241152 -0.231319 0.085219 40 255 80
0.239866 -0.230685 0.085219 40 255 80
0.238508 -0.230224 0.085219 40 255 80
0.237101 -0.229944 0.085219 40 255 80
0.235670 -0.229850 0.085219 40 255 80
0.234240 -0.229944 0.085219 40 255 80
0.232833 -0.230224 0.085219 40 255 80
0.231475 -0.230685 0.085219 40 255 80
0.230189 -0.231319 0.085219 40 255 80
0.228997 -0.232116 0.085219 40 255 80
0.227919 -0.233061 0.085219 40 255 80
0.226973 -0.234139 0.085219 40 255 80
0.226177 -0.235331 0.085219 40 255 80
0.225542 -0.236618 0.085219 40 255 80
0.225081 -0.237975 0.085219 40 255 80
0.224802 -0.239382 0.085219 40 255 80
0.224708 -0.240813 0.085219 40 255 80
0.224802 -0.242244 0.085219 40 255 80
0.225081 -0.243650 0.085219 40 255 80
0.225542 -0.245008 0.085219 40 255 80
0.226177 -0.246294 0.085219 40 255 80
0.226973 -0.247486 0.085219 40 255 80
0.227919 -0.248564 0.085219 40 255 80
0.228997 -0.249510 0.085219 40 255 80
0.230189 -0.250307 0.085219 40 255 80
0.231475 -0.250941 0.085219 40 255 80
0.232833 -0.251402 0.085219 40 255 80
0.234240 -0.251681 0.085219 40 255 80
0.235670 -0.251775 0.085219 40 255 80
0.237101 -0.251681 0.085219 40 255 80
0.238508 -0.251402 0.085219 40 255 80
0.239866 -0.250941 0.085219 40 255 80
0.241152 -0.250307 0.085219 40 255 80
0.242344 -0.249510 0.085219 40 255 80
0.243422 -0.248564 0.085219 40 255 80
0.244368 -0.247486 0.085219 40 255 80
0.245164 -0.246294 0.085219 40 255 80
0.245799 -0.245008 0.085219 40 255 80
0.246259 -0.243650 0.085219 40 255 80
0.246539 -0.242244 0.085219 40 255 80
0.247925 -0.240813 0.083631 40 255 80
0.247820 -0.239213 0.083631 40 255 80
0.247507 -0.237641 0.083631 40 255 80
0.246992 -0.236123 0.083631 40 255 80
0.246283 -0.234685 0.083631 40 255 80
0.245393 -0.233353 0.083631 40 255 80
0.244336 -0.232147 0.083631 40 255 80
0.243131 -0.231091 0.083631 40 255 80
0.241798 -0.230200 0.083631 40 255 80
0.240360 -0.229491 0.083631 40 255 80
0.238842 -0.228976 0.083631 40 255 80
0.237270 -0.228663 0.083631 40 255 80
0.235670 -0.228558 0.083631 40 255 80
0.234071 -0.228663 0.083631 40 255 80
0.232499 -0.228976 0.083631 40 255 80
0.230981 -0.229491 0.083631 40 255 80
0.229543 -0.230200 0.083631 40 255 80
0.228210 -0.231091 0.083631 40 255 80
0.227005 -0.232147 0.083631 40 255 80
0.225948 -0.233353 0.083631 40 255 80
0.225058 -0.234685 0.083631 40 255 80
0.224349 -0.236123 0.083631 40 255 80
0.223833 -0.237641 0.083631 40 255 80
0.223521 -0.239213 0.083631 40 255 80
0.223416 -0.240813 0.083631 40 255 80
0.223521 -0.242412 0.083631 40 255 80
0.223833 -0.243984 0.083631 40 255 80
0.224349 -0.245502 0.083631 40 255 80
0.225058 -0.246940 0.083631 40 255 80
0.225948 -0.248273 0.083631 40 255 80
0.227005 -0.249478 0.083631 40 255 80
0.228210 -0.250535 0.083631 40 255 80
0.229543 -0.251425 0.083631 40 255 80
0.230981 -0.252134 0.083631 40 255 80
0.232499 -0.252650 0.083631 40 255 80
0.234071 -0.252962 0.083631 40 255 80
0.235670 -0.253067 0.083631 40 255 80
0.237270 -0.252962 0.083631 40 255 80
0.238842 -0.252650 0.083631 40 255 80
0.240360 -0.252134 0.083631 40 255 80
0.241798 -0.251425 0.083631 40 255 80
0.243131 -0.250535 0.083631 40 255 80
0.244336 -0.249478 0.083631 40 255 80
0.245393 -0.248273 0.083631 40 255 80
0.246283 -0.246940 0.083631 40 255 80
0.246992 -0.245502 0.083631 40 255 80
0.247507 -0.243984 0.083631 40 255 80
0.247820 -0.242412 0.083631 40 255 80
0.248989 -0.240813 0.081882 40 255 80
0.248875 -0.239074 0.081882 40 255 80
0.248535 -0.237366 0.081882 40 255 80
0.247975 -0.235716 0.081882 40 255 80
0.247204 -0.234154 0.081882 40 255 80
0.246237 -0.232705 0.081882 40 255 80
0.245088 -0.231395 0.081882 40 255 80
0.243778 -0.230247 0.081882 40 255 80
0.242330 -0.229279 0.081882 40 255 80
0.240767 -0.228508 0.081882 40 255 80
0.239118 -0.227948 0.081882 40 255 80
0.237409 -0.227608 0.081882 40 255 80
0.235670 -0.227494 0.081882 40 255 80
0.233932 -0.227608 0.081882 40 255 80
0.232223 -0.227948 0.081882 40 255 80
0.230574 -0.228508 0.081882 40 255 80
0.229011 -0.229279 0.081882 40 255 80
0.227563 -0.230247 0.081882 40 255 80
0.226253 -0.231395 0.081882 40 255 80
0.225104 -0.232705 0.081882 40 255 80
0.224137 -0.234154 0.081882 40 255 80
0.223366 -0.235716 0.081882 40 255 80
0.222806 -0.237366 0.081882 40 255 80
0.222466 -0.239074 0.081882 40 255 80
0.222352 -0.240813 0.081882 40 255 80
0.222466 -0.242551 0.081882 40 255 80
0.222806 -0.244260 0.081882 40 255 80
0.223366 -0.245909 0.081882 40 255 80
0.224137 -0.247472 0.081882 40 255 80
0.225104 -0.248920 0.081882 40 255 80
0.226253 -0.250230 0.081882 40 255 80
0.227563 -0.251379 0.081882 40 255 80
0.229011 -0.252347 0.081882 40 255 80
0.230574 -0.253117 0.081882 40 255 80
0.232223 -0.253677 0.081882 40 255 80
0.233932 -0.254017 0.081882 40 255 80
0.235670 -0.254131 0.081882 40 255 80
0.237409 -0.254017 0.081882 40 255 80
0.239118 -0.253677 0.081882 40 255 80
0.240767 -0.253117 0.081882 40 255 80
0.242330 -0.252347 0.081882 40 255 80
0.243778 -0.251379 0.081882 40 255 80
0.245088 -0.250230 0.081882 40 255 80
0.246237 -0.248920 0.081882 40 255 80
0.247204 -0.247472 0.081882 40 255 80
0.247975 -0.245909 0.081882 40 255 80
0.248535 -0.244260 0.081882 40 255 80
0.248875 -0.242551 0.081882 40 255 80
0.249804 -0.240813 0.080004 40 255 80
0.249683 -0.238968 0.080004 40 255 80
0.249323 -0.237155 0.080004 40 255 80
0.248729 -0.235404 0.080004 40 255 80
0.247911 -0.233746 0.080004 40 255 80
0.246884 -0.232209 0.080004 40 255 80
0.245665 -0.230819 0.080004 40 255 80
0.244275 -0.229600 0.080004 40 255 80
0.242737 -0.228572 0.080004 40 255 80
0.241079 -0.227755 0.080004 40 255 80
0.239329 -0.227160 0.080004 40 255 80
0.237515 -0.226800 0.080004 40 255 80
0.235670 -0.226679 0.080004 40 255 80
0.233826 -0.226800 0.080004 40 255 80
0.232012 -0.227160 0.080004 40 255 80
0.230262 -0.227755 0.080004 40 255 80
0.228604 -0.228572 0.080004 40 255 80
0.227066 -0.229600 0.080004 40 255 80
0.225676 -0.230819 0.080004 40 255 80
0.224457 -0.232209 0.080004 40 255 80
0.223430 -0.233746 0.080004 40 255 80
0.222612 -0.235404 0.080004 40 255 80
0.222018 -0.237155 0.080004 40 255 80
0.221657 -0.238968 0.080004 40 255 80
0.221537 -0.240813 0.080004 40 255 80
0.221657 -0.242658 0.080004 40 255 80
0.222018 -0.244471 0.080004 40 255 80
0.222612 -0.246222 0.080004 40 255 80
0.223430 -0.247880 0.080004 40 255 80
0.224457 -0.249417 0.080004 40 255 80
0.225676 -0.250807 0.080004 40 255 80
0.227066 -0.252026 0.080004 40 255 80
0.228604 -0.253053 0.080004 40 255 80
0.230262 -0.253871 0.080004 40 255 80
0.232012 -0.254465 0.080004 40 255 80
0.233826 -0.254826 0.080004 40 255 80
0.235670 -0.254947 0.080004 40 255 80
0.237515 -0.254826 0.080004 40 255 80
0.239329 -0.254465 0.080004 40 255 80
0.241079 -0.253871 0.080004 40 255 80
0.242737 -0.253053 0.080004 40 255 80
0.244275 -0.252026 0.080004 40 255 80
0.245665 -0.250807 0.080004 40 255 80
0.246884 -0.249417 0.080004 40 255 80
0.247911 -0.247880 0.080004 40 255 80
0.248729 -0.246222 0.080004 40 255 80
0.249323 -0.244471 0.080004 40 255 80
0.249683 -0.242658 0.080004 40 255 80
0.250357 -0.240813 0.078032 40 255 80
0.250231 -0.238896 0.078032 40 255 80
0.249856 -0.237012 0.078032 40 255 80
0.249239 -0.235193 0.078032 40 255 80
0.248389 -0.233470 0.078032 40 255 80
0.247322 -0.231872 0.078032 40 255 80
0.246055 -0.230428 0.078032 40 255 80
0.244611 -0.229161 0.078032 40 255 80
0.243014 -0.228094 0.078032 40 255 80
0.241291 -0.227244 0.078032 40 255 80
0.239472 -0.226627 0.078032 40 255 80
0.237587 -0.226252 0.078032 40 255 80
0.235670 -0.226126 0.078032 40 255 80
0.233754 -0.226252 0.078032 40 255 80
0.231869 -0.226627 0.078032 40 255 80
0.230050 -0.227244 0.078032 40 255 80
0.228327 -0.228094 0.078032 40 255 80
0.226730 -0.229161 0.078032 40 255 80
0.225286 -0.230428 0.078032 40 255 80
0.224019 -0.231872 0.078032 40 255 80
0.222952 -0.233470 0.078032 40 255 80
0.222102 -0.235193 0.078032 40 255 80
0.221485 -0.237012 0.078032 40 255 80
0.221110 -0.238896 0.078032 40 255 80
0.220984 -0.240813 0.078032 40 255 80
0.221110 -0.242730 0.078032 40 255 80
0.221485 -0.244614 0.078032 40 255 80
0.222102 -0.246433 0.078032 40 255 80
0.222952 -0.248156 0.078032 40 255 80
0.224019 -0.249753 0.078032 40 255 80
0.225286 -0.251197 0.078032 40 255 80
0.226730 -0.252464 0.078032 40 255 80
0.228327 -0.253531 0.078032 40 255 80
0.230050 -0.254381 0.078032 40 255 80
0.231869 -0.254999 0.078032 40 255 80
0.233754 -0.255373 0.078032 40 255 80
0.235670 -0.255499 0.078032 40 255 80
0.237587 -0.255373 0.078032 40 255 80
0.239472 -0.254999 0.078032 40 255 80
0.241291 -0.254381 0.078032 40 255 80
0.243014 -0.253531 0.078032 40 255 80
0.244611 -0.252464 0.078032 40 255 80
0.246055 -0.251197 0.078032 40 255 80
0.247322 -0.249753 0.078032 40 255 80
0.248389 -0.248156 0.078032 40 255 80
0.249239 -0.246433 0.078032 40 255 80
0.249856 -0.244614 0.078032 40 255 80
0.250231 -0.242730 0.078032 40 255 80
0.250636 -0.240813 0.076004 40 255 80
0.250507 -0.238859 0.076004 40 255 80
0.250126 -0.236939 0.076004 40 255 80
0.249496 -0.235086 0.076004 40 255 80
0.248631 -0.233330 0.076004 40 255 80
0.247543 -0.231703 0.076004 40 255 80
0.246252 -0.230231 0.076004 40 255 80
0.244781 -0.228940 0.076004 40 255 80
0.243153 -0.227853 0.076004 40 255 80
0.241397 -0.226987 0.076004 40 255 80
0.239544 -0.226358 0.076004 40 255 80
0.237624 -0.225976 0.076004 40 255 80
0.235670 -0.225848 0.076004 40 255 80
0.233717 -0.225976 0.076004 40 255 80
0.231797 -0.226358 0.076004 40 255 80
0.229944 -0.226987 0.076004 40 255 80
0.228188 -0.227853 0.076004 40 255 80
0.226560 -0.228940 0.076004 40 255 80
0.225089 -0.230231 0.076004 40 255 80
0.223798 -0.231703 0.076004 40 255 80
0.222710 -0.233330 0.076004 40 255 80
0.221845 -0.235086 0.076004 40 255 80
0.221215 -0.236939 0.076004 40 255 80
0.220833 -0.238859 0.076004 40 255 80
0.220705 -0.240813 0.076004 40 255 80
0.220833 -0.242766 0.076004 40 255 80
0.221215 -0.244686 0.076004 40 255 80
0.221845 -0.246540 0.076004 40 255 80
0.222710 -0.248295 0.076004 40 255 80
0.223798 -0.249923 0.076004 40 255 80
0.225089 -0.251395 0.076004 40 255 80
0.226560 -0.252685 0.076004 40 255 80
0.228188 -0.253773 0.076004 40 255 80
0.229944 -0.254639 0.076004 40 255 80
0.231797 -0.255268 0.076004 40 255 80
0.233717 -0.255650 0.076004 40 255 80
0.235670 -0.255778 0.076004 40 255 80
0.237624 -0.255650 0.076004 40 255 80
0.239544 -0.255268 0.076004 40 255 80
0.241397 -0.254639 0.076004 40 255 80
0.243153 -0.253773 0.076004 40 255 80
0.244781 -0.252685 0.076004 40 255 80
0.246252 -0.251395 0.076004 40 255 80
0.247543 -0.249923 0.076004 40 255 80
0.248631 -0.248295 0.076004 40 255 80
0.249496 -0.246540 0.076004 40 255 80
0.250126 -0.244686 0.076004 40 255 80
0.250507 -0.242766 0.076004 40 255 80
0.250636 -0.240813 0.073957 40 255 80
0.250507 -0.238859 0.073957 40 255 80
0.250126 -0.236939 0.073957 40 255 80
0.249496 -0.235086 0.073957 40 255 80
0.248631 -0.233330 0.073957 40 255 80
0.247543 -0.231703 0.073957 40 255 80
0.246252 -0.230231 0.073957 40 255 80
0.244781 -0.228940 0.073957 40 255 80
0.243153 -0.227853 0.073957 40 255 80
0.241397 -0.226987 0.073957 40 255 80
0.239544 -0.226358 0.073957 40 255 80
0.237624 -0.225976 0.073957 40 255 80
0.235670 -0.225848 0.073957 40 255 80
0.233717 -0.225976 0.073957 40 255 80
0.231797 -0.226358 0.073957 40 255 80
0.229944 -0.226987 0.073957 40 255 80
0.228188 -0.227853 0.073957 40 255 80
0.226560 -0.228940 0.073957 40 255 80
0.225089 -0.230231 0.073957 40 255 80
0.223798 -0.231703 0.073957 40 255 80
0.222710 -0.233330 0.073957 40 255 80
0.221845 -0.235086 0.073957 40 255 80
0.221215 -0.236939 0.073957 40 255 80
0.220833 -0.238859 0.073957 40 255 80
0.220705 -0.240813 0.073957 40 255 80
0.220833 -0.242766 0.073957 40 255 80
0.221215 -0.244686 0.073957 40 255 80
0.221845 -0.246540 0.073957 40 255 80
0.222710 -0.248295 0.073957 40 255 80
0.223798 -0.249923 0.073957 40 255 80
0.225089 -0.251395 0.073957 40 255 80
0.226560 -0.252685 0.073957 40 255 80
0.228188 -0.253773 0.073957 40 255 80
0.229944 -0.254639 0.073957 40 255 80
0.231797 -0.255268 0.073957 40 255 80
0.233717 -0.255650 0.073957 40 255 80
0.235670 -0.255778 0.073957 40 255 80
0.237624 -0.255650 0.073957 40 255 80
0.239544 -0.255268 0.073957 40 255 80
0.241397 -0.254639 0.073957 40 255 80
0.243153 -0.253773 0.073957 40 255 80
0.244781 -0.252685 0.073957 40 255 80
0.246252 -0.251395 0.073957 40 255 80
0.247543 -0.249923 0.073957 40 255 80
0.248631 -0.248295 0.073957 40 255 80
0.249496 -0.246540 0.073957 40 255 80
0.250126 -0.244686 0.073957 40 255 80
0.250507 -0.242766 0.073957 40 255 80
0.250357 -0.240813 0.071929 40 255 80
0.250231 -0.238896 0.071929 40 255 80
0.249856 -0.237012 0.071929 40 255 80
0.249239 -0.235193 0.071929 40 255 80
0.248389 -0.233470 0.071929 40 255 80
0.247322 -0.231872 0.071929 40 255 80
0.246055 -0.230428 0.071929 40 255 80
0.244611 -0.229161 0.071929 40 255 80
0.243014 -0.228094 0.071929 40 255 80
0.241291 -0.227244 0.071929 40 255 80
0.239472 -0.226627 0.071929 40 255 80
0.237587 -0.226252 0.071929 40 255 80
0.235670 -0.226126 0.071929 40 255 80
0.233754 -0.226252 0.071929 40 255 80
0.231869 -0.226627 0.071929 40 255 80
0.230050 -0.227244 0.071929 40 255 80
0.228327 -0.228094 0.071929 40 255 80
0.226730 -0.229161 0.071929 40 255 80
0.225286 -0.230428 0.071929 40 255 80
0.224019 -0.231872 0.071929 40 255 80
0.222952 -0.233470 0.071929 40 255 80
0.222102 -0.235193 0.071929 40 255 80
0.221485 -0.237012 0.071929 40 255 80
0.221110 -0.238896 0.071929 40 255 80
0.220984 -0.240813 0.071929 40 255 80
0.221110 -0.242730 0.071929 40 255 80
0.221485 -0.244614 0.071929 40 255 80
0.222102 -0.246433 0.071929 40 255 80
0.222952 -0.248156 0.071929 40 255 80
0.224019 -0.249753 0.071929 40 255 80
0.225286 -0.251197 0.071929 40 255 80
0.226730 -0.252464 0.071929 40 255 80
0.228327 -0.253531 0.071929 40 255 80
0.230050 -0.254381 0.071929 40 255 80
0.231869 -0.254999 0.071929 40 255 80
0.233754 -0.255373 0.071929 40 255 80
0.235670 -0.255499 0.071929 40 255 80
0.237587 -0.255373 0.071929 40 255 80
0.239472 -0.254999 0.071929 40 255 80
0.241291 -0.254381 0.071929 40 255 80
0.243014 -0.253531 0.071929 40 255 80
0.244611 -0.252464 0.071929 40 255 80
0.246055 -0.251197 0.071929 40 255 80
0.247322 -0.249753 0.071929 40 255 80
0.248389 -0.248156 0.071929 40 255 80
0.249239 -0.246433 0.071929 40 255 80
0.249856 -0.244614 0.071929 40 255 80
0.250231 -0.242730 0.071929 40 255 80
0.249804 -0.240813 0.069957 40 255 80
0.249683 -0.238968 0.069957 40 255 80
0.249323 -0.237155 0.069957 40 255 80
0.248729 -0.235404 0.069957 40 255 80
0.247911 -0.233746 0.069957 40 255 80
0.246884 -0.232209 0.069957 40 255 80
0.245665 -0.230819 0.069957 40 255 80
0.244275 -0.229600 0.069957 40 255 80
0.242737 -0.228572 0.069957 40 255 80
0.241079 -0.227755 0.069957 40 255 80
0.239329 -0.227160 0.069957 40 255 80
0.237515 -0.226800 0.069957 40 255 80
0.235670 -0.226679 0.069957 40 255 80
0.233826 -0.226800 0.069957 40 255 80
0.232012 -0.227160 0.069957 40 255 80
0.230262 -0.227755 0.069957 40 255 80
0.228604 -0.228572 0.069957 40 255 80
0.227066 -0.229600 0.069957 40 255 80
0.225676 -0.230819 0.069957 40 255 80
0.224457 -0.232209 0.069957 40 255 80
0.223430 -0.233746 0.069957 40 255 80
0.222612 -0.235404 0.069957 40 255 80
0.222018 -0.237155 0.069957 40 255 80
0.221657 -0.238968 0.069957 40 255 80
0.221537 -0.240813 0.069957 40 255 80
0.221657 -0.242658 0.069957 40 255 80
0.222018 -0.244471 0.069957 40 255 80
0.222612 -0.246222 0.069957 40 255 80
0.223430 -0.247880 0.069957 40 255 80
0.224457 -0.249417 0.069957 40 255 80
0.225676 -0.250807 0.069957 40 255 80
0.227066 -0.252026 0.069957 40 255 80
0.228604 -0.253053 0.069957 40 255 80
0.230262 -0.253871 0.069957 40 255 80
0.232012 -0.254465 0.069957 40 255 80
0.233826 -0.254826 0.069957 40 255 80
0.235670 -0.254947 0.069957 40 255 80
0.237515 -0.254826 0.069957 40 255 80
0.239329 -0.254465 0.069957 40 255 80
0.241079 -0.253871 0.069957 40 255 80
0.242737 -0.253053 0.069957 40 255 80
0.244275 -0.252026 0.069957 40 255 80
0.245665 -0.250807 0.069957 40 255 80
0.246884 -0.249417 0.069957 40 255 80
0.247911 -0.247880 0.069957 40 255 80
0.248729 -0.246222 0.069957 40 255 80
0.249323 -0.244471 0.069957 40 255 80
0.249683 -0.242658 0.069957 40 255 80
0.248989 -0.240813 0.068080 40 255 80
0.248875 -0.239074 0.068080 40 255 80
0.248535 -0.237366 0.068080 40 255 80
0.247975 -0.235716 0.068080 40 255 80
0.247204 -0.234154 0.068080 40 255 80
0.246237 -0.232705 0.068080 40 255 80
0.245088 -0.231395 0.068080 40 255 80
0.243778 -0.230247 0.068080 40 255 80
0.242330 -0.229279 0.068080 40 255 80
0.240767 -0.228508 0.068080 40 255 80
0.239118 -0.227948 0.068080 40 255 80
0.237409 -0.227608 0.068080 40 255 80
0.235670 -0.227494 0.068080 40 255 80
0.233932 -0.227608 0.068080 40 255 80
0.232223 -0.227948 0.068080 40 255 80
0.230574 -0.228508 0.068080 40 255 80
0.229011 -0.229279 0.068080 40 255 80
0.227563 -0.230247 0.068080 40 255 80
0.226253 -0.231395 0.068080 40 255 80
0.225104 -0.232705 0.068080 40 255 80
0.224137 -0.234154 0.068080 40 255 80
0.223366 -0.235716 0.068080 40 255 80
0.222806 -0.237366 0.068080 40 255 80
0.222466 -0.239074 0.068080 40 255 80
0.222352 -0.240813 0.068080 40 255 80
0.222466 -0.242551 0.068080 40 255 80
0.222806 -0.244260 0.068080 40 255 80
0.223366 -0.245909 0.068080 40 255 80
0.224137 -0.247472 0.068080 40 255 80
0.225104 -0.248920 0.068080 40 255 80
0.226253 -0.250230 0.068080 40 255 80
0.227563 -0.251379 0.068080 40 255 80
0.229011 -0.252347 0.068080 40 255 80
0.230574 -0.253117 0.068080 40 255 80
0.232223 -0.253677 0.068080 40 255 80
0.233932 -0.254017 0.068080 40 255 80
0.235670 -0.254131 0.068080 40 255 80
0.237409 -0.254017 0.068080 40 255 80
0.239118 -0.253677 0.068080 40 255 80
0.240767 -0.253117 0.068080 40 255 80
0.242330 -0.252347 0.068080 40 255 80
0.243778 -0.251379 0.068080 40 255 80
0.245088 -0.250230 0.068080 40 255 80
0.246237 -0.248920 0.068080 40 255 80
0.247204 -0.247472 0.068080 40 255 80
0.247975 -0.245909 0.068080 40 255 80
0.248535 -0.244260 0.068080 40 255 80
0.248875 -0.242551 0.068080 40 255 80
0.247925 -0.240813 0.066330 40 255 80
0.247820 -0.239213 0.066330 40 255 80
0.247507 -0.237641 0.066330 40 255 80
0.246992 -0.236123 0.066330 40 255 80
0.246283 -0.234685 0.066330 40 255 80
0.245393 -0.233353 0.066330 40 255 80
0.244336 -0.232147 0.066330 40 255 80
0.243131 -0.231091 0.066330 40 255 80
0.241798 -0.230200 0.066330 40 255 80
0.240360 -0.229491 0.066330 40 255 80
0.238842 -0.228976 0.066330 40 255 80
0.237270 -0.228663 0.066330 40 255 80
0.235670 -0.228558 0.066330 40 255 80
0.234071 -0.228663 0.066330 40 255 80
0.232499 -0.228976 0.066330 40 255 80
0.230981 -0.229491 0.066330 40 255 80
0.229543 -0.230200 0.066330 40 255 80
0.228210 -0.231091 0.066330 40 255 80
0.227005 -0.232147 0.066330 40 255 80
0.225948 -0.233353 0.066330 40 255 80
0.225058 -0.234685 0.066330 40 255 80
0.224349 -0.236123 0.066330 40 255 80
0.223833 -0.237641 0.066330 40 255 80
0.223521 -0.239213 0.066330 40 255 80
0.223416 -0.240813 0.066330 40 255 80
0.223521 -0.242412 0.066330 40 255 80
0.223833 -0.243984 0.066330 40 255 80
0.224349 -0.245502 0.066330 40 255 80
0.225058 -0.246940 0.066330 40 255 80
0.225948 -0.248273 0.066330 40 255 80
0.227005 -0.249478 0.066330 40 255 80
0.228210 -0.250535 0.066330 40 255 80
0.229543 -0.251425 0.066330 40 255 80
0.230981 -0.252134 0.066330 40 255 80
0.232499 -0.252650 0.066330 40 255 80
0.234071 -0.252962 0.066330 40 255 80
0.235670 -0.253067 0.066330 40 255 80
0.237270 -0.252962 0.066330 40 255 80
0.238842 -0.252650 0.066330 40 255 80
0.240360 -0.252134 0.066330 40 255 80
0.241798 -0.251425 0.066330 40 255 80
0.243131 -0.250535 0.066330 40 255 80
0.244336 -0.249478 0.066330 40 255 80
0.245393 -0.248273 0.066330 40 255 80
0.246283 -0.246940 0.066330 40 255 80
0.246992 -0.245502 0.066330 40 255 80
0.247507 -0.243984 0.066330 40 255 80
0.247820 -0.242412 0.066330 40 255 80
0.246633 -0.240813 0.064742 40 255 80
0.246539 -0.239382 0.064742 40 255 80
0.246259 -0.237975 0.064742 40 255 80
0.245799 -0.236618 0.064742 40 255 80
0.245164 -0.235331 0.064742 40 255 80
0.244368 -0.234139 0.064742 40 255 80
0.243422 -0.233061 0.064742 40 255 80
0.242344 -0.232116 0.064742 40 255 80
0.241152 -0.231319 0.064742 40 255 80
0.239866 -0.230685 0.064742 40 255 80
0.238508 -0.230224 0.064742 40 255 80
0.237101 -0.229944 0.064742 40 255 80
0.235670 -0.229850 0.064742 40 255 80
0.234240 -0.229944 0.064742 40 255 80
0.232833 -0.230224 0.064742 40 255 80
0.231475 -0.230685 0.064742 40 255 80
0.230189 -0.231319 0.064742 40 255 80
0.228997 -0.232116 0.064742 40 255 80
0.227919 -0.233061 0.064742 40 255 80
0.226973 -0.234139 0.064742 40 255 80
0.226177 -0.235331 0.064742 40 255 80
0.225542 -0.236618 0.064742 40 255 80
0.225081 -0.237975 0.064742 40 255 80
0.224802 -0.239382 0.064742 40 255 80
0.224708 -0.240813 0.064742 40 255 80
0.224802 -0.242244 0.064742 40 255 80
0.225081 -0.243650 0.064742 40 255 80
0.225542 -0.245008 0.064742 40 255 80
0.226177 -0.246294 0.064742 40 255 80
0.226973 -0.247486 0.064742 40 255 80
0.227919 -0.248564 0.064742 40 255 80
0.228997 -0.249510 0.064742 40 255 80
0.230189 -0.250307 0.064742 40 255 80
0.231475 -0.250941 0.064742 40 255 80
0.232833 -0.251402 0.064742 40 255 80
0.234240 -0.251681 0.064742 40 255 80
0.235670 -0.251775 0.064742 40 255 80
0.237101 -0.251681 0.064742 40 255 80
0.238508 -0.251402 0.064742 40 255 80
0.239866 -0.250941 0.064742 40 255 80
0.241152 -0.250307 0.064742 40 255 80
0.242344 -0.249510 0.064742 40 255 80
0.243422 -0.248564 0.064742 40 255 80
0.244368 -0.247486 0.064742 40 255 80
0.245164 -0.246294 0.064742 40 255 80
0.245799 -0.245008 0.064742 40 255 80
0.246259 -0.243650 0.064742 40 255 80
0.246539 -0.242244 0.064742 40 255 80
0.245137 -0.240813 0.063345 40 255 80
0.245056 -0.239577 0.063345 40 255 80
0.244814 -0.238363 0.063345 40 255 80
0.244416 -0.237190 0.063345 40 255 80
0.243869 -0.236080 0.063345 40 255 80
0.243181 -0.235050 0.063345 40 255 80
0.242364 -0.234119 0.063345 40 255 80
0.241433 -0.233303 0.063345 40 255 80
0.240404 -0.232615 0.063345 40 255 80
0.239293 -0.232067 0.063345 40 255 80
0.238121 -0.231669 0.063345 40 255 80
0.236906 -0.231427 0.063345 40 255 80
0.235670 -0.231346 0.063345 40 255 80
0.234435 -0.231427 0.063345 40 255 80
0.233220 -0.231669 0.063345 40 255 80
0.232048 -0.232067 0.063345 40 255 80
0.230937 -0.232615 0.063345 40 255 80
0.229908 -0.233303 0.063345 40 255 80
0.228977 -0.234119 0.063345 40 255 80
0.228160 -0.235050 0.063345 40 255 80
0.227472 -0.236080 0.063345 40 255 80
0.226925 -0.237190 0.063345 40 255 80
0.226527 -0.238363 0.063345 40 255 80
0.226285 -0.239577 0.063345 40 255 80
0.226204 -0.240813 0.063345 40 255 80
0.226285 -0.242048 0.063345 40 255 80
0.226527 -0.243263 0.063345 40 255 80
0.226925 -0.244435 0.063345 40 255 80
0.227472 -0.245546 0.063345 40 255 80
0.228160 -0.246575 0.063345 40 255 80
0.228977 -0.247506 0.063345 40 255 80
0.229908 -0.248323 0.063345 40 255 80
0.230937 -0.249011 0.063345 40 255 80
0.232048 -0.249558 0.063345 40 255 80
0.233220 -0.249956 0.063345 40 255 80
0.234435 -0.250198 0.063345 40 255 80
0.235670 -0.250279 0.063345 40 255 80
0.236906 -0.250198 0.063345 40 255 80
0.238121 -0.249956 0.063345 40 255 80
0.239293 -0.249558 0.063345 40 255 80
0.240404 -0.249011 0.063345 40 255 80
0.241433 -0.248323 0.063345 40 255 80
0.242364 -0.247506 0.063345 40 255 80
0.243181 -0.246575 0.063345 40 255 80
0.243869 -0.245546 0.063345 40 255 80
0.244416 -0.244435 0.063345 40 255 80
0.244814 -0.243263 0.063345 40 255 80
0.245056 -0.242048 0.063345 40 255 80
0.243464 -0.240813 0.062164 40 255 80
0.243398 -0.239795 0.062164 40 255 80
0.243199 -0.238796 0.062164 40 255 80
0.242871 -0.237830 0.062164 40 255 80
0.242420 -0.236916 0.062164 40 255 80
0.241854 -0.236068 0.062164 40 255 80
0.241182 -0.235302 0.062164 40 255 80
0.240415 -0.234629 0.062164 40 255 80
0.239567 -0.234063 0.062164 40 255 80
0.238653 -0.233612 0.062164 40 255 80
0.237688 -0.233284 0.062164 40 255 80
0.236688 -0.233086 0.062164 40 255 80
0.235670 -0.233019 0.062164 40 255 80
0.234653 -0.233086 0.062164 40 255 80
0.233653 -0.233284 0.062164 40 255 80
0.232688 -0.233612 0.062164 40 255 80
0.231774 -0.234063 0.062164 40 255 80
0.230926 -0.234629 0.062164 40 255 80
0.230159 -0.235302 0.062164 40 255 80
0.229487 -0.236068 0.062164 40 255 80
0.228921 -0.236916 0.062164 40 255 80
0.228470 -0.237830 0.062164 40 255 80
0.228142 -0.238796 0.062164 40 255 80
0.227943 -0.239795 0.062164 40 255 80
0.227877 -0.240813 0.062164 40 255 80
0.227943 -0.241830 0.062164 40 255 80
0.228142 -0.242830 0.062164 40 255 80
0.228470 -0.243795 0.062164 40 255 80
0.228921 -0.244710 0.062164 40 255 80
0.229487 -0.245557 0.062164 40 255 80
0.230159 -0.246324 0.062164 40 255 80
0.230926 -0.246996 0.062164 40 255 80
0.231774 -0.247562 0.062164 40 255 80
0.232688 -0.248013 0.062164 40 255 80
0.233653 -0.248341 0.062164 40 255 80
0.234653 -0.248540 0.062164 40 255 80
0.235670 -0.248606 0.062164 40 255 80
0.236688 -0.248540 0.062164 40 255 80
0.237688 -0.248341 0.062164 40 255 80
0.238653 -0.248013 0.062164 40 255 80
0.239567 -0.247562 0.062164 40 255 80
0.240415 -0.246996 0.062164 40 255 80
0.241182 -0.246324 0.062164 40 255 80
0.241854 -0.245557 0.062164 40 255 80
0.242420 -0.244710 0.062164 40 255 80
0.242871 -0.243795 0.062164 40 255 80
0.243199 -0.242830 0.062164 40 255 80
0.243398 -0.241830 0.062164 40 255 80
0.241646 -0.240813 0.061222 40 255 80
0.241595 -0.240033 0.061222 40 255 80
0.241443 -0.239266 0.061222 40 255 80
0.241192 -0.238526 0.061222 40 255 80
0.240846 -0.237825 0.061222 40 255 80
0.240412 -0.237175 0.061222 40 255 80
0.239896 -0.236587 0.061222 40 255 80
0.239308 -0.236072 0.061222 40 255 80
0.238658 -0.235637 0.061222 40 255 80
0.237957 -0.235292 0.061222 40 255 80
0.237217 -0.235040 0.061222 40 255 80
0.236451 -0.234888 0.061222 40 255 80
0.235670 -0.234837 0.061222 40 255 80
0.234890 -0.234888 0.061222 40 255 80
0.234124 -0.235040 0.061222 40 255 80
0.233384 -0.235292 0.061222 40 255 80
0.232682 -0.235637 0.061222 40 255 80
0.232033 -0.236072 0.061222 40 255 80
0.231445 -0.236587 0.061222 40 255 80
0.230929 -0.237175 0.061222 40 255 80
0.230495 -0.237825 0.061222 40 255 80
0.230149 -0.238526 0.061222 40 255 80
0.229898 -0.239266 0.061222 40 255 80
0.229746 -0.240033 0.061222 40 255 80
0.229694 -0.240813 0.061222 40 255 80
0.229746 -0.241593 0.061222 40 255 80
0.229898 -0.242359 0.061222 40 255 80
0.230149 -0.243100 0.061222 40 255 80
0.230495 -0.243801 0.061222 40 255 80
0.230929 -0.244451 0.061222 40 255 80
0.231445 -0.245038 0.061222 40 255 80
0.232033 -0.245554 0.061222 40 255 80
0.232682 -0.245988 0.061222 40 255 80
0.233384 -0.246334 0.061222 40 255 80
0.234124 -0.246585 0.061222 40 255 80
0.234890 -0.246738 0.061222 40 255 80
0.235670 -0.246789 0.061222 40 255 80
0.236451 -0.246738 0.061222 40 255 80
0.237217 -0.246585 0.061222 40 255 80
0.237957 -0.246334 0.061222 40 255 80
0.238658 -0.245988 0.061222 40 255 80
0.239308 -0.245554 0.061222 40 255 80
0.239896 -0.245038 0.061222 40 255 80
0.240412 -0.244451 0.061222 40 255 80
0.240846 -0.243801 0.061222 40 255 80
0.241192 -0.243100 0.061222 40 255 80
0.241443 -0.242359 0.061222 40 255 80
0.241595 -0.241593 0.061222 40 255 80
0.239717 -0.240813 0.060537 40 255 80
0.239683 -0.240284 0.060537 40 255 80
0.239580 -0.239765 0.060537 40 255 80
0.239409 -0.239264 0.060537 40 255 80
0.239175 -0.238789 0.060537 40 255 80
0.238881 -0.238349 0.060537 40 255 80
0.238532 -0.237951 0.060537 40 255 80
0.238134 -0.237602 0.060537 40 255 80
0.237694 -0.237308 0.060537 40 255 80
0.237219 -0.237074 0.060537 40 255 80
0.236718 -0.236904 0.060537 40 255 80
0.236199 -0.236800 0.060537 40 255 80
0.235670 -0.236766 0.060537 40 255 80
0.235142 -0.236800 0.060537 40 255 80
0.234623 -0.236904 0.060537 40 255 80
0.234122 -0.237074 0.060537 40 255 80
0.233647 -0.237308 0.060537 40 255 80
0.233207 -0.237602 0.060537 40 255 80
0.232809 -0.237951 0.060537 40 255 80
0.232460 -0.238349 0.060537 40 255 80
0.232166 -0.238789 0.060537 40 255 80
0.231932 -0.239264 0.060537 40 255 80
0.231761 -0.239765 0.060537 40 255 80
0.231658 -0.240284 0.060537 40 255 80
0.231624 -0.240813 0.060537 40 255 80
0.231658 -0.241341 0.060537 40 255 80
0.231761 -0.241860 0.060537 40 255 80
0.231932 -0.242361 0.060537 40 255 80
0.232166 -0.242836 0.060537 40 255 80
0.232460 -0.243276 0.060537 40 255 80
0.232809 -0.243674 0.060537 40 255 80
0.233207 -0.244023 0.060537 40 255 80
0.233647 -0.244317 0.060537 40 255 80
0.234122 -0.244552 0.060537 40 255 80
0.234623 -0.244722 0.060537 40 255 80
0.235142 -0.244825 0.060537 40 255 80
0.235670 -0.244860 0.060537 40 255 80
0.236199 -0.244825 0.060537 40 255 80
0.236718 -0.244722 0.060537 40 255 80
0.237219 -0.244552 0.060537 40 255 80
0.237694 -0.244317 0.060537 40 255 80
0.238134 -0.244023 0.060537 40 255 80
0.238532 -0.243674 0.060537 40 255 80
0.238881 -0.243276 0.060537 40 255 80
0.239175 -0.242836 0.060537 40 255 80
0.239409 -0.242361 0.060537 40 255 80
0.239580 -0.241860 0.060537 40 255 80
0.239683 -0.241341 0.060537 40 255 80
0.237713 -0.240813 0.060120 40 255 80
0.237696 -0.240546 0.060120 40 255 80
0.237643 -0.240284 0.060120 40 255 80
0.237558 -0.240031 0.060120 40 255 80
0.237439 -0.239791 0.060120 40 255 80
0.237291 -0.239569 0.060120 40 255 80
0.237115 -0.239368 0.060120 40 255 80
0.236914 -0.239192 0.060120 40 255 80
0.236692 -0.239044 0.060120 40 255 80
0.236452 -0.238926 0.060120 40 255 80
0.236199 -0.238840 0.060120 40 255 80
0.235937 -0.238788 0.060120 40 255 80
0.235670 -0.238770 0.060120 40 255 80
0.235404 -0.238788 0.060120 40 255 80
0.235142 -0.238840 0.060120 40 255 80
0.234889 -0.238926 0.060120 40 255 80
0.234649 -0.239044 0.060120 40 255 80
0.234427 -0.239192 0.060120 40 255 80
0.234226 -0.239368 0.060120 40 255 80
0.234050 -0.239569 0.060120 40 255 80
0.233902 -0.239791 0.060120 40 255 80
0.233783 -0.240031 0.060120 40 255 80
0.233698 -0.240284 0.060120 40 255 80
0.233645 -0.240546 0.060120 40 255 80
0.233628 -0.240813 0.060120 40 255 80
0.233645 -0.241079 0.060120 40 255 80
0.233698 -0.241341 0.060120 40 255 80
0.233783 -0.241594 0.060120 40 255 80
0.233902 -0.241834 0.060120 40 255 80
0.234050 -0.242056 0.060120 40 255 80
0.234226 -0.242257 0.060120 40 255 80
0.234427 -0.242433 0.060120 40 255 80
0.234649 -0.242582 0.060120 40 255 80
0.234889 -0.242700 0.060120 40 255 80
0.235142 -0.242786 0.060120 40 255 80
0.235404 -0.242838 0.060120 40 255 80
0.235670 -0.242855 0.060120 40 255 80
0.235937 -0.242838 0.060120 40 255 80
0.236199 -0.242786 0.060120 40 255 80
0.236452 -0.242700 0.060120 40 255 80
0.236692 -0.242582 0.060120 40 255 80
0.236914 -0.242433 0.060120 40 255 80
0.237115 -0.242257 0.060120 40 255 80
0.237291 -0.242056 0.060120 40 255 80
0.237439 -0.241834 0.060120 40 255 80
0.237558 -0.241594 0.060120 40 255 80
0.237643 -0.241341 0.060120 40 255 80
0.237696 -0.241079 0.060120 40 255 80
0.235670 -0.240813 0.059981 40 255 80
0.235670 -0.240813 0.059981 40 255 80
0.235670 -0.240813 0.059981 40 255 80
0.235670 -0.240813 0.059981 40 255 80
0.235670 -0.240813 0.059981 40 255 80
0.235670 -0.240813 0.059981 40 255 80
0.235670 -0.240813 0.059981 40 255 80
0.235670 -0.240813 0.059981 40 255 80
0.235670 -0.240813 0.059981 40 255 80
0.235670 -0.240813 0.059981 40 255 80
0.235670 -0.240813 0.059981 40 255 80
0.235670 -0.240813 0.059981 40 255 80
0.235670 -0.240813 0.059981 40 255 80
0.235670 -0.240813 0.059981 40 255 80
0.235670 -0.240813 0.059981 40 255 80
0.235670 -0.240813 0.059981 40 255 80
0.235670 -0.240813 0.059981 40 255 80
0.235670 -0.240813 0.059981 40 255 80
0.235670 -0.240813 0.059981 40 255 80
0.235670 -0.240813 0.059981 40 255 80
0.235670 -0.240813 0.059981 40 255 80
0.235670 -0.240813 0.059981 40 255 80
0.235670 -0.240813 0.059981 40 255 80
0.235670 -0.240813 0.059981 40 255 80
0.235670 -0.240813 0.059981 40 255 80
0.235670 -0.240813 0.059981 40 255 80
0.235670 -0.240813 0.059981 40 255 80
0.235670 -0.240813 0.059981 40 255 80
0.235670 -0.240813 0.059981 40 255 80
0.235670 -0.240813 0.059981 40 255 80
0.235670 -0.240813 0.059981 40 255 80
0.235670 -0.240813 0.059981 40 255 80
0.235670 -0.240813 0.059981 40 255 80
0.235670 -0.240813 0.059981 40 255 80
0.235670 -0.240813 0.059981 40 255 80
0.235670 -0.240813 0.059981 40 255 80
0.235670 -0.240813 0.059981 40 255 80
0.235670 -0.240813 0.059981 40 255 80
0.235670 -0.240813 0.059981 40 255 80
0.235670 -0.240813 0.059981 40 255 80
0.235670 -0.240813 0.059981 40 255 80
0.235670 -0.240813 0.059981 40 255 80
0.235670 -0.240813 0.059981 40 255 80
0.235670 -0.240813 0.059981 40 255 80
0.235670 -0.240813 0.059981 40 255 80
0.235670 -0.240813 0.059981 40 255 80
0.235670 -0.240813 0.059981 40 255 80
0.235670 -0.240813 0.059981 40 255 80
0.235670 -0.240813 0.080981 40 255 80
0.235670 -0.240813 0.080981 40 255 80
0.235670 -0.240813 0.080981 40 255 80
0.235670 -0.240813 0.080981 40 255 80
0.235670 -0.240813 0.080981 40 255 80
0.235670 -0.240813 0.080981 40 255 80
0.235670 -0.240813 0.080981 40 255 80
0.235670 -0.240813 0.080981 40 255 80
0.235670 -0.240813 0.080981 40 255 80
0.235670 -0.240813 0.080981 40 255 80
0.235670 -0.240813 0.080981 40 255 80
0.235670 -0.240813 0.080981 40 255 80
0.235670 -0.240813 0.080981 40 255 80
0.235670 -0.240813 0.080981 40 255 80
0.235670 -0.240813 0.080981 40 255 80
0.235670 -0.240813 0.080981 40 255 80
0.235670 -0.240813 0.080981 40 255 80
0.235670 -0.240813 0.080981 40 255 80
0.235670 -0.240813 0.080981 40 255 80
0.235670 -0.240813 0.080981 40 255 80
0.235670 -0.240813 0.080981 40 255 80
0.235670 -0.240813 0.080981 40 255 80
0.235670 -0.240813 0.080981 40 255 80
0.235670 -0.240813 0.080981 40 255 80
0.235670 -0.240813 0.080981 40 255 80
0.235670 -0.240813 0.080981 40 255 80
0.235670 -0.240813 0.080981 40 255 80
0.235670 -0.240813 0.080981 40 255 80
0.235670 -0.240813 0.080981 40 255 80
0.235670 -0.240813 0.080981 40 255 80
0.235670 -0.240813 0.080981 40 255 80
0.235670 -0.240813 0.080981 40 255 80
0.236917 -0.240813 0.080850 40 255 80
0.236894 -0.240570 0.080850 40 255 80
0.236823 -0.240336 0.080850 40 255 80
0.236707 -0.240120 0.080850 40 255 80
0.236552 -0.239931 0.080850 40 255 80
0.236363 -0.239776 0.080850 40 255 80
0.236147 -0.239660 0.080850 40 255 80
0.235913 -0.239589 0.080850 40 255 80
0.235670 -0.239566 0.080850 40 255 80
0.235427 -0.239589 0.080850 40 255 80
0.235193 -0.239660 0.080850 40 255 80
0.234977 -0.239776 0.080850 40 255 80
0.234788 -0.239931 0.080850 40 255 80
0.234633 -0.240120 0.080850 40 255 80
0.234517 -0.240336 0.080850 40 255 80
0.234446 -0.240570 0.080850 40 255 80
0.234423 -0.240813 0.080850 40 255 80
0.234446 -0.241056 0.080850 40 255 80
0.234517 -0.241290 0.080850 40 255 80
0.234633 -0.241506 0.080850 40 255 80
0.234788 -0.241695 0.080850 40 255 80
0.234977 -0.241850 0.080850 40 255 80
0.235193 -0.241966 0.080850 40 255 80
0.235427 -0.242037 0.080850 40 255 80
0.235670 -0.242060 0.080850 40 255 80
0.235913 -0.242037 0.080850 40 255 80
0.236147 -0.241966 0.080850 40 255 80
0.236363 -0.241850 0.080850 40 255 80
0.236552 -0.241695 0.080850 40 255 80
0.236707 -0.241506 0.080850 40 255 80
0.236823 -0.241290 0.080850 40 255 80
0.236894 -0.241056 0.080850 40 255 80
0.238110 -0.240813 0.080462 40 255 80
0.238064 -0.240337 0.080462 40 255 80
0.237925 -0.239879 0.080462 40 255 80
0.237699 -0.239457 0.080462 40 255 80
0.237396 -0.239087 0.080462 40 255 80
0.237026 -0.238784 0.080462 40 255 80
0.236604 -0.238558 0.080462 40 255 80
0.236146 -0.238419 0.080462 40 255 80
0.235670 -0.238373 0.080462 40 255 80
0.235194 -0.238419 0.080462 40 255 80
0.234736 -0.238558 0.080462 40 255 80
0.234314 -0.238784 0.080462 40 255 80
0.233944 -0.239087 0.080462 40 255 80
0.233641 -0.239457 0.080462 40 255 80
0.233415 -0.239879 0.080462 40 255 80
0.233276 -0.240337 0.080462 40 255 80
0.233230 -0.240813 0.080462 40 255 80
0.233276 -0.241289 0.080462 40 255 80
0.233415 -0.241747 0.080462 40 255 80
0.233641 -0.242169 0.080462 40 255 80
0.233944 -0.242539 0.080462 40 255 80
0.234314 -0.242842 0.080462 40 255 80
0.234736 -0.243068 0.080462 40 255 80
0.235194 -0.243207 0.080462 40 255 80
0.235670 -0.243253 0.080462 40 255 80
0.236146 -0.243207 0.080462 40 255 80
0.236604 -0.243068 0.080462 40 255 80
0.237026 -0.242842 0.080462 40 255 80
0.237396 -0.242539 0.080462 40 255 80
0.237699 -0.242169 0.080462 40 255 80
0.237925 -0.241747 0.080462 40 255 80
0.238064 -0.241289 0.080462 40 255 80
0.239197 -0.240813 0.079835 40 255 80
0.239129 -0.240125 0.079835 40 255 80
0.238928 -0.239463 0.079835 40 255 80
0.238602 -0.238854 0.079835 40 255 80
0.238164 -0.238319 0.079835 40 255 80
0.237629 -0.237881 0.079835 40 255 80
0.237020 -0.237555 0.079835 40 255 80
0.236358 -0.237354 0.079835 40 255 80
0.235670 -0.237286 0.079835 40 255 80
0.234982 -0.237354 0.079835 40 255 80
0.234320 -0.237555 0.079835 40 255 80
0.233711 -0.237881 0.079835 40 255 80
0.233176 -0.238319 0.079835 40 255 80
0.232738 -0.238854 0.079835 40 255 80
0.232412 -0.239463 0.079835 40 255 80
0.232211 -0.240125 0.079835 40 255 80
0.232143 -0.240813 0.079835 40 255 80
0.232211 -0.241501 0.079835 40 255 80
0.232412 -0.242163 0.079835 40 255 80
0.232738 -0.242772 0.079835 40 255 80
0.233176 -0.243307 0.079835 40 255 80
0.233711 -0.243745 0.079835 40 255 80
0.234320 -0.244071 0.079835 40 255 80
0.234982 -0.244272 0.079835 40 255 80
0.235670 -0.244340 0.079835 40 255 80
0.236358 -0.244272 0.079835 40 255 80
0.237020 -0.244071 0.079835 40 255 80
0.237629 -0.243745 0.079835 40 255 80
0.238164 -0.243307 0.079835 40 255 80
0.238602 -0.242772 0.079835 40 255 80
0.238928 -0.242163 0.079835 40 255 80
0.239129 -0.241501 0.079835 40 255 80
0.240129 -0.240813 0.078996 40 255 80
0.240043 -0.239943 0.078996 40 255 80
0.239789 -0.239107 0.078996 40 255 80
0.239377 -0.238336 0.078996 40 255 80
0.238823 -0.237660 0.078996 40 255 80
0.238147 -0.237106 0.078996 40 255 80
0.237376 -0.236694 0.078996 40 255 80
0.236540 -0.236440 0.078996 40 255 80
0.235670 -0.236354 0.078996 40 255 80
0.234800 -0.236440 0.078996 40 255 80
0.233964 -0.236694 0.078996 40 255 80
0.233193 -0.237106 0.078996 40 255 80
0.232517 -0.237660 0.078996 40 255 80
0.231963 -0.238336 0.078996 40 255 80
0.231551 -0.239107 0.078996 40 255 80
0.231297 -0.239943 0.078996 40 255 80
0.231211 -0.240813 0.078996 40 255 80
0.231297 -0.241683 0.078996 40 255 80
0.231551 -0.242519 0.078996 40 255 80
0.231963 -0.243290 0.078996 40 255 80
0.232517 -0.243966 0.078996 40 255 80
0.233193 -0.244520 0.078996 40 255 80
0.233964 -0.244932 0.078996 40 255 80
0.234800 -0.245186 0.078996 40 255 80
0.235670 -0.245272 0.078996 40 255 80
0.236540 -0.245186 0.078996 40 255 80
0.237376 -0.244932 0.078996 40 255 80
0.238147 -0.244520 0.078996 40 255 80
0.238823 -0.243966 0.078996 40 255 80
0.239377 -0.243290 0.078996 40 255 80
0.239789 -0.242519 0.078996 40 255 80
0.240043 -0.241683 0.078996 40 255 80
0.240866 -0.240813 0.077981 40 255 80
0.240766 -0.239799 0.077981 40 255 80
0.240471 -0.238825 0.077981 40 255 80
0.239990 -0.237926 0.077981 40 255 80
0.239344 -0.237139 0.077981 40 255 80
0.238557 -0.236493 0.077981 40 255 80
0.237658 -0.236012 0.077981 40 255 80
0.236684 -0.235717 0.077981 40 255 80
0.235670 -0.235617 0.077981 40 255 80
0.234656 -0.235717 0.077981 40 255 80
0.233682 -0.236012 0.077981 40 255 80
0.232783 -0.236493 0.077981 40 255 80
0.231996 -0.237139 0.077981 40 255 80
0.231350 -0.237926 0.077981 40 255 80
0.230869 -0.238825 0.077981 40 255 80
0.230574 -0.239799 0.077981 40 255 80
0.230474 -0.240813 0.077981 40 255 80
0.230574 -0.241827 0.077981 40 255 80
0.230869 -0.242801 0.077981 40 255 80
0.231350 -0.243700 0.077981 40 255 80
0.231996 -0.244487 0.077981 40 255 80
0.232783 -0.245133 0.077981 40 255 80
0.233682 -0.245614 0.077981 40 255 80
0.234656 -0.245909 0.077981 40 255 80
0.235670 -0.246009 0.077981 40 255 80
0.236684 -0.245909 0.077981 40 255 80
0.237658 -0.245614 0.077981 40 255 80
0.238557 -0.245133 0.077981 40 255 80
0.239344 -0.244487 0.077981 40 255 80
0.239990 -0.243700 0.077981 40 255 80
0.240471 -0.242801 0.077981 40 255 80
0.240766 -0.241827 0.077981 40 255 80
0.241376 -0.240813 0.076835 40 255 80
0.241267 -0.239700 0.076835 40 255 80
0.240942 -0.238629 0.076835 40 255 80
0.240415 -0.237643 0.076835 40 255 80
0.239705 -0.236778 0.076835 40 255 80
0.238840 -0.236068 0.076835 40 255 80
0.237854 -0.235541 0.076835 40 255 80
0.236783 -0.235216 0.076835 40 255 80
0.235670 -0.235107 0.076835 40 255 80
0.234557 -0.235216 0.076835 40 255 80
0.233486 -0.235541 0.076835 40 255 80
0.232500 -0.236068 0.076835 40 255 80
0.231635 -0.236778 0.076835 40 255 80
0.230925 -0.237643 0.076835 40 255 80
0.230398 -0.238629 0.076835 40 255 80
0.230073 -0.239700 0.076835 40 255 80
0.229964 -0.240813 0.076835 40 255 80
0.230073 -0.241926 0.076835 40 255 80
0.230398 -0.242997 0.076835 40 255 80
0.230925 -0.243983 0.076835 40 255 80
0.231635 -0.244848 0.076835 40 255 80
0.232500 -0.245558 0.076835 40 255 80
0.233486 -0.246085 0.076835 40 255 80
0.234557 -0.246410 0.076835 40 255 80
0.235670 -0.246519 0.076835 40 255 80
0.236783 -0.246410 0.076835 40 255 80
0.237854 -0.246085 0.076835 40 255 80
0.238840 -0.245558 0.076835 40 255 80
0.239705 -0.244848 0.076835 40 255 80
0.240415 -0.243983 0.076835 40 255 80
0.240942 -0.242997 0.076835 40 255 80
0.241267 -0.241926 0.076835 40 255 80
0.241637 -0.240813 0.075608 40 255 80
0.241522 -0.239649 0.075608 40 255 80
0.241183 -0.238529 0.075608 40 255 80
0.240631 -0.237498 0.075608 40 255 80
0.239889 -0.236594 0.075608 40 255 80
0.238985 -0.235852 0.075608 40 255 80
0.237954 -0.235300 0.075608 40 255 80
0.236834 -0.234961 0.075608 40 255 80
0.235670 -0.234846 0.075608 40 255 80
0.234506 -0.234961 0.075608 40 255 80
0.233386 -0.235300 0.075608 40 255 80
0.232355 -0.235852 0.075608 40 255 80
0.231451 -0.236594 0.075608 40 255 80
0.230709 -0.237498 0.075608 40 255 80
0.230157 -0.238529 0.075608 40 255 80
0.229818 -0.239649 0.075608 40 255 80
0.229703 -0.240813 0.075608 40 255 80
0.229818 -0.241977 0.075608 40 255 80
0.230157 -0.243097 0.075608 40 255 80
0.230709 -0.244128 0.075608 40 255 80
0.231451 -0.245032 0.075608 40 255 80
0.232355 -0.245774 0.075608 40 255 80
0.233386 -0.246326 0.075608 40 255 80
0.234506 -0.246665 0.075608 40 255 80
0.235670 -0.246780 0.075608 40 255 80
0.236834 -0.246665 0.075608 40 255 80
0.237954 -0.246326 0.075608 40 255 80
0.238985 -0.245774 0.075608 40 255 80
0.239889 -0.245032 0.075608 40 255 80
0.240631 -0.244128 0.075608 40 255 80
0.241183 -0.243097 0.075608 40 255 80
0.241522 -0.241977 0.075608 40 255 80
0.241637 -0.240813 0.074354 40 255 80
0.241522 -0.239649 0.074354 40 255 80
0.241183 -0.238529 0.074354 40 255 80
0.240631 -0.237498 0.074354 40 255 80
0.239889 -0.236594 0.074354 40 255 80
0.238985 -0.235852 0.074354 40 255 80
0.237954 -0.235300 0.074354 40 255 80
0.236834 -0.234961 0.074354 40 255 80
0.235670 -0.234846 0.074354 40 255 80
0.234506 -0.234961 0.074354 40 255 80
0.233386 -0.235300 0.074354 40 255 80
0.232355 -0.235852 0.074354 40 255 80
0.231451 -0.236594 0.074354 40 255 80
0.230709 -0.237498 0.074354 40 255 80
0.230157 -0.238529 0.074354 40 255 80
0.229818 -0.239649 0.074354 40 255 80
0.229703 -0.240813 0.074354 40 255 80
0.229818 -0.241977 0.074354 40 255 80
0.230157 -0.243097 0.074354 40 255 80
0.230709 -0.244128 0.074354 40 255 80
0.231451 -0.245032 0.074354 40 255 80
0.232355 -0.245774 0.074354 40 255 80
0.233386 -0.246326 0.074354 40 255 80
0.234506 -0.246665 0.074354 40 255 80
0.235670 -0.246780 0.074354 40 255 80
0.236834 -0.246665 0.074354 40 255 80
0.237954 -0.246326 0.074354 40 255 80
0.238985 -0.245774 0.074354 40 255 80
0.239889 -0.245032 0.074354 40 255 80
0.240631 -0.244128 0.074354 40 255 80
0.241183 -0.243097 0.074354 40 255 80
0.241522 -0.241977 0.074354 40 255 80
0.241376 -0.240813 0.073127 40 255 80
0.241267 -0.239700 0.073127 40 255 80
0.240942 -0.238629 0.073127 40 255 80
0.240415 -0.237643 0.073127 40 255 80
0.239705 -0.236778 0.073127 40 255 80
0.238840 -0.236068 0.073127 40 255 80
0.237854 -0.235541 0.073127 40 255 80
0.236783 -0.235216 0.073127 40 255 80
0.235670 -0.235107 0.073127 40 255 80
0.234557 -0.235216 0.073127 40 255 80
0.233486 -0.235541 0.073127 40 255 80
0.232500 -0.236068 0.073127 40 255 80
0.231635 -0.236778 0.073127 40 255 80
0.230925 -0.237643 0.073127 40 255 80
0.230398 -0.238629 0.073127 40 255 80
0.230073 -0.239700 0.073127 40 255 80
0.229964 -0.240813 0.073127 40 255 80
0.230073 -0.241926 0.073127 40 255 80
0.230398 -0.242997 0.073127 40 255 80
0.230925 -0.243983 0.073127 40 255 80
0.231635 -0.244848 0.073127 40 255 80
0.232500 -0.245558 0.073127 40 255 80
0.233486 -0.246085 0.073127 40 255 80
0.234557 -0.246410 0.073127 40 255 80
0.235670 -0.246519 0.073127 40 255 80
0.236783 -0.246410 0.073127 40 255 80
0.237854 -0.246085 0.073127 40 255 80
0.238840 -0.245558 0.073127 40 255 80
0.239705 -0.244848 0.073127 40 255 80
0.240415 -0.243983 0.073127 40 255 80
0.240942 -0.242997 0.073127 40 255 80
0.241267 -0.241926 0.073127 40 255 80
0.240866 -0.240813 0.071981 40 255 80
0.240766 -0.239799 0.071981 40 255 80
0.240471 -0.238825 0.071981 40 255 80
0.239990 -0.237926 0.071981 40 255 80
0.239344 -0.237139 0.071981 40 255 80
0.238557 -0.236493 0.071981 40 255 80
0.237658 -0.236012 0.071981 40 255 80
0.236684 -0.235717 0.071981 40 255 80
0.235670 -0.235617 0.071981 40 255 80
0.234656 -0.235717 0.071981 40 255 80
0.233682 -0.236012 0.071981 40 255 80
0.232783 -0.236493 0.071981 40 255 80
0.231996 -0.237139 0.071981 40 255 80
0.231350 -0.237926 0.071981 40 255 80
0.230869 -0.238825 0.071981 40 255 80
0.230574 -0.239799 0.071981 40 255 80
0.230474 -0.240813 0.071981 40 255 80
0.230574 -0.241827 0.071981 40 255 80
0.230869 -0.242801 0.071981 40 255 80
0.231350 -0.243700 0.071981 40 255 80
0.231996 -0.244487 0.071981 40 255 80
0.232783 -0.245133 0.071981 40 255 80
0.233682 -0.245614 0.071981 40 255 80
0.234656 -0.245909 0.071981 40 255 80
0.235670 -0.246009 0.071981 40 255 80
0.236684 -0.245909 0.071981 40 255 80
0.237658 -0.245614 0.071981 40 255 80
0.238557 -0.245133 0.071981 40 255 80
0.239344 -0.244487 0.071981 40 255 80
0.239990 -0.243700 0.071981 40 255 80
0.240471 -0.242801 0.071981 40 255 80
0.240766 -0.241827 0.071981 40 255 80
0.240129 -0.240813 0.070966 40 255 80
0.240043 -0.239943 0.070966 40 255 80
0.239789 -0.239107 0.070966 40 255 80
0.239377 -0.238336 0.070966 40 255 80
0.238823 -0.237660 0.070966 40 255 80
0.238147 -0.237106 0.070966 40 255 80
0.237376 -0.236694 0.070966 40 255 80
0.236540 -0.236440 0.070966 40 255 80
0.235670 -0.236354 0.070966 40 255 80
0.234800 -0.236440 0.070966 40 255 80
0.233964 -0.236694 0.070966 40 255 80
0.233193 -0.237106 0.070966 40 255 80
0.232517 -0.237660 0.070966 40 255 80
0.231963 -0.238336 0.070966 40 255 80
0.231551 -0.239107 0.070966 40 255 80
0.231297 -0.239943 0.070966 40 255 80
0.231211 -0.240813 0.070966 40 255 80
0.231297 -0.241683 0.070966 40 255 80
0.231551 -0.242519 0.070966 40 255 80
0.231963 -0.243290 0.070966 40 255 80
0.232517 -0.243966 0.070966 40 255 80
0.233193 -0.244520 0.070966 40 255 80
0.233964 -0.244932 0.070966 40 255 80
0.234800 -0.245186 0.070966 40 255 80
0.235670 -0.245272 0.070966 40 255 80
0.236540 -0.245186 0.070966 40 255 80
0.237376 -0.244932 0.070966 40 255 80
0.238147 -0.244520 0.070966 40 255 80
0.238823 -0.243966 0.070966 40 255 80
0.239377 -0.243290 0.070966 40 255 80
0.239789 -0.242519 0.070966 40 255 80
0.240043 -0.241683 0.070966 40 255 80
0.239197 -0.240813 0.070127 40 255 80
0.239129 -0.240125 0.070127 40 255 80
0.238928 -0.239463 0.070127 40 255 80
0.238602 -0.238854 0.070127 40 255 80
0.238164 -0.238319 0.070127 40 255 80
0.237629 -0.237881 0.070127 40 255 80
0.237020 -0.237555 0.070127 40 255 80
0.236358 -0.237354 0.070127 40 255 80
0.235670 -0.237286 0.070127 40 255 80
0.234982 -0.237354 0.070127 40 255 80
0.234320 -0.237555 0.070127 40 255 80
0.233711 -0.237881 0.070127 40 255 80
0.233176 -0.238319 0.070127 40 255 80
0.232738 -0.238854 0.070127 40 255 80
0.232412 -0.239463 0.070127 40 255 80
0.232211 -0.240125 0.070127 40 255 80
0.232143 -0.240813 0.070127 40 255 80
0.232211 -0.241501 0.070127 40 255 80
0.232412 -0.242163 0.070127 40 255 80
0.232738 -0.242772 0.070127 40 255 80
0.233176 -0.243307 0.070127 40 255 80
0.233711 -0.243745 0.070127 40 255 80
0.234320 -0.244071 0.070127 40 255 80
0.234982 -0.244272 0.070127 40 255 80
0.235670 -0.244340 0.070127 40 255 80
0.236358 -0.244272 0.070127 40 255 80
0.237020 -0.244071 0.070127 40 255 80
0.237629 -0.243745 0.070127 40 255 80
0.238164 -0.243307 0.070127 40 255 80
0.238602 -0.242772 0.070127 40 255 80
0.238928 -0.242163 0.070127 40 255 80
0.239129 -0.241501 0.070127 40 255 80
0.238110 -0.240813 0.069500 40 255 80
0.238064 -0.240337 0.069500 40 255 80
0.237925 -0.239879 0.069500 40 255 80
0.237699 -0.239457 0.069500 40 255 80
0.237396 -0.239087 0.069500 40 255 80
0.237026 -0.238784 0.069500 40 255 80
0.236604 -0.238558 0.069500 40 255 80
0.236146 -0.238419 0.069500 40 255 80
0.235670 -0.238373 0.069500 40 255 80
0.235194 -0.238419 0.069500 40 255 80
0.234736 -0.238558 0.069500 40 255 80
0.234314 -0.238784 0.069500 40 255 80
0.233944 -0.239087 0.069500 40 255 80
0.233641 -0.239457 0.069500 40 255 80
0.233415 -0.239879 0.069500 40 255 80
0.233276 -0.240337 0.069500 40 255 80
0.233230 -0.240813 0.069500 40 255 80
0.233276 -0.241289 0.069500 40 255 80
0.233415 -0.241747 0.069500 40 255 80
0.233641 -0.242169 0.069500 40 255 80
0.233944 -0.242539 0.069500 40 255 80
0.234314 -0.242842 0.069500 40 255 80
0.234736 -0.243068 0.069500 40 255 80
0.235194 -0.243207 0.069500 40 255 80
0.235670 -0.243253 0.069500 40 255 80
0.236146 -0.243207 0.069500 40 255 80
0.236604 -0.243068 0.069500 40 255 80
0.237026 -0.242842 0.069500 40 255 80
0.237396 -0.242539 0.069500 40 255 80
0.237699 -0.242169 0.069500 40 255 80
0.237925 -0.241747 0.069500 40 255 80
0.238064 -0.241289 0.069500 40 255 80
0.236917 -0.240813 0.069112 40 255 80
0.236894 -0.240570 0.069112 40 255 80
0.236823 -0.240336 0.069112 40 255 80
0.236707 -0.240120 0.069112 40 255 80
0.236552 -0.239931 0.069112 40 255 80
0.236363 -0.239776 0.069112 40 255 80
0.236147 -0.239660 0.069112 40 255 80
0.235913 -0.239589 0.069112 40 255 80
0.235670 -0.239566 0.069112 40 255 80
0.235427 -0.239589 0.069112 40 255 80
0.235193 -0.239660 0.069112 40 255 80
0.234977 -0.239776 0.069112 40 255 80
0.234788 -0.239931 0.069112 40 255 80
0.234633 -0.240120 0.069112 40 255 80
0.234517 -0.240336 0.069112 40 255 80
0.234446 -0.240570 0.069112 40 255 80
0.234423 -0.240813 0.069112 40 255 80
0.234446 -0.241056 0.069112 40 255 80
0.234517 -0.241290 0.069112 40 255 80
0.234633 -0.241506 0.069112 40 255 80
0.234788 -0.241695 0.069112 40 255 80
0.234977 -0.241850 0.069112 40 255 80
0.235193 -0.241966 0.069112 40 255 80
0.235427 -0.242037 0.069112 40 255 80
0.235670 -0.242060 0.069112 40 255 80
0.235913 -0.242037 0.069112 40 255 80
0.236147 -0.241966 0.069112 40 255 80
0.236363 -0.241850 0.069112 40 255 80
0.236552 -0.241695 0.069112 40 255 80
0.236707 -0.241506 0.069112 40 255 80
0.236823 -0.241290 0.069112 40 255 80
0.236894 -0.241056 0.069112 40 255 80
0.235670 -0.240813 0.068981 40 255 80
0.235670 -0.240813 0.068981 40 255 80
0.235670 -0.240813 0.068981 40 255 80
0.235670 -0.240813 0.068981 40 255 80
0.235670 -0.240813 0.068981 40 255 80
0.235670 -0.240813 0.068981 40 255 80
0.235670 -0.240813 0.068981 40 255 80
0.235670 -0.240813 0.068981 40 255 80
0.235670 -0.240813 0.068981 40 255 80
0.235670 -0.240813 0.068981 40 255 80
0.235670 -0.240813 0.068981 40 255 80
0.235670 -0.240813 0.068981 40 255 80
0.235670 -0.240813 0.068981 40 255 80
0.235670 -0.240813 0.068981 40 255 80
0.235670 -0.240813 0.068981 40 255 80
0.235670 -0.240813 0.068981 40 255 80
0.235670 -0.240813 0.068981 40 255 80
0.235670 -0.240813 0.068981 40 255 80
0.235670 -0.240813 0.068981 40 255 80
0.235670 -0.240813 0.068981 40 255 80
0.235670 -0.240813 0.068981 40 255 80
0.235670 -0.240813 0.068981 40 255 80
0.235670 -0.240813 0.068981 40 255 80
0.235670 -0.240813 0.068981 40 255 80
0.235670 -0.240813 0.068981 40 255 80
0.235670 -0.240813 0.068981 40 255 80
0.235670 -0.240813 0.068981 40 255 80
0.235670 -0.240813 0.068981 40 255 80
0.235670 -0.240813 0.068981 40 255 80
0.235670 -0.240813 0.068981 40 255 80
0.235670 -0.240813 0.068981 40 255 80
0.235670 -0.240813 0.068981 40 255 80
0.254065 -0.360520 0.181129 255 220 40
0.254065 -0.360520 0.181129 255 220 40
0.254065 -0.360520 0.181129 255 220 40
0.254065 -0.360520 0.181129 255 220 40
0.254065 -0.360520 0.181129 255 220 40
0.254065 -0.360520 0.181129 255 220 40
0.254065 -0.360520 0.181129 255 220 40
0.254065 -0.360520 0.181129 255 220 40
0.254065 -0.360520 0.181129 255 220 40
0.254065 -0.360520 0.181129 255 220 40
0.254065 -0.360520 0.181129 255 220 40
0.254065 -0.360520 0.181129 255 220 40
0.254065 -0.360520 0.181129 255 220 40
0.254065 -0.360520 0.181129 255 220 40
0.254065 -0.360520 0.181129 255 220 40
0.254065 -0.360520 0.181129 255 220 40
0.254065 -0.360520 0.181129 255 220 40
0.254065 -0.360520 0.181129 255 220 40
0.254065 -0.360520 0.181129 255 220 40
0.254065 -0.360520 0.181129 255 220 40
0.254065 -0.360520 0.181129 255 220 40
0.254065 -0.360520 0.181129 255 220 40
0.254065 -0.360520 0.181129 255 220 40
0.254065 -0.360520 0.181129 255 220 40
0.254065 -0.360520 0.181129 255 220 40
0.254065 -0.360520 0.181129 255 220 40
0.254065 -0.360520 0.181129 255 220 40
0.254065 -0.360520 0.181129 255 220 40
0.254065 -0.360520 0.181129 255 220 40
0.254065 -0.360520 0.181129 255 220 40
0.254065 -0.360520 0.181129 255 220 40
0.254065 -0.360520 0.181129 255 220 40
0.254793 -0.360520 0.181052 255 220 40
0.254779 -0.360378 0.181052 255 220 40
0.254738 -0.360241 0.181052 255 220 40
0.254670 -0.360116 0.181052 255 220 40
0.254580 -0.360005 0.181052 255 220 40
0.254470 -0.359915 0.181052 255 220 40
0.254344 -0.359848 0.181052 255 220 40
0.254207 -0.359806 0.181052 255 220 40
0.254065 -0.359792 0.181052 255 220 40
0.253923 -0.359806 0.181052 255 220 40
0.253787 -0.359848 0.181052 255 220 40
0.253661 -0.359915 0.181052 255 220 40
0.253551 -0.360005 0.181052 255 220 40
0.253460 -0.360116 0.181052 255 220 40
0.253393 -0.360241 0.181052 255 220 40
0.253352 -0.360378 0.181052 255 220 40
0.253338 -0.360520 0.181052 255 220 40
0.253352 -0.360662 0.181052 255 220 40
0.253393 -0.360798 0.181052 255 220 40
0.253460 -0.360924 0.181052 255 220 40
0.253551 -0.361034 0.181052 255 220 40
0.253661 -0.361125 0.181052 255 220 40
0.253787 -0.361192 0.181052 255 220 40
0.253923 -0.361234 0.181052 255 220 40
0.254065 -0.361247 0.181052 255 220 40
0.254207 -0.361234 0.181052 255 220 40
0.254344 -0.361192 0.181052 255 220 40
0.254470 -0.361125 0.181052 255 220 40
0.254580 -0.361034 0.181052 255 220 40
0.254670 -0.360924 0.181052 255 220 40
0.254738 -0.360798 0.181052 255 220 40
0.254779 -0.360662 0.181052 255 220 40
0.255489 -0.360520 0.180826 255 220 40
0.255462 -0.360242 0.180826 255 220 40
0.255381 -0.359975 0.180826 255 220 40
0.255249 -0.359729 0.180826 255 220 40
0.255072 -0.359513 0.180826 255 220 40
0.254856 -0.359336 0.180826 255 220 40
0.254610 -0.359205 0.180826 255 220 40
0.254343 -0.359124 0.180826 255 220 40
0.254065 -0.359096 0.180826 255 220 40
0.253788 -0.359124 0.180826 255 220 40
0.253521 -0.359205 0.180826 255 220 40
0.253275 -0.359336 0.180826 255 220 40
0.253059 -0.359513 0.180826 255 220 40
0.252882 -0.359729 0.180826 255 220 40
0.252750 -0.359975 0.180826 255 220 40
0.252669 -0.360242 0.180826 255 220 40
0.252642 -0.360520 0.180826 255 220 40
0.252669 -0.360798 0.180826 255 220 40
0.252750 -0.361065 0.180826 255 220 40
0.252882 -0.361311 0.180826 255 220 40
0.253059 -0.361526 0.180826 255 220 40
0.253275 -0.361703 0.180826 255 220 40
0.253521 -0.361835 0.180826 255 220 40
0.253788 -0.361916 0.180826 255 220 40
0.254065 -0.361943 0.180826 255 220 40
0.254343 -0.361916 0.180826 255 220 40
0.254610 -0.361835 0.180826 255 220 40
0.254856 -0.361703 0.180826 255 220 40
0.255072 -0.361526 0.180826 255 220 40
0.255249 -0.361311 0.180826 255 220 40
0.255381 -0.361065 0.180826 255 220 40
0.255462 -0.360798 0.180826 255 220 40
0.256123 -0.360520 0.180461 255 220 40
0.256083 -0.360118 0.180461 255 220 40
0.255966 -0.359733 0.180461 255 220 40
0.255776 -0.359377 0.180461 255 220 40
0.255520 -0.359065 0.180461 255 220 40
0.255208 -0.358809 0.180461 255 220 40
0.254853 -0.358619 0.180461 255 220 40
0.254467 -0.358502 0.180461 255 220 40
0.254065 -0.358463 0.180461 255 220 40
0.253664 -0.358502 0.180461 255 220 40
0.253278 -0.358619 0.180461 255 220 40
0.252922 -0.358809 0.180461 255 220 40
0.252611 -0.359065 0.180461 255 220 40
0.252355 -0.359377 0.180461 255 220 40
0.252165 -0.359733 0.180461 255 220 40
0.252048 -0.360118 0.180461 255 220 40
0.252008 -0.360520 0.180461 255 220 40
0.252048 -0.360921 0.180461 255 220 40
0.252165 -0.361307 0.180461 255 220 40
0.252355 -0.361663 0.180461 255 220 40
0.252611 -0.361975 0.180461 255 220 40
0.252922 -0.362230 0.180461 255 220 40
0.253278 -0.362420 0.180461 255 220 40
0.253664 -0.362538 0.180461 255 220 40
0.254065 -0.362577 0.180461 255 220 40
0.254467 -0.362538 0.180461 255 220 40
0.254853 -0.362420 0.180461 255 220 40
0.255208 -0.362230 0.180461 255 220 40
0.255520 -0.361975 0.180461 255 220 40
0.255776 -0.361663 0.180461 255 220 40
0.255966 -0.361307 0.180461 255 220 40
0.256083 -0.360921 0.180461 255 220 40
0.256666 -0.360520 0.179971 255 220 40
0.256616 -0.360012 0.179971 255 220 40
0.256468 -0.359524 0.179971 255 220 40
0.256228 -0.359075 0.179971 255 220 40
0.255905 -0.358681 0.179971 255 220 40
0.255510 -0.358357 0.179971 255 220 40
0.255061 -0.358117 0.179971 255 220 40
0.254573 -0.357969 0.179971 255 220 40
0.254065 -0.357919 0.179971 255 220 40
0.253558 -0.357969 0.179971 255 220 40
0.253070 -0.358117 0.179971 255 220 40
0.252620 -0.358357 0.179971 255 220 40
0.252226 -0.358681 0.179971 255 220 40
0.251903 -0.359075 0.179971 255 220 40
0.251662 -0.359524 0.179971 255 220 40
0.251514 -0.360012 0.179971 255 220 40
0.251464 -0.360520 0.179971 255 220 40
0.251514 -0.361027 0.179971 255 220 40
0.251662 -0.361515 0.179971 255 220 40
0.251903 -0.361965 0.179971 255 220 40
0.252226 -0.362359 0.179971 255 220 40
0.252620 -0.362682 0.179971 255 220 40
0.253070 -0.362923 0.179971 255 220 40
0.253558 -0.363071 0.179971 255 220 40
0.254065 -0.363121 0.179971 255 220 40
0.254573 -0.363071 0.179971 255 220 40
0.255061 -0.362923 0.179971 255 220 40
0.255510 -0.362682 0.179971 255 220 40
0.255905 -0.362359 0.179971 255 220 40
0.256228 -0.361965 0.179971 255 220 40
0.256468 -0.361515 0.179971 255 220 40
0.256616 -0.361027 0.179971 255 220 40
0.257097 -0.360520 0.179379 255 220 40
0.257038 -0.359928 0.179379 255 220 40
0.256866 -0.359360 0.179379 255 220 40
0.256586 -0.358836 0.179379 255 220 40
0.256209 -0.358377 0.179379 255 220 40
0.255749 -0.358000 0.179379 255 220 40
0.255225 -0.357719 0.179379 255 220 40
0.254657 -0.357547 0.179379 255 220 40
0.254065 -0.357489 0.179379 255 220 40
0.253474 -0.357547 0.179379 255 220 40
0.252905 -0.357719 0.179379 255 220 40
0.252381 -0.358000 0.179379 255 220 40
0.251922 -0.358377 0.179379 255 220 40
0.251545 -0.358836 0.179379 255 220 40
0.251265 -0.359360 0.179379 255 220 40
0.251093 -0.359928 0.179379 255 220 40
0.251034 -0.360520 0.179379 255 220 40
0.251093 -0.361111 0.179379 255 220 40
0.251265 -0.361680 0.179379 255 220 40
0.251545 -0.362204 0.179379 255 220 40
0.251922 -0.362663 0.179379 255 220 40
0.252381 -0.363040 0.179379 255 220 40
0.252905 -0.363320 0.179379 255 220 40
0.253474 -0.363493 0.179379 255 220 40
0.254065 -0.363551 0.179379 255 220 40
0.254657 -0.363493 0.179379 255 220 40
0.255225 -0.363320 0.179379 255 220 40
0.255749 -0.363040 0.179379 255 220 40
0.256209 -0.362663 0.179379 255 220 40
0.256586 -0.362204 0.179379 255 220 40
0.256866 -0.361680 0.179379 255 220 40
0.257038 -0.361111 0.179379 255 220 40
0.257394 -0.360520 0.178711 255 220 40
0.257330 -0.359870 0.178711 255 220 40
0.257141 -0.359246 0.178711 255 220 40
0.256833 -0.358670 0.178711 255 220 40
0.256419 -0.358166 0.178711 255 220 40
0.255915 -0.357752 0.178711 255 220 40
0.255339 -0.357444 0.178711 255 220 40
0.254715 -0.357255 0.178711 255 220 40
0.254065 -0.357191 0.178711 255 220 40
0.253416 -0.357255 0.178711 255 220 40
0.252792 -0.357444 0.178711 255 220 40
0.252216 -0.357752 0.178711 255 220 40
0.251712 -0.358166 0.178711 255 220 40
0.251298 -0.358670 0.178711 255 220 40
0.250990 -0.359246 0.178711 255 220 40
0.250801 -0.359870 0.178711 255 220 40
0.250737 -0.360520 0.178711 255 220 40
0.250801 -0.361169 0.178711 255 220 40
0.250990 -0.361794 0.178711 255 220 40
0.251298 -0.362369 0.178711 255 220 40
0.251712 -0.362874 0.178711 255 220 40
0.252216 -0.363288 0.178711 255 220 40
0.252792 -0.363595 0.178711 255 220 40
0.253416 -0.363785 0.178711 255 220 40
0.254065 -0.363849 0.178711 255 220 40
0.254715 -0.363785 0.178711 255 220 40
0.255339 -0.363595 0.178711 255 220 40
0.255915 -0.363288 0.178711 255 220 40
0.256419 -0.362874 0.178711 255 220 40
0.256833 -0.362369 0.178711 255 220 40
0.257141 -0.361794 0.178711 255 220 40
0.257330 -0.361169 0.178711 255 220 40
0.257546 -0.360520 0.177995 255 220 40
0.257479 -0.359841 0.177995 255 220 40
0.257281 -0.359188 0.177995 255 220 40
0.256960 -0.358586 0.177995 255 220 40
0.256527 -0.358058 0.177995 255 220 40
0.255999 -0.357626 0.177995 255 220 40
0.255397 -0.357304 0.177995 255 220 40
0.254745 -0.357106 0.177995 255 220 40
0.254065 -0.357039 0.177995 255 220 40
0.253386 -0.357106 0.177995 255 220 40
0.252733 -0.357304 0.177995 255 220 40
0.252132 -0.357626 0.177995 255 220 40
0.251604 -0.358058 0.177995 255 220 40
0.251171 -0.358586 0.177995 255 220 40
0.250850 -0.359188 0.177995 255 220 40
0.250651 -0.359841 0.177995 255 220 40
0.250585 -0.360520 0.177995 255 220 40
0.250651 -0.361199 0.177995 255 220 40
0.250850 -0.361852 0.177995 255 220 40
0.251171 -0.362454 0.177995 255 220 40
0.251604 -0.362981 0.177995 255 220 40
0.252132 -0.363414 0.177995 255 220 40
0.252733 -0.363736 0.177995 255 220 40
0.253386 -0.363934 0.177995 255 220 40
0.254065 -0.364001 0.177995 255 220 40
0.254745 -0.363934 0.177995 255 220 40
0.255397 -0.363736 0.177995 255 220 40
0.255999 -0.363414 0.177995 255 220 40
0.256527 -0.362981 0.177995 255 220 40
0.256960 -0.362454 0.177995 255 220 40
0.257281 -0.361852 0.177995 255 220 40
0.257479 -0.361199 0.177995 255 220 40
0.257546 -0.360520 0.177263 255 220 40
0.257479 -0.359841 0.177263 255 220 40
0.257281 -0.359188 0.177263 255 220 40
0.256960 -0.358586 0.177263 255 220 40
0.256527 -0.358058 0.177263 255 220 40
0.255999 -0.357626 0.177263 255 220 40
0.255397 -0.357304 0.177263 255 220 40
0.254745 -0.357106 0.177263 255 220 40
0.254065 -0.357039 0.177263 255 220 40
0.253386 -0.357106 0.177263 255 220 40
0.252733 -0.357304 0.177263 255 220 40
0.252132 -0.357626 0.177263 255 220 40
0.251604 -0.358058 0.177263 255 220 40
0.251171 -0.358586 0.177263 255 220 40
0.250850 -0.359188 0.177263 255 220 40
0.250651 -0.359841 0.177263 255 220 40
0.250585 -0.360520 0.177263 255 220 40
0.250651 -0.361199 0.177263 255 220 40
0.250850 -0.361852 0.177263 255 220 40
0.251171 -0.362454 0.177263 255 220 40
0.251604 -0.362981 0.177263 255 220 40
0.252132 -0.363414 0.177263 255 220 40
0.252733 -0.363736 0.177263 255 220 40
0.253386 -0.363934 0.177263 255 220 40
0.254065 -0.364001 0.177263 255 220 40
0.254745 -0.363934 0.177263 255 220 40
0.255397 -0.363736 0.177263 255 220 40
0.255999 -0.363414 0.177263 255 220 40
0.256527 -0.362981 0.177263 255 220 40
0.256960 -0.362454 0.177263 255 220 40
0.257281 -0.361852 0.177263 255 220 40
0.257479 -0.361199 0.177263 255 220 40
0.257394 -0.360520 0.176547 255 220 40
0.257330 -0.359870 0.176547 255 220 40
0.257141 -0.359246 0.176547 255 220 40
0.256833 -0.358670 0.176547 255 220 40
0.256419 -0.358166 0.176547 255 220 40
0.255915 -0.357752 0.176547 255 220 40
0.255339 -0.357444 0.176547 255 220 40
0.254715 -0.357255 0.176547 255 220 40
0.254065 -0.357191 0.176547 255 220 40
0.253416 -0.357255 0.176547 255 220 40
0.252792 -0.357444 0.176547 255 220 40
0.252216 -0.357752 0.176547 255 220 40
0.251712 -0.358166 0.176547 255 220 40
0.251298 -0.358670 0.176547 255 220 40
0.250990 -0.359246 0.176547 255 220 40
0.250801 -0.359870 0.176547 255 220 40
0.250737 -0.360520 0.176547 255 220 40
0.250801 -0.361169 0.176547 255 220 40
0.250990 -0.361794 0.176547 255 220 40
0.251298 -0.362369 0.176547 255 220 40
0.251712 -0.362874 0.176547 255 220 40
0.252216 -0.363288 0.176547 255 220 40
0.252792 -0.363595 0.176547 255 220 40
0.253416 -0.363785 0.176547 255 220 40
0.254065 -0.363849 0.176547 255 220 40
0.254715 -0.363785 0.176547 255 220 40
0.255339 -0.363595 0.176547 255 220 40
0.255915 -0.363288 0.176547 255 220 40
0.256419 -0.362874 0.176547 255 220 40
0.256833 -0.362369 0.176547 255 220 40
0.257141 -0.361794 0.176547 255 220 40
0.257330 -0.361169 0.176547 255 220 40
0.257097 -0.360520 0.175879 255 220 40
0.257038 -0.359928 0.175879 255 220 40
0.256866 -0.359360 0.175879 255 220 40
0.256586 -0.358836 0.175879 255 220 40
0.256209 -0.358377 0.175879 255 220 40
0.255749 -0.358000 0.175879 255 220 40
0.255225 -0.357719 0.175879 255 220 40
0.254657 -0.357547 0.175879 255 220 40
0.254065 -0.357489 0.175879 255 220 40
0.253474 -0.357547 0.175879 255 220 40
0.252905 -0.357719 0.175879 255 220 40
0.252381 -0.358000 0.175879 255 220 40
0.251922 -0.358377 0.175879 255 220 40
0.251545 -0.358836 0.175879 255 220 40
0.251265 -0.359360 0.175879 255 220 40
0.251093 -0.359928 0.175879 255 220 40
0.251034 -0.360520 0.175879 255 220 40
0.251093 -0.361111 0.175879 255 220 40
0.251265 -0.361680 0.175879 255 220 40
0.251545 -0.362204 0.175879 255 220 40
0.251922 -0.362663 0.175879 255 220 40
0.252381 -0.363040 0.175879 255 220 40
0.252905 -0.363320 0.175879 255 220 40
0.253474 -0.363493 0.175879 255 220 40
0.254065 -0.363551 0.175879 255 220 40
0.254657 -0.363493 0.175879 255 220 40
0.255225 -0.363320 0.175879 255 220 40
0.255749 -0.363040 0.175879 255 220 40
0.256209 -0.362663 0.175879 255 220 40
0.256586 -0.362204 0.175879 255 220 40
0.256866 -0.361680 0.175879 255 220 40
0.257038 -0.361111 0.175879 255 220 40
0.256666 -0.360520 0.175287 255 220 40
0.256616 -0.360012 0.175287 255 220 40
0.256468 -0.359524 0.175287 255 220 40
0.256228 -0.359075 0.175287 255 220 40
0.255905 -0.358681 0.175287 255 220 40
0.255510 -0.358357 0.175287 255 220 40
0.255061 -0.358117 0.175287 255 220 40
0.254573 -0.357969 0.175287 255 220 40
0.254065 -0.357919 0.175287 255 220 40
0.253558 -0.357969 0.175287 255 220 40
0.253070 -0.358117 0.175287 255 220 40
0.252620 -0.358357 0.175287 255 220 40
0.252226 -0.358681 0.175287 255 220 40
0.251903 -0.359075 0.175287 255 220 40
0.251662 -0.359524 0.175287 255 220 40
0.251514 -0.360012 0.175287 255 220 40
0.251464 -0.360520 0.175287 255 220 40
0.251514 -0.361027 0.175287 255 220 40
0.251662 -0.361515 0.175287 255 220 40
0.251903 -0.361965 0.175287 255 220 40
0.252226 -0.362359 0.175287 255 220 40
0.252620 -0.362682 0.175287 255 220 40
0.253070 -0.362923 0.175287 255 220 40
0.253558 -0.363071 0.175287 255 220 40
0.254065 -0.363121 0.175287 255 220 40
0.254573 -0.363071 0.175287 255 220 40
0.255061 -0.362923 0.175287 255 220 40
0.255510 -0.362682 0.175287 255 220 40
0.255905 -0.362359 0.175287 255 220 40
0.256228 -0.361965 0.175287 255 220 40
0.256468 -0.361515 0.175287 255 220 40
0.256616 -0.361027 0.175287 255 220 40
0.256123 -0.360520 0.174797 255 220 40
0.256083 -0.360118 0.174797 255 220 40
0.255966 -0.359733 0.174797 255 220 40
0.255776 -0.359377 0.174797 255 220 40
0.255520 -0.359065 0.174797 255 220 40
0.255208 -0.358809 0.174797 255 220 40
0.254853 -0.358619 0.174797 255 220 40
0.254467 -0.358502 0.174797 255 220 40
0.254065 -0.358463 0.174797 255 220 40
0.253664 -0.358502 0.174797 255 220 40
0.253278 -0.358619 0.174797 255 220 40
0.252922 -0.358809 0.174797 255 220 40
0.252611 -0.359065 0.174797 255 220 40
0.252355 -0.359377 0.174797 255 220 40
0.252165 -0.359733 0.174797 255 220 40
0.252048 -0.360118 0.174797 255 220 40
0.252008 -0.360520 0.174797 255 220 40
0.252048 -0.360921 0.174797 255 220 40
0.252165 -0.361307 0.174797 255 220 40
0.252355 -0.361663 0.174797 255 220 40
0.252611 -0.361975 0.174797 255 220 40
0.252922 -0.362230 0.174797 255 220 40
0.253278 -0.362420 0.174797 255 220 40
0.253664 -0.362538 0.174797 255 220 40
0.254065 -0.362577 0.174797 255 220 40
0.254467 -0.362538 0.174797 255 220 40
0.254853 -0.362420 0.174797 255 220 40
0.255208 -0.362230 0.174797 255 220 40
0.255520 -0.361975 0.174797 255 220 40
0.255776 -0.361663 0.174797 255 220 40
0.255966 -0.361307 0.174797 255 220 40
0.256083 -0.360921 0.174797 255 220 40
0.255489 -0.360520 0.174432 255 220 40
0.255462 -0.360242 0.174432 255 220 40
0.255381 -0.359975 0.174432 255 220 40
0.255249 -0.359729 0.174432 255 220 40
0.255072 -0.359513 0.174432 255 220 40
0.254856 -0.359336 0.174432 255 220 40
0.254610 -0.359205 0.174432 255 220 40
0.254343 -0.359124 0.174432 255 220 40
0.254065 -0.359096 0.174432 255 220 40
0.253788 -0.359124 0.174432 255 220 40
0.253521 -0.359205 0.174432 255 220 40
0.253275 -0.359336 0.174432 255 220 40
0.253059 -0.359513 0.174432 255 220 40
0.252882 -0.359729 0.174432 255 220 40
0.252750 -0.359975 0.174432 255 220 40
0.252669 -0.360242 0.174432 255 220 40
0.252642 -0.360520 0.174432 255 220 40
0.252669 -0.360798 0.174432 255 220 40
0.252750 -0.361065 0.174432 255 220 40
0.252882 -0.361311 0.174432 255 220 40
0.253059 -0.361526 0.174432 255 220 40
0.253275 -0.361703 0.174432 255 220 40
0.253521 -0.361835 0.174432 255 220 40
0.253788 -0.361916 0.174432 255 220 40
0.254065 -0.361943 0.174432 255 220 40
0.254343 -0.361916 0.174432 255 220 40
0.254610 -0.361835 0.174432 255 220 40
0.254856 -0.361703 0.174432 255 220 40
0.255072 -0.361526 0.174432 255 220 40
0.255249 -0.361311 0.174432 255 220 40
0.255381 -0.361065 0.174432 255 220 40
0.255462 -0.360798 0.174432 255 220 40
0.254793 -0.360520 0.174205 255 220 40
0.254779 -0.360378 0.174205 255 220 40
0.254738 -0.360241 0.174205 255 220 40
0.254670 -0.360116 0.174205 255 220 40
0.254580 -0.360005 0.174205 255 220 40
0.254470 -0.359915 0.174205 255 220 40
0.254344 -0.359848 0.174205 255 220 40
0.254207 -0.359806 0.174205 255 220 40
0.254065 -0.359792 0.174205 255 220 40
0.253923 -0.359806 0.174205 255 220 40
0.253787 -0.359848 0.174205 255 220 40
0.253661 -0.359915 0.174205 255 220 40
0.253551 -0.360005 0.174205 255 220 40
0.253460 -0.360116 0.174205 255 220 40
0.253393 -0.360241 0.174205 255 220 40
0.253352 -0.360378 0.174205 255 220 40
0.253338 -0.360520 0.174205 255 220 40
0.253352 -0.360662 0.174205 255 220 40
0.253393 -0.360798 0.174205 255 220 40
0.253460 -0.360924 0.174205 255 220 40
0.253551 -0.361034 0.174205 255 220 40
0.253661 -0.361125 0.174205 255 220 40
0.253787 -0.361192 0.174205 255 220 40
0.253923 -0.361234 0.174205 255 220 40
0.254065 -0.361247 0.174205 255 220 40
0.254207 -0.361234 0.174205 255 220 40
0.254344 -0.361192 0.174205 255 220 40
0.254470 -0.361125 0.174205 255 220 40
0.254580 -0.361034 0.174205 255 220 40
0.254670 -0.360924 0.174205 255 220 40
0.254738 -0.360798 0.174205 255 220 40
0.254779 -0.360662 0.174205 255 220 40
0.254065 -0.360520 0.174129 255 220 40
0.254065 -0.360520 0.174129 255 220 40
0.254065 -0.360520 0.174129 255 220 40
0.254065 -0.360520 0.174129 255 220 40
0.254065 -0.360520 0.174129 255 220 40
0.254065 -0.360520 0.174129 255 220 40
0.254065 -0.360520 0.174129 255 220 40
0.254065 -0.360520 0.174129 255 220 40
0.254065 -0.360520 0.174129 255 220 40
0.254065 -0.360520 0.174129 255 220 40
0.254065 -0.360520 0.174129 255 220 40
0.254065 -0.360520 0.174129 255 220 40
0.254065 -0.360520 0.174129 255 220 40
0.254065 -0.360520 0.174129 255 220 40
0.254065 -0.360520 0.174129 255 220 40
0.254065 -0.360520 0.174129 255 220 40
0.254065 -0.360520 0.174129 255 220 40
0.254065 -0.360520 0.174129 255 220 40
0.254065 -0.360520 0.174129 255 220 40
0.254065 -0.360520 0.174129 255 220 40
0.254065 -0.360520 0.174129 255 220 40
0.254065 -0.360520 0.174129 255 220 40
0.254065 -0.360520 0.174129 255 220 40
0.254065 -0.360520 0.174129 255 220 40
0.254065 -0.360520 0.174129 255 220 40
0.254065 -0.360520 0.174129 255 220 40
0.254065 -0.360520 0.174129 255 220 40
0.254065 -0.360520 0.174129 255 220 40
0.254065 -0.360520 0.174129 255 220 40
0.254065 -0.360520 0.174129 255 220 40
0.254065 -0.360520 0.174129 255 220 40
0.254065 -0.360520 0.174129 255 220 40
0.278974 -0.355535 0.181129 255 220 40
0.278974 -0.355535 0.181129 255 220 40
0.278974 -0.355535 0.181129 255 220 40
0.278974 -0.355535 0.181129 255 220 40
0.278974 -0.355535 0.181129 255 220 40
0.278974 -0.355535 0.181129 255 220 40
0.278974 -0.355535 0.181129 255 220 40
0.278974 -0.355535 0.181129 255 220 40
0.278974 -0.355535 0.181129 255 220 40
0.278974 -0.355535 0.181129 255 220 40
0.278974 -0.355535 0.181129 255 220 40
0.278974 -0.355535 0.181129 255 220 40
0.278974 -0.355535 0.181129 255 220 40
0.278974 -0.355535 0.181129 255 220 40
0.278974 -0.355535 0.181129 255 220 40
0.278974 -0.355535 0.181129 255 220 40
0.278974 -0.355535 0.181129 255 220 40
0.278974 -0.355535 0.181129 255 220 40
0.278974 -0.355535 0.181129 255 220 40
0.278974 -0.355535 0.181129 255 220 40
0.278974 -0.355535 0.181129 255 220 40
0.278974 -0.355535 0.181129 255 220 40
0.278974 -0.355535 0.181129 255 220 40
0.278974 -0.355535 0.181129 255 220 40
0.278974 -0.355535 0.181129 255 220 40
0.278974 -0.355535 0.181129 255 220 40
0.278974 -0.355535 0.181129 255 220 40
0.278974 -0.355535 0.181129 255 220 40
0.278974 -0.355535 0.181129 255 220 40
0.278974 -0.355535 0.181129 255 220 40
0.278974 -0.355535 0.181129 255 220 40
0.278974 -0.355535 0.181129 255 220 40
0.279702 -0.355535 0.181052 255 220 40
0.279688 -0.355393 0.181052 255 220 40
0.279647 -0.355257 0.181052 255 220 40
0.279579 -0.355131 0.181052 255 220 40
0.279489 -0.355020 0.181052 255 220 40
0.279379 -0.354930 0.181052 255 220 40
0.279253 -0.354863 0.181052 255 220 40
0.279116 -0.354821 0.181052 255 220 40
0.278974 -0.354807 0.181052 255 220 40
0.278832 -0.354821 0.181052 255 220 40
0.278696 -0.354863 0.181052 255 220 40
0.278570 -0.354930 0.181052 255 220 40
0.278460 -0.355020 0.181052 255 220 40
0.278369 -0.355131 0.181052 255 220 40
0.278302 -0.355257 0.181052 255 220 40
0.278261 -0.355393 0.181052 255 220 40
0.278247 -0.355535 0.181052 255 220 40
0.278261 -0.355677 0.181052 255 220 40
0.278302 -0.355813 0.181052 255 220 40
0.278369 -0.355939 0.181052 255 220 40
0.278460 -0.356050 0.181052 255 220 40
0.278570 -0.356140 0.181052 255 220 40
0.278696 -0.356207 0.181052 255 220 40
0.278832 -0.356249 0.181052 255 220 40
0.278974 -0.356263 0.181052 255 220 40
0.279116 -0.356249 0.181052 255 220 40
0.279253 -0.356207 0.181052 255 220 40
0.279379 -0.356140 0.181052 255 220 40
0.279489 -0.356050 0.181052 255 220 40
0.279579 -0.355939 0.181052 255 220 40
0.279647 -0.355813 0.181052 255 220 40
0.279688 -0.355677 0.181052 255 220 40
0.280398 -0.355535 0.180826 255 220 40
0.280371 -0.355257 0.180826 255 220 40
0.280290 -0.354990 0.180826 255 220 40
0.280158 -0.354744 0.180826 255 220 40
0.279981 -0.354528 0.180826 255 220 40
0.279765 -0.354351 0.180826 255 220 40
0.279519 -0.354220 0.180826 255 220 40
0.279252 -0.354139 0.180826 255 220 40
0.278974 -0.354111 0.180826 255 220 40
0.278697 -0.354139 0.180826 255 220 40
0.278430 -0.354220 0.180826 255 220 40
0.278183 -0.354351 0.180826 255 220 40
0.277968 -0.354528 0.180826 255 220 40
0.277791 -0.354744 0.180826 255 220 40
0.277659 -0.354990 0.180826 255 220 40
0.277578 -0.355257 0.180826 255 220 40
0.277551 -0.355535 0.180826 255 220 40
0.277578 -0.355813 0.180826 255 220 40
0.277659 -0.356080 0.180826 255 220 40
0.277791 -0.356326 0.180826 255 220 40
0.277968 -0.356542 0.180826 255 220 40
0.278183 -0.356719 0.180826 255 220 40
0.278430 -0.356850 0.180826 255 220 40
0.278697 -0.356931 0.180826 255 220 40
0.278974 -0.356959 0.180826 255 220 40
0.279252 -0.356931 0.180826 255 220 40
0.279519 -0.356850 0.180826 255 220 40
0.279765 -0.356719 0.180826 255 220 40
0.279981 -0.356542 0.180826 255 220 40
0.280158 -0.356326 0.180826 255 220 40
0.280290 -0.356080 0.180826 255 220 40
0.280371 -0.355813 0.180826 255 220 40
0.281032 -0.355535 0.180461 255 220 40
0.280992 -0.355134 0.180461 255 220 40
0.280875 -0.354748 0.180461 255 220 40
0.280685 -0.354392 0.180461 255 220 40
0.280429 -0.354080 0.180461 255 220 40
0.280117 -0.353824 0.180461 255 220 40
0.279762 -0.353634 0.180461 255 220 40
0.279376 -0.353517 0.180461 255 220 40
0.278974 -0.353478 0.180461 255 220 40
0.278573 -0.353517 0.180461 255 220 40
0.278187 -0.353634 0.180461 255 220 40
0.277831 -0.353824 0.180461 255 220 40
0.277520 -0.354080 0.180461 255 220 40
0.277264 -0.354392 0.180461 255 220 40
0.277074 -0.354748 0.180461 255 220 40
0.276957 -0.355134 0.180461 255 220 40
0.276917 -0.355535 0.180461 255 220 40
0.276957 -0.355936 0.180461 255 220 40
0.277074 -0.356322 0.180461 255 220 40
0.277264 -0.356678 0.180461 255 220 40
0.277520 -0.356990 0.180461 255 220 40
0.277831 -0.357246 0.180461 255 220 40
0.278187 -0.357436 0.180461 255 220 40
0.278573 -0.357553 0.180461 255 220 40
0.278974 -0.357592 0.180461 255 220 40
0.279376 -0.357553 0.180461 255 220 40
0.279762 -0.357436 0.180461 255 220 40
0.280117 -0.357246 0.180461 255 220 40
0.280429 -0.356990 0.180461 255 220 40
0.280685 -0.356678 0.180461 255 220 40
0.280875 -0.356322 0.180461 255 220 40
0.280992 -0.355936 0.180461 255 220 40
0.281575 -0.355535 0.179971 255 220 40
0.281525 -0.355028 0.179971 255 220 40
0.281377 -0.354540 0.179971 255 220 40
0.281137 -0.354090 0.179971 255 220 40
0.280813 -0.353696 0.179971 255 220 40
0.280419 -0.353372 0.179971 255 220 40
0.279970 -0.353132 0.179971 255 220 40
0.279482 -0.352984 0.179971 255 220 40
0.278974 -0.352934 0.179971 255 220 40
0.278467 -0.352984 0.179971 255 220 40
0.277979 -0.353132 0.179971 255 220 40
0.277529 -0.353372 0.179971 255 220 40
0.277135 -0.353696 0.179971 255 220 40
0.276812 -0.354090 0.179971 255 220 40
0.276571 -0.354540 0.179971 255 220 40
0.276423 -0.355028 0.179971 255 220 40
0.276373 -0.355535 0.179971 255 220 40
0.276423 -0.356042 0.179971 255 220 40
0.276571 -0.356530 0.179971 255 220 40
0.276812 -0.356980 0.179971 255 220 40
0.277135 -0.357374 0.179971 255 220 40
0.277529 -0.357698 0.179971 255 220 40
0.277979 -0.357938 0.179971 255 220 40
0.278467 -0.358086 0.179971 255 220 40
0.278974 -0.358136 0.179971 255 220 40
0.279482 -0.358086 0.179971 255 220 40
0.279970 -0.357938 0.179971 255 220 40
0.280419 -0.357698 0.179971 255 220 40
0.280813 -0.357374 0.179971 255 220 40
0.281137 -0.356980 0.179971 255 220 40
0.281377 -0.356530 0.179971 255 220 40
0.281525 -0.356042 0.179971 255 220 40
0.282005 -0.355535 0.179379 255 220 40
0.281947 -0.354944 0.179379 255 220 40
0.281775 -0.354375 0.179379 255 220 40
0.281495 -0.353851 0.179379 255 220 40
0.281118 -0.353392 0.179379 255 220 40
0.280658 -0.353015 0.179379 255 220 40
0.280134 -0.352735 0.179379 255 220 40
0.279566 -0.352562 0.179379 255 220 40
0.278974 -0.352504 0.179379 255 220 40
0.278383 -0.352562 0.179379 255 220 40
0.277814 -0.352735 0.179379 255 220 40
0.277290 -0.353015 0.179379 255 220 40
0.276831 -0.353392 0.179379 255 220 40
0.276454 -0.353851 0.179379 255 220 40
0.276174 -0.354375 0.179379 255 220 40
0.276001 -0.354944 0.179379 255 220 40
0.275943 -0.355535 0.179379 255 220 40
0.276001 -0.356126 0.179379 255 220 40
0.276174 -0.356695 0.179379 255 220 40
0.276454 -0.357219 0.179379 255 220 40
0.276831 -0.357678 0.179379 255 220 40
0.277290 -0.358055 0.179379 255 220 40
0.277814 -0.358335 0.179379 255 220 40
0.278383 -0.358508 0.179379 255 220 40
0.278974 -0.358566 0.179379 255 220 40
0.279566 -0.358508 0.179379 255 220 40
0.280134 -0.358335 0.179379 255 220 40
0.280658 -0.358055 0.179379 255 220 40
0.281118 -0.357678 0.179379 255 220 40
0.281495 -0.357219 0.179379 255 220 40
0.281775 -0.356695 0.179379 255 220 40
0.281947 -0.356126 0.179379 255 220 40
0.282303 -0.355535 0.178711 255 220 40
0.282239 -0.354886 0.178711 255 220 40
0.282050 -0.354261 0.178711 255 220 40
0.281742 -0.353686 0.178711 255 220 40
0.281328 -0.353181 0.178711 255 220 40
0.280824 -0.352767 0.178711 255 220 40
0.280248 -0.352460 0.178711 255 220 40
0.279624 -0.352270 0.178711 255 220 40
0.278974 -0.352206 0.178711 255 220 40
0.278325 -0.352270 0.178711 255 220 40
0.277700 -0.352460 0.178711 255 220 40
0.277125 -0.352767 0.178711 255 220 40
0.276621 -0.353181 0.178711 255 220 40
0.276207 -0.353686 0.178711 255 220 40
0.275899 -0.354261 0.178711 255 220 40
0.275710 -0.354886 0.178711 255 220 40
0.275646 -0.355535 0.178711 255 220 40
0.275710 -0.356184 0.178711 255 220 40
0.275899 -0.356809 0.178711 255 220 40
0.276207 -0.357384 0.178711 255 220 40
0.276621 -0.357889 0.178711 255 220 40
0.277125 -0.358303 0.178711 255 220 40
0.277700 -0.358610 0.178711 255 220 40
0.278325 -0.358800 0.178711 255 220 40
0.278974 -0.358864 0.178711 255 220 40
0.279624 -0.358800 0.178711 255 220 40
0.280248 -0.358610 0.178711 255 220 40
0.280824 -0.358303 0.178711 255 220 40
0.281328 -0.357889 0.178711 255 220 40
0.281742 -0.357384 0.178711 255 220 40
0.282050 -0.356809 0.178711 255 220 40
0.282239 -0.356184 0.178711 255 220 40
0.282455 -0.355535 0.177995 255 220 40
0.282388 -0.354856 0.177995 255 220 40
0.282190 -0.354203 0.177995 255 220 40
0.281869 -0.353601 0.177995 255 220 40
0.281436 -0.353074 0.177995 255 220 40
0.280908 -0.352641 0.177995 255 220 40
0.280306 -0.352319 0.177995 255 220 40
0.279653 -0.352121 0.177995 255 220 40
0.278974 -0.352054 0.177995 255 220 40
0.278295 -0.352121 0.177995 255 220 40
0.277642 -0.352319 0.177995 255 220 40
0.277040 -0.352641 0.177995 255 220 40
0.276513 -0.353074 0.177995 255 220 40
0.276080 -0.353601 0.177995 255 220 40
0.275758 -0.354203 0.177995 255 220 40
0.275560 -0.354856 0.177995 255 220 40
0.275493 -0.355535 0.177995 255 220 40
0.275560 -0.356214 0.177995 255 220 40
0.275758 -0.356867 0.177995 255 220 40
0.276080 -0.357469 0.177995 255 220 40
0.276513 -0.357996 0.177995 255 220 40
0.277040 -0.358429 0.177995 255 220 40
0.277642 -0.358751 0.177995 255 220 40
0.278295 -0.358949 0.177995 255 220 40
0.278974 -0.359016 0.177995 255 220 40
0.279653 -0.358949 0.177995 255 220 40
0.280306 -0.358751 0.177995 255 220 40
0.280908 -0.358429 0.177995 255 220 40
0.281436 -0.357996 0.177995 255 220 40
0.281869 -0.357469 0.177995 255 220 40
0.282190 -0.356867 0.177995 255 220 40
0.282388 -0.356214 0.177995 255 220 40
0.282455 -0.355535 0.177263 255 220 40
0.282388 -0.354856 0.177263 255 220 40
0.282190 -0.354203 0.177263 255 220 40
0.281869 -0.353601 0.177263 255 220 40
0.281436 -0.353074 0.177263 255 220 40
0.280908 -0.352641 0.177263 255 220 40
0.280306 -0.352319 0.177263 255 220 40
0.279653 -0.352121 0.177263 255 220 40
0.278974 -0.352054 0.177263 255 220 40
0.278295 -0.352121 0.177263 255 220 40
0.277642 -0.352319 0.177263 255 220 40
0.277040 -0.352641 0.177263 255 220 40
0.276513 -0.353074 0.177263 255 220 40
0.276080 -0.353601 0.177263 255 220 40
0.275758 -0.354203 0.177263 255 220 40
0.275560 -0.354856 0.177263 255 220 40
0.275493 -0.355535 0.177263 255 220 40
0.275560 -0.356214 0.177263 255 220 40
0.275758 -0.356867 0.177263 255 220 40
0.276080 -0.357469 0.177263 255 220 40
0.276513 -0.357996 0.177263 255 220 40
0.277040 -0.358429 0.177263 255 220 40
0.277642 -0.358751 0.177263 255 220 40
0.278295 -0.358949 0.177263 255 220 40
0.278974 -0.359016 0.177263 255 220 40
0.279653 -0.358949 0.177263 255 220 40
0.280306 -0.358751 0.177263 255 220 40
0.280908 -0.358429 0.177263 255 220 40
0.281436 -0.357996 0.177263 255 220 40
0.281869 -0.357469 0.177263 255 220 40
0.282190 -0.356867 0.177263 255 220 40
0.282388 -0.356214 0.177263 255 220 40
0.282303 -0.355535 0.176547 255 220 40
0.282239 -0.354886 0.176547 255 220 40
0.282050 -0.354261 0.176547 255 220 40
0.281742 -0.353686 0.176547 255 220 40
0.281328 -0.353181 0.176547 255 220 40
0.280824 -0.352767 0.176547 255 220 40
0.280248 -0.352460 0.176547 255 220 40
0.279624 -0.352270 0.176547 255 220 40
0.278974 -0.352206 0.176547 255 220 40
0.278325 -0.352270 0.176547 255 220 40
0.277700 -0.352460 0.176547 255 220 40
0.277125 -0.352767 0.176547 255 220 40
0.276621 -0.353181 0.176547 255 220 40
0.276207 -0.353686 0.176547 255 220 40
0.275899 -0.354261 0.176547 255 220 40
0.275710 -0.354886 0.176547 255 220 40
0.275646 -0.355535 0.176547 255 220 40
0.275710 -0.356184 0.176547 255 220 40
0.275899 -0.356809 0.176547 255 220 40
0.276207 -0.357384 0.176547 255 220 40
0.276621 -0.357889 0.176547 255 220 40
0.277125 -0.358303 0.176547 255 220 40
0.277700 -0.358610 0.176547 255 220 40
0.278325 -0.358800 0.176547 255 220 40
0.278974 -0.358864 0.176547 255 220 40
0.279624 -0.358800 0.176547 255 220 40
0.280248 -0.358610 0.176547 255 220 40
0.280824 -0.358303 0.176547 255 220 40
0.281328 -0.357889 0.176547 255 220 40
0.281742 -0.357384 0.176547 255 220 40
0.282050 -0.356809 0.176547 255 220 40
0.282239 -0.356184 0.176547 255 220 40
0.282005 -0.355535 0.175879 255 220 40
0.281947 -0.354944 0.175879 255 220 40
0.281775 -0.354375 0.175879 255 220 40
0.281495 -0.353851 0.175879 255 220 40
0.281118 -0.353392 0.175879 255 220 40
0.280658 -0.353015 0.175879 255 220 40
0.280134 -0.352735 0.175879 255 220 40
0.279566 -0.352562 0.175879 255 220 40
0.278974 -0.352504 0.175879 255 220 40
0.278383 -0.352562 0.175879 255 220 40
0.277814 -0.352735 0.175879 255 220 40
0.277290 -0.353015 0.175879 255 220 40
0.276831 -0.353392 0.175879 255 220 40
0.276454 -0.353851 0.175879 255 220 40
0.276174 -0.354375 0.175879 255 220 40
0.276001 -0.354944 0.175879 255 220 40
0.275943 -0.355535 0.175879 255 220 40
0.276001 -0.356126 0.175879 255 220 40
0.276174 -0.356695 0.175879 255 220 40
0.276454 -0.357219 0.175879 255 220 40
0.276831 -0.357678 0.175879 255 220 40
0.277290 -0.358055 0.175879 255 220 40
0.277814 -0.358335 0.175879 255 220 40
0.278383 -0.358508 0.175879 255 220 40
0.278974 -0.358566 0.175879 255 220 40
0.279566 -0.358508 0.175879 255 220 40
0.280134 -0.358335 0.175879 255 220 40
0.280658 -0.358055 0.175879 255 220 40
0.281118 -0.357678 0.175879 255 220 40
0.281495 -0.357219 0.175879 255 220 40
0.281775 -0.356695 0.175879 255 220 40
0.281947 -0.356126 0.175879 255 220 40
0.281575 -0.355535 0.175287 255 220 40
0.281525 -0.355028 0.175287 255 220 40
0.281377 -0.354540 0.175287 255 220 40
0.281137 -0.354090 0.175287 255 220 40
0.280813 -0.353696 0.175287 255 220 40
0.280419 -0.353372 0.175287 255 220 40
0.279970 -0.353132 0.175287 255 220 40
0.279482 -0.352984 0.175287 255 220 40
0.278974 -0.352934 0.175287 255 220 40
0.278467 -0.352984 0.175287 255 220 40
0.277979 -0.353132 0.175287 255 220 40
0.277529 -0.353372 0.175287 255 220 40
0.277135 -0.353696 0.175287 255 220 40
0.276812 -0.354090 0.175287 255 220 40
0.276571 -0.354540 0.175287 255 220 40
0.276423 -0.355028 0.175287 255 220 40
0.276373 -0.355535 0.175287 255 220 40
0.276423 -0.356042 0.175287 255 220 40
0.276571 -0.356530 0.175287 255 220 40
0.276812 -0.356980 0.175287 255 220 40
0.277135 -0.357374 0.175287 255 220 40
0.277529 -0.357698 0.175287 255 220 40
0.277979 -0.357938 0.175287 255 220 40
0.278467 -0.358086 0.175287 255 220 40
0.278974 -0.358136 0.175287 255 220 40
0.279482 -0.358086 0.175287 255 220 40
0.279970 -0.357938 0.175287 255 220 40
0.280419 -0.357698 0.175287 255 220 40
0.280813 -0.357374 0.175287 255 220 40
0.281137 -0.356980 0.175287 255 220 40
0.281377 -0.356530 0.175287 255 220 40
0.281525 -0.356042 0.175287 255 220 40
0.281032 -0.355535 0.174797 255 220 40
0.280992 -0.355134 0.174797 255 220 40
0.280875 -0.354748 0.174797 255 220 40
0.280685 -0.354392 0.174797 255 220 40
0.280429 -0.354080 0.174797 255 220 40
0.280117 -0.353824 0.174797 255 220 40
0.279762 -0.353634 0.174797 255 220 40
0.279376 -0.353517 0.174797 255 220 40
0.278974 -0.353478 0.174797 255 220 40
0.278573 -0.353517 0.174797 255 220 40
0.278187 -0.353634 0.174797 255 220 40
0.277831 -0.353824 0.174797 255 220 40
0.277520 -0.354080 0.174797 255 220 40
0.277264 -0.354392 0.174797 255 220 40
0.277074 -0.354748 0.174797 255 220 40
0.276957 -0.355134 0.174797 255 220 40
0.276917 -0.355535 0.174797 255 220 40
0.276957 -0.355936 0.174797 255 220 40
0.277074 -0.356322 0.174797 255 220 40
0.277264 -0.356678 0.174797 255 220 40
0.277520 -0.356990 0.174797 255 220 40
0.277831 -0.357246 0.174797 255 220 40
0.278187 -0.357436 0.174797 255 220 40
0.278573 -0.357553 0.174797 255 220 40
0.278974 -0.357592 0.174797 255 220 40
0.279376 -0.357553 0.174797 255 220 40
0.279762 -0.357436 0.174797 255 220 40
0.280117 -0.357246 0.174797 255 220 40
0.280429 -0.356990 0.174797 255 220 40
0.280685 -0.356678 0.174797 255 220 40
0.280875 -0.356322 0.174797 255 220 40
0.280992 -0.355936 0.174797 255 220 40
0.280398 -0.355535 0.174432 255 220 40
0.280371 -0.355257 0.174432 255 220 40
0.280290 -0.354990 0.174432 255 220 40
0.280158 -0.354744 0.174432 255 220 40
0.279981 -0.354528 0.174432 255 220 40
0.279765 -0.354351 0.174432 255 220 40
0.279519 -0.354220 0.174432 255 220 40
0.279252 -0.354139 0.174432 255 220 40
0.278974 -0.354111 0.174432 255 220 40
0.278697 -0.354139 0.174432 255 220 40
0.278430 -0.354220 0.174432 255 220 40
0.278183 -0.354351 0.174432 255 220 40
0.277968 -0.354528 0.174432 255 220 40
0.277791 -0.354744 0.174432 255 220 40
0.277659 -0.354990 0.174432 255 220 40
0.277578 -0.355257 0.174432 255 220 40
0.277551 -0.355535 0.174432 255 220 40
0.277578 -0.355813 0.174432 255 220 40
0.277659 -0.356080 0.174432 255 220 40
0.277791 -0.356326 0.174432 255 220 40
0.277968 -0.356542 0.174432 255 220 40
0.278183 -0.356719 0.174432 255 220 40
0.278430 -0.356850 0.174432 255 220 40
0.278697 -0.356931 0.174432 255 220 40
0.278974 -0.356959 0.174432 255 220 40
0.279252 -0.356931 0.174432 255 220 40
0.279519 -0.356850 0.174432 255 220 40
0.279765 -0.356719 0.174432 255 220 40
0.279981 -0.356542 0.174432 255 220 40
0.280158 -0.356326 0.174432 255 220 40
0.280290 -0.356080 0.174432 255 220 40
0.280371 -0.355813 0.174432 255 220 40
0.279702 -0.355535 0.174205 255 220 40
0.279688 -0.355393 0.174205 255 220 40
0.279647 -0.355257 0.174205 255 220 40
0.279579 -0.355131 0.174205 255 220 40
0.279489 -0.355020 0.174205 255 220 40
0.279379 -0.354930 0.174205 255 220 40
0.279253 -0.354863 0.174205 255 220 40
0.279116 -0.354821 0.174205 255 220 40
0.278974 -0.354807 0.174205 255 220 40
0.278832 -0.354821 0.174205 255 220 40
0.278696 -0.354863 0.174205 255 220 40
0.278570 -0.354930 0.174205 255 220 40
0.278460 -0.355020 0.174205 255 220 40
0.278369 -0.355131 0.174205 255 220 40
0.278302 -0.355257 0.174205 255 220 40
0.278261 -0.355393 0.174205 255 220 40
0.278247 -0.355535 0.174205 255 220 40
0.278261 -0.355677 0.174205 255 220 40
0.278302 -0.355813 0.174205 255 220 40
0.278369 -0.355939 0.174205 255 220 40
0.278460 -0.356050 0.174205 255 220 40
0.278570 -0.356140 0.174205 255 220 40
0.278696 -0.356207 0.174205 255 220 40
0.278832 -0.356249 0.174205 255 220 40
0.278974 -0.356263 0.174205 255 220 40
0.279116 -0.356249 0.174205 255 220 40
0.279253 -0.356207 0.174205 255 220 40
0.279379 -0.356140 0.174205 255 220 40
0.279489 -0.356050 0.174205 255 220 40
0.279579 -0.355939 0.174205 255 220 40
0.279647 -0.355813 0.174205 255 220 40
0.279688 -0.355677 0.174205 255 220 40
0.278974 -0.355535 0.174129 255 220 40
0.278974 -0.355535 0.174129 255 220 40
0.278974 -0.355535 0.174129 255 220 40
0.278974 -0.355535 0.174129 255 220 40
0.278974 -0.355535 0.174129 255 220 40
0.278974 -0.355535 0.174129 255 220 40
0.278974 -0.355535 0.174129 255 220 40
0.278974 -0.355535 0.174129 255 220 40
0.278974 -0.355535 0.174129 255 220 40
0.278974 -0.355535 0.174129 255 220 40
0.278974 -0.355535 0.174129 255 220 40
0.278974 -0.355535 0.174129 255 220 40
0.278974 -0.355535 0.174129 255 220 40
0.278974 -0.355535 0.174129 255 220 40
0.278974 -0.355535 0.174129 255 220 40
0.278974 -0.355535 0.174129 255 220 40
0.278974 -0.355535 0.174129 255 220 40
0.278974 -0.355535 0.174129 255 220 40
0.278974 -0.355535 0.174129 255 220 40
0.278974 -0.355535 0.174129 255 220 40
0.278974 -0.355535 0.174129 255 220 40
0.278974 -0.355535 0.174129 255 220 40
0.278974 -0.355535 0.174129 255 220 40
0.278974 -0.355535 0.174129 255 220 40
0.278974 -0.355535 0.174129 255 220 40
0.278974 -0.355535 0.174129 255 220 40
0.278974 -0.355535 0.174129 255 220 40
0.278974 -0.355535 0.174129 255 220 40
0.278974 -0.355535 0.174129 255 220 40
0.278974 -0.355535 0.174129 255 220 40
0.278974 -0.355535 0.174129 255 220 40
0.278974 -0.355535 0.174129 255 220 40
0.273993 -0.355535 0.181129 255 220 40
0.273993 -0.355535 0.181129 255 220 40
0.273993 -0.355535 0.181129 255 220 40
0.273993 -0.355535 0.181129 255 220 40
0.273993 -0.355535 0.181129 255 220 40
0.273993 -0.355535 0.181129 255 220 40
0.273993 -0.355535 0.181129 255 220 40
0.273993 -0.355535 0.181129 255 220 40
0.273993 -0.355535 0.181129 255 220 40
0.273993 -0.355535 0.181129 255 220 40
0.273993 -0.355535 0.181129 255 220 40
0.273993 -0.355535 0.181129 255 220 40
0.273993 -0.355535 0.181129 255 220 40
0.273993 -0.355535 0.181129 255 220 40
0.273993 -0.355535 0.181129 255 220 40
0.273993 -0.355535 0.181129 255 220 40
0.273993 -0.355535 0.181129 255 220 40
0.273993 -0.355535 0.181129 255 220 40
0.273993 -0.355535 0.181129 255 220 40
0.273993 -0.355535 0.181129 255 220 40
0.273993 -0.355535 0.181129 255 220 40
0.273993 -0.355535 0.181129 255 220 40
0.273993 -0.355535 0.181129 255 220 40
0.273993 -0.355535 0.181129 255 220 40
0.273993 -0.355535 0.181129 255 220 40
0.273993 -0.355535 0.181129 255 220 40
0.273993 -0.355535 0.181129 255 220 40
0.273993 -0.355535 0.181129 255 220 40
0.273993 -0.355535 0.181129 255 220 40
0.273993 -0.355535 0.181129 255 220 40
0.273993 -0.355535 0.181129 255 220 40
0.273993 -0.355535 0.181129 255 220 40
0.274720 -0.355535 0.181052 255 220 40
0.274706 -0.355393 0.181052 255 220 40
0.274665 -0.355257 0.181052 255 220 40
0.274598 -0.355131 0.181052 255 220 40
0.274507 -0.355020 0.181052 255 220 40
0.274397 -0.354930 0.181052 255 220 40
0.274271 -0.354863 0.181052 255 220 40
0.274134 -0.354821 0.181052 255 220 40
0.273993 -0.354807 0.181052 255 220 40
0.273851 -0.354821 0.181052 255 220 40
0.273714 -0.354863 0.181052 255 220 40
0.273588 -0.354930 0.181052 255 220 40
0.273478 -0.355020 0.181052 255 220 40
0.273387 -0.355131 0.181052 255 220 40
0.273320 -0.355257 0.181052 255 220 40
0.273279 -0.355393 0.181052 255 220 40
0.273265 -0.355535 0.181052 255 220 40
0.273279 -0.355677 0.181052 255 220 40
0.273320 -0.355813 0.181052 255 220 40
0.273387 -0.355939 0.181052 255 220 40
0.273478 -0.356050 0.181052 255 220 40
0.273588 -0.356140 0.181052 255 220 40
0.273714 -0.356207 0.181052 255 220 40
0.273851 -0.356249 0.181052 255 220 40
0.273993 -0.356263 0.181052 255 220 40
0.274134 -0.356249 0.181052 255 220 40
0.274271 -0.356207 0.181052 255 220 40
0.274397 -0.356140 0.181052 255 220 40
0.274507 -0.356050 0.181052 255 220 40
0.274598 -0.355939 0.181052 255 220 40
0.274665 -0.355813 0.181052 255 220 40
0.274706 -0.355677 0.181052 255 220 40
0.275416 -0.355535 0.180826 255 220 40
0.275389 -0.355257 0.180826 255 220 40
0.275308 -0.354990 0.180826 255 220 40
0.275176 -0.354744 0.180826 255 220 40
0.274999 -0.354528 0.180826 255 220 40
0.274783 -0.354351 0.180826 255 220 40
0.274537 -0.354220 0.180826 255 220 40
0.274270 -0.354139 0.180826 255 220 40
0.273993 -0.354111 0.180826 255 220 40
0.273715 -0.354139 0.180826 255 220 40
0.273448 -0.354220 0.180826 255 220 40
0.273202 -0.354351 0.180826 255 220 40
0.272986 -0.354528 0.180826 255 220 40
0.272809 -0.354744 0.180826 255 220 40
0.272677 -0.354990 0.180826 255 220 40
0.272596 -0.355257 0.180826 255 220 40
0.272569 -0.355535 0.180826 255 220 40
0.272596 -0.355813 0.180826 255 220 40
0.272677 -0.356080 0.180826 255 220 40
0.272809 -0.356326 0.180826 255 220 40
0.272986 -0.356542 0.180826 255 220 40
0.273202 -0.356719 0.180826 255 220 40
0.273448 -0.356850 0.180826 255 220 40
0.273715 -0.356931 0.180826 255 220 40
0.273993 -0.356959 0.180826 255 220 40
0.274270 -0.356931 0.180826 255 220 40
0.274537 -0.356850 0.180826 255 220 40
0.274783 -0.356719 0.180826 255 220 40
0.274999 -0.356542 0.180826 255 220 40
0.275176 -0.356326 0.180826 255 220 40
0.275308 -0.356080 0.180826 255 220 40
0.275389 -0.355813 0.180826 255 220 40
0.276050 -0.355535 0.180461 255 220 40
0.276010 -0.355134 0.180461 255 220 40
0.275893 -0.354748 0.180461 255 220 40
0.275703 -0.354392 0.180461 255 220 40
0.275447 -0.354080 0.180461 255 220 40
0.275135 -0.353824 0.180461 255 220 40
0.274780 -0.353634 0.180461 255 220 40
0.274394 -0.353517 0.180461 255 220 40
0.273993 -0.353478 0.180461 255 220 40
0.273591 -0.353517 0.180461 255 220 40
0.273205 -0.353634 0.180461 255 220 40
0.272850 -0.353824 0.180461 255 220 40
0.272538 -0.354080 0.180461 255 220 40
0.272282 -0.354392 0.180461 255 220 40
0.272092 -0.354748 0.180461 255 220 40
0.271975 -0.355134 0.180461 255 220 40
0.271935 -0.355535 0.180461 255 220 40
0.271975 -0.355936 0.180461 255 220 40
0.272092 -0.356322 0.180461 255 220 40
0.272282 -0.356678 0.180461 255 220 40
0.272538 -0.356990 0.180461 255 220 40
0.272850 -0.357246 0.180461 255 220 40
0.273205 -0.357436 0.180461 255 220 40
0.273591 -0.357553 0.180461 255 220 40
0.273993 -0.357592 0.180461 255 220 40
0.274394 -0.357553 0.180461 255 220 40
0.274780 -0.357436 0.180461 255 220 40
0.275135 -0.357246 0.180461 255 220 40
0.275447 -0.356990 0.180461 255 220 40
0.275703 -0.356678 0.180461 255 220 40
0.275893 -0.356322 0.180461 255 220 40
0.276010 -0.355936 0.180461 255 220 40
0.276594 -0.355535 0.179971 255 220 40
0.276544 -0.355028 0.179971 255 220 40
0.276396 -0.354540 0.179971 255 220 40
0.276155 -0.354090 0.179971 255 220 40
0.275832 -0.353696 0.179971 255 220 40
0.275438 -0.353372 0.179971 255 220 40
0.274988 -0.353132 0.179971 255 220 40
0.274500 -0.352984 0.179971 255 220 40
0.273993 -0.352934 0.179971 255 220 40
0.273485 -0.352984 0.179971 255 220 40
0.272997 -0.353132 0.179971 255 220 40
0.272547 -0.353372 0.179971 255 220 40
0.272153 -0.353696 0.179971 255 220 40
0.271830 -0.354090 0.179971 255 220 40
0.271590 -0.354540 0.179971 255 220 40
0.271441 -0.355028 0.179971 255 220 40
0.271392 -0.355535 0.179971 255 220 40
0.271441 -0.356042 0.179971 255 220 40
0.271590 -0.356530 0.179971 255 220 40
0.271830 -0.356980 0.179971 255 220 40
0.272153 -0.357374 0.179971 255 220 40
0.272547 -0.357698 0.179971 255 220 40
0.272997 -0.357938 0.179971 255 220 40
0.273485 -0.358086 0.179971 255 220 40
0.273993 -0.358136 0.179971 255 220 40
0.274500 -0.358086 0.179971 255 220 40
0.274988 -0.357938 0.179971 255 220 40
0.275438 -0.357698 0.179971 255 220 40
0.275832 -0.357374 0.179971 255 220 40
0.276155 -0.356980 0.179971 255 220 40
0.276396 -0.356530 0.179971 255 220 40
0.276544 -0.356042 0.179971 255 220 40
0.277024 -0.355535 0.179379 255 220 40
0.276965 -0.354944 0.179379 255 220 40
0.276793 -0.354375 0.179379 255 220 40
0.276513 -0.353851 0.179379 255 220 40
0.276136 -0.353392 0.179379 255 220 40
0.275677 -0.353015 0.179379 255 220 40
0.275152 -0.352735 0.179379 255 220 40
0.274584 -0.352562 0.179379 255 220 40
0.273993 -0.352504 0.179379 255 220 40
0.273401 -0.352562 0.179379 255 220 40
0.272833 -0.352735 0.179379 255 220 40
0.272309 -0.353015 0.179379 255 220 40
0.271849 -0.353392 0.179379 255 220 40
0.271472 -0.353851 0.179379 255 220 40
0.271192 -0.354375 0.179379 255 220 40
0.271020 -0.354944 0.179379 255 220 40
0.270961 -0.355535 0.179379 255 220 40
0.271020 -0.356126 0.179379 255 220 40
0.271192 -0.356695 0.179379 255 220 40
0.271472 -0.357219 0.179379 255 220 40
0.271849 -0.357678 0.179379 255 220 40
0.272309 -0.358055 0.179379 255 220 40
0.272833 -0.358335 0.179379 255 220 40
0.273401 -0.358508 0.179379 255 220 40
0.273993 -0.358566 0.179379 255 220 40
0.274584 -0.358508 0.179379 255 220 40
0.275152 -0.358335 0.179379 255 220 40
0.275677 -0.358055 0.179379 255 220 40
0.276136 -0.357678 0.179379 255 220 40
0.276513 -0.357219 0.179379 255 220 40
0.276793 -0.356695 0.179379 255 220 40
0.276965 -0.356126 0.179379 255 220 40
0.277321 -0.355535 0.178711 255 220 40
0.277257 -0.354886 0.178711 255 220 40
0.277068 -0.354261 0.178711 255 220 40
0.276760 -0.353686 0.178711 255 220 40
0.276346 -0.353181 0.178711 255 220 40
0.275842 -0.352767 0.178711 255 220 40
0.275266 -0.352460 0.178711 255 220 40
0.274642 -0.352270 0.178711 255 220 40
0.273993 -0.352206 0.178711 255 220 40
0.273343 -0.352270 0.178711 255 220 40
0.272719 -0.352460 0.178711 255 220 40
0.272143 -0.352767 0.178711 255 220 40
0.271639 -0.353181 0.178711 255 220 40
0.271225 -0.353686 0.178711 255 220 40
0.270917 -0.354261 0.178711 255 220 40
0.270728 -0.354886 0.178711 255 220 40
0.270664 -0.355535 0.178711 255 220 40
0.270728 -0.356184 0.178711 255 220 40
0.270917 -0.356809 0.178711 255 220 40
0.271225 -0.357384 0.178711 255 220 40
0.271639 -0.357889 0.178711 255 220 40
0.272143 -0.358303 0.178711 255 220 40
0.272719 -0.358610 0.178711 255 220 40
0.273343 -0.358800 0.178711 255 220 40
0.273993 -0.358864 0.178711 255 220 40
0.274642 -0.358800 0.178711 255 220 40
0.275266 -0.358610 0.178711 255 220 40
0.275842 -0.358303 0.178711 255 220 40
0.276346 -0.357889 0.178711 255 220 40
0.276760 -0.357384 0.178711 255 220 40
0.277068 -0.356809 0.178711 255 220 40
0.277257 -0.356184 0.178711 255 220 40
0.277473 -0.355535 0.177995 255 220 40
0.277406 -0.354856 0.177995 255 220 40
0.277208 -0.354203 0.177995 255 220 40
0.276887 -0.353601 0.177995 255 220 40
0.276454 -0.353074 0.177995 255 220 40
0.275926 -0.352641 0.177995 255 220 40
0.275325 -0.352319 0.177995 255 220 40
0.274672 -0.352121 0.177995 255 220 40
0.273993 -0.352054 0.177995 255 220 40
0.273313 -0.352121 0.177995 255 220 40
0.272660 -0.352319 0.177995 255 220 40
0.272059 -0.352641 0.177995 255 220 40
0.271531 -0.353074 0.177995 255 220 40
0.271098 -0.353601 0.177995 255 220 40
0.270777 -0.354203 0.177995 255 220 40
0.270579 -0.354856 0.177995 255 220 40
0.270512 -0.355535 0.177995 255 220 40
0.270579 -0.356214 0.177995 255 220 40
0.270777 -0.356867 0.177995 255 220 40
0.271098 -0.357469 0.177995 255 220 40
0.271531 -0.357996 0.177995 255 220 40
0.272059 -0.358429 0.177995 255 220 40
0.272660 -0.358751 0.177995 255 220 40
0.273313 -0.358949 0.177995 255 220 40
0.273993 -0.359016 0.177995 255 220 40
0.274672 -0.358949 0.177995 255 220 40
0.275325 -0.358751 0.177995 255 220 40
0.275926 -0.358429 0.177995 255 220 40
0.276454 -0.357996 0.177995 255 220 40
0.276887 -0.357469 0.177995 255 220 40
0.277208 -0.356867 0.177995 255 220 40
0.277406 -0.356214 0.177995 255 220 40
0.277473 -0.355535 0.177263 255 220 40
0.277406 -0.354856 0.177263 255 220 40
0.277208 -0.354203 0.177263 255 220 40
0.276887 -0.353601 0.177263 255 220 40
0.276454 -0.353074 0.177263 255 220 40
0.275926 -0.352641 0.177263 255 220 40
0.275325 -0.352319 0.177263 255 220 40
0.274672 -0.352121 0.177263 255 220 40
0.273993 -0.352054 0.177263 255 220 40
0.273313 -0.352121 0.177263 255 220 40
0.272660 -0.352319 0.177263 255 220 40
0.272059 -0.352641 0.177263 255 220 40
0.271531 -0.353074 0.177263 255 220 40
0.271098 -0.353601 0.177263 255 220 40
0.270777 -0.354203 0.177263 255 220 40
0.270579 -0.354856 0.177263 255 220 40
0.270512 -0.355535 0.177263 255 220 40
0.270579 -0.356214 0.177263 255 220 40
0.270777 -0.356867 0.177263 255 220 40
0.271098 -0.357469 0.177263 255 220 40
0.271531 -0.357996 0.177263 255 220 40
0.272059 -0.358429 0.177263 255 220 40
0.272660 -0.358751 0.177263 255 220 40
0.273313 -0.358949 0.177263 255 220 40
0.273993 -0.359016 0.177263 255 220 40
0.274672 -0.358949 0.177263 255 220 40
0.275325 -0.358751 0.177263 255 220 40
0.275926 -0.358429 0.177263 255 220 40
0.276454 -0.357996 0.177263 255 220 40
0.276887 -0.357469 0.177263 255 220 40
0.277208 -0.356867 0.177263 255 220 40
0.277406 -0.356214 0.177263 255 220 40
0.277321 -0.355535 0.176547 255 220 40
0.277257 -0.354886 0.176547 255 220 40
0.277068 -0.354261 0.176547 255 220 40
0.276760 -0.353686 0.176547 255 220 40
0.276346 -0.353181 0.176547 255 220 40
0.275842 -0.352767 0.176547 255 220 40
0.275266 -0.352460 0.176547 255 220 40
0.274642 -0.352270 0.176547 255 220 40
0.273993 -0.352206 0.176547 255 220 40
0.273343 -0.352270 0.176547 255 220 40
0.272719 -0.352460 0.176547 255 220 40
0.272143 -0.352767 0.176547 255 220 40
0.271639 -0.353181 0.176547 255 220 40
0.271225 -0.353686 0.176547 255 220 40
0.270917 -0.354261 0.176547 255 220 40
0.270728 -0.354886 0.176547 255 220 40
0.270664 -0.355535 0.176547 255 220 40
0.270728 -0.356184 0.176547 255 220 40
0.270917 -0.356809 0.176547 255 220 40
0.271225 -0.357384 0.176547 255 220 40
0.271639 -0.357889 0.176547 255 220 40
0.272143 -0.358303 0.176547 255 220 40
0.272719 -0.358610 0.176547 255 220 40
0.273343 -0.358800 0.176547 255 220 40
0.273993 -0.358864 0.176547 255 220 40
0.274642 -0.358800 0.176547 255 220 40
0.275266 -0.358610 0.176547 255 220 40
0.275842 -0.358303 0.176547 255 220 40
0.276346 -0.357889 0.176547 255 220 40
0.276760 -0.357384 0.176547 255 220 40
0.277068 -0.356809 0.176547 255 220 40
0.277257 -0.356184 0.176547 255 220 40
0.277024 -0.355535 0.175879 255 220 40
0.276965 -0.354944 0.175879 255 220 40
0.276793 -0.354375 0.175879 255 220 40
0.276513 -0.353851 0.175879 255 220 40
0.276136 -0.353392 0.175879 255 220 40
0.275677 -0.353015 0.175879 255 220 40
0.275152 -0.352735 0.175879 255 220 40
0.274584 -0.352562 0.175879 255 220 40
0.273993 -0.352504 0.175879 255 220 40
0.273401 -0.352562 0.175879 255 220 40
0.272833 -0.352735 0.175879 255 220 40
0.272309 -0.353015 0.175879 255 220 40
0.271849 -0.353392 0.175879 255 220 40
0.271472 -0.353851 0.175879 255 220 40
0.271192 -0.354375 0.175879 255 220 40
0.271020 -0.354944 0.175879 255 220 40
0.270961 -0.355535 0.175879 255 220 40
0.271020 -0.356126 0.175879 255 220 40
0.271192 -0.356695 0.175879 255 220 40
0.271472 -0.357219 0.175879 255 220 40
0.271849 -0.357678 0.175879 255 220 40
0.272309 -0.358055 0.175879 255 220 40
0.272833 -0.358335 0.175879 255 220 40
0.273401 -0.358508 0.175879 255 220 40
0.273993 -0.358566 0.175879 255 220 40
0.274584 -0.358508 0.175879 255 220 40
0.275152 -0.358335 0.175879 255 220 40
0.275677 -0.358055 0.175879 255 220 40
0.276136 -0.357678 0.175879 255 220 40
0.276513 -0.357219 0.175879 255 220 40
0.276793 -0.356695 0.175879 255 220 40
0.276965 -0.356126 0.175879 255 220 40
0.276594 -0.355535 0.175287 255 220 40
0.276544 -0.355028 0.175287 255 220 40
0.276396 -0.354540 0.175287 255 220 40
0.276155 -0.354090 0.175287 255 220 40
0.275832 -0.353696 0.175287 255 220 40
0.275438 -0.353372 0.175287 255 220 40
0.274988 -0.353132 0.175287 255 220 40
0.274500 -0.352984 0.175287 255 220 40
0.273993 -0.352934 0.175287 255 220 40
0.273485 -0.352984 0.175287 255 220 40
0.272997 -0.353132 0.175287 255 220 40
0.272547 -0.353372 0.175287 255 220 40
0.272153 -0.353696 0.175287 255 220 40
0.271830 -0.354090 0.175287 255 220 40
0.271590 -0.354540 0.175287 255 220 40
0.271441 -0.355028 0.175287 255 220 40
0.271392 -0.355535 0.175287 255 220 40
0.271441 -0.356042 0.175287 255 220 40
0.271590 -0.356530 0.175287 255 220 40
0.271830 -0.356980 0.175287 255 220 40
0.272153 -0.357374 0.175287 255 220 40
0.272547 -0.357698 0.175287 255 220 40
0.272997 -0.357938 0.175287 255 220 40
0.273485 -0.358086 0.175287 255 220 40
0.273993 -0.358136 0.175287 255 220 40
0.274500 -0.358086 0.175287 255 220 40
0.274988 -0.357938 0.175287 255 220 40
0.275438 -0.357698 0.175287 255 220 40
0.275832 -0.357374 0.175287 255 220 40
0.276155 -0.356980 0.175287 255 220 40
0.276396 -0.356530 0.175287 255 220 40
0.276544 -0.356042 0.175287 255 220 40
0.276050 -0.355535 0.174797 255 220 40
0.276010 -0.355134 0.174797 255 220 40
0.275893 -0.354748 0.174797 255 220 40
0.275703 -0.354392 0.174797 255 220 40
0.275447 -0.354080 0.174797 255 220 40
0.275135 -0.353824 0.174797 255 220 40
0.274780 -0.353634 0.174797 255 220 40
0.274394 -0.353517 0.174797 255 220 40
0.273993 -0.353478 0.174797 255 220 40
0.273591 -0.353517 0.174797 255 220 40
0.273205 -0.353634 0.174797 255 220 40
0.272850 -0.353824 0.174797 255 220 40
0.272538 -0.354080 0.174797 255 220 40
0.272282 -0.354392 0.174797 255 220 40
0.272092 -0.354748 0.174797 255 220 40
0.271975 -0.355134 0.174797 255 220 40
0.271935 -0.355535 0.174797 255 220 40
0.271975 -0.355936 0.174797 255 220 40
0.272092 -0.356322 0.174797 255 220 40
0.272282 -0.356678 0.174797 255 220 40
0.272538 -0.356990 0.174797 255 220 40
0.272850 -0.357246 0.174797 255 220 40
0.273205 -0.357436 0.174797 255 220 40
0.273591 -0.357553 0.174797 255 220 40
0.273993 -0.357592 0.174797 255 220 40
0.274394 -0.357553 0.174797 255 220 40
0.274780 -0.357436 0.174797 255 220 40
0.275135 -0.357246 0.174797 255 220 40
0.275447 -0.356990 0.174797 255 220 40
0.275703 -0.356678 0.174797 255 220 40
0.275893 -0.356322 0.174797 255 220 40
0.276010 -0.355936 0.174797 255 220 40
0.275416 -0.355535 0.174432 255 220 40
0.275389 -0.355257 0.174432 255 220 40
0.275308 -0.354990 0.174432 255 220 40
0.275176 -0.354744 0.174432 255 220 40
0.274999 -0.354528 0.174432 255 220 40
0.274783 -0.354351 0.174432 255 220 40
0.274537 -0.354220 0.174432 255 220 40
0.274270 -0.354139 0.174432 255 220 40
0.273993 -0.354111 0.174432 255 220 40
0.273715 -0.354139 0.174432 255 220 40
0.273448 -0.354220 0.174432 255 220 40
0.273202 -0.354351 0.174432 255 220 40
0.272986 -0.354528 0.174432 255 220 40
0.272809 -0.354744 0.174432 255 220 40
0.272677 -0.354990 0.174432 255 220 40
0.272596 -0.355257 0.174432 255 220 40
0.272569 -0.355535 0.174432 255 220 40
0.272596 -0.355813 0.174432 255 220 40
0.272677 -0.356080 0.174432 255 220 40
0.272809 -0.356326 0.174432 255 220 40
0.272986 -0.356542 0.174432 255 220 40
0.273202 -0.356719 0.174432 255 220 40
0.273448 -0.356850 0.174432 255 220 40
0.273715 -0.356931 0.174432 255 220 40
0.273993 -0.356959 0.174432 255 220 40
0.274270 -0.356931 0.174432 255 220 40
0.274537 -0.356850 0.174432 255 220 40
0.274783 -0.356719 0.174432 255 220 40
0.274999 -0.356542 0.174432 255 220 40
0.275176 -0.356326 0.174432 255 220 40
0.275308 -0.356080 0.174432 255 220 40
0.275389 -0.355813 0.174432 255 220 40
0.274720 -0.355535 0.174205 255 220 40
0.274706 -0.355393 0.174205 255 220 40
0.274665 -0.355257 0.174205 255 220 40
0.274598 -0.355131 0.174205 255 220 40
0.274507 -0.355020 0.174205 255 220 40
0.274397 -0.354930 0.174205 255 220 40
0.274271 -0.354863 0.174205 255 220 40
0.274134 -0.354821 0.174205 255 220 40
0.273993 -0.354807 0.174205 255 220 40
0.273851 -0.354821 0.174205 255 220 40
0.273714 -0.354863 0.174205 255 220 40
0.273588 -0.354930 0.174205 255 220 40
0.273478 -0.355020 0.174205 255 220 40
0.273387 -0.355131 0.174205 255 220 40
0.273320 -0.355257 0.174205 255 220 40
0.273279 -0.355393 0.174205 255 220 40
0.273265 -0.355535 0.174205 255 220 40
0.273279 -0.355677 0.174205 255 220 40
0.273320 -0.355813 0.174205 255 220 40
0.273387 -0.355939 0.174205 255 220 40
0.273478 -0.356050 0.174205 255 220 40
0.273588 -0.356140 0.174205 255 220 40
0.273714 -0.356207 0.174205 255 220 40
0.273851 -0.356249 0.174205 255 220 40
0.273993 -0.356263 0.174205 255 220 40
0.274134 -0.356249 0.174205 255 220 40
0.274271 -0.356207 0.174205 255 220 40
0.274397 -0.356140 0.174205 255 220 40
0.274507 -0.356050 0.174205 255 220 40
0.274598 -0.355939 0.174205 255 220 40
0.274665 -0.355813 0.174205 255 220 40
0.274706 -0.355677 0.174205 255 220 40
0.273993 -0.355535 0.174129 255 220 40
0.273993 -0.355535 0.174129 255 220 40
0.273993 -0.355535 0.174129 255 220 40
0.273993 -0.355535 0.174129 255 220 40
0.273993 -0.355535 0.174129 255 220 40
0.273993 -0.355535 0.174129 255 220 40
0.273993 -0.355535 0.174129 255 220 40
0.273993 -0.355535 0.174129 255 220 40
0.273993 -0.355535 0.174129 255 220 40
0.273993 -0.355535 0.174129 255 220 40
0.273993 -0.355535 0.174129 255 220 40
0.273993 -0.355535 0.174129 255 220 40
0.273993 -0.355535 0.174129 255 220 40
0.273993 -0.355535 0.174129 255 220 40
0.273993 -0.355535 0.174129 255 220 40
0.273993 -0.355535 0.174129 255 220 40
0.273993 -0.355535 0.174129 255 220 40
0.273993 -0.355535 0.174129 255 220 40
0.273993 -0.355535 0.174129 255 220 40
0.273993 -0.355535 0.174129 255 220 40
0.273993 -0.355535 0.174129 255 220 40
0.273993 -0.355535 0.174129 255 220 40
0.273993 -0.355535 0.174129 255 220 40
0.273993 -0.355535 0.174129 255 220 40
0.273993 -0.355535 0.174129 255 220 40
0.273993 -0.355535 0.174129 255 220 40
0.273993 -0.355535 0.174129 255 220 40
0.273993 -0.355535 0.174129 255 220 40
0.273993 -0.355535 0.174129 255 220 40
0.273993 -0.355535 0.174129 255 220 40
0.273993 -0.355535 0.174129 255 220 40
0.273993 -0.355535 0.174129 255 220 40
0.199266 -0.355535 0.181129 255 220 40
0.199266 -0.355535 0.181129 255 220 40
0.199266 -0.355535 0.181129 255 220 40
0.199266 -0.355535 0.181129 255 220 40
0.199266 -0.355535 0.181129 255 220 40
0.199266 -0.355535 0.181129 255 220 40
0.199266 -0.355535 0.181129 255 220 40
0.199266 -0.355535 0.181129 255 220 40
0.199266 -0.355535 0.181129 255 220 40
0.199266 -0.355535 0.181129 255 220 40
0.199266 -0.355535 0.181129 255 220 40
0.199266 -0.355535 0.181129 255 220 40
0.199266 -0.355535 0.181129 255 220 40
0.199266 -0.355535 0.181129 255 220 40
0.199266 -0.355535 0.181129 255 220 40
0.199266 -0.355535 0.181129 255 220 40
0.199266 -0.355535 0.181129 255 220 40
0.199266 -0.355535 0.181129 255 220 40
0.199266 -0.355535 0.181129 255 220 40
0.199266 -0.355535 0.181129 255 220 40
0.199266 -0.355535 0.181129 255 220 40
0.199266 -0.355535 0.181129 255 220 40
0.199266 -0.355535 0.181129 255 220 40
0.199266 -0.355535 0.181129 255 220 40
0.199266 -0.355535 0.181129 255 220 40
0.199266 -0.355535 0.181129 255 220 40
0.199266 -0.355535 0.181129 255 220 40
0.199266 -0.355535 0.181129 255 220 40
0.199266 -0.355535 0.181129 255 220 40
0.199266 -0.355535 0.181129 255 220 40
0.199266 -0.355535 0.181129 255 220 40
0.199266 -0.355535 0.181129 255 220 40
0.199994 -0.355535 0.181052 255 220 40
0.199980 -0.355393 0.181052 255 220 40
0.199938 -0.355257 0.181052 255 220 40
0.199871 -0.355131 0.181052 255 220 40
0.199780 -0.355020 0.181052 255 220 40
0.199670 -0.354930 0.181052 255 220 40
0.199544 -0.354863 0.181052 255 220 40
0.199408 -0.354821 0.181052 255 220 40
0.199266 -0.354807 0.181052 255 220 40
0.199124 -0.354821 0.181052 255 220 40
0.198987 -0.354863 0.181052 255 220 40
0.198862 -0.354930 0.181052 255 220 40
0.198751 -0.355020 0.181052 255 220 40
0.198661 -0.355131 0.181052 255 220 40
0.198594 -0.355257 0.181052 255 220 40
0.198552 -0.355393 0.181052 255 220 40
0.198538 -0.355535 0.181052 255 220 40
0.198552 -0.355677 0.181052 255 220 40
0.198594 -0.355813 0.181052 255 220 40
0.198661 -0.355939 0.181052 255 220 40
0.198751 -0.356050 0.181052 255 220 40
0.198862 -0.356140 0.181052 255 220 40
0.198987 -0.356207 0.181052 255 220 40
0.199124 -0.356249 0.181052 255 220 40
0.199266 -0.356263 0.181052 255 220 40
0.199408 -0.356249 0.181052 255 220 40
0.199544 -0.356207 0.181052 255 220 40
0.199670 -0.356140 0.181052 255 220 40
0.199780 -0.356050 0.181052 255 220 40
0.199871 -0.355939 0.181052 255 220 40
0.199938 -0.355813 0.181052 255 220 40
0.199980 -0.355677 0.181052 255 220 40
0.200690 -0.355535 0.180826 255 220 40
0.200662 -0.355257 0.180826 255 220 40
0.200581 -0.354990 0.180826 255 220 40
0.200450 -0.354744 0.180826 255 220 40
0.200273 -0.354528 0.180826 255 220 40
0.200057 -0.354351 0.180826 255 220 40
0.199811 -0.354220 0.180826 255 220 40
0.199544 -0.354139 0.180826 255 220 40
0.199266 -0.354111 0.180826 255 220 40
0.198988 -0.354139 0.180826 255 220 40
0.198721 -0.354220 0.180826 255 220 40
0.198475 -0.354351 0.180826 255 220 40
0.198259 -0.354528 0.180826 255 220 40
0.198082 -0.354744 0.180826 255 220 40
0.197951 -0.354990 0.180826 255 220 40
0.197870 -0.355257 0.180826 255 220 40
0.197842 -0.355535 0.180826 255 220 40
0.197870 -0.355813 0.180826 255 220 40
0.197951 -0.356080 0.180826 255 220 40
0.198082 -0.356326 0.180826 255 220 40
0.198259 -0.356542 0.180826 255 220 40
0.198475 -0.356719 0.180826 255 220 40
0.198721 -0.356850 0.180826 255 220 40
0.198988 -0.356931 0.180826 255 220 40
0.199266 -0.356959 0.180826 255 220 40
0.199544 -0.356931 0.180826 255 220 40
0.199811 -0.356850 0.180826 255 220 40
0.200057 -0.356719 0.180826 255 220 40
0.200273 -0.356542 0.180826 255 220 40
0.200450 -0.356326 0.180826 255 220 40
0.200581 -0.356080 0.180826 255 220 40
0.200662 -0.355813 0.180826 255 220 40
0.201323 -0.355535 0.180461 255 220 40
0.201284 -0.355134 0.180461 255 220 40
0.201167 -0.354748 0.180461 255 220 40
0.200976 -0.354392 0.180461 255 220 40
0.200721 -0.354080 0.180461 255 220 40
0.200409 -0.353824 0.180461 255 220 40
0.200053 -0.353634 0.180461 255 220 40
0.199667 -0.353517 0.180461 255 220 40
0.199266 -0.353478 0.180461 255 220 40
0.198865 -0.353517 0.180461 255 220 40
0.198479 -0.353634 0.180461 255 220 40
0.198123 -0.353824 0.180461 255 220 40
0.197811 -0.354080 0.180461 255 220 40
0.197555 -0.354392 0.180461 255 220 40
0.197365 -0.354748 0.180461 255 220 40
0.197248 -0.355134 0.180461 255 220 40
0.197209 -0.355535 0.180461 255 220 40
0.197248 -0.355936 0.180461 255 220 40
0.197365 -0.356322 0.180461 255 220 40
0.197555 -0.356678 0.180461 255 220 40
0.197811 -0.356990 0.180461 255 220 40
0.198123 -0.357246 0.180461 255 220 40
0.198479 -0.357436 0.180461 255 220 40
0.198865 -0.357553 0.180461 255 220 40
0.199266 -0.357592 0.180461 255 220 40
0.199667 -0.357553 0.180461 255 220 40
0.200053 -0.357436 0.180461 255 220 40
0.200409 -0.357246 0.180461 255 220 40
0.200721 -0.356990 0.180461 255 220 40
0.200976 -0.356678 0.180461 255 220 40
0.201167 -0.356322 0.180461 255 220 40
0.201284 -0.355936 0.180461 255 220 40
0.201867 -0.355535 0.179971 255 220 40
0.201817 -0.355028 0.179971 255 220 40
0.201669 -0.354540 0.179971 255 220 40
0.201429 -0.354090 0.179971 255 220 40
0.201105 -0.353696 0.179971 255 220 40
0.200711 -0.353372 0.179971 255 220 40
0.200261 -0.353132 0.179971 255 220 40
0.199773 -0.352984 0.179971 255 220 40
0.199266 -0.352934 0.179971 255 220 40
0.198758 -0.352984 0.179971 255 220 40
0.198271 -0.353132 0.179971 255 220 40
0.197821 -0.353372 0.179971 255 220 40
0.197427 -0.353696 0.179971 255 220 40
0.197103 -0.354090 0.179971 255 220 40
0.196863 -0.354540 0.179971 255 220 40
0.196715 -0.355028 0.179971 255 220 40
0.196665 -0.355535 0.179971 255 220 40
0.196715 -0.356042 0.179971 255 220 40
0.196863 -0.356530 0.179971 255 220 40
0.197103 -0.356980 0.179971 255 220 40
0.197427 -0.357374 0.179971 255 220 40
0.197821 -0.357698 0.179971 255 220 40
0.198271 -0.357938 0.179971 255 220 40
0.198758 -0.358086 0.179971 255 220 40
0.199266 -0.358136 0.179971 255 220 40
0.199773 -0.358086 0.179971 255 220 40
0.200261 -0.357938 0.179971 255 220 40
0.200711 -0.357698 0.179971 255 220 40
0.201105 -0.357374 0.179971 255 220 40
0.201429 -0.356980 0.179971 255 220 40
0.201669 -0.356530 0.179971 255 220 40
0.201817 -0.356042 0.179971 255 220 40
0.202297 -0.355535 0.179379 255 220 40
0.202239 -0.354944 0.179379 255 220 40
0.202066 -0.354375 0.179379 255 220 40
0.201786 -0.353851 0.179379 255 220 40
0.201409 -0.353392 0.179379 255 220 40
0.200950 -0.353015 0.179379 255 220 40
0.200426 -0.352735 0.179379 255 220 40
0.199857 -0.352562 0.179379 255 220 40
0.199266 -0.352504 0.179379 255 220 40
0.198675 -0.352562 0.179379 255 220 40
0.198106 -0.352735 0.179379 255 220 40
0.197582 -0.353015 0.179379 255 220 40
0.197123 -0.353392 0.179379 255 220 40
0.196746 -0.353851 0.179379 255 220 40
0.196466 -0.354375 0.179379 255 220 40
0.196293 -0.354944 0.179379 255 220 40
0.196235 -0.355535 0.179379 255 220 40
0.196293 -0.356126 0.179379 255 220 40
0.196466 -0.356695 0.179379 255 220 40
0.196746 -0.357219 0.179379 255 220 40
0.197123 -0.357678 0.179379 255 220 40
0.197582 -0.358055 0.179379 255 220 40
0.198106 -0.358335 0.179379 255 220 40
0.198675 -0.358508 0.179379 255 220 40
0.199266 -0.358566 0.179379 255 220 40
0.199857 -0.358508 0.179379 255 220 40
0.200426 -0.358335 0.179379 255 220 40
0.200950 -0.358055 0.179379 255 220 40
0.201409 -0.357678 0.179379 255 220 40
0.201786 -0.357219 0.179379 255 220 40
0.202066 -0.356695 0.179379 255 220 40
0.202239 -0.356126 0.179379 255 220 40
0.202595 -0.355535 0.178711 255 220 40
0.202531 -0.354886 0.178711 255 220 40
0.202341 -0.354261 0.178711 255 220 40
0.202034 -0.353686 0.178711 255 220 40
0.201620 -0.353181 0.178711 255 220 40
0.201115 -0.352767 0.178711 255 220 40
0.200540 -0.352460 0.178711 255 220 40
0.199915 -0.352270 0.178711 255 220 40
0.199266 -0.352206 0.178711 255 220 40
0.198617 -0.352270 0.178711 255 220 40
0.197992 -0.352460 0.178711 255 220 40
0.197417 -0.352767 0.178711 255 220 40
0.196912 -0.353181 0.178711 255 220 40
0.196498 -0.353686 0.178711 255 220 40
0.196191 -0.354261 0.178711 255 220 40
0.196001 -0.354886 0.178711 255 220 40
0.195937 -0.355535 0.178711 255 220 40
0.196001 -0.356184 0.178711 255 220 40
0.196191 -0.356809 0.178711 255 220 40
0.196498 -0.357384 0.178711 255 220 40
0.196912 -0.357889 0.178711 255 220 40
0.197417 -0.358303 0.178711 255 220 40
0.197992 -0.358610 0.178711 255 220 40
0.198617 -0.358800 0.178711 255 220 40
0.199266 -0.358864 0.178711 255 220 40
0.199915 -0.358800 0.178711 255 220 40
0.200540 -0.358610 0.178711 255 220 40
0.201115 -0.358303 0.178711 255 220 40
0.201620 -0.357889 0.178711 255 220 40
0.202034 -0.357384 0.178711 255 220 40
0.202341 -0.356809 0.178711 255 220 40
0.202531 -0.356184 0.178711 255 220 40
0.202747 -0.355535 0.177995 255 220 40
0.202680 -0.354856 0.177995 255 220 40
0.202482 -0.354203 0.177995 255 220 40
0.202160 -0.353601 0.177995 255 220 40
0.201727 -0.353074 0.177995 255 220 40
0.201200 -0.352641 0.177995 255 220 40
0.200598 -0.352319 0.177995 255 220 40
0.199945 -0.352121 0.177995 255 220 40
0.199266 -0.352054 0.177995 255 220 40
0.198587 -0.352121 0.177995 255 220 40
0.197934 -0.352319 0.177995 255 220 40
0.197332 -0.352641 0.177995 255 220 40
0.196805 -0.353074 0.177995 255 220 40
0.196372 -0.353601 0.177995 255 220 40
0.196050 -0.354203 0.177995 255 220 40
0.195852 -0.354856 0.177995 255 220 40
0.195785 -0.355535 0.177995 255 220 40
0.195852 -0.356214 0.177995 255 220 40
0.196050 -0.356867 0.177995 255 220 40
0.196372 -0.357469 0.177995 255 220 40
0.196805 -0.357996 0.177995 255 220 40
0.197332 -0.358429 0.177995 255 220 40
0.197934 -0.358751 0.177995 255 220 40
0.198587 -0.358949 0.177995 255 220 40
0.199266 -0.359016 0.177995 255 220 40
0.199945 -0.358949 0.177995 255 220 40
0.200598 -0.358751 0.177995 255 220 40
0.201200 -0.358429 0.177995 255 220 40
0.201727 -0.357996 0.177995 255 220 40
0.202160 -0.357469 0.177995 255 220 40
0.202482 -0.356867 0.177995 255 220 40
0.202680 -0.356214 0.177995 255 220 40
0.202747 -0.355535 0.177263 255 220 40
0.202680 -0.354856 0.177263 255 220 40
0.202482 -0.354203 0.177263 255 220 40
0.202160 -0.353601 0.177263 255 220 40
0.201727 -0.353074 0.177263 255 220 40
0.201200 -0.352641 0.177263 255 220 40
0.200598 -0.352319 0.177263 255 220 40
0.199945 -0.352121 0.177263 255 220 40
0.199266 -0.352054 0.177263 255 220 40
0.198587 -0.352121 0.177263 255 220 40
0.197934 -0.352319 0.177263 255 220 40
0.197332 -0.352641 0.177263 255 220 40
0.196805 -0.353074 0.177263 255 220 40
0.196372 -0.353601 0.177263 255 220 40
0.196050 -0.354203 0.177263 255 220 40
0.195852 -0.354856 0.177263 255 220 40
0.195785 -0.355535 0.177263 255 220 40
0.195852 -0.356214 0.177263 255 220 40
0.196050 -0.356867 0.177263 255 220 40
0.196372 -0.357469 0.177263 255 220 40
0.196805 -0.357996 0.177263 255 220 40
0.197332 -0.358429 0.177263 255 220 40
0.197934 -0.358751 0.177263 255 220 40
0.198587 -0.358949 0.177263 255 220 40
0.199266 -0.359016 0.177263 255 220 40
0.199945 -0.358949 0.177263 255 220 40
0.200598 -0.358751 0.177263 255 220 40
0.201200 -0.358429 0.177263 255 220 40
0.201727 -0.357996 0.177263 255 220 40
0.202160 -0.357469 0.177263 255 220 40
0.202482 -0.356867 0.177263 255 220 40
0.202680 -0.356214 0.177263 255 220 40
0.202595 -0.355535 0.176547 255 220 40
0.202531 -0.354886 0.176547 255 220 40
0.202341 -0.354261 0.176547 255 220 40
0.202034 -0.353686 0.176547 255 220 40
0.201620 -0.353181 0.176547 255 220 40
0.201115 -0.352767 0.176547 255 220 40
0.200540 -0.352460 0.176547 255 220 40
0.199915 -0.352270 0.176547 255 220 40
0.199266 -0.352206 0.176547 255 220 40
0.198617 -0.352270 0.176547 255 220 40
0.197992 -0.352460 0.176547 255 220 40
0.197417 -0.352767 0.176547 255 220 40
0.196912 -0.353181 0.176547 255 220 40
0.196498 -0.353686 0.176547 255 220 40
0.196191 -0.354261 0.176547 255 220 40
0.196001 -0.354886 0.176547 255 220 40
0.195937 -0.355535 0.176547 255 220 40
0.196001 -0.356184 0.176547 255 220 40
0.196191 -0.356809 0.176547 255 220 40
0.196498 -0.357384 0.176547 255 220 40
0.196912 -0.357889 0.176547 255 220 40
0.197417 -0.358303 0.176547 255 220 40
0.197992 -0.358610 0.176547 255 220 40
0.198617 -0.358800 0.176547 255 220 40
0.199266 -0.358864 0.176547 255 220 40
0.199915 -0.358800 0.176547 255 220 40
0.200540 -0.358610 0.176547 255 220 40
0.201115 -0.358303 0.176547 255 220 40
0.201620 -0.357889 0.176547 255 220 40
0.202034 -0.357384 0.176547 255 220 40
0.202341 -0.356809 0.176547 255 220 40
0.202531 -0.356184 0.176547 255 220 40
0.202297 -0.355535 0.175879 255 220 40
0.202239 -0.354944 0.175879 255 220 40
0.202066 -0.354375 0.175879 255 220 40
0.201786 -0.353851 0.175879 255 220 40
0.201409 -0.353392 0.175879 255 220 40
0.200950 -0.353015 0.175879 255 220 40
0.200426 -0.352735 0.175879 255 220 40
0.199857 -0.352562 0.175879 255 220 40
0.199266 -0.352504 0.175879 255 220 40
0.198675 -0.352562 0.175879 255 220 40
0.198106 -0.352735 0.175879 255 220 40
0.197582 -0.353015 0.175879 255 220 40
0.197123 -0.353392 0.175879 255 220 40
0.196746 -0.353851 0.175879 255 220 40
0.196466 -0.354375 0.175879 255 220 40
0.196293 -0.354944 0.175879 255 220 40
0.196235 -0.355535 0.175879 255 220 40
0.196293 -0.356126 0.175879 255 220 40
0.196466 -0.356695 0.175879 255 220 40
0.196746 -0.357219 0.175879 255 220 40
0.197123 -0.357678 0.175879 255 220 40
0.197582 -0.358055 0.175879 255 220 40
0.198106 -0.358335 0.175879 255 220 40
0.198675 -0.358508 0.175879 255 220 40
0.199266 -0.358566 0.175879 255 220 40
0.199857 -0.358508 0.175879 255 220 40
0.200426 -0.358335 0.175879 255 220 40
0.200950 -0.358055 0.175879 255 220 40
0.201409 -0.357678 0.175879 255 220 40
0.201786 -0.357219 0.175879 255 220 40
0.202066 -0.356695 0.175879 255 220 40
0.202239 -0.356126 0.175879 255 220 40
0.201867 -0.355535 0.175287 255 220 40
0.201817 -0.355028 0.175287 255 220 40
0.201669 -0.354540 0.175287 255 220 40
0.201429 -0.354090 0.175287 255 220 40
0.201105 -0.353696 0.175287 255 220 40
0.200711 -0.353372 0.175287 255 220 40
0.200261 -0.353132 0.175287 255 220 40
0.199773 -0.352984 0.175287 255 220 40
0.199266 -0.352934 0.175287 255 220 40
0.198758 -0.352984 0.175287 255 220 40
0.198271 -0.353132 0.175287 255 220 40
0.197821 -0.353372 0.175287 255 220 40
0.197427 -0.353696 0.175287 255 220 40
0.197103 -0.354090 0.175287 255 220 40
0.196863 -0.354540 0.175287 255 220 40
0.196715 -0.355028 0.175287 255 220 40
0.196665 -0.355535 0.175287 255 220 40
0.196715 -0.356042 0.175287 255 220 40
0.196863 -0.356530 0.175287 255 220 40
0.197103 -0.356980 0.175287 255 220 40
0.197427 -0.357374 0.175287 255 220 40
0.197821 -0.357698 0.175287 255 220 40
0.198271 -0.357938 0.175287 255 220 40
0.198758 -0.358086 0.175287 255 220 40
0.199266 -0.358136 0.175287 255 220 40
0.199773 -0.358086 0.175287 255 220 40
0.200261 -0.357938 0.175287 255 220 40
0.200711 -0.357698 0.175287 255 220 40
0.201105 -0.357374 0.175287 255 220 40
0.201429 -0.356980 0.175287 255 220 40
0.201669 -0.356530 0.175287 255 220 40
0.201817 -0.356042 0.175287 255 220 40
0.201323 -0.355535 0.174797 255 220 40
0.201284 -0.355134 0.174797 255 220 40
0.201167 -0.354748 0.174797 255 220 40
0.200976 -0.354392 0.174797 255 220 40
0.200721 -0.354080 0.174797 255 220 40
0.200409 -0.353824 0.174797 255 220 40
0.200053 -0.353634 0.174797 255 220 40
0.199667 -0.353517 0.174797 255 220 40
0.199266 -0.353478 0.174797 255 220 40
0.198865 -0.353517 0.174797 255 220 40
0.198479 -0.353634 0.174797 255 220 40
0.198123 -0.353824 0.174797 255 220 40
0.197811 -0.354080 0.174797 255 220 40
0.197555 -0.354392 0.174797 255 220 40
0.197365 -0.354748 0.174797 255 220 40
0.197248 -0.355134 0.174797 255 220 40
0.197209 -0.355535 0.174797 255 220 40
0.197248 -0.355936 0.174797 255 220 40
0.197365 -0.356322 0.174797 255 220 40
0.197555 -0.356678 0.174797 255 220 40
0.197811 -0.356990 0.174797 255 220 40
0.198123 -0.357246 0.174797 255 220 40
0.198479 -0.357436 0.174797 255 220 40
0.198865 -0.357553 0.174797 255 220 40
0.199266 -0.357592 0.174797 255 220 40
0.199667 -0.357553 0.174797 255 220 40
0.200053 -0.357436 0.174797 255 220 40
0.200409 -0.357246 0.174797 255 220 40
0.200721 -0.356990 0.174797 255 220 40
0.200976 -0.356678 0.174797 255 220 40
0.201167 -0.356322 0.174797 255 220 40
0.201284 -0.355936 0.174797 255 220 40
0.200690 -0.355535 0.174432 255 220 40
0.200662 -0.355257 0.174432 255 220 40
0.200581 -0.354990 0.174432 255 220 40
0.200450 -0.354744 0.174432 255 220 40
0.200273 -0.354528 0.174432 255 220 40
0.200057 -0.354351 0.174432 255 220 40
0.199811 -0.354220 0.174432 255 220 40
0.199544 -0.354139 0.174432 255 220 40
0.199266 -0.354111 0.174432 255 220 40
0.198988 -0.354139 0.174432 255 220 40
0.198721 -0.354220 0.174432 255 220 40
0.198475 -0.354351 0.174432 255 220 40
0.198259 -0.354528 0.174432 255 220 40
0.198082 -0.354744 0.174432 255 220 40
0.197951 -0.354990 0.174432 255 220 40
0.197870 -0.355257 0.174432 255 220 40
0.197842 -0.355535 0.174432 255 220 40
0.197870 -0.355813 0.174432 255 220 40
0.197951 -0.356080 0.174432 255 220 40
0.198082 -0.356326 0.174432 255 220 40
0.198259 -0.356542 0.174432 255 220 40
0.198475 -0.356719 0.174432 255 220 40
0.198721 -0.356850 0.174432 255 220 40
0.198988 -0.356931 0.174432 255 220 40
0.199266 -0.356959 0.174432 255 220 40
0.199544 -0.356931 0.174432 255 220 40
0.199811 -0.356850 0.174432 255 220 40
0.200057 -0.356719 0.174432 255 220 40
0.200273 -0.356542 0.174432 255 220 40
0.200450 -0.356326 0.174432 255 220 40
0.200581 -0.356080 0.174432 255 220 40
0.200662 -0.355813 0.174432 255 220 40
0.199994 -0.355535 0.174205 255 220 40
0.199980 -0.355393 0.174205 255 220 40
0.199938 -0.355257 0.174205 255 220 40
0.199871 -0.355131 0.174205 255 220 40
0.199780 -0.355020 0.174205 255 220 40
0.199670 -0.354930 0.174205 255 220 40
0.199544 -0.354863 0.174205 255 220 40
0.199408 -0.354821 0.174205 255 220 40
0.199266 -0.354807 0.174205 255 220 40
0.199124 -0.354821 0.174205 255 220 40
0.198987 -0.354863 0.174205 255 220 40
0.198862 -0.354930 0.174205 255 220 40
0.198751 -0.355020 0.174205 255 220 40
0.198661 -0.355131 0.174205 255 220 40
0.198594 -0.355257 0.174205 255 220 40
0.198552 -0.355393 0.174205 255 220 40
0.198538 -0.355535 0.174205 255 220 40
0.198552 -0.355677 0.174205 255 220 40
0.198594 -0.355813 0.174205 255 220 40
0.198661 -0.355939 0.174205 255 220 40
0.198751 -0.356050 0.174205 255 220 40
0.198862 -0.356140 0.174205 255 220 40
0.198987 -0.356207 0.174205 255 220 40
0.199124 -0.356249 0.174205 255 220 40
0.199266 -0.356263 0.174205 255 220 40
0.199408 -0.356249 0.174205 255 220 40
0.199544 -0.356207 0.174205 255 220 40
0.199670 -0.356140 0.174205 255 220 40
0.199780 -0.356050 0.174205 255 220 40
0.199871 -0.355939 0.174205 255 220 40
0.199938 -0.355813 0.174205 255 220 40
0.199980 -0.355677 0.174205 255 220 40
0.199266 -0.355535 0.174129 255 220 40
0.199266 -0.355535 0.174129 255 220 40
0.199266 -0.355535 0.174129 255 220 40
0.199266 -0.355535 0.174129 255 220 40
0.199266 -0.355535 0.174129 255 220 40
0.199266 -0.355535 0.174129 255 220 40
0.199266 -0.355535 0.174129 255 220 40
0.199266 -0.355535 0.174129 255 220 40
0.199266 -0.355535 0.174129 255 220 40
0.199266 -0.355535 0.174129 255 220 40
0.199266 -0.355535 0.174129 255 220 40
0.199266 -0.355535 0.174129 255 220 40
0.199266 -0.355535 0.174129 255 220 40
0.199266 -0.355535 0.174129 255 220 40
0.199266 -0.355535 0.174129 255 220 40
0.199266 -0.355535 0.174129 255 220 40
0.199266 -0.355535 0.174129 255 220 40
0.199266 -0.355535 0.174129 255 220 40
0.199266 -0.355535 0.174129 255 220 40
0.199266 -0.355535 0.174129 255 220 40
0.199266 -0.355535 0.174129 255 220 40
0.199266 -0.355535 0.174129 255 220 40
0.199266 -0.355535 0.174129 255 220 40
0.199266 -0.355535 0.174129 255 220 40
0.199266 -0.355535 0.174129 255 220 40
0.199266 -0.355535 0.174129 255 220 40
0.199266 -0.355535 0.174129 255 220 40
0.199266 -0.355535 0.174129 255 220 40
0.199266 -0.355535 0.174129 255 220 40
0.199266 -0.355535 0.174129 255 220 40
0.199266 -0.355535 0.174129 255 220 40
0.199266 -0.355535 0.174129 255 220 40
0.249084 -0.360520 0.181129 255 220 40
0.249084 -0.360520 0.181129 255 220 40
0.249084 -0.360520 0.181129 255 220 40
0.249084 -0.360520 0.181129 255 220 40
0.249084 -0.360520 0.181129 255 220 40
0.249084 -0.360520 0.181129 255 220 40
0.249084 -0.360520 0.181129 255 220 40
0.249084 -0.360520 0.181129 255 220 40
0.249084 -0.360520 0.181129 255 220 40
0.249084 -0.360520 0.181129 255 220 40
0.249084 -0.360520 0.181129 255 220 40
0.249084 -0.360520 0.181129 255 220 40
0.249084 -0.360520 0.181129 255 220 40
0.249084 -0.360520 0.181129 255 220 40
0.249084 -0.360520 0.181129 255 220 40
0.249084 -0.360520 0.181129 255 220 40
0.249084 -0.360520 0.181129 255 220 40
0.249084 -0.360520 0.181129 255 220 40
0.249084 -0.360520 0.181129 255 220 40
0.249084 -0.360520 0.181129 255 220 40
0.249084 -0.360520 0.181129 255 220 40
0.249084 -0.360520 0.181129 255 220 40
0.249084 -0.360520 0.181129 255 220 40
0.249084 -0.360520 0.181129 255 220 40
0.249084 -0.360520 0.181129 255 220 40
0.249084 -0.360520 0.181129 255 220 40
0.249084 -0.360520 0.181129 255 220 40
0.249084 -0.360520 0.181129 255 220 40
0.249084 -0.360520 0.181129 255 220 40
0.249084 -0.360520 0.181129 255 220 40
0.249084 -0.360520 0.181129 255 220 40
0.249084 -0.360520 0.181129 255 220 40
0.249811 -0.360520 0.181052 255 220 40
0.249797 -0.360378 0.181052 255 220 40
0.249756 -0.360241 0.181052 255 220 40
0.249689 -0.360116 0.181052 255 220 40
0.249598 -0.360005 0.181052 255 220 40
0.249488 -0.359915 0.181052 255 220 40
0.249362 -0.359848 0.181052 255 220 40
0.249226 -0.359806 0.181052 255 220 40
0.249084 -0.359792 0.181052 255 220 40
0.248942 -0.359806 0.181052 255 220 40
0.248805 -0.359848 0.181052 255 220 40
0.248679 -0.359915 0.181052 255 220 40
0.248569 -0.360005 0.181052 255 220 40
0.248479 -0.360116 0.181052 255 220 40
0.248411 -0.360241 0.181052 255 220 40
0.248370 -0.360378 0.181052 255 220 40
0.248356 -0.360520 0.181052 255 220 40
0.248370 -0.360662 0.181052 255 220 40
0.248411 -0.360798 0.181052 255 220 40
0.248479 -0.360924 0.181052 255 220 40
0.248569 -0.361034 0.181052 255 220 40
0.248679 -0.361125 0.181052 255 220 40
0.248805 -0.361192 0.181052 255 220 40
0.248942 -0.361234 0.181052 255 220 40
0.249084 -0.361247 0.181052 255 220 40
0.249226 -0.361234 0.181052 255 220 40
0.249362 -0.361192 0.181052 255 220 40
0.249488 -0.361125 0.181052 255 220 40
0.249598 -0.361034 0.181052 255 220 40
0.249689 -0.360924 0.181052 255 220 40
0.249756 -0.360798 0.181052 255 220 40
0.249797 -0.360662 0.181052 255 220 40
0.250507 -0.360520 0.180826 255 220 40
0.250480 -0.360242 0.180826 255 220 40
0.250399 -0.359975 0.180826 255 220 40
0.250267 -0.359729 0.180826 255 220 40
0.250090 -0.359513 0.180826 255 220 40
0.249875 -0.359336 0.180826 255 220 40
0.249628 -0.359205 0.180826 255 220 40
0.249361 -0.359124 0.180826 255 220 40
0.249084 -0.359096 0.180826 255 220 40
0.248806 -0.359124 0.180826 255 220 40
0.248539 -0.359205 0.180826 255 220 40
0.248293 -0.359336 0.180826 255 220 40
0.248077 -0.359513 0.180826 255 220 40
0.247900 -0.359729 0.180826 255 220 40
0.247768 -0.359975 0.180826 255 220 40
0.247687 -0.360242 0.180826 255 220 40
0.247660 -0.360520 0.180826 255 220 40
0.247687 -0.360798 0.180826 255 220 40
0.247768 -0.361065 0.180826 255 220 40
0.247900 -0.361311 0.180826 255 220 40
0.248077 -0.361526 0.180826 255 220 40
0.248293 -0.361703 0.180826 255 220 40
0.248539 -0.361835 0.180826 255 220 40
0.248806 -0.361916 0.180826 255 220 40
0.249084 -0.361943 0.180826 255 220 40
0.249361 -0.361916 0.180826 255 220 40
0.249628 -0.361835 0.180826 255 220 40
0.249875 -0.361703 0.180826 255 220 40
0.250090 -0.361526 0.180826 255 220 40
0.250267 -0.361311 0.180826 255 220 40
0.250399 -0.361065 0.180826 255 220 40
0.250480 -0.360798 0.180826 255 220 40
0.251141 -0.360520 0.180461 255 220 40
0.251101 -0.360118 0.180461 255 220 40
0.250984 -0.359733 0.180461 255 220 40
0.250794 -0.359377 0.180461 255 220 40
0.250538 -0.359065 0.180461 255 220 40
0.250227 -0.358809 0.180461 255 220 40
0.249871 -0.358619 0.180461 255 220 40
0.249485 -0.358502 0.180461 255 220 40
0.249084 -0.358463 0.180461 255 220 40
0.248682 -0.358502 0.180461 255 220 40
0.248296 -0.358619 0.180461 255 220 40
0.247941 -0.358809 0.180461 255 220 40
0.247629 -0.359065 0.180461 255 220 40
0.247373 -0.359377 0.180461 255 220 40
0.247183 -0.359733 0.180461 255 220 40
0.247066 -0.360118 0.180461 255 220 40
0.247026 -0.360520 0.180461 255 220 40
0.247066 -0.360921 0.180461 255 220 40
0.247183 -0.361307 0.180461 255 220 40
0.247373 -0.361663 0.180461 255 220 40
0.247629 -0.361975 0.180461 255 220 40
0.247941 -0.362230 0.180461 255 220 40
0.248296 -0.362420 0.180461 255 220 40
0.248682 -0.362538 0.180461 255 220 40
0.249084 -0.362577 0.180461 255 220 40
0.249485 -0.362538 0.180461 255 220 40
0.249871 -0.362420 0.180461 255 220 40
0.250227 -0.362230 0.180461 255 220 40
0.250538 -0.361975 0.180461 255 220 40
0.250794 -0.361663 0.180461 255 220 40
0.250984 -0.361307 0.180461 255 220 40
0.251101 -0.360921 0.180461 255 220 40
0.251685 -0.360520 0.179971 255 220 40
0.251635 -0.360012 0.179971 255 220 40
0.251487 -0.359524 0.179971 255 220 40
0.251246 -0.359075 0.179971 255 220 40
0.250923 -0.358681 0.179971 255 220 40
0.250529 -0.358357 0.179971 255 220 40
0.250079 -0.358117 0.179971 255 220 40
0.249591 -0.357969 0.179971 255 220 40
0.249084 -0.357919 0.179971 255 220 40
0.248576 -0.357969 0.179971 255 220 40
0.248088 -0.358117 0.179971 255 220 40
0.247639 -0.358357 0.179971 255 220 40
0.247244 -0.358681 0.179971 255 220 40
0.246921 -0.359075 0.179971 255 220 40
0.246681 -0.359524 0.179971 255 220 40
0.246533 -0.360012 0.179971 255 220 40
0.246483 -0.360520 0.179971 255 220 40
0.246533 -0.361027 0.179971 255 220 40
0.246681 -0.361515 0.179971 255 220 40
0.246921 -0.361965 0.179971 255 220 40
0.247244 -0.362359 0.179971 255 220 40
0.247639 -0.362682 0.179971 255 220 40
0.248088 -0.362923 0.179971 255 220 40
0.248576 -0.363071 0.179971 255 220 40
0.249084 -0.363121 0.179971 255 220 40
0.249591 -0.363071 0.179971 255 220 40
0.250079 -0.362923 0.179971 255 220 40
0.250529 -0.362682 0.179971 255 220 40
0.250923 -0.362359 0.179971 255 220 40
0.251246 -0.361965 0.179971 255 220 40
0.251487 -0.361515 0.179971 255 220 40
0.251635 -0.361027 0.179971 255 220 40
0.252115 -0.360520 0.179379 255 220 40
0.252057 -0.359928 0.179379 255 220 40
0.251884 -0.359360 0.179379 255 220 40
0.251604 -0.358836 0.179379 255 220 40
0.251227 -0.358377 0.179379 255 220 40
0.250768 -0.358000 0.179379 255 220 40
0.250244 -0.357719 0.179379 255 220 40
0.249675 -0.357547 0.179379 255 220 40
0.249084 -0.357489 0.179379 255 220 40
0.248492 -0.357547 0.179379 255 220 40
0.247924 -0.357719 0.179379 255 220 40
0.247400 -0.358000 0.179379 255 220 40
0.246940 -0.358377 0.179379 255 220 40
0.246563 -0.358836 0.179379 255 220 40
0.246283 -0.359360 0.179379 255 220 40
0.246111 -0.359928 0.179379 255 220 40
0.246053 -0.360520 0.179379 255 220 40
0.246111 -0.361111 0.179379 255 220 40
0.246283 -0.361680 0.179379 255 220 40
0.246563 -0.362204 0.179379 255 220 40
0.246940 -0.362663 0.179379 255 220 40
0.247400 -0.363040 0.179379 255 220 40
0.247924 -0.363320 0.179379 255 220 40
0.248492 -0.363493 0.179379 255 220 40
0.249084 -0.363551 0.179379 255 220 40
0.249675 -0.363493 0.179379 255 220 40
0.250244 -0.363320 0.179379 255 220 40
0.250768 -0.363040 0.179379 255 220 40
0.251227 -0.362663 0.179379 255 220 40
0.251604 -0.362204 0.179379 255 220 40
0.251884 -0.361680 0.179379 255 220 40
0.252057 -0.361111 0.179379 255 220 40
0.252412 -0.360520 0.178711 255 220 40
0.252348 -0.359870 0.178711 255 220 40
0.252159 -0.359246 0.178711 255 220 40
0.251851 -0.358670 0.178711 255 220 40
0.251437 -0.358166 0.178711 255 220 40
0.250933 -0.357752 0.178711 255 220 40
0.250358 -0.357444 0.178711 255 220 40
0.249733 -0.357255 0.178711 255 220 40
0.249084 -0.357191 0.178711 255 220 40
0.248434 -0.357255 0.178711 255 220 40
0.247810 -0.357444 0.178711 255 220 40
0.247234 -0.357752 0.178711 255 220 40
0.246730 -0.358166 0.178711 255 220 40
0.246316 -0.358670 0.178711 255 220 40
0.246008 -0.359246 0.178711 255 220 40
0.245819 -0.359870 0.178711 255 220 40
0.245755 -0.360520 0.178711 255 220 40
0.245819 -0.361169 0.178711 255 220 40
0.246008 -0.361794 0.178711 255 220 40
0.246316 -0.362369 0.178711 255 220 40
0.246730 -0.362874 0.178711 255 220 40
0.247234 -0.363288 0.178711 255 220 40
0.247810 -0.363595 0.178711 255 220 40
0.248434 -0.363785 0.178711 255 220 40
0.249084 -0.363849 0.178711 255 220 40
0.249733 -0.363785 0.178711 255 220 40
0.250358 -0.363595 0.178711 255 220 40
0.250933 -0.363288 0.178711 255 220 40
0.251437 -0.362874 0.178711 255 220 40
0.251851 -0.362369 0.178711 255 220 40
0.252159 -0.361794 0.178711 255 220 40
0.252348 -0.361169 0.178711 255 220 40
0.252564 -0.360520 0.177995 255 220 40
0.252498 -0.359841 0.177995 255 220 40
0.252300 -0.359188 0.177995 255 220 40
0.251978 -0.358586 0.177995 255 220 40
0.251545 -0.358058 0.177995 255 220 40
0.251018 -0.357626 0.177995 255 220 40
0.250416 -0.357304 0.177995 255 220 40
0.249763 -0.357106 0.177995 255 220 40
0.249084 -0.357039 0.177995 255 220 40
0.248405 -0.357106 0.177995 255 220 40
0.247752 -0.357304 0.177995 255 220 40
0.247150 -0.357626 0.177995 255 220 40
0.246622 -0.358058 0.177995 255 220 40
0.246189 -0.358586 0.177995 255 220 40
0.245868 -0.359188 0.177995 255 220 40
0.245670 -0.359841 0.177995 255 220 40
0.245603 -0.360520 0.177995 255 220 40
0.245670 -0.361199 0.177995 255 220 40
0.245868 -0.361852 0.177995 255 220 40
0.246189 -0.362454 0.177995 255 220 40
0.246622 -0.362981 0.177995 255 220 40
0.247150 -0.363414 0.177995 255 220 40
0.247752 -0.363736 0.177995 255 220 40
0.248405 -0.363934 0.177995 255 220 40
0.249084 -0.364001 0.177995 255 220 40
0.249763 -0.363934 0.177995 255 220 40
0.250416 -0.363736 0.177995 255 220 40
0.251018 -0.363414 0.177995 255 220 40
0.251545 -0.362981 0.177995 255 220 40
0.251978 -0.362454 0.177995 255 220 40
0.252300 -0.361852 0.177995 255 220 40
0.252498 -0.361199 0.177995 255 220 40
0.252564 -0.360520 0.177263 255 220 40
0.252498 -0.359841 0.177263 255 220 40
0.252300 -0.359188 0.177263 255 220 40
0.251978 -0.358586 0.177263 255 220 40
0.251545 -0.358058 0.177263 255 220 40
0.251018 -0.357626 0.177263 255 220 40
0.250416 -0.357304 0.177263 255 220 40
0.249763 -0.357106 0.177263 255 220 40
0.249084 -0.357039 0.177263 255 220 40
0.248405 -0.357106 0.177263 255 220 40
0.247752 -0.357304 0.177263 255 220 40
0.247150 -0.357626 0.177263 255 220 40
0.246622 -0.358058 0.177263 255 220 40
0.246189 -0.358586 0.177263 255 220 40
0.245868 -0.359188 0.177263 255 220 40
0.245670 -0.359841 0.177263 255 220 40
0.245603 -0.360520 0.177263 255 220 40
0.245670 -0.361199 0.177263 255 220 40
0.245868 -0.361852 0.177263 255 220 40
0.246189 -0.362454 0.177263 255 220 40
0.246622 -0.362981 0.177263 255 220 40
0.247150 -0.363414 0.177263 255 220 40
0.247752 -0.363736 0.177263 255 220 40
0.248405 -0.363934 0.177263 255 220 40
0.249084 -0.364001 0.177263 255 220 40
0.249763 -0.363934 0.177263 255 220 40
0.250416 -0.363736 0.177263 255 220 40
0.251018 -0.363414 0.177263 255 220 40
0.251545 -0.362981 0.177263 255 220 40
0.251978 -0.362454 0.177263 255 220 40
0.252300 -0.361852 0.177263 255 220 40
0.252498 -0.361199 0.177263 255 220 40
0.252412 -0.360520 0.176547 255 220 40
0.252348 -0.359870 0.176547 255 220 40
0.252159 -0.359246 0.176547 255 220 40
0.251851 -0.358670 0.176547 255 220 40
0.251437 -0.358166 0.176547 255 220 40
0.250933 -0.357752 0.176547 255 220 40
0.250358 -0.357444 0.176547 255 220 40
0.249733 -0.357255 0.176547 255 220 40
0.249084 -0.357191 0.176547 255 220 40
0.248434 -0.357255 0.176547 255 220 40
0.247810 -0.357444 0.176547 255 220 40
0.247234 -0.357752 0.176547 255 220 40
0.246730 -0.358166 0.176547 255 220 40
0.246316 -0.358670 0.176547 255 220 40
0.246008 -0.359246 0.176547 255 220 40
0.245819 -0.359870 0.176547 255 220 40
0.245755 -0.360520 0.176547 255 220 40
0.245819 -0.361169 0.176547 255 220 40
0.246008 -0.361794 0.176547 255 220 40
0.246316 -0.362369 0.176547 255 220 40
0.246730 -0.362874 0.176547 255 220 40
0.247234 -0.363288 0.176547 255 220 40
0.247810 -0.363595 0.176547 255 220 40
0.248434 -0.363785 0.176547 255 220 40
0.249084 -0.363849 0.176547 255 220 40
0.249733 -0.363785 0.176547 255 220 40
0.250358 -0.363595 0.176547 255 220 40
0.250933 -0.363288 0.176547 255 220 40
0.251437 -0.362874 0.176547 255 220 40
0.251851 -0.362369 0.176547 255 220 40
0.252159 -0.361794 0.176547 255 220 40
0.252348 -0.361169 0.176547 255 220 40
0.252115 -0.360520 0.175879 255 220 40
0.252057 -0.359928 0.175879 255 220 40
0.251884 -0.359360 0.175879 255 220 40
0.251604 -0.358836 0.175879 255 220 40
0.251227 -0.358377 0.175879 255 220 40
0.250768 -0.358000 0.175879 255 220 40
0.250244 -0.357719 0.175879 255 220 40
0.249675 -0.357547 0.175879 255 220 40
0.249084 -0.357489 0.175879 255 220 40
0.248492 -0.357547 0.175879 255 220 40
0.247924 -0.357719 0.175879 255 220 40
0.247400 -0.358000 0.175879 255 220 40
0.246940 -0.358377 0.175879 255 220 40
0.246563 -0.358836 0.175879 255 220 40
0.246283 -0.359360 0.175879 255 220 40
0.246111 -0.359928 0.175879 255 220 40
0.246053 -0.360520 0.175879 255 220 40
0.246111 -0.361111 0.175879 255 220 40
0.246283 -0.361680 0.175879 255 220 40
0.246563 -0.362204 0.175879 255 220 40
0.246940 -0.362663 0.175879 255 220 40
0.247400 -0.363040 0.175879 255 220 40
0.247924 -0.363320 0.175879 255 220 40
0.248492 -0.363493 0.175879 255 220 40
0.249084 -0.363551 0.175879 255 220 40
0.249675 -0.363493 0.175879 255 220 40
0.250244 -0.363320 0.175879 255 220 40
0.250768 -0.363040 0.175879 255 220 40
0.251227 -0.362663 0.175879 255 220 40
0.251604 -0.362204 0.175879 255 220 40
0.251884 -0.361680 0.175879 255 220 40
0.252057 -0.361111 0.175879 255 220 40
0.251685 -0.360520 0.175287 255 220 40
0.251635 -0.360012 0.175287 255 220 40
0.251487 -0.359524 0.175287 255 220 40
0.251246 -0.359075 0.175287 255 220 40
0.250923 -0.358681 0.175287 255 220 40
0.250529 -0.358357 0.175287 255 220 40
0.250079 -0.358117 0.175287 255 220 40
0.249591 -0.357969 0.175287 255 220 40
0.249084 -0.357919 0.175287 255 220 40
0.248576 -0.357969 0.175287 255 220 40
0.248088 -0.358117 0.175287 255 220 40
0.247639 -0.358357 0.175287 255 220 40
0.247244 -0.358681 0.175287 255 220 40
0.246921 -0.359075 0.175287 255 220 40
0.246681 -0.359524 0.175287 255 220 40
0.246533 -0.360012 0.175287 255 220 40
0.246483 -0.360520 0.175287 255 220 40
0.246533 -0.361027 0.175287 255 220 40
0.246681 -0.361515 0.175287 255 220 40
0.246921 -0.361965 0.175287 255 220 40
0.247244 -0.362359 0.175287 255 220 40
0.247639 -0.362682 0.175287 255 220 40
0.248088 -0.362923 0.175287 255 220 40
0.248576 -0.363071 0.175287 255 220 40
0.249084 -0.363121 0.175287 255 220 40
0.249591 -0.363071 0.175287 255 220 40
0.250079 -0.362923 0.175287 255 220 40
0.250529 -0.362682 0.175287 255 220 40
0.250923 -0.362359 0.175287 255 220 40
0.251246 -0.361965 0.175287 255 220 40
0.251487 -0.361515 0.175287 255 220 40
0.251635 -0.361027 0.175287 255 220 40
0.251141 -0.360520 0.174797 255 220 40
0.251101 -0.360118 0.174797 255 220 40
0.250984 -0.359733 0.174797 255 220 40
0.250794 -0.359377 0.174797 255 220 40
0.250538 -0.359065 0.174797 255 220 40
0.250227 -0.358809 0.174797 255 220 40
0.249871 -0.358619 0.174797 255 220 40
0.249485 -0.358502 0.174797 255 220 40
0.249084 -0.358463 0.174797 255 220 40
0.248682 -0.358502 0.174797 255 220 40
0.248296 -0.358619 0.174797 255 220 40
0.247941 -0.358809 0.174797 255 220 40
0.247629 -0.359065 0.174797 255 220 40
0.247373 -0.359377 0.174797 255 220 40
0.247183 -0.359733 0.174797 255 220 40
0.247066 -0.360118 0.174797 255 220 40
0.247026 -0.360520 0.174797 255 220 40
0.247066 -0.360921 0.174797 255 220 40
0.247183 -0.361307 0.174797 255 220 40
0.247373 -0.361663 0.174797 255 220 40
0.247629 -0.361975 0.174797 255 220 40
0.247941 -0.362230 0.174797 255 220 40
0.248296 -0.362420 0.174797 255 220 40
0.248682 -0.362538 0.174797 255 220 40
0.249084 -0.362577 0.174797 255 220 40
0.249485 -0.362538 0.174797 255 220 40
0.249871 -0.362420 0.174797 255 220 40
0.250227 -0.362230 0.174797 255 220 40
0.250538 -0.361975 0.174797 255 220 40
0.250794 -0.361663 0.174797 255 220 40
0.250984 -0.361307 0.174797 255 220 40
0.251101 -0.360921 0.174797 255 220 40
0.250507 -0.360520 0.174432 255 220 40
0.250480 -0.360242 0.174432 255 220 40
0.250399 -0.359975 0.174432 255 220 40
0.250267 -0.359729 0.174432 255 220 40
0.250090 -0.359513 0.174432 255 220 40
0.249875 -0.359336 0.174432 255 220 40
0.249628 -0.359205 0.174432 255 220 40
0.249361 -0.359124 0.174432 255 220 40
0.249084 -0.359096 0.174432 255 220 40
0.248806 -0.359124 0.174432 255 220 40
0.248539 -0.359205 0.174432 255 220 40
0.248293 -0.359336 0.174432 255 220 40
0.248077 -0.359513 0.174432 255 220 40
0.247900 -0.359729 0.174432 255 220 40
0.247768 -0.359975 0.174432 255 220 40
0.247687 -0.360242 0.174432 255 220 40
0.247660 -0.360520 0.174432 255 220 40
0.247687 -0.360798 0.174432 255 220 40
0.247768 -0.361065 0.174432 255 220 40
0.247900 -0.361311 0.174432 255 220 40
0.248077 -0.361526 0.174432 255 220 40
0.248293 -0.361703 0.174432 255 220 40
0.248539 -0.361835 0.174432 255 220 40
0.248806 -0.361916 0.174432 255 220 40
0.249084 -0.361943 0.174432 255 220 40
0.249361 -0.361916 0.174432 255 220 40
0.249628 -0.361835 0.174432 255 220 40
0.249875 -0.361703 0.174432 255 220 40
0.250090 -0.361526 0.174432 255 220 40
0.250267 -0.361311 0.174432 255 220 40
0.250399 -0.361065 0.174432 255 220 40
0.250480 -0.360798 0.174432 255 220 40
0.249811 -0.360520 0.174205 255 220 40
0.249797 -0.360378 0.174205 255 220 40
0.249756 -0.360241 0.174205 255 220 40
0.249689 -0.360116 0.174205 255 220 40
0.249598 -0.360005 0.174205 255 220 40
0.249488 -0.359915 0.174205 255 220 40
0.249362 -0.359848 0.174205 255 220 40
0.249226 -0.359806 0.174205 255 220 40
0.249084 -0.359792 0.174205 255 220 40
0.248942 -0.359806 0.174205 255 220 40
0.248805 -0.359848 0.174205 255 220 40
0.248679 -0.359915 0.174205 255 220 40
0.248569 -0.360005 0.174205 255 220 40
0.248479 -0.360116 0.174205 255 220 40
0.248411 -0.360241 0.174205 255 220 40
0.248370 -0.360378 0.174205 255 220 40
0.248356 -0.360520 0.174205 255 220 40
0.248370 -0.360662 0.174205 255 220 40
0.248411 -0.360798 0.174205 255 220 40
0.248479 -0.360924 0.174205 255 220 40
0.248569 -0.361034 0.174205 255 220 40
0.248679 -0.361125 0.174205 255 220 40
0.248805 -0.361192 0.174205 255 220 40
0.248942 -0.361234 0.174205 255 220 40
0.249084 -0.361247 0.174205 255 220 40
0.249226 -0.361234 0.174205 255 220 40
0.249362 -0.361192 0.174205 255 220 40
0.249488 -0.361125 0.174205 255 220 40
0.249598 -0.361034 0.174205 255 220 40
0.249689 -0.360924 0.174205 255 220 40
0.249756 -0.360798 0.174205 255 220 40
0.249797 -0.360662 0.174205 255 220 40
0.249084 -0.360520 0.174129 255 220 40
0.249084 -0.360520 0.174129 255 220 40
0.249084 -0.360520 0.174129 255 220 40
0.249084 -0.360520 0.174129 255 220 40
0.249084 -0.360520 0.174129 255 220 40
0.249084 -0.360520 0.174129 255 220 40
0.249084 -0.360520 0.174129 255 220 40
0.249084 -0.360520 0.174129 255 220 40
0.249084 -0.360520 0.174129 255 220 40
0.249084 -0.360520 0.174129 255 220 40
0.249084 -0.360520 0.174129 255 220 40
0.249084 -0.360520 0.174129 255 220 40
0.249084 -0.360520 0.174129 255 220 40
0.249084 -0.360520 0.174129 255 220 40
0.249084 -0.360520 0.174129 255 220 40
0.249084 -0.360520 0.174129 255 220 40
0.249084 -0.360520 0.174129 255 220 40
0.249084 -0.360520 0.174129 255 220 40
0.249084 -0.360520 0.174129 255 220 40
0.249084 -0.360520 0.174129 255 220 40
0.249084 -0.360520 0.174129 255 220 40
0.249084 -0.360520 0.174129 255 220 40
0.249084 -0.360520 0.174129 255 220 40
0.249084 -0.360520 0.174129 255 220 40
0.249084 -0.360520 0.174129 255 220 40
0.249084 -0.360520 0.174129 255 220 40
0.249084 -0.360520 0.174129 255 220 40
0.249084 -0.360520 0.174129 255 220 40
0.249084 -0.360520 0.174129 255 220 40
0.249084 -0.360520 0.174129 255 220 40
0.249084 -0.360520 0.174129 255 220 40
0.249084 -0.360520 0.174129 255 220 40
0.194284 -0.355535 0.181129 255 220 40
0.194284 -0.355535 0.181129 255 220 40
0.194284 -0.355535 0.181129 255 220 40
0.194284 -0.355535 0.181129 255 220 40
0.194284 -0.355535 0.181129 255 220 40
0.194284 -0.355535 0.181129 255 220 40
0.194284 -0.355535 0.181129 255 220 40
0.194284 -0.355535 0.181129 255 220 40
0.194284 -0.355535 0.181129 255 220 40
0.194284 -0.355535 0.181129 255 220 40
0.194284 -0.355535 0.181129 255 220 40
0.194284 -0.355535 0.181129 255 220 40
0.194284 -0.355535 0.181129 255 220 40
0.194284 -0.355535 0.181129 255 220 40
0.194284 -0.355535 0.181129 255 220 40
0.194284 -0.355535 0.181129 255 220 40
0.194284 -0.355535 0.181129 255 220 40
0.194284 -0.355535 0.181129 255 220 40
0.194284 -0.355535 0.181129 255 220 40
0.194284 -0.355535 0.181129 255 220 40
0.194284 -0.355535 0.181129 255 220 40
0.194284 -0.355535 0.181129 255 220 40
0.194284 -0.355535 0.181129 255 220 40
0.194284 -0.355535 0.181129 255 220 40
0.194284 -0.355535 0.181129 255 220 40
0.194284 -0.355535 0.181129 255 220 40
0.194284 -0.355535 0.181129 255 220 40
0.194284 -0.355535 0.181129 255 220 40
0.194284 -0.355535 0.181129 255 220 40
0.194284 -0.355535 0.181129 255 220 40
0.194284 -0.355535 0.181129 255 220 40
0.194284 -0.355535 0.181129 255 220 40
0.195012 -0.355535 0.181052 255 220 40
0.194998 -0.355393 0.181052 255 220 40
0.194956 -0.355257 0.181052 255 220 40
0.194889 -0.355131 0.181052 255 220 40
0.194799 -0.355020 0.181052 255 220 40
0.194688 -0.354930 0.181052 255 220 40
0.194563 -0.354863 0.181052 255 220 40
0.194426 -0.354821 0.181052 255 220 40
0.194284 -0.354807 0.181052 255 220 40
0.194142 -0.354821 0.181052 255 220 40
0.194006 -0.354863 0.181052 255 220 40
0.193880 -0.354930 0.181052 255 220 40
0.193770 -0.355020 0.181052 255 220 40
0.193679 -0.355131 0.181052 255 220 40
0.193612 -0.355257 0.181052 255 220 40
0.193570 -0.355393 0.181052 255 220 40
0.193556 -0.355535 0.181052 255 220 40
0.193570 -0.355677 0.181052 255 220 40
0.193612 -0.355813 0.181052 255 220 40
0.193679 -0.355939 0.181052 255 220 40
0.193770 -0.356050 0.181052 255 220 40
0.193880 -0.356140 0.181052 255 220 40
0.194006 -0.356207 0.181052 255 220 40
0.194142 -0.356249 0.181052 255 220 40
0.194284 -0.356263 0.181052 255 220 40
0.194426 -0.356249 0.181052 255 220 40
0.194563 -0.356207 0.181052 255 220 40
0.194688 -0.356140 0.181052 255 220 40
0.194799 -0.356050 0.181052 255 220 40
0.194889 -0.355939 0.181052 255 220 40
0.194956 -0.355813 0.181052 255 220 40
0.194998 -0.355677 0.181052 255 220 40
0.195708 -0.355535 0.180826 255 220 40
0.195680 -0.355257 0.180826 255 220 40
0.195599 -0.354990 0.180826 255 220 40
0.195468 -0.354744 0.180826 255 220 40
0.195291 -0.354528 0.180826 255 220 40
0.195075 -0.354351 0.180826 255 220 40
0.194829 -0.354220 0.180826 255 220 40
0.194562 -0.354139 0.180826 255 220 40
0.194284 -0.354111 0.180826 255 220 40
0.194006 -0.354139 0.180826 255 220 40
0.193739 -0.354220 0.180826 255 220 40
0.193493 -0.354351 0.180826 255 220 40
0.193278 -0.354528 0.180826 255 220 40
0.193100 -0.354744 0.180826 255 220 40
0.192969 -0.354990 0.180826 255 220 40
0.192888 -0.355257 0.180826 255 220 40
0.192861 -0.355535 0.180826 255 220 40
0.192888 -0.355813 0.180826 255 220 40
0.192969 -0.356080 0.180826 255 220 40
0.193100 -0.356326 0.180826 255 220 40
0.193278 -0.356542 0.180826 255 220 40
0.193493 -0.356719 0.180826 255 220 40
0.193739 -0.356850 0.180826 255 220 40
0.194006 -0.356931 0.180826 255 220 40
0.194284 -0.356959 0.180826 255 220 40
0.194562 -0.356931 0.180826 255 220 40
0.194829 -0.356850 0.180826 255 220 40
0.195075 -0.356719 0.180826 255 220 40
0.195291 -0.356542 0.180826 255 220 40
0.195468 -0.356326 0.180826 255 220 40
0.195599 -0.356080 0.180826 255 220 40
0.195680 -0.355813 0.180826 255 220 40
0.196341 -0.355535 0.180461 255 220 40
0.196302 -0.355134 0.180461 255 220 40
0.196185 -0.354748 0.180461 255 220 40
0.195995 -0.354392 0.180461 255 220 40
0.195739 -0.354080 0.180461 255 220 40
0.195427 -0.353824 0.180461 255 220 40
0.195071 -0.353634 0.180461 255 220 40
0.194686 -0.353517 0.180461 255 220 40
0.194284 -0.353478 0.180461 255 220 40
0.193883 -0.353517 0.180461 255 220 40
0.193497 -0.353634 0.180461 255 220 40
0.193141 -0.353824 0.180461 255 220 40
0.192829 -0.354080 0.180461 255 220 40
0.192574 -0.354392 0.180461 255 220 40
0.192384 -0.354748 0.180461 255 220 40
0.192266 -0.355134 0.180461 255 220 40
0.192227 -0.355535 0.180461 255 220 40
0.192266 -0.355936 0.180461 255 220 40
0.192384 -0.356322 0.180461 255 220 40
0.192574 -0.356678 0.180461 255 220 40
0.192829 -0.356990 0.180461 255 220 40
0.193141 -0.357246 0.180461 255 220 40
0.193497 -0.357436 0.180461 255 220 40
0.193883 -0.357553 0.180461 255 220 40
0.194284 -0.357592 0.180461 255 220 40
0.194686 -0.357553 0.180461 255 220 40
0.195071 -0.357436 0.180461 255 220 40
0.195427 -0.357246 0.180461 255 220 40
0.195739 -0.356990 0.180461 255 220 40
0.195995 -0.356678 0.180461 255 220 40
0.196185 -0.356322 0.180461 255 220 40
0.196302 -0.355936 0.180461 255 220 40
0.196885 -0.355535 0.179971 255 220 40
0.196835 -0.355028 0.179971 255 220 40
0.196687 -0.354540 0.179971 255 220 40
0.196447 -0.354090 0.179971 255 220 40
0.196123 -0.353696 0.179971 255 220 40
0.195729 -0.353372 0.179971 255 220 40
0.195280 -0.353132 0.179971 255 220 40
0.194792 -0.352984 0.179971 255 220 40
0.194284 -0.352934 0.179971 255 220 40
0.193777 -0.352984 0.179971 255 220 40
0.193289 -0.353132 0.179971 255 220 40
0.192839 -0.353372 0.179971 255 220 40
0.192445 -0.353696 0.179971 255 220 40
0.192121 -0.354090 0.179971 255 220 40
0.191881 -0.354540 0.179971 255 220 40
0.191733 -0.355028 0.179971 255 220 40
0.191683 -0.355535 0.179971 255 220 40
0.191733 -0.356042 0.179971 255 220 40
0.191881 -0.356530 0.179971 255 220 40
0.192121 -0.356980 0.179971 255 220 40
0.192445 -0.357374 0.179971 255 220 40
0.192839 -0.357698 0.179971 255 220 40
0.193289 -0.357938 0.179971 255 220 40
0.193777 -0.358086 0.179971 255 220 40
0.194284 -0.358136 0.179971 255 220 40
0.194792 -0.358086 0.179971 255 220 40
0.195280 -0.357938 0.179971 255 220 40
0.195729 -0.357698 0.179971 255 220 40
0.196123 -0.357374 0.179971 255 220 40
0.196447 -0.356980 0.179971 255 220 40
0.196687 -0.356530 0.179971 255 220 40
0.196835 -0.356042 0.179971 255 220 40
0.197315 -0.355535 0.179379 255 220 40
0.197257 -0.354944 0.179379 255 220 40
0.197085 -0.354375 0.179379 255 220 40
0.196804 -0.353851 0.179379 255 220 40
0.196427 -0.353392 0.179379 255 220 40
0.195968 -0.353015 0.179379 255 220 40
0.195444 -0.352735 0.179379 255 220 40
0.194875 -0.352562 0.179379 255 220 40
0.194284 -0.352504 0.179379 255 220 40
0.193693 -0.352562 0.179379 255 220 40
0.193124 -0.352735 0.179379 255 220 40
0.192600 -0.353015 0.179379 255 220 40
0.192141 -0.353392 0.179379 255 220 40
0.191764 -0.353851 0.179379 255 220 40
0.191484 -0.354375 0.179379 255 220 40
0.191311 -0.354944 0.179379 255 220 40
0.191253 -0.355535 0.179379 255 220 40
0.191311 -0.356126 0.179379 255 220 40
0.191484 -0.356695 0.179379 255 220 40
0.191764 -0.357219 0.179379 255 220 40
0.192141 -0.357678 0.179379 255 220 40
0.192600 -0.358055 0.179379 255 220 40
0.193124 -0.358335 0.179379 255 220 40
0.193693 -0.358508 0.179379 255 220 40
0.194284 -0.358566 0.179379 255 220 40
0.194875 -0.358508 0.179379 255 220 40
0.195444 -0.358335 0.179379 255 220 40
0.195968 -0.358055 0.179379 255 220 40
0.196427 -0.357678 0.179379 255 220 40
0.196804 -0.357219 0.179379 255 220 40
0.197085 -0.356695 0.179379 255 220 40
0.197257 -0.356126 0.179379 255 220 40
0.197613 -0.355535 0.178711 255 220 40
0.197549 -0.354886 0.178711 255 220 40
0.197359 -0.354261 0.178711 255 220 40
0.197052 -0.353686 0.178711 255 220 40
0.196638 -0.353181 0.178711 255 220 40
0.196133 -0.352767 0.178711 255 220 40
0.195558 -0.352460 0.178711 255 220 40
0.194934 -0.352270 0.178711 255 220 40
0.194284 -0.352206 0.178711 255 220 40
0.193635 -0.352270 0.178711 255 220 40
0.193010 -0.352460 0.178711 255 220 40
0.192435 -0.352767 0.178711 255 220 40
0.191930 -0.353181 0.178711 255 220 40
0.191516 -0.353686 0.178711 255 220 40
0.191209 -0.354261 0.178711 255 220 40
0.191019 -0.354886 0.178711 255 220 40
0.190955 -0.355535 0.178711 255 220 40
0.191019 -0.356184 0.178711 255 220 40
0.191209 -0.356809 0.178711 255 220 40
0.191516 -0.357384 0.178711 255 220 40
0.191930 -0.357889 0.178711 255 220 40
0.192435 -0.358303 0.178711 255 220 40
0.193010 -0.358610 0.178711 255 220 40
0.193635 -0.358800 0.178711 255 220 40
0.194284 -0.358864 0.178711 255 220 40
0.194934 -0.358800 0.178711 255 220 40
0.195558 -0.358610 0.178711 255 220 40
0.196133 -0.358303 0.178711 255 220 40
0.196638 -0.357889 0.178711 255 220 40
0.197052 -0.357384 0.178711 255 220 40
0.197359 -0.356809 0.178711 255 220 40
0.197549 -0.356184 0.178711 255 220 40
0.197765 -0.355535 0.177995 255 220 40
0.197698 -0.354856 0.177995 255 220 40
0.197500 -0.354203 0.177995 255 220 40
0.197178 -0.353601 0.177995 255 220 40
0.196745 -0.353074 0.177995 255 220 40
0.196218 -0.352641 0.177995 255 220 40
0.195616 -0.352319 0.177995 255 220 40
0.194963 -0.352121 0.177995 255 220 40
0.194284 -0.352054 0.177995 255 220 40
0.193605 -0.352121 0.177995 255 220 40
0.192952 -0.352319 0.177995 255 220 40
0.192350 -0.352641 0.177995 255 220 40
0.191823 -0.353074 0.177995 255 220 40
0.191390 -0.353601 0.177995 255 220 40
0.191068 -0.354203 0.177995 255 220 40
0.190870 -0.354856 0.177995 255 220 40
0.190803 -0.355535 0.177995 255 220 40
0.190870 -0.356214 0.177995 255 220 40
0.191068 -0.356867 0.177995 255 220 40
0.191390 -0.357469 0.177995 255 220 40
0.191823 -0.357996 0.177995 255 220 40
0.192350 -0.358429 0.177995 255 220 40
0.192952 -0.358751 0.177995 255 220 40
0.193605 -0.358949 0.177995 255 220 40
0.194284 -0.359016 0.177995 255 220 40
0.194963 -0.358949 0.177995 255 220 40
0.195616 -0.358751 0.177995 255 220 40
0.196218 -0.358429 0.177995 255 220 40
0.196745 -0.357996 0.177995 255 220 40
0.197178 -0.357469 0.177995 255 220 40
0.197500 -0.356867 0.177995 255 220 40
0.197698 -0.356214 0.177995 255 220 40
0.197765 -0.355535 0.177263 255 220 40
0.197698 -0.354856 0.177263 255 220 40
0.197500 -0.354203 0.177263 255 220 40
0.197178 -0.353601 0.177263 255 220 40
0.196745 -0.353074 0.177263 255 220 40
0.196218 -0.352641 0.177263 255 220 40
0.195616 -0.352319 0.177263 255 220 40
0.194963 -0.352121 0.177263 255 220 40
0.194284 -0.352054 0.177263 255 220 40
0.193605 -0.352121 0.177263 255 220 40
0.192952 -0.352319 0.177263 255 220 40
0.192350 -0.352641 0.177263 255 220 40
0.191823 -0.353074 0.177263 255 220 40
0.191390 -0.353601 0.177263 255 220 40
0.191068 -0.354203 0.177263 255 220 40
0.190870 -0.354856 0.177263 255 220 40
0.190803 -0.355535 0.177263 255 220 40
0.190870 -0.356214 0.177263 255 220 40
0.191068 -0.356867 0.177263 255 220 40
0.191390 -0.357469 0.177263 255 220 40
0.191823 -0.357996 0.177263 255 220 40
0.192350 -0.358429 0.177263 255 220 40
0.192952 -0.358751 0.177263 255 220 40
0.193605 -0.358949 0.177263 255 220 40
0.194284 -0.359016 0.177263 255 220 40
0.194963 -0.358949 0.177263 255 220 40
0.195616 -0.358751 0.177263 255 220 40
0.196218 -0.358429 0.177263 255 220 40
0.196745 -0.357996 0.177263 255 220 40
0.197178 -0.357469 0.177263 255 220 40
0.197500 -0.356867 0.177263 255 220 40
0.197698 -0.356214 0.177263 255 220 40
0.197613 -0.355535 0.176547 255 220 40
0.197549 -0.354886 0.176547 255 220 40
0.197359 -0.354261 0.176547 255 220 40
0.197052 -0.353686 0.176547 255 220 40
0.196638 -0.353181 0.176547 255 220 40
0.196133 -0.352767 0.176547 255 220 40
0.195558 -0.352460 0.176547 255 220 40
0.194934 -0.352270 0.176547 255 220 40
0.194284 -0.352206 0.176547 255 220 40
0.193635 -0.352270 0.176547 255 220 40
0.193010 -0.352460 0.176547 255 220 40
0.192435 -0.352767 0.176547 255 220 40
0.191930 -0.353181 0.176547 255 220 40
0.191516 -0.353686 0.176547 255 220 40
0.191209 -0.354261 0.176547 255 220 40
0.191019 -0.354886 0.176547 255 220 40
0.190955 -0.355535 0.176547 255 220 40
0.191019 -0.356184 0.176547 255 220 40
0.191209 -0.356809 0.176547 255 220 40
0.191516 -0.357384 0.176547 255 220 40
0.191930 -0.357889 0.176547 255 220 40
0.192435 -0.358303 0.176547 255 220 40
0.193010 -0.358610 0.176547 255 220 40
0.193635 -0.358800 0.176547 255 220 40
0.194284 -0.358864 0.176547 255 220 40
0.194934 -0.358800 0.176547 255 220 40
0.195558 -0.358610 0.176547 255 220 40
0.196133 -0.358303 0.176547 255 220 40
0.196638 -0.357889 0.176547 255 220 40
0.197052 -0.357384 0.176547 255 220 40
0.197359 -0.356809 0.176547 255 220 40
0.197549 -0.356184 0.176547 255 220 40
0.197315 -0.355535 0.175879 255 220 40
0.197257 -0.354944 0.175879 255 220 40
0.197085 -0.354375 0.175879 255 220 40
0.196804 -0.353851 0.175879 255 220 40
0.196427 -0.353392 0.175879 255 220 40
0.195968 -0.353015 0.175879 255 220 40
0.195444 -0.352735 0.175879 255 220 40
0.194875 -0.352562 0.175879 255 220 40
0.194284 -0.352504 0.175879 255 220 40
0.193693 -0.352562 0.175879 255 220 40
0.193124 -0.352735 0.175879 255 220 40
0.192600 -0.353015 0.175879 255 220 40
0.192141 -0.353392 0.175879 255 220 40
0.191764 -0.353851 0.175879 255 220 40
0.191484 -0.354375 0.175879 255 220 40
0.191311 -0.354944 0.175879 255 220 40
0.191253 -0.355535 0.175879 255 220 40
0.191311 -0.356126 0.175879 255 220 40
0.191484 -0.356695 0.175879 255 220 40
0.191764 -0.357219 0.175879 255 220 40
0.192141 -0.357678 0.175879 255 220 40
0.192600 -0.358055 0.175879 255 220 40
0.193124 -0.358335 0.175879 255 220 40
0.193693 -0.358508 0.175879 255 220 40
0.194284 -0.358566 0.175879 255 220 40
0.194875 -0.358508 0.175879 255 220 40
0.195444 -0.358335 0.175879 255 220 40
0.195968 -0.358055 0.175879 255 220 40
0.196427 -0.357678 0.175879 255 220 40
0.196804 -0.357219 0.175879 255 220 40
0.197085 -0.356695 0.175879 255 220 40
0.197257 -0.356126 0.175879 255 220 40
0.196885 -0.355535 0.175287 255 220 40
0.196835 -0.355028 0.175287 255 220 40
0.196687 -0.354540 0.175287 255 220 40
0.196447 -0.354090 0.175287 255 220 40
0.196123 -0.353696 0.175287 255 220 40
0.195729 -0.353372 0.175287 255 220 40
0.195280 -0.353132 0.175287 255 220 40
0.194792 -0.352984 0.175287 255 220 40
0.194284 -0.352934 0.175287 255 220 40
0.193777 -0.352984 0.175287 255 220 40
0.193289 -0.353132 0.175287 255 220 40
0.192839 -0.353372 0.175287 255 220 40
0.192445 -0.353696 0.175287 255 220 40
0.192121 -0.354090 0.175287 255 220 40
0.191881 -0.354540 0.175287 255 220 40
0.191733 -0.355028 0.175287 255 220 40
0.191683 -0.355535 0.175287 255 220 40
0.191733 -0.356042 0.175287 255 220 40
0.191881 -0.356530 0.175287 255 220 40
0.192121 -0.356980 0.175287 255 220 40
0.192445 -0.357374 0.175287 255 220 40
0.192839 -0.357698 0.175287 255 220 40
0.193289 -0.357938 0.175287 255 220 40
0.193777 -0.358086 0.175287 255 220 40
0.194284 -0.358136 0.175287 255 220 40
0.194792 -0.358086 0.175287 255 220 40
0.195280 -0.357938 0.175287 255 220 40
0.195729 -0.357698 0.175287 255 220 40
0.196123 -0.357374 0.175287 255 220 40
0.196447 -0.356980 0.175287 255 220 40
0.196687 -0.356530 0.175287 255 220 40
0.196835 -0.356042 0.175287 255 220 40
0.196341 -0.355535 0.174797 255 220 40
0.196302 -0.355134 0.174797 255 220 40
0.196185 -0.354748 0.174797 255 220 40
0.195995 -0.354392 0.174797 255 220 40
0.195739 -0.354080 0.174797 255 220 40
0.195427 -0.353824 0.174797 255 220 40
0.195071 -0.353634 0.174797 255 220 40
0.194686 -0.353517 0.174797 255 220 40
0.194284 -0.353478 0.174797 255 220 40
0.193883 -0.353517 0.174797 255 220 40
0.193497 -0.353634 0.174797 255 220 40
0.193141 -0.353824 0.174797 255 220 40
0.192829 -0.354080 0.174797 255 220 40
0.192574 -0.354392 0.174797 255 220 40
0.192384 -0.354748 0.174797 255 220 40
0.192266 -0.355134 0.174797 255 220 40
0.192227 -0.355535 0.174797 255 220 40
0.192266 -0.355936 0.174797 255 220 40
0.192384 -0.356322 0.174797 255 220 40
0.192574 -0.356678 0.174797 255 220 40
0.192829 -0.356990 0.174797 255 220 40
0.193141 -0.357246 0.174797 255 220 40
0.193497 -0.357436 0.174797 255 220 40
0.193883 -0.357553 0.174797 255 220 40
0.194284 -0.357592 0.174797 255 220 40
0.194686 -0.357553 0.174797 255 220 40
0.195071 -0.357436 0.174797 255 220 40
0.195427 -0.357246 0.174797 255 220 40
0.195739 -0.356990 0.174797 255 220 40
0.195995 -0.356678 0.174797 255 220 40
0.196185 -0.356322 0.174797 255 220 40
0.196302 -0.355936 0.174797 255 220 40
0.195708 -0.355535 0.174432 255 220 40
0.195680 -0.355257 0.174432 255 220 40
0.195599 -0.354990 0.174432 255 220 40
0.195468 -0.354744 0.174432 255 220 40
0.195291 -0.354528 0.174432 255 220 40
0.195075 -0.354351 0.174432 255 220 40
0.194829 -0.354220 0.174432 255 220 40
0.194562 -0.354139 0.174432 255 220 40
0.194284 -0.354111 0.174432 255 220 40
0.194006 -0.354139 0.174432 255 220 40
0.193739 -0.354220 0.174432 255 220 40
0.193493 -0.354351 0.174432 255 220 40
0.193278 -0.354528 0.174432 255 220 40
0.193100 -0.354744 0.174432 255 220 40
0.192969 -0.354990 0.174432 255 220 40
0.192888 -0.355257 0.174432 255 220 40
0.192861 -0.355535 0.174432 255 220 40
0.192888 -0.355813 0.174432 255 220 40
0.192969 -0.356080 0.174432 255 220 40
0.193100 -0.356326 0.174432 255 220 40
0.193278 -0.356542 0.174432 255 220 40
0.193493 -0.356719 0.174432 255 220 40
0.193739 -0.356850 0.174432 255 220 40
0.194006 -0.356931 0.174432 255 220 40
0.194284 -0.356959 0.174432 255 220 40
0.194562 -0.356931 0.174432 255 220 40
0.194829 -0.356850 0.174432 255 220 40
0.195075 -0.356719 0.174432 255 220 40
0.195291 -0.356542 0.174432 255 220 40
0.195468 -0.356326 0.174432 255 220 40
0.195599 -0.356080 0.174432 255 220 40
0.195680 -0.355813 0.174432 255 220 40
0.195012 -0.355535 0.174205 255 220 40
0.194998 -0.355393 0.174205 255 220 40
0.194956 -0.355257 0.174205 255 220 40
0.194889 -0.355131 0.174205 255 220 40
0.194799 -0.355020 0.174205 255 220 40
0.194688 -0.354930 0.174205 255 220 40
0.194563 -0.354863 0.174205 255 220 40
0.194426 -0.354821 0.174205 255 220 40
0.194284 -0.354807 0.174205 255 220 40
0.194142 -0.354821 0.174205 255 220 40
0.194006 -0.354863 0.174205 255 220 40
0.193880 -0.354930 0.174205 255 220 40
0.193770 -0.355020 0.174205 255 220 40
0.193679 -0.355131 0.174205 255 220 40
0.193612 -0.355257 0.174205 255 220 40
0.193570 -0.355393 0.174205 255 220 40
0.193556 -0.355535 0.174205 255 220 40
0.193570 -0.355677 0.174205 255 220 40
0.193612 -0.355813 0.174205 255 220 40
0.193679 -0.355939 0.174205 255 220 40
0.193770 -0.356050 0.174205 255 220 40
0.193880 -0.356140 0.174205 255 220 40
0.194006 -0.356207 0.174205 255 220 40
0.194142 -0.356249 0.174205 255 220 40
0.194284 -0.356263 0.174205 255 220 40
0.194426 -0.356249 0.174205 255 220 40
0.194563 -0.356207 0.174205 255 220 40
0.194688 -0.356140 0.174205 255 220 40
0.194799 -0.356050 0.174205 255 220 40
0.194889 -0.355939 0.174205 255 220 40
0.194956 -0.355813 0.174205 255 220 40
0.194998 -0.355677 0.174205 255 220 40
0.194284 -0.355535 0.174129 255 220 40
0.194284 -0.355535 0.174129 255 220 40
0.194284 -0.355535 0.174129 255 220 40
0.194284 -0.355535 0.174129 255 220 40
0.194284 -0.355535 0.174129 255 220 40
0.194284 -0.355535 0.174129 255 220 40
0.194284 -0.355535 0.174129 255 220 40
0.194284 -0.355535 0.174129 255 220 40
0.194284 -0.355535 0.174129 255 220 40
0.194284 -0.355535 0.174129 255 220 40
0.194284 -0.355535 0.174129 255 220 40
0.194284 -0.355535 0.174129 255 220 40
0.194284 -0.355535 0.174129 255 220 40
0.194284 -0.355535 0.174129 255 220 40
0.194284 -0.355535 0.174129 255 220 40
0.194284 -0.355535 0.174129 255 220 40
0.194284 -0.355535 0.174129 255 220 40
0.194284 -0.355535 0.174129 255 220 40
0.194284 -0.355535 0.174129 255 220 40
0.194284 -0.355535 0.174129 255 220 40
0.194284 -0.355535 0.174129 255 220 40
0.194284 -0.355535 0.174129 255 220 40
0.194284 -0.355535 0.174129 255 220 40
0.194284 -0.355535 0.174129 255 220 40
0.194284 -0.355535 0.174129 255 220 40
0.194284 -0.355535 0.174129 255 220 40
0.194284 -0.355535 0.174129 255 220 40
0.194284 -0.355535 0.174129 255 220 40
0.194284 -0.355535 0.174129 255 220 40
0.194284 -0.355535 0.174129 255 220 40
0.194284 -0.355535 0.174129 255 220 40
0.194284 -0.355535 0.174129 255 220 40
0.353701 -0.225931 0.181129 255 220 40
0.353701 -0.225931 0.181129 255 220 40
0.353701 -0.225931 0.181129 255 220 40
0.353701 -0.225931 0.181129 255 220 40
0.353701 -0.225931 0.181129 255 220 40
0.353701 -0.225931 0.181129 255 220 40
0.353701 -0.225931 0.181129 255 220 40
0.353701 -0.225931 0.181129 255 220 40
0.353701 -0.225931 0.181129 255 220 40
0.353701 -0.225931 0.181129 255 220 40
0.353701 -0.225931 0.181129 255 220 40
0.353701 -0.225931 0.181129 255 220 40
0.353701 -0.225931 0.181129 255 220 40
0.353701 -0.225931 0.181129 255 220 40
0.353701 -0.225931 0.181129 255 220 40
0.353701 -0.225931 0.181129 255 220 40
0.353701 -0.225931 0.181129 255 220 40
0.353701 -0.225931 0.181129 255 220 40
0.353701 -0.225931 0.181129 255 220 40
0.353701 -0.225931 0.181129 255 220 40
0.353701 -0.225931 0.181129 255 220 40
0.353701 -0.225931 0.181129 255 220 40
0.353701 -0.225931 0.181129 255 220 40
0.353701 -0.225931 0.181129 255 220 40
0.353701 -0.225931 0.181129 255 220 40
0.353701 -0.225931 0.181129 255 220 40
0.353701 -0.225931 0.181129 255 220 40
0.353701 -0.225931 0.181129 255 220 40
0.353701 -0.225931 0.181129 255 220 40
0.353701 -0.225931 0.181129 255 220 40
0.353701 -0.225931 0.181129 255 220 40
0.353701 -0.225931 0.181129 255 220 40
0.354429 -0.225931 0.181052 255 220 40
0.354415 -0.225789 0.181052 255 220 40
0.354373 -0.225652 0.181052 255 220 40
0.354306 -0.225526 0.181052 255 220 40
0.354215 -0.225416 0.181052 255 220 40
0.354105 -0.225326 0.181052 255 220 40
0.353979 -0.225258 0.181052 255 220 40
0.353843 -0.225217 0.181052 255 220 40
0.353701 -0.225203 0.181052 255 220 40
0.353559 -0.225217 0.181052 255 220 40
0.353422 -0.225258 0.181052 255 220 40
0.353297 -0.225326 0.181052 255 220 40
0.353186 -0.225416 0.181052 255 220 40
0.353096 -0.225526 0.181052 255 220 40
0.353029 -0.225652 0.181052 255 220 40
0.352987 -0.225789 0.181052 255 220 40
0.352973 -0.225931 0.181052 255 220 40
0.352987 -0.226073 0.181052 255 220 40
0.353029 -0.226209 0.181052 255 220 40
0.353096 -0.226335 0.181052 255 220 40
0.353186 -0.226445 0.181052 255 220 40
0.353297 -0.226536 0.181052 255 220 40
0.353422 -0.226603 0.181052 255 220 40
0.353559 -0.226644 0.181052 255 220 40
0.353701 -0.226658 0.181052 255 220 40
0.353843 -0.226644 0.181052 255 220 40
0.353979 -0.226603 0.181052 255 220 40
0.354105 -0.226536 0.181052 255 220 40
0.354215 -0.226445 0.181052 255 220 40
0.354306 -0.226335 0.181052 255 220 40
0.354373 -0.226209 0.181052 255 220 40
0.354415 -0.226073 0.181052 255 220 40
0.355124 -0.225931 0.180826 255 220 40
0.355097 -0.225653 0.180826 255 220 40
0.355016 -0.225386 0.180826 255 220 40
0.354885 -0.225140 0.180826 255 220 40
0.354708 -0.224924 0.180826 255 220 40
0.354492 -0.224747 0.180826 255 220 40
0.354246 -0.224615 0.180826 255 220 40
0.353979 -0.224534 0.180826 255 220 40
0.353701 -0.224507 0.180826 255 220 40
0.353423 -0.224534 0.180826 255 220 40
0.353156 -0.224615 0.180826 255 220 40
0.352910 -0.224747 0.180826 255 220 40
0.352694 -0.224924 0.180826 255 220 40
0.352517 -0.225140 0.180826 255 220 40
0.352386 -0.225386 0.180826 255 220 40
0.352305 -0.225653 0.180826 255 220 40
0.352277 -0.225931 0.180826 255 220 40
0.352305 -0.226208 0.180826 255 220 40
0.352386 -0.226475 0.180826 255 220 40
0.352517 -0.226722 0.180826 255 220 40
0.352694 -0.226937 0.180826 255 220 40
0.352910 -0.227114 0.180826 255 220 40
0.353156 -0.227246 0.180826 255 220 40
0.353423 -0.227327 0.180826 255 220 40
0.353701 -0.227354 0.180826 255 220 40
0.353979 -0.227327 0.180826 255 220 40
0.354246 -0.227246 0.180826 255 220 40
0.354492 -0.227114 0.180826 255 220 40
0.354708 -0.226937 0.180826 255 220 40
0.354885 -0.226722 0.180826 255 220 40
0.355016 -0.226475 0.180826 255 220 40
0.355097 -0.226208 0.180826 255 220 40
0.355758 -0.225931 0.180461 255 220 40
0.355719 -0.225529 0.180461 255 220 40
0.355602 -0.225143 0.180461 255 220 40
0.355411 -0.224788 0.180461 255 220 40
0.355156 -0.224476 0.180461 255 220 40
0.354844 -0.224220 0.180461 255 220 40
0.354488 -0.224030 0.180461 255 220 40
0.354102 -0.223913 0.180461 255 220 40
0.353701 -0.223873 0.180461 255 220 40
0.353300 -0.223913 0.180461 255 220 40
0.352914 -0.224030 0.180461 255 220 40
0.352558 -0.224220 0.180461 255 220 40
0.352246 -0.224476 0.180461 255 220 40
0.351990 -0.224788 0.180461 255 220 40
0.351800 -0.225143 0.180461 255 220 40
0.351683 -0.225529 0.180461 255 220 40
0.351644 -0.225931 0.180461 255 220 40
0.351683 -0.226332 0.180461 255 220 40
0.351800 -0.226718 0.180461 255 220 40
0.351990 -0.227074 0.180461 255 220 40
0.352246 -0.227385 0.180461 255 220 40
0.352558 -0.227641 0.180461 255 220 40
0.352914 -0.227831 0.180461 255 220 40
0.353300 -0.227948 0.180461 255 220 40
0.353701 -0.227988 0.180461 255 220 40
0.354102 -0.227948 0.180461 255 220 40
0.354488 -0.227831 0.180461 255 220 40
0.354844 -0.227641 0.180461 255 220 40
0.355156 -0.227385 0.180461 255 220 40
0.355411 -0.227074 0.180461 255 220 40
0.355602 -0.226718 0.180461 255 220 40
0.355719 -0.226332 0.180461 255 220 40
0.356302 -0.225931 0.179971 255 220 40
0.356252 -0.225423 0.179971 255 220 40
0.356104 -0.224935 0.179971 255 220 40
0.355864 -0.224486 0.179971 255 220 40
0.355540 -0.224091 0.179971 255 220 40
0.355146 -0.223768 0.179971 255 220 40
0.354696 -0.223528 0.179971 255 220 40
0.354208 -0.223380 0.179971 255 220 40
0.353701 -0.223330 0.179971 255 220 40
0.353193 -0.223380 0.179971 255 220 40
0.352706 -0.223528 0.179971 255 220 40
0.352256 -0.223768 0.179971 255 220 40
0.351862 -0.224091 0.179971 255 220 40
0.351538 -0.224486 0.179971 255 220 40
0.351298 -0.224935 0.179971 255 220 40
0.351150 -0.225423 0.179971 255 220 40
0.351100 -0.225931 0.179971 255 220 40
0.351150 -0.226438 0.179971 255 220 40
0.351298 -0.226926 0.179971 255 220 40
0.351538 -0.227376 0.179971 255 220 40
0.351862 -0.227770 0.179971 255 220 40
0.352256 -0.228093 0.179971 255 220 40
0.352706 -0.228334 0.179971 255 220 40
0.353193 -0.228482 0.179971 255 220 40
0.353701 -0.228532 0.179971 255 220 40
0.354208 -0.228482 0.179971 255 220 40
0.354696 -0.228334 0.179971 255 220 40
0.355146 -0.228093 0.179971 255 220 40
0.355540 -0.227770 0.179971 255 220 40
0.355864 -0.227376 0.179971 255 220 40
0.356104 -0.226926 0.179971 255 220 40
0.356252 -0.226438 0.179971 255 220 40
0.356732 -0.225931 0.179379 255 220 40
0.356674 -0.225339 0.179379 255 220 40
0.356501 -0.224771 0.179379 255 220 40
0.356221 -0.224247 0.179379 255 220 40
0.355844 -0.223787 0.179379 255 220 40
0.355385 -0.223410 0.179379 255 220 40
0.354861 -0.223130 0.179379 255 220 40
0.354292 -0.222958 0.179379 255 220 40
0.353701 -0.222900 0.179379 255 220 40
0.353110 -0.222958 0.179379 255 220 40
0.352541 -0.223130 0.179379 255 220 40
0.352017 -0.223410 0.179379 255 220 40
0.351558 -0.223787 0.179379 255 220 40
0.351181 -0.224247 0.179379 255 220 40
0.350901 -0.224771 0.179379 255 220 40
0.350728 -0.225339 0.179379 255 220 40
0.350670 -0.225931 0.179379 255 220 40
0.350728 -0.226522 0.179379 255 220 40
0.350901 -0.227091 0.179379 255 220 40
0.351181 -0.227615 0.179379 255 220 40
0.351558 -0.228074 0.179379 255 220 40
0.352017 -0.228451 0.179379 255 220 40
0.352541 -0.228731 0.179379 255 220 40
0.353110 -0.228904 0.179379 255 220 40
0.353701 -0.228962 0.179379 255 220 40
0.354292 -0.228904 0.179379 255 220 40
0.354861 -0.228731 0.179379 255 220 40
0.355385 -0.228451 0.179379 255 220 40
0.355844 -0.228074 0.179379 255 220 40
0.356221 -0.227615 0.179379 255 220 40
0.356501 -0.227091 0.179379 255 220 40
0.356674 -0.226522 0.179379 255 220 40
0.357030 -0.225931 0.178711 255 220 40
0.356966 -0.225281 0.178711 255 220 40
0.356776 -0.224657 0.178711 255 220 40
0.356469 -0.224081 0.178711 255 220 40
0.356055 -0.223577 0.178711 255 220 40
0.355550 -0.223163 0.178711 255 220 40
0.354975 -0.222855 0.178711 255 220 40
0.354350 -0.222666 0.178711 255 220 40
0.353701 -0.222602 0.178711 255 220 40
0.353052 -0.222666 0.178711 255 220 40
0.352427 -0.222855 0.178711 255 220 40
0.351852 -0.223163 0.178711 255 220 40
0.351347 -0.223577 0.178711 255 220 40
0.350933 -0.224081 0.178711 255 220 40
0.350626 -0.224657 0.178711 255 220 40
0.350436 -0.225281 0.178711 255 220 40
0.350372 -0.225931 0.178711 255 220 40
0.350436 -0.226580 0.178711 255 220 40
0.350626 -0.227205 0.178711 255 220 40
0.350933 -0.227780 0.178711 255 220 40
0.351347 -0.228284 0.178711 255 220 40
0.351852 -0.228698 0.178711 255 220 40
0.352427 -0.229006 0.178711 255 220 40
0.353052 -0.229195 0.178711 255 220 40
0.353701 -0.229259 0.178711 255 220 40
0.354350 -0.229195 0.178711 255 220 40
0.354975 -0.229006 0.178711 255 220 40
0.355550 -0.228698 0.178711 255 220 40
0.356055 -0.228284 0.178711 255 220 40
0.356469 -0.227780 0.178711 255 220 40
0.356776 -0.227205 0.178711 255 220 40
0.356966 -0.226580 0.178711 255 220 40
0.357182 -0.225931 0.177995 255 220 40
0.357115 -0.225252 0.177995 255 220 40
0.356917 -0.224599 0.177995 255 220 40
0.356595 -0.223997 0.177995 255 220 40
0.356162 -0.223469 0.177995 255 220 40
0.355635 -0.223036 0.177995 255 220 40
0.355033 -0.222715 0.177995 255 220 40
0.354380 -0.222517 0.177995 255 220 40
0.353701 -0.222450 0.177995 255 220 40
0.353022 -0.222517 0.177995 255 220 40
0.352369 -0.222715 0.177995 255 220 40
0.351767 -0.223036 0.177995 255 220 40
0.351240 -0.223469 0.177995 255 220 40
0.350807 -0.223997 0.177995 255 220 40
0.350485 -0.224599 0.177995 255 220 40
0.350287 -0.225252 0.177995 255 220 40
0.350220 -0.225931 0.177995 255 220 40
0.350287 -0.226610 0.177995 255 220 40
0.350485 -0.227263 0.177995 255 220 40
0.350807 -0.227865 0.177995 255 220 40
0.351240 -0.228392 0.177995 255 220 40
0.351767 -0.228825 0.177995 255 220 40
0.352369 -0.229147 0.177995 255 220 40
0.353022 -0.229345 0.177995 255 220 40
0.353701 -0.229412 0.177995 255 220 40
0.354380 -0.229345 0.177995 255 220 40
0.355033 -0.229147 0.177995 255 220 40
0.355635 -0.228825 0.177995 255 220 40
0.356162 -0.228392 0.177995 255 220 40
0.356595 -0.227865 0.177995 255 220 40
0.356917 -0.227263 0.177995 255 220 40
0.357115 -0.226610 0.177995 255 220 40
0.357182 -0.225931 0.177263 255 220 40
0.357115 -0.225252 0.177263 255 220 40
0.356917 -0.224599 0.177263 255 220 40
0.356595 -0.223997 0.177263 255 220 40
0.356162 -0.223469 0.177263 255 220 40
0.355635 -0.223036 0.177263 255 220 40
0.355033 -0.222715 0.177263 255 220 40
0.354380 -0.222517 0.177263 255 220 40
0.353701 -0.222450 0.177263 255 220 40
0.353022 -0.222517 0.177263 255 220 40
0.352369 -0.222715 0.177263 255 220 40
0.351767 -0.223036 0.177263 255 220 40
0.351240 -0.223469 0.177263 255 220 40
0.350807 -0.223997 0.177263 255 220 40
0.350485 -0.224599 0.177263 255 220 40
0.350287 -0.225252 0.177263 255 220 40
0.350220 -0.225931 0.177263 255 220 40
0.350287 -0.226610 0.177263 255 220 40
0.350485 -0.227263 0.177263 255 220 40
0.350807 -0.227865 0.177263 255 220 40
0.351240 -0.228392 0.177263 255 220 40
0.351767 -0.228825 0.177263 255 220 40
0.352369 -0.229147 0.177263 255 220 40
0.353022 -0.229345 0.177263 255 220 40
0.353701 -0.229412 0.177263 255 220 40
0.354380 -0.229345 0.177263 255 220 40
0.355033 -0.229147 0.177263 255 220 40
0.355635 -0.228825 0.177263 255 220 40
0.356162 -0.228392 0.177263 255 220 40
0.356595 -0.227865 0.177263 255 220 40
0.356917 -0.227263 0.177263 255 220 40
0.357115 -0.226610 0.177263 255 220 40
0.357030 -0.225931 0.176547 255 220 40
0.356966 -0.225281 0.176547 255 220 40
0.356776 -0.224657 0.176547 255 220 40
0.356469 -0.224081 0.176547 255 220 40
0.356055 -0.223577 0.176547 255 220 40
0.355550 -0.223163 0.176547 255 220 40
0.354975 -0.222855 0.176547 255 220 40
0.354350 -0.222666 0.176547 255 220 40
0.353701 -0.222602 0.176547 255 220 40
0.353052 -0.222666 0.176547 255 220 40
0.352427 -0.222855 0.176547 255 220 40
0.351852 -0.223163 0.176547 255 220 40
0.351347 -0.223577 0.176547 255 220 40
0.350933 -0.224081 0.176547 255 220 40
0.350626 -0.224657 0.176547 255 220 40
0.350436 -0.225281 0.176547 255 220 40
0.350372 -0.225931 0.176547 255 220 40
0.350436 -0.226580 0.176547 255 220 40
0.350626 -0.227205 0.176547 255 220 40
0.350933 -0.227780 0.176547 255 220 40
0.351347 -0.228284 0.176547 255 220 40
0.351852 -0.228698 0.176547 255 220 40
0.352427 -0.229006 0.176547 255 220 40
0.353052 -0.229195 0.176547 255 220 40
0.353701 -0.229259 0.176547 255 220 40
0.354350 -0.229195 0.176547 255 220 40
0.354975 -0.229006 0.176547 255 220 40
0.355550 -0.228698 0.176547 255 220 40
0.356055 -0.228284 0.176547 255 220 40
0.356469 -0.227780 0.176547 255 220 40
0.356776 -0.227205 0.176547 255 220 40
0.356966 -0.226580 0.176547 255 220 40
0.356732 -0.225931 0.175879 255 220 40
0.356674 -0.225339 0.175879 255 220 40
0.356501 -0.224771 0.175879 255 220 40
0.356221 -0.224247 0.175879 255 220 40
0.355844 -0.223787 0.175879 255 220 40
0.355385 -0.223410 0.175879 255 220 40
0.354861 -0.223130 0.175879 255 220 40
0.354292 -0.222958 0.175879 255 220 40
0.353701 -0.222900 0.175879 255 220 40
0.353110 -0.222958 0.175879 255 220 40
0.352541 -0.223130 0.175879 255 220 40
0.352017 -0.223410 0.175879 255 220 40
0.351558 -0.223787 0.175879 255 220 40
0.351181 -0.224247 0.175879 255 220 40
0.350901 -0.224771 0.175879 255 220 40
0.350728 -0.225339 0.175879 255 220 40
0.350670 -0.225931 0.175879 255 220 40
0.350728 -0.226522 0.175879 255 220 40
0.350901 -0.227091 0.175879 255 220 40
0.351181 -0.227615 0.175879 255 220 40
0.351558 -0.228074 0.175879 255 220 40
0.352017 -0.228451 0.175879 255 220 40
0.352541 -0.228731 0.175879 255 220 40
0.353110 -0.228904 0.175879 255 220 40
0.353701 -0.228962 0.175879 255 220 40
0.354292 -0.228904 0.175879 255 220 40
0.354861 -0.228731 0.175879 255 220 40
0.355385 -0.228451 0.175879 255 220 40
0.355844 -0.228074 0.175879 255 220 40
0.356221 -0.227615 0.175879 255 220 40
0.356501 -0.227091 0.175879 255 220 40
0.356674 -0.226522 0.175879 255 220 40
0.356302 -0.225931 0.175287 255 220 40
0.356252 -0.225423 0.175287 255 220 40
0.356104 -0.224935 0.175287 255 220 40
0.355864 -0.224486 0.175287 255 220 40
0.355540 -0.224091 0.175287 255 220 40
0.355146 -0.223768 0.175287 255 220 40
0.354696 -0.223528 0.175287 255 220 40
0.354208 -0.223380 0.175287 255 220 40
0.353701 -0.223330 0.175287 255 220 40
0.353193 -0.223380 0.175287 255 220 40
0.352706 -0.223528 0.175287 255 220 40
0.352256 -0.223768 0.175287 255 220 40
0.351862 -0.224091 0.175287 255 220 40
0.351538 -0.224486 0.175287 255 220 40
0.351298 -0.224935 0.175287 255 220 40
0.351150 -0.225423 0.175287 255 220 40
0.351100 -0.225931 0.175287 255 220 40
0.351150 -0.226438 0.175287 255 220 40
0.351298 -0.226926 0.175287 255 220 40
0.351538 -0.227376 0.175287 255 220 40
0.351862 -0.227770 0.175287 255 220 40
0.352256 -0.228093 0.175287 255 220 40
0.352706 -0.228334 0.175287 255 220 40
0.353193 -0.228482 0.175287 255 220 40
0.353701 -0.228532 0.175287 255 220 40
0.354208 -0.228482 0.175287 255 220 40
0.354696 -0.228334 0.175287 255 220 40
0.355146 -0.228093 0.175287 255 220 40
0.355540 -0.227770 0.175287 255 220 40
0.355864 -0.227376 0.175287 255 220 40
0.356104 -0.226926 0.175287 255 220 40
0.356252 -0.226438 0.175287 255 220 40
0.355758 -0.225931 0.174797 255 220 40
0.355719 -0.225529 0.174797 255 220 40
0.355602 -0.225143 0.174797 255 220 40
0.355411 -0.224788 0.174797 255 220 40
0.355156 -0.224476 0.174797 255 220 40
0.354844 -0.224220 0.174797 255 220 40
0.354488 -0.224030 0.174797 255 220 40
0.354102 -0.223913 0.174797 255 220 40
0.353701 -0.223873 0.174797 255 220 40
0.353300 -0.223913 0.174797 255 220 40
0.352914 -0.224030 0.174797 255 220 40
0.352558 -0.224220 0.174797 255 220 40
0.352246 -0.224476 0.174797 255 220 40
0.351990 -0.224788 0.174797 255 220 40
0.351800 -0.225143 0.174797 255 220 40
0.351683 -0.225529 0.174797 255 220 40
0.351644 -0.225931 0.174797 255 220 40
0.351683 -0.226332 0.174797 255 220 40
0.351800 -0.226718 0.174797 255 220 40
0.351990 -0.227074 0.174797 255 220 40
0.352246 -0.227385 0.174797 255 220 40
0.352558 -0.227641 0.174797 255 220 40
0.352914 -0.227831 0.174797 255 220 40
0.353300 -0.227948 0.174797 255 220 40
0.353701 -0.227988 0.174797 255 220 40
0.354102 -0.227948 0.174797 255 220 40
0.354488 -0.227831 0.174797 255 220 40
0.354844 -0.227641 0.174797 255 220 40
0.355156 -0.227385 0.174797 255 220 40
0.355411 -0.227074 0.174797 255 220 40
0.355602 -0.226718 0.174797 255 220 40
0.355719 -0.226332 0.174797 255 220 40
0.355124 -0.225931 0.174432 255 220 40
0.355097 -0.225653 0.174432 255 220 40
0.355016 -0.225386 0.174432 255 220 40
0.354885 -0.225140 0.174432 255 220 40
0.354708 -0.224924 0.174432 255 220 40
0.354492 -0.224747 0.174432 255 220 40
0.354246 -0.224615 0.174432 255 220 40
0.353979 -0.224534 0.174432 255 220 40
0.353701 -0.224507 0.174432 255 220 40
0.353423 -0.224534 0.174432 255 220 40
0.353156 -0.224615 0.174432 255 220 40
0.352910 -0.224747 0.174432 255 220 40
0.352694 -0.224924 0.174432 255 220 40
0.352517 -0.225140 0.174432 255 220 40
0.352386 -0.225386 0.174432 255 220 40
0.352305 -0.225653 0.174432 255 220 40
0.352277 -0.225931 0.174432 255 220 40
0.352305 -0.226208 0.174432 255 220 40
0.352386 -0.226475 0.174432 255 220 40
0.352517 -0.226722 0.174432 255 220 40
0.352694 -0.226937 0.174432 255 220 40
0.352910 -0.227114 0.174432 255 220 40
0.353156 -0.227246 0.174432 255 220 40
0.353423 -0.227327 0.174432 255 220 40
0.353701 -0.227354 0.174432 255 220 40
0.353979 -0.227327 0.174432 255 220 40
0.354246 -0.227246 0.174432 255 220 40
0.354492 -0.227114 0.174432 255 220 40
0.354708 -0.226937 0.174432 255 220 40
0.354885 -0.226722 0.174432 255 220 40
0.355016 -0.226475 0.174432 255 220 40
0.355097 -0.226208 0.174432 255 220 40
0.354429 -0.225931 0.174205 255 220 40
0.354415 -0.225789 0.174205 255 220 40
0.354373 -0.225652 0.174205 255 220 40
0.354306 -0.225526 0.174205 255 220 40
0.354215 -0.225416 0.174205 255 220 40
0.354105 -0.225326 0.174205 255 220 40
0.353979 -0.225258 0.174205 255 220 40
0.353843 -0.225217 0.174205 255 220 40
0.353701 -0.225203 0.174205 255 220 40
0.353559 -0.225217 0.174205 255 220 40
0.353422 -0.225258 0.174205 255 220 40
0.353297 -0.225326 0.174205 255 220 40
0.353186 -0.225416 0.174205 255 220 40
0.353096 -0.225526 0.174205 255 220 40
0.353029 -0.225652 0.174205 255 220 40
0.352987 -0.225789 0.174205 255 220 40
0.352973 -0.225931 0.174205 255 220 40
0.352987 -0.226073 0.174205 255 220 40
0.353029 -0.226209 0.174205 255 220 40
0.353096 -0.226335 0.174205 255 220 40
0.353186 -0.226445 0.174205 255 220 40
0.353297 -0.226536 0.174205 255 220 40
0.353422 -0.226603 0.174205 255 220 40
0.353559 -0.226644 0.174205 255 220 40
0.353701 -0.226658 0.174205 255 220 40
0.353843 -0.226644 0.174205 255 220 40
0.353979 -0.226603 0.174205 255 220 40
0.354105 -0.226536 0.174205 255 220 40
0.354215 -0.226445 0.174205 255 220 40
0.354306 -0.226335 0.174205 255 220 40
0.354373 -0.226209 0.174205 255 220 40
0.354415 -0.226073 0.174205 255 220 40
0.353701 -0.225931 0.174129 255 220 40
0.353701 -0.225931 0.174129 255 220 40
0.353701 -0.225931 0.174129 255 220 40
0.353701 -0.225931 0.174129 255 220 40
0.353701 -0.225931 0.174129 255 220 40
0.353701 -0.225931 0.174129 255 220 40
0.353701 -0.225931 0.174129 255 220 40
0.353701 -0.225931 0.174129 255 220 40
0.353701 -0.225931 0.174129 255 220 40
0.353701 -0.225931 0.174129 255 220 40
0.353701 -0.225931 0.174129 255 220 40
0.353701 -0.225931 0.174129 255 220 40
0.353701 -0.225931 0.174129 255 220 40
0.353701 -0.225931 0.174129 255 220 40
0.353701 -0.225931 0.174129 255 220 40
0.353701 -0.225931 0.174129 255 220 40
0.353701 -0.225931 0.174129 255 220 40
0.353701 -0.225931 0.174129 255 220 40
0.353701 -0.225931 0.174129 255 220 40
0.353701 -0.225931 0.174129 255 220 40
0.353701 -0.225931 0.174129 255 220 40
0.353701 -0.225931 0.174129 255 220 40
0.353701 -0.225931 0.174129 255 220 40
0.353701 -0.225931 0.174129 255 220 40
0.353701 -0.225931 0.174129 255 220 40
0.353701 -0.225931 0.174129 255 220 40
0.353701 -0.225931 0.174129 255 220 40
0.353701 -0.225931 0.174129 255 220 40
0.353701 -0.225931 0.174129 255 220 40
0.353701 -0.225931 0.174129 255 220 40
0.353701 -0.225931 0.174129 255 220 40
0.353701 -0.225931 0.174129 255 220 40
0.269011 -0.355535 0.181129 255 220 40
0.269011 -0.355535 0.181129 255 220 40
0.269011 -0.355535 0.181129 255 220 40
0.269011 -0.355535 0.181129 255 220 40
0.269011 -0.355535 0.181129 255 220 40
0.269011 -0.355535 0.181129 255 220 40
0.269011 -0.355535 0.181129 255 220 40
0.269011 -0.355535 0.181129 255 220 40
0.269011 -0.355535 0.181129 255 220 40
0.269011 -0.355535 0.181129 255 220 40
0.269011 -0.355535 0.181129 255 220 40
0.269011 -0.355535 0.181129 255 220 40
0.269011 -0.355535 0.181129 255 220 40
0.269011 -0.355535 0.181129 255 220 40
0.269011 -0.355535 0.181129 255 220 40
0.269011 -0.355535 0.181129 255 220 40
0.269011 -0.355535 0.181129 255 220 40
0.269011 -0.355535 0.181129 255 220 40
0.269011 -0.355535 0.181129 255 220 40
0.269011 -0.355535 0.181129 255 220 40
0.269011 -0.355535 0.181129 255 220 40
0.269011 -0.355535 0.181129 255 220 40
0.269011 -0.355535 0.181129 255 220 40
0.269011 -0.355535 0.181129 255 220 40
0.269011 -0.355535 0.181129 255 220 40
0.269011 -0.355535 0.181129 255 220 40
0.269011 -0.355535 0.181129 255 220 40
0.269011 -0.355535 0.181129 255 220 40
0.269011 -0.355535 0.181129 255 220 40
0.269011 -0.355535 0.181129 255 220 40
0.269011 -0.355535 0.181129 255 220 40
0.269011 -0.355535 0.181129 255 220 40
0.269738 -0.355535 0.181052 255 220 40
0.269724 -0.355393 0.181052 255 220 40
0.269683 -0.355257 0.181052 255 220 40
0.269616 -0.355131 0.181052 255 220 40
0.269525 -0.355020 0.181052 255 220 40
0.269415 -0.354930 0.181052 255 220 40
0.269289 -0.354863 0.181052 255 220 40
0.269153 -0.354821 0.181052 255 220 40
0.269011 -0.354807 0.181052 255 220 40
0.268869 -0.354821 0.181052 255 220 40
0.268732 -0.354863 0.181052 255 220 40
0.268606 -0.354930 0.181052 255 220 40
0.268496 -0.355020 0.181052 255 220 40
0.268406 -0.355131 0.181052 255 220 40
0.268338 -0.355257 0.181052 255 220 40
0.268297 -0.355393 0.181052 255 220 40
0.268283 -0.355535 0.181052 255 220 40
0.268297 -0.355677 0.181052 255 220 40
0.268338 -0.355813 0.181052 255 220 40
0.268406 -0.355939 0.181052 255 220 40
0.268496 -0.356050 0.181052 255 220 40
0.268606 -0.356140 0.181052 255 220 40
0.268732 -0.356207 0.181052 255 220 40
0.268869 -0.356249 0.181052 255 220 40
0.269011 -0.356263 0.181052 255 220 40
0.269153 -0.356249 0.181052 255 220 40
0.269289 -0.356207 0.181052 255 220 40
0.269415 -0.356140 0.181052 255 220 40
0.269525 -0.356050 0.181052 255 220 40
0.269616 -0.355939 0.181052 255 220 40
0.269683 -0.355813 0.181052 255 220 40
0.269724 -0.355677 0.181052 255 220 40
0.270434 -0.355535 0.180826 255 220 40
0.270407 -0.355257 0.180826 255 220 40
0.270326 -0.354990 0.180826 255 220 40
0.270194 -0.354744 0.180826 255 220 40
0.270017 -0.354528 0.180826 255 220 40
0.269802 -0.354351 0.180826 255 220 40
0.269556 -0.354220 0.180826 255 220 40
0.269288 -0.354139 0.180826 255 220 40
0.269011 -0.354111 0.180826 255 220 40
0.268733 -0.354139 0.180826 255 220 40
0.268466 -0.354220 0.180826 255 220 40
0.268220 -0.354351 0.180826 255 220 40
0.268004 -0.354528 0.180826 255 220 40
0.267827 -0.354744 0.180826 255 220 40
0.267696 -0.354990 0.180826 255 220 40
0.267615 -0.355257 0.180826 255 220 40
0.267587 -0.355535 0.180826 255 220 40
0.267615 -0.355813 0.180826 255 220 40
0.267696 -0.356080 0.180826 255 220 40
0.267827 -0.356326 0.180826 255 220 40
0.268004 -0.356542 0.180826 255 220 40
0.268220 -0.356719 0.180826 255 220 40
0.268466 -0.356850 0.180826 255 220 40
0.268733 -0.356931 0.180826 255 220 40
0.269011 -0.356959 0.180826 255 220 40
0.269288 -0.356931 0.180826 255 220 40
0.269556 -0.356850 0.180826 255 220 40
0.269802 -0.356719 0.180826 255 220 40
0.270017 -0.356542 0.180826 255 220 40
0.270194 -0.356326 0.180826 255 220 40
0.270326 -0.356080 0.180826 255 220 40
0.270407 -0.355813 0.180826 255 220 40
0.271068 -0.355535 0.180461 255 220 40
0.271028 -0.355134 0.180461 255 220 40
0.270911 -0.354748 0.180461 255 220 40
0.270721 -0.354392 0.180461 255 220 40
0.270465 -0.354080 0.180461 255 220 40
0.270154 -0.353824 0.180461 255 220 40
0.269798 -0.353634 0.180461 255 220 40
0.269412 -0.353517 0.180461 255 220 40
0.269011 -0.353478 0.180461 255 220 40
0.268609 -0.353517 0.180461 255 220 40
0.268223 -0.353634 0.180461 255 220 40
0.267868 -0.353824 0.180461 255 220 40
0.267556 -0.354080 0.180461 255 220 40
0.267300 -0.354392 0.180461 255 220 40
0.267110 -0.354748 0.180461 255 220 40
0.266993 -0.355134 0.180461 255 220 40
0.266954 -0.355535 0.180461 255 220 40
0.266993 -0.355936 0.180461 255 220 40
0.267110 -0.356322 0.180461 255 220 40
0.267300 -0.356678 0.180461 255 220 40
0.267556 -0.356990 0.180461 255 220 40
0.267868 -0.357246 0.180461 255 220 40
0.268223 -0.357436 0.180461 255 220 40
0.268609 -0.357553 0.180461 255 220 40
0.269011 -0.357592 0.180461 255 220 40
0.269412 -0.357553 0.180461 255 220 40
0.269798 -0.357436 0.180461 255 220 40
0.270154 -0.357246 0.180461 255 220 40
0.270465 -0.356990 0.180461 255 220 40
0.270721 -0.356678 0.180461 255 220 40
0.270911 -0.356322 0.180461 255 220 40
0.271028 -0.355936 0.180461 255 220 40
0.271612 -0.355535 0.179971 255 220 40
0.271562 -0.355028 0.179971 255 220 40
0.271414 -0.354540 0.179971 255 220 40
0.271173 -0.354090 0.179971 255 220 40
0.270850 -0.353696 0.179971 255 220 40
0.270456 -0.353372 0.179971 255 220 40
0.270006 -0.353132 0.179971 255 220 40
0.269518 -0.352984 0.179971 255 220 40
0.269011 -0.352934 0.179971 255 220 40
0.268503 -0.352984 0.179971 255 220 40
0.268015 -0.353132 0.179971 255 220 40
0.267566 -0.353372 0.179971 255 220 40
0.267172 -0.353696 0.179971 255 220 40
0.266848 -0.354090 0.179971 255 220 40
0.266608 -0.354540 0.179971 255 220 40
0.266460 -0.355028 0.179971 255 220 40
0.266410 -0.355535 0.179971 255 220 40
0.266460 -0.356042 0.179971 255 220 40
0.266608 -0.356530 0.179971 255 220 40
0.266848 -0.356980 0.179971 255 220 40
0.267172 -0.357374 0.179971 255 220 40
0.267566 -0.357698 0.179971 255 220 40
0.268015 -0.357938 0.179971 255 220 40
0.268503 -0.358086 0.179971 255 220 40
0.269011 -0.358136 0.179971 255 220 40
0.269518 -0.358086 0.179971 255 220 40
0.270006 -0.357938 0.179971 255 220 40
0.270456 -0.357698 0.179971 255 220 40
0.270850 -0.357374 0.179971 255 220 40
0.271173 -0.356980 0.179971 255 220 40
0.271414 -0.356530 0.179971 255 220 40
0.271562 -0.356042 0.179971 255 220 40
0.272042 -0.355535 0.179379 255 220 40
0.271984 -0.354944 0.179379 255 220 40
0.271811 -0.354375 0.179379 255 220 40
0.271531 -0.353851 0.179379 255 220 40
0.271154 -0.353392 0.179379 255 220 40
0.270695 -0.353015 0.179379 255 220 40
0.270171 -0.352735 0.179379 255 220 40
0.269602 -0.352562 0.179379 255 220 40
0.269011 -0.352504 0.179379 255 220 40
0.268419 -0.352562 0.179379 255 220 40
0.267851 -0.352735 0.179379 255 220 40
0.267327 -0.353015 0.179379 255 220 40
0.266867 -0.353392 0.179379 255 220 40
0.266490 -0.353851 0.179379 255 220 40
0.266210 -0.354375 0.179379 255 220 40
0.266038 -0.354944 0.179379 255 220 40
0.265980 -0.355535 0.179379 255 220 40
0.266038 -0.356126 0.179379 255 220 40
0.266210 -0.356695 0.179379 255 220 40
0.266490 -0.357219 0.179379 255 220 40
0.266867 -0.357678 0.179379 255 220 40
0.267327 -0.358055 0.179379 255 220 40
0.267851 -0.358335 0.179379 255 220 40
0.268419 -0.358508 0.179379 255 220 40
0.269011 -0.358566 0.179379 255 220 40
0.269602 -0.358508 0.179379 255 220 40
0.270171 -0.358335 0.179379 255 220 40
0.270695 -0.358055 0.179379 255 220 40
0.271154 -0.357678 0.179379 255 220 40
0.271531 -0.357219 0.179379 255 220 40
0.271811 -0.356695 0.179379 255 220 40
0.271984 -0.356126 0.179379 255 220 40
0.272339 -0.355535 0.178711 255 220 40
0.272275 -0.354886 0.178711 255 220 40
0.272086 -0.354261 0.178711 255 220 40
0.271778 -0.353686 0.178711 255 220 40
0.271365 -0.353181 0.178711 255 220 40
0.270860 -0.352767 0.178711 255 220 40
0.270285 -0.352460 0.178711 255 220 40
0.269660 -0.352270 0.178711 255 220 40
0.269011 -0.352206 0.178711 255 220 40
0.268361 -0.352270 0.178711 255 220 40
0.267737 -0.352460 0.178711 255 220 40
0.267161 -0.352767 0.178711 255 220 40
0.266657 -0.353181 0.178711 255 220 40
0.266243 -0.353686 0.178711 255 220 40
0.265935 -0.354261 0.178711 255 220 40
0.265746 -0.354886 0.178711 255 220 40
0.265682 -0.355535 0.178711 255 220 40
0.265746 -0.356184 0.178711 255 220 40
0.265935 -0.356809 0.178711 255 220 40
0.266243 -0.357384 0.178711 255 220 40
0.266657 -0.357889 0.178711 255 220 40
0.267161 -0.358303 0.178711 255 220 40
0.267737 -0.358610 0.178711 255 220 40
0.268361 -0.358800 0.178711 255 220 40
0.269011 -0.358864 0.178711 255 220 40
0.269660 -0.358800 0.178711 255 220 40
0.270285 -0.358610 0.178711 255 220 40
0.270860 -0.358303 0.178711 255 220 40
0.271365 -0.357889 0.178711 255 220 40
0.271778 -0.357384 0.178711 255 220 40
0.272086 -0.356809 0.178711 255 220 40
0.272275 -0.356184 0.178711 255 220 40
0.272492 -0.355535 0.177995 255 220 40
0.272425 -0.354856 0.177995 255 220 40
0.272227 -0.354203 0.177995 255 220 40
0.271905 -0.353601 0.177995 255 220 40
0.271472 -0.353074 0.177995 255 220 40
0.270945 -0.352641 0.177995 255 220 40
0.270343 -0.352319 0.177995 255 220 40
0.269690 -0.352121 0.177995 255 220 40
0.269011 -0.352054 0.177995 255 220 40
0.268332 -0.352121 0.177995 255 220 40
0.267679 -0.352319 0.177995 255 220 40
0.267077 -0.352641 0.177995 255 220 40
0.266549 -0.353074 0.177995 255 220 40
0.266117 -0.353601 0.177995 255 220 40
0.265795 -0.354203 0.177995 255 220 40
0.265597 -0.354856 0.177995 255 220 40
0.265530 -0.355535 0.177995 255 220 40
0.265597 -0.356214 0.177995 255 220 40
0.265795 -0.356867 0.177995 255 220 40
0.266117 -0.357469 0.177995 255 220 40
0.266549 -0.357996 0.177995 255 220 40
0.267077 -0.358429 0.177995 255 220 40
0.267679 -0.358751 0.177995 255 220 40
0.268332 -0.358949 0.177995 255 220 40
0.269011 -0.359016 0.177995 255 220 40
0.269690 -0.358949 0.177995 255 220 40
0.270343 -0.358751 0.177995 255 220 40
0.270945 -0.358429 0.177995 255 220 40
0.271472 -0.357996 0.177995 255 220 40
0.271905 -0.357469 0.177995 255 220 40
0.272227 -0.356867 0.177995 255 220 40
0.272425 -0.356214 0.177995 255 220 40
0.272492 -0.355535 0.177263 255 220 40
0.272425 -0.354856 0.177263 255 220 40
0.272227 -0.354203 0.177263 255 220 40
0.271905 -0.353601 0.177263 255 220 40
0.271472 -0.353074 0.177263 255 220 40
0.270945 -0.352641 0.177263 255 220 40
0.270343 -0.352319 0.177263 255 220 40
0.269690 -0.352121 0.177263 255 220 40
0.269011 -0.352054 0.177263 255 220 40
0.268332 -0.352121 0.177263 255 220 40
0.267679 -0.352319 0.177263 255 220 40
0.267077 -0.352641 0.177263 255 220 40
0.266549 -0.353074 0.177263 255 220 40
0.266117 -0.353601 0.177263 255 220 40
0.265795 -0.354203 0.177263 255 220 40
0.265597 -0.354856 0.177263 255 220 40
0.265530 -0.355535 0.177263 255 220 40
0.265597 -0.356214 0.177263 255 220 40
0.265795 -0.356867 0.177263 255 220 40
0.266117 -0.357469 0.177263 255 220 40
0.266549 -0.357996 0.177263 255 220 40
0.267077 -0.358429 0.177263 255 220 40
0.267679 -0.358751 0.177263 255 220 40
0.268332 -0.358949 0.177263 255 220 40
0.269011 -0.359016 0.177263 255 220 40
0.269690 -0.358949 0.177263 255 220 40
0.270343 -0.358751 0.177263 255 220 40
0.270945 -0.358429 0.177263 255 220 40
0.271472 -0.357996 0.177263 255 220 40
0.271905 -0.357469 0.177263 255 220 40
0.272227 -0.356867 0.177263 255 220 40
0.272425 -0.356214 0.177263 255 220 40
0.272339 -0.355535 0.176547 255 220 40
0.272275 -0.354886 0.176547 255 220 40
0.272086 -0.354261 0.176547 255 220 40
0.271778 -0.353686 0.176547 255 220 40
0.271365 -0.353181 0.176547 255 220 40
0.270860 -0.352767 0.176547 255 220 40
0.270285 -0.352460 0.176547 255 220 40
0.269660 -0.352270 0.176547 255 220 40
0.269011 -0.352206 0.176547 255 220 40
0.268361 -0.352270 0.176547 255 220 40
0.267737 -0.352460 0.176547 255 220 40
0.267161 -0.352767 0.176547 255 220 40
0.266657 -0.353181 0.176547 255 220 40
0.266243 -0.353686 0.176547 255 220 40
0.265935 -0.354261 0.176547 255 220 40
0.265746 -0.354886 0.176547 255 220 40
0.265682 -0.355535 0.176547 255 220 40
0.265746 -0.356184 0.176547 255 220 40
0.265935 -0.356809 0.176547 255 220 40
0.266243 -0.357384 0.176547 255 220 40
0.266657 -0.357889 0.176547 255 220 40
0.267161 -0.358303 0.176547 255 220 40
0.267737 -0.358610 0.176547 255 220 40
0.268361 -0.358800 0.176547 255 220 40
0.269011 -0.358864 0.176547 255 220 40
0.269660 -0.358800 0.176547 255 220 40
0.270285 -0.358610 0.176547 255 220 40
0.270860 -0.358303 0.176547 255 220 40
0.271365 -0.357889 0.176547 255 220 40
0.271778 -0.357384 0.176547 255 220 40
0.272086 -0.356809 0.176547 255 220 40
0.272275 -0.356184 0.176547 255 220 40
0.272042 -0.355535 0.175879 255 220 40
0.271984 -0.354944 0.175879 255 220 40
0.271811 -0.354375 0.175879 255 220 40
0.271531 -0.353851 0.175879 255 220 40
0.271154 -0.353392 0.175879 255 220 40
0.270695 -0.353015 0.175879 255 220 40
0.270171 -0.352735 0.175879 255 220 40
0.269602 -0.352562 0.175879 255 220 40
0.269011 -0.352504 0.175879 255 220 40
0.268419 -0.352562 0.175879 255 220 40
0.267851 -0.352735 0.175879 255 220 40
0.267327 -0.353015 0.175879 255 220 40
0.266867 -0.353392 0.175879 255 220 40
0.266490 -0.353851 0.175879 255 220 40
0.266210 -0.354375 0.175879 255 220 40
0.266038 -0.354944 0.175879 255 220 40
0.265980 -0.355535 0.175879 255 220 40
0.266038 -0.356126 0.175879 255 220 40
0.266210 -0.356695 0.175879 255 220 40
0.266490 -0.357219 0.175879 255 220 40
0.266867 -0.357678 0.175879 255 220 40
0.267327 -0.358055 0.175879 255 220 40
0.267851 -0.358335 0.175879 255 220 40
0.268419 -0.358508 0.175879 255 220 40
0.269011 -0.358566 0.175879 255 220 40
0.269602 -0.358508 0.175879 255 220 40
0.270171 -0.358335 0.175879 255 220 40
0.270695 -0.358055 0.175879 255 220 40
0.271154 -0.357678 0.175879 255 220 40
0.271531 -0.357219 0.175879 255 220 40
0.271811 -0.356695 0.175879 255 220 40
0.271984 -0.356126 0.175879 255 220 40
0.271612 -0.355535 0.175287 255 220 40
0.271562 -0.355028 0.175287 255 220 40
0.271414 -0.354540 0.175287 255 220 40
0.271173 -0.354090 0.175287 255 220 40
0.270850 -0.353696 0.175287 255 220 40
0.270456 -0.353372 0.175287 255 220 40
0.270006 -0.353132 0.175287 255 220 40
0.269518 -0.352984 0.175287 255 220 40
0.269011 -0.352934 0.175287 255 220 40
0.268503 -0.352984 0.175287 255 220 40
0.268015 -0.353132 0.175287 255 220 40
0.267566 -0.353372 0.175287 255 220 40
0.267172 -0.353696 0.175287 255 220 40
0.266848 -0.354090 0.175287 255 220 40
0.266608 -0.354540 0.175287 255 220 40
0.266460 -0.355028 0.175287 255 220 40
0.266410 -0.355535 0.175287 255 220 40
0.266460 -0.356042 0.175287 255 220 40
0.266608 -0.356530 0.175287 255 220 40
0.266848 -0.356980 0.175287 255 220 40
0.267172 -0.357374 0.175287 255 220 40
0.267566 -0.357698 0.175287 255 220 40
0.268015 -0.357938 0.175287 255 220 40
0.268503 -0.358086 0.175287 255 220 40
0.269011 -0.358136 0.175287 255 220 40
0.269518 -0.358086 0.175287 255 220 40
0.270006 -0.357938 0.175287 255 220 40
0.270456 -0.357698 0.175287 255 220 40
0.270850 -0.357374 0.175287 255 220 40
0.271173 -0.356980 0.175287 255 220 40
0.271414 -0.356530 0.175287 255 220 40
0.271562 -0.356042 0.175287 255 220 40
0.271068 -0.355535 0.174797 255 220 40
0.271028 -0.355134 0.174797 255 220 40
0.270911 -0.354748 0.174797 255 220 40
0.270721 -0.354392 0.174797 255 220 40
0.270465 -0.354080 0.174797 255 220 40
0.270154 -0.353824 0.174797 255 220 40
0.269798 -0.353634 0.174797 255 220 40
0.269412 -0.353517 0.174797 255 220 40
0.269011 -0.353478 0.174797 255 220 40
0.268609 -0.353517 0.174797 255 220 40
0.268223 -0.353634 0.174797 255 220 40
0.267868 -0.353824 0.174797 255 220 40
0.267556 -0.354080 0.174797 255 220 40
0.267300 -0.354392 0.174797 255 220 40
0.267110 -0.354748 0.174797 255 220 40
0.266993 -0.355134 0.174797 255 220 40
0.266954 -0.355535 0.174797 255 220 40
0.266993 -0.355936 0.174797 255 220 40
0.267110 -0.356322 0.174797 255 220 40
0.267300 -0.356678 0.174797 255 220 40
0.267556 -0.356990 0.174797 255 220 40
0.267868 -0.357246 0.174797 255 220 40
0.268223 -0.357436 0.174797 255 220 40
0.268609 -0.357553 0.174797 255 220 40
0.269011 -0.357592 0.174797 255 220 40
0.269412 -0.357553 0.174797 255 220 40
0.269798 -0.357436 0.174797 255 220 40
0.270154 -0.357246 0.174797 255 220 40
0.270465 -0.356990 0.174797 255 220 40
0.270721 -0.356678 0.174797 255 220 40
0.270911 -0.356322 0.174797 255 220 40
0.271028 -0.355936 0.174797 255 220 40
0.270434 -0.355535 0.174432 255 220 40
0.270407 -0.355257 0.174432 255 220 40
0.270326 -0.354990 0.174432 255 220 40
0.270194 -0.354744 0.174432 255 220 40
0.270017 -0.354528 0.174432 255 220 40
0.269802 -0.354351 0.174432 255 220 40
0.269556 -0.354220 0.174432 255 220 40
0.269288 -0.354139 0.174432 255 220 40
0.269011 -0.354111 0.174432 255 220 40
0.268733 -0.354139 0.174432 255 220 40
0.268466 -0.354220 0.174432 255 220 40
0.268220 -0.354351 0.174432 255 220 40
0.268004 -0.354528 0.174432 255 220 40
0.267827 -0.354744 0.174432 255 220 40
0.267696 -0.354990 0.174432 255 220 40
0.267615 -0.355257 0.174432 255 220 40
0.267587 -0.355535 0.174432 255 220 40
0.267615 -0.355813 0.174432 255 220 40
0.267696 -0.356080 0.174432 255 220 40
0.267827 -0.356326 0.174432 255 220 40
0.268004 -0.356542 0.174432 255 220 40
0.268220 -0.356719 0.174432 255 220 40
0.268466 -0.356850 0.174432 255 220 40
0.268733 -0.356931 0.174432 255 220 40
0.269011 -0.356959 0.174432 255 220 40
0.269288 -0.356931 0.174432 255 220 40
0.269556 -0.356850 0.174432 255 220 40
0.269802 -0.356719 0.174432 255 220 40
0.270017 -0.356542 0.174432 255 220 40
0.270194 -0.356326 0.174432 255 220 40
0.270326 -0.356080 0.174432 255 220 40
0.270407 -0.355813 0.174432 255 220 40
0.269738 -0.355535 0.174205 255 220 40
0.269724 -0.355393 0.174205 255 220 40
0.269683 -0.355257 0.174205 255 220 40
0.269616 -0.355131 0.174205 255 220 40
0.269525 -0.355020 0.174205 255 220 40
0.269415 -0.354930 0.174205 255 220 40
0.269289 -0.354863 0.174205 255 220 40
0.269153 -0.354821 0.174205 255 220 40
0.269011 -0.354807 0.174205 255 220 40
0.268869 -0.354821 0.174205 255 220 40
0.268732 -0.354863 0.174205 255 220 40
0.268606 -0.354930 0.174205 255 220 40
0.268496 -0.355020 0.174205 255 220 40
0.268406 -0.355131 0.174205 255 220 40
0.268338 -0.355257 0.174205 255 220 40
0.268297 -0.355393 0.174205 255 220 40
0.268283 -0.355535 0.174205 255 220 40
0.268297 -0.355677 0.174205 255 220 40
0.268338 -0.355813 0.174205 255 220 40
0.268406 -0.355939 0.174205 255 220 40
0.268496 -0.356050 0.174205 255 220 40
0.268606 -0.356140 0.174205 255 220 40
0.268732 -0.356207 0.174205 255 220 40
0.268869 -0.356249 0.174205 255 220 40
0.269011 -0.356263 0.174205 255 220 40
0.269153 -0.356249 0.174205 255 220 40
0.269289 -0.356207 0.174205 255 220 40
0.269415 -0.356140 0.174205 255 220 40
0.269525 -0.356050 0.174205 255 220 40
0.269616 -0.355939 0.174205 255 220 40
0.269683 -0.355813 0.174205 255 220 40
0.269724 -0.355677 0.174205 255 220 40
0.269011 -0.355535 0.174129 255 220 40
0.269011 -0.355535 0.174129 255 220 40
0.269011 -0.355535 0.174129 255 220 40
0.269011 -0.355535 0.174129 255 220 40
0.269011 -0.355535 0.174129 255 220 40
0.269011 -0.355535 0.174129 255 220 40
0.269011 -0.355535 0.174129 255 220 40
0.269011 -0.355535 0.174129 255 220 40
0.269011 -0.355535 0.174129 255 220 40
0.269011 -0.355535 0.174129 255 220 40
0.269011 -0.355535 0.174129 255 220 40
0.269011 -0.355535 0.174129 255 220 40
0.269011 -0.355535 0.174129 255 220 40
0.269011 -0.355535 0.174129 255 220 40
0.269011 -0.355535 0.174129 255 220 40
0.269011 -0.355535 0.174129 255 220 40
0.269011 -0.355535 0.174129 255 220 40
0.269011 -0.355535 0.174129 255 220 40
0.269011 -0.355535 0.174129 255 220 40
0.269011 -0.355535 0.174129 255 220 40
0.269011 -0.355535 0.174129 255 220 40
0.269011 -0.355535 0.174129 255 220 40
0.269011 -0.355535 0.174129 255 220 40
0.269011 -0.355535 0.174129 255 220 40
0.269011 -0.355535 0.174129 255 220 40
0.269011 -0.355535 0.174129 255 220 40
0.269011 -0.355535 0.174129 255 220 40
0.269011 -0.355535 0.174129 255 220 40
0.269011 -0.355535 0.174129 255 220 40
0.269011 -0.355535 0.174129 255 220 40
0.269011 -0.355535 0.174129 255 220 40
0.269011 -0.355535 0.174129 255 220 40
0.209229 -0.360520 0.181129 255 220 40
0.209229 -0.360520 0.181129 255 220 40
0.209229 -0.360520 0.181129 255 220 40
0.209229 -0.360520 0.181129 255 220 40
0.209229 -0.360520 0.181129 255 220 40
0.209229 -0.360520 0.181129 255 220 40
0.209229 -0.360520 0.181129 255 220 40
0.209229 -0.360520 0.181129 255 220 40
0.209229 -0.360520 0.181129 255 220 40
0.209229 -0.360520 0.181129 255 220 40
0.209229 -0.360520 0.181129 255 220 40
0.209229 -0.360520 0.181129 255 220 40
0.209229 -0.360520 0.181129 255 220 40
0.209229 -0.360520 0.181129 255 220 40
0.209229 -0.360520 0.181129 255 220 40
0.209229 -0.360520 0.181129 255 220 40
0.209229 -0.360520 0.181129 255 220 40
0.209229 -0.360520 0.181129 255 220 40
0.209229 -0.360520 0.181129 255 220 40
0.209229 -0.360520 0.181129 255 220 40
0.209229 -0.360520 0.181129 255 220 40
0.209229 -0.360520 0.181129 255 220 40
0.209229 -0.360520 0.181129 255 220 40
0.209229 -0.360520 0.181129 255 220 40
0.209229 -0.360520 0.181129 255 220 40
0.209229 -0.360520 0.181129 255 220 40
0.209229 -0.360520 0.181129 255 220 40
0.209229 -0.360520 0.181129 255 220 40
0.209229 -0.360520 0.181129 255 220 40
0.209229 -0.360520 0.181129 255 220 40
0.209229 -0.360520 0.181129 255 220 40
0.209229 -0.360520 0.181129 255 220 40
0.209957 -0.360520 0.181052 255 220 40
0.209943 -0.360378 0.181052 255 220 40
0.209902 -0.360241 0.181052 255 220 40
0.209835 -0.360116 0.181052 255 220 40
0.209744 -0.360005 0.181052 255 220 40
0.209634 -0.359915 0.181052 255 220 40
0.209508 -0.359848 0.181052 255 220 40
0.209371 -0.359806 0.181052 255 220 40
0.209229 -0.359792 0.181052 255 220 40
0.209088 -0.359806 0.181052 255 220 40
0.208951 -0.359848 0.181052 255 220 40
0.208825 -0.359915 0.181052 255 220 40
0.208715 -0.360005 0.181052 255 220 40
0.208624 -0.360116 0.181052 255 220 40
0.208557 -0.360241 0.181052 255 220 40
0.208516 -0.360378 0.181052 255 220 40
0.208502 -0.360520 0.181052 255 220 40
0.208516 -0.360662 0.181052 255 220 40
0.208557 -0.360798 0.181052 255 220 40
0.208624 -0.360924 0.181052 255 220 40
0.208715 -0.361034 0.181052 255 220 40
0.208825 -0.361125 0.181052 255 220 40
0.208951 -0.361192 0.181052 255 220 40
0.209088 -0.361234 0.181052 255 220 40
0.209229 -0.361247 0.181052 255 220 40
0.209371 -0.361234 0.181052 255 220 40
0.209508 -0.361192 0.181052 255 220 40
0.209634 -0.361125 0.181052 255 220 40
0.209744 -0.361034 0.181052 255 220 40
0.209835 -0.360924 0.181052 255 220 40
0.209902 -0.360798 0.181052 255 220 40
0.209943 -0.360662 0.181052 255 220 40
0.210653 -0.360520 0.180826 255 220 40
0.210626 -0.360242 0.180826 255 220 40
0.210545 -0.359975 0.180826 255 220 40
0.210413 -0.359729 0.180826 255 220 40
0.210236 -0.359513 0.180826 255 220 40
0.210020 -0.359336 0.180826 255 220 40
0.209774 -0.359205 0.180826 255 220 40
0.209507 -0.359124 0.180826 255 220 40
0.209229 -0.359096 0.180826 255 220 40
0.208952 -0.359124 0.180826 255 220 40
0.208685 -0.359205 0.180826 255 220 40
0.208439 -0.359336 0.180826 255 220 40
0.208223 -0.359513 0.180826 255 220 40
0.208046 -0.359729 0.180826 255 220 40
0.207914 -0.359975 0.180826 255 220 40
0.207833 -0.360242 0.180826 255 220 40
0.207806 -0.360520 0.180826 255 220 40
0.207833 -0.360798 0.180826 255 220 40
0.207914 -0.361065 0.180826 255 220 40
0.208046 -0.361311 0.180826 255 220 40
0.208223 -0.361526 0.180826 255 220 40
0.208439 -0.361703 0.180826 255 220 40
0.208685 -0.361835 0.180826 255 220 40
0.208952 -0.361916 0.180826 255 220 40
0.209229 -0.361943 0.180826 255 220 40
0.209507 -0.361916 0.180826 255 220 40
0.209774 -0.361835 0.180826 255 220 40
0.210020 -0.361703 0.180826 255 220 40
0.210236 -0.361526 0.180826 255 220 40
0.210413 -0.361311 0.180826 255 220 40
0.210545 -0.361065 0.180826 255 220 40
0.210626 -0.360798 0.180826 255 220 40
0.211287 -0.360520 0.180461 255 220 40
0.211247 -0.360118 0.180461 255 220 40
0.211130 -0.359733 0.180461 255 220 40
0.210940 -0.359377 0.180461 255 220 40
0.210684 -0.359065 0.180461 255 220 40
0.210372 -0.358809 0.180461 255 220 40
0.210017 -0.358619 0.180461 255 220 40
0.209631 -0.358502 0.180461 255 220 40
0.209229 -0.358463 0.180461 255 220 40
0.208828 -0.358502 0.180461 255 220 40
0.208442 -0.358619 0.180461 255 220 40
0.208087 -0.358809 0.180461 255 220 40
0.207775 -0.359065 0.180461 255 220 40
0.207519 -0.359377 0.180461 255 220 40
0.207329 -0.359733 0.180461 255 220 40
0.207212 -0.360118 0.180461 255 220 40
0.207172 -0.360520 0.180461 255 220 40
0.207212 -0.360921 0.180461 255 220 40
0.207329 -0.361307 0.180461 255 220 40
0.207519 -0.361663 0.180461 255 220 40
0.207775 -0.361975 0.180461 255 220 40
0.208087 -0.362230 0.180461 255 220 40
0.208442 -0.362420 0.180461 255 220 40
0.208828 -0.362538 0.180461 255 220 40
0.209229 -0.362577 0.180461 255 220 40
0.209631 -0.362538 0.180461 255 220 40
0.210017 -0.362420 0.180461 255 220 40
0.210372 -0.362230 0.180461 255 220 40
0.210684 -0.361975 0.180461 255 220 40
0.210940 -0.361663 0.180461 255 220 40
0.211130 -0.361307 0.180461 255 220 40
0.211247 -0.360921 0.180461 255 220 40
0.211830 -0.360520 0.179971 255 220 40
0.211781 -0.360012 0.179971 255 220 40
0.211632 -0.359524 0.179971 255 220 40
0.211392 -0.359075 0.179971 255 220 40
0.211069 -0.358681 0.179971 255 220 40
0.210675 -0.358357 0.179971 255 220 40
0.210225 -0.358117 0.179971 255 220 40
0.209737 -0.357969 0.179971 255 220 40
0.209229 -0.357919 0.179971 255 220 40
0.208722 -0.357969 0.179971 255 220 40
0.208234 -0.358117 0.179971 255 220 40
0.207784 -0.358357 0.179971 255 220 40
0.207390 -0.358681 0.179971 255 220 40
0.207067 -0.359075 0.179971 255 220 40
0.206826 -0.359524 0.179971 255 220 40
0.206678 -0.360012 0.179971 255 220 40
0.206628 -0.360520 0.179971 255 220 40
0.206678 -0.361027 0.179971 255 220 40
0.206826 -0.361515 0.179971 255 220 40
0.207067 -0.361965 0.179971 255 220 40
0.207390 -0.362359 0.179971 255 220 40
0.207784 -0.362682 0.179971 255 220 40
0.208234 -0.362923 0.179971 255 220 40
0.208722 -0.363071 0.179971 255 220 40
0.209229 -0.363121 0.179971 255 220 40
0.209737 -0.363071 0.179971 255 220 40
0.210225 -0.362923 0.179971 255 220 40
0.210675 -0.362682 0.179971 255 220 40
0.211069 -0.362359 0.179971 255 220 40
0.211392 -0.361965 0.179971 255 220 40
0.211632 -0.361515 0.179971 255 220 40
0.211781 -0.361027 0.179971 255 220 40
0.212261 -0.360520 0.179379 255 220 40
0.212202 -0.359928 0.179379 255 220 40
0.212030 -0.359360 0.179379 255 220 40
0.211750 -0.358836 0.179379 255 220 40
0.211373 -0.358377 0.179379 255 220 40
0.210913 -0.358000 0.179379 255 220 40
0.210389 -0.357719 0.179379 255 220 40
0.209821 -0.357547 0.179379 255 220 40
0.209229 -0.357489 0.179379 255 220 40
0.208638 -0.357547 0.179379 255 220 40
0.208070 -0.357719 0.179379 255 220 40
0.207545 -0.358000 0.179379 255 220 40
0.207086 -0.358377 0.179379 255 220 40
0.206709 -0.358836 0.179379 255 220 40
0.206429 -0.359360 0.179379 255 220 40
0.206257 -0.359928 0.179379 255 220 40
0.206198 -0.360520 0.179379 255 220 40
0.206257 -0.361111 0.179379 255 220 40
0.206429 -0.361680 0.179379 255 220 40
0.206709 -0.362204 0.179379 255 220 40
0.207086 -0.362663 0.179379 255 220 40
0.207545 -0.363040 0.179379 255 220 40
0.208070 -0.363320 0.179379 255 220 40
0.208638 -0.363493 0.179379 255 220 40
0.209229 -0.363551 0.179379 255 220 40
0.209821 -0.363493 0.179379 255 220 40
0.210389 -0.363320 0.179379 255 220 40
0.210913 -0.363040 0.179379 255 220 40
0.211373 -0.362663 0.179379 255 220 40
0.211750 -0.362204 0.179379 255 220 40
0.212030 -0.361680 0.179379 255 220 40
0.212202 -0.361111 0.179379 255 220 40
0.212558 -0.360520 0.178711 255 220 40
0.212494 -0.359870 0.178711 255 220 40
0.212305 -0.359246 0.178711 255 220 40
0.211997 -0.358670 0.178711 255 220 40
0.211583 -0.358166 0.178711 255 220 40
0.211079 -0.357752 0.178711 255 220 40
0.210503 -0.357444 0.178711 255 220 40
0.209879 -0.357255 0.178711 255 220 40
0.209229 -0.357191 0.178711 255 220 40
0.208580 -0.357255 0.178711 255 220 40
0.207956 -0.357444 0.178711 255 220 40
0.207380 -0.357752 0.178711 255 220 40
0.206876 -0.358166 0.178711 255 220 40
0.206462 -0.358670 0.178711 255 220 40
0.206154 -0.359246 0.178711 255 220 40
0.205965 -0.359870 0.178711 255 220 40
0.205901 -0.360520 0.178711 255 220 40
0.205965 -0.361169 0.178711 255 220 40
0.206154 -0.361794 0.178711 255 220 40
0.206462 -0.362369 0.178711 255 220 40
0.206876 -0.362874 0.178711 255 220 40
0.207380 -0.363288 0.178711 255 220 40
0.207956 -0.363595 0.178711 255 220 40
0.208580 -0.363785 0.178711 255 220 40
0.209229 -0.363849 0.178711 255 220 40
0.209879 -0.363785 0.178711 255 220 40
0.210503 -0.363595 0.178711 255 220 40
0.211079 -0.363288 0.178711 255 220 40
0.211583 -0.362874 0.178711 255 220 40
0.211997 -0.362369 0.178711 255 220 40
0.212305 -0.361794 0.178711 255 220 40
0.212494 -0.361169 0.178711 255 220 40
0.212710 -0.360520 0.177995 255 220 40
0.212643 -0.359841 0.177995 255 220 40
0.212445 -0.359188 0.177995 255 220 40
0.212124 -0.358586 0.177995 255 220 40
0.211691 -0.358058 0.177995 255 220 40
0.211163 -0.357626 0.177995 255 220 40
0.210562 -0.357304 0.177995 255 220 40
0.209909 -0.357106 0.177995 255 220 40
0.209229 -0.357039 0.177995 255 220 40
0.208550 -0.357106 0.177995 255 220 40
0.207897 -0.357304 0.177995 255 220 40
0.207296 -0.357626 0.177995 255 220 40
0.206768 -0.358058 0.177995 255 220 40
0.206335 -0.358586 0.177995 255 220 40
0.206014 -0.359188 0.177995 255 220 40
0.205816 -0.359841 0.177995 255 220 40
0.205749 -0.360520 0.177995 255 220 40
0.205816 -0.361199 0.177995 255 220 40
0.206014 -0.361852 0.177995 255 220 40
0.206335 -0.362454 0.177995 255 220 40
0.206768 -0.362981 0.177995 255 220 40
0.207296 -0.363414 0.177995 255 220 40
0.207897 -0.363736 0.177995 255 220 40
0.208550 -0.363934 0.177995 255 220 40
0.209229 -0.364001 0.177995 255 220 40
0.209909 -0.363934 0.177995 255 220 40
0.210562 -0.363736 0.177995 255 220 40
0.211163 -0.363414 0.177995 255 220 40
0.211691 -0.362981 0.177995 255 220 40
0.212124 -0.362454 0.177995 255 220 40
0.212445 -0.361852 0.177995 255 220 40
0.212643 -0.361199 0.177995 255 220 40
0.212710 -0.360520 0.177263 255 220 40
0.212643 -0.359841 0.177263 255 220 40
0.212445 -0.359188 0.177263 255 220 40
0.212124 -0.358586 0.177263 255 220 40
0.211691 -0.358058 0.177263 255 220 40
0.211163 -0.357626 0.177263 255 220 40
0.210562 -0.357304 0.177263 255 220 40
0.209909 -0.357106 0.177263 255 220 40
0.209229 -0.357039 0.177263 255 220 40
0.208550 -0.357106 0.177263 255 220 40
0.207897 -0.357304 0.177263 255 220 40
0.207296 -0.357626 0.177263 255 220 40
0.206768 -0.358058 0.177263 255 220 40
0.206335 -0.358586 0.177263 255 220 40
0.206014 -0.359188 0.177263 255 220 40
0.205816 -0.359841 0.177263 255 220 40
0.205749 -0.360520 0.177263 255 220 40
0.205816 -0.361199 0.177263 255 220 40
0.206014 -0.361852 0.177263 255 220 40
0.206335 -0.362454 0.177263 255 220 40
0.206768 -0.362981 0.177263 255 220 40
0.207296 -0.363414 0.177263 255 220 40
0.207897 -0.363736 0.177263 255 220 40
0.208550 -0.363934 0.177263 255 220 40
0.209229 -0.364001 0.177263 255 220 40
0.209909 -0.363934 0.177263 255 220 40
0.210562 -0.363736 0.177263 255 220 40
0.211163 -0.363414 0.177263 255 220 40
0.211691 -0.362981 0.177263 255 220 40
0.212124 -0.362454 0.177263 255 220 40
0.212445 -0.361852 0.177263 255 220 40
0.212643 -0.361199 0.177263 255 220 40
0.212558 -0.360520 0.176547 255 220 40
0.212494 -0.359870 0.176547 255 220 40
0.212305 -0.359246 0.176547 255 220 40
0.211997 -0.358670 0.176547 255 220 40
0.211583 -0.358166 0.176547 255 220 40
0.211079 -0.357752 0.176547 255 220 40
0.210503 -0.357444 0.176547 255 220 40
0.209879 -0.357255 0.176547 255 220 40
0.209229 -0.357191 0.176547 255 220 40
0.208580 -0.357255 0.176547 255 220 40
0.207956 -0.357444 0.176547 255 220 40
0.207380 -0.357752 0.176547 255 220 40
0.206876 -0.358166 0.176547 255 220 40
0.206462 -0.358670 0.176547 255 220 40
0.206154 -0.359246 0.176547 255 220 40
0.205965 -0.359870 0.176547 255 220 40
0.205901 -0.360520 0.176547 255 220 40
0.205965 -0.361169 0.176547 255 220 40
0.206154 -0.361794 0.176547 255 220 40
0.206462 -0.362369 0.176547 255 220 40
0.206876 -0.362874 0.176547 255 220 40
0.207380 -0.363288 0.176547 255 220 40
0.207956 -0.363595 0.176547 255 220 40
0.208580 -0.363785 0.176547 255 220 40
0.209229 -0.363849 0.176547 255 220 40
0.209879 -0.363785 0.176547 255 220 40
0.210503 -0.363595 0.176547 255 220 40
0.211079 -0.363288 0.176547 255 220 40
0.211583 -0.362874 0.176547 255 220 40
0.211997 -0.362369 0.176547 255 220 40
0.212305 -0.361794 0.176547 255 220 40
0.212494 -0.361169 0.176547 255 220 40
0.212261 -0.360520 0.175879 255 220 40
0.212202 -0.359928 0.175879 255 220 40
0.212030 -0.359360 0.175879 255 220 40
0.211750 -0.358836 0.175879 255 220 40
0.211373 -0.358377 0.175879 255 220 40
0.210913 -0.358000 0.175879 255 220 40
0.210389 -0.357719 0.175879 255 220 40
0.209821 -0.357547 0.175879 255 220 40
0.209229 -0.357489 0.175879 255 220 40
0.208638 -0.357547 0.175879 255 220 40
0.208070 -0.357719 0.175879 255 220 40
0.207545 -0.358000 0.175879 255 220 40
0.207086 -0.358377 0.175879 255 220 40
0.206709 -0.358836 0.175879 255 220 40
0.206429 -0.359360 0.175879 255 220 40
0.206257 -0.359928 0.175879 255 220 40
0.206198 -0.360520 0.175879 255 220 40
0.206257 -0.361111 0.175879 255 220 40
0.206429 -0.361680 0.175879 255 220 40
0.206709 -0.362204 0.175879 255 220 40
0.207086 -0.362663 0.175879 255 220 40
0.207545 -0.363040 0.175879 255 220 40
0.208070 -0.363320 0.175879 255 220 40
0.208638 -0.363493 0.175879 255 220 40
0.209229 -0.363551 0.175879 255 220 40
0.209821 -0.363493 0.175879 255 220 40
0.210389 -0.363320 0.175879 255 220 40
0.210913 -0.363040 0.175879 255 220 40
0.211373 -0.362663 0.175879 255 220 40
0.211750 -0.362204 0.175879 255 220 40
0.212030 -0.361680 0.175879 255 220 40
0.212202 -0.361111 0.175879 255 220 40
0.211830 -0.360520 0.175287 255 220 40
0.211781 -0.360012 0.175287 255 220 40
0.211632 -0.359524 0.175287 255 220 40
0.211392 -0.359075 0.175287 255 220 40
0.211069 -0.358681 0.175287 255 220 40
0.210675 -0.358357 0.175287 255 220 40
0.210225 -0.358117 0.175287 255 220 40
0.209737 -0.357969 0.175287 255 220 40
0.209229 -0.357919 0.175287 255 220 40
0.208722 -0.357969 0.175287 255 220 40
0.208234 -0.358117 0.175287 255 220 40
0.207784 -0.358357 0.175287 255 220 40
0.207390 -0.358681 0.175287 255 220 40
0.207067 -0.359075 0.175287 255 220 40
0.206826 -0.359524 0.175287 255 220 40
0.206678 -0.360012 0.175287 255 220 40
0.206628 -0.360520 0.175287 255 220 40
0.206678 -0.361027 0.175287 255 220 40
0.206826 -0.361515 0.175287 255 220 40
0.207067 -0.361965 0.175287 255 220 40
0.207390 -0.362359 0.175287 255 220 40
0.207784 -0.362682 0.175287 255 220 40
0.208234 -0.362923 0.175287 255 220 40
0.208722 -0.363071 0.175287 255 220 40
0.209229 -0.363121 0.175287 255 220 40
0.209737 -0.363071 0.175287 255 220 40
0.210225 -0.362923 0.175287 255 220 40
0.210675 -0.362682 0.175287 255 220 40
0.211069 -0.362359 0.175287 255 220 40
0.211392 -0.361965 0.175287 255 220 40
0.211632 -0.361515 0.175287 255 220 40
0.211781 -0.361027 0.175287 255 220 40
0.211287 -0.360520 0.174797 255 220 40
0.211247 -0.360118 0.174797 255 220 40
0.211130 -0.359733 0.174797 255 220 40
0.210940 -0.359377 0.174797 255 220 40
0.210684 -0.359065 0.174797 255 220 40
0.210372 -0.358809 0.174797 255 220 40
0.210017 -0.358619 0.174797 255 220 40
0.209631 -0.358502 0.174797 255 220 40
0.209229 -0.358463 0.174797 255 220 40
0.208828 -0.358502 0.174797 255 220 40
0.208442 -0.358619 0.174797 255 220 40
0.208087 -0.358809 0.174797 255 220 40
0.207775 -0.359065 0.174797 255 220 40
0.207519 -0.359377 0.174797 255 220 40
0.207329 -0.359733 0.174797 255 220 40
0.207212 -0.360118 0.174797 255 220 40
0.207172 -0.360520 0.174797 255 220 40
0.207212 -0.360921 0.174797 255 220 40
0.207329 -0.361307 0.174797 255 220 40
0.207519 -0.361663 0.174797 255 220 40
0.207775 -0.361975 0.174797 255 220 40
0.208087 -0.362230 0.174797 255 220 40
0.208442 -0.362420 0.174797 255 220 40
0.208828 -0.362538 0.174797 255 220 40
0.209229 -0.362577 0.174797 255 220 40
0.209631 -0.362538 0.174797 255 220 40
0.210017 -0.362420 0.174797 255 220 40
0.210372 -0.362230 0.174797 255 220 40
0.210684 -0.361975 0.174797 255 220 40
0.210940 -0.361663 0.174797 255 220 40
0.211130 -0.361307 0.174797 255 220 40
0.211247 -0.360921 0.174797 255 220 40
0.210653 -0.360520 0.174432 255 220 40
0.210626 -0.360242 0.174432 255 220 40
0.210545 -0.359975 0.174432 255 220 40
0.210413 -0.359729 0.174432 255 220 40
0.210236 -0.359513 0.174432 255 220 40
0.210020 -0.359336 0.174432 255 220 40
0.209774 -0.359205 0.174432 255 220 40
0.209507 -0.359124 0.174432 255 220 40
0.209229 -0.359096 0.174432 255 220 40
0.208952 -0.359124 0.174432 255 220 40
0.208685 -0.359205 0.174432 255 220 40
0.208439 -0.359336 0.174432 255 220 40
0.208223 -0.359513 0.174432 255 220 40
0.208046 -0.359729 0.174432 255 220 40
0.207914 -0.359975 0.174432 255 220 40
0.207833 -0.360242 0.174432 255 220 40
0.207806 -0.360520 0.174432 255 220 40
0.207833 -0.360798 0.174432 255 220 40
0.207914 -0.361065 0.174432 255 220 40
0.208046 -0.361311 0.174432 255 220 40
0.208223 -0.361526 0.174432 255 220 40
0.208439 -0.361703 0.174432 255 220 40
0.208685 -0.361835 0.174432 255 220 40
0.208952 -0.361916 0.174432 255 220 40
0.209229 -0.361943 0.174432 255 220 40
0.209507 -0.361916 0.174432 255 220 40
0.209774 -0.361835 0.174432 255 220 40
0.210020 -0.361703 0.174432 255 220 40
0.210236 -0.361526 0.174432 255 220 40
0.210413 -0.361311 0.174432 255 220 40
0.210545 -0.361065 0.174432 255 220 40
0.210626 -0.360798 0.174432 255 220 40
0.209957 -0.360520 0.174205 255 220 40
0.209943 -0.360378 0.174205 255 220 40
0.209902 -0.360241 0.174205 255 220 40
0.209835 -0.360116 0.174205 255 220 40
0.209744 -0.360005 0.174205 255 220 40
0.209634 -0.359915 0.174205 255 220 40
0.209508 -0.359848 0.174205 255 220 40
0.209371 -0.359806 0.174205 255 220 40
0.209229 -0.359792 0.174205 255 220 40
0.209088 -0.359806 0.174205 255 220 40
0.208951 -0.359848 0.174205 255 220 40
0.208825 -0.359915 0.174205 255 220 40
0.208715 -0.360005 0.174205 255 220 40
0.208624 -0.360116 0.174205 255 220 40
0.208557 -0.360241 0.174205 255 220 40
0.208516 -0.360378 0.174205 255 220 40
0.208502 -0.360520 0.174205 255 220 40
0.208516 -0.360662 0.174205 255 220 40
0.208557 -0.360798 0.174205 255 220 40
0.208624 -0.360924 0.174205 255 220 40
0.208715 -0.361034 0.174205 255 220 40
0.208825 -0.361125 0.174205 255 220 40
0.208951 -0.361192 0.174205 255 220 40
0.209088 -0.361234 0.174205 255 220 40
0.209229 -0.361247 0.174205 255 220 40
0.209371 -0.361234 0.174205 255 220 40
0.209508 -0.361192 0.174205 255 220 40
0.209634 -0.361125 0.174205 255 220 40
0.209744 -0.361034 0.174205 255 220 40
0.209835 -0.360924 0.174205 255 220 40
0.209902 -0.360798 0.174205 255 220 40
0.209943 -0.360662 0.174205 255 220 40
0.209229 -0.360520 0.174129 255 220 40
0.209229 -0.360520 0.174129 255 220 40
0.209229 -0.360520 0.174129 255 220 40
0.209229 -0.360520 0.174129 255 220 40
0.209229 -0.360520 0.174129 255 220 40
0.209229 -0.360520 0.174129 255 220 40
0.209229 -0.360520 0.174129 255 220 40
0.209229 -0.360520 0.174129 255 220 40
0.209229 -0.360520 0.174129 255 220 40
0.209229 -0.360520 0.174129 255 220 40
0.209229 -0.360520 0.174129 255 220 40
0.209229 -0.360520 0.174129 255 220 40
0.209229 -0.360520 0.174129 255 220 40
0.209229 -0.360520 0.174129 255 220 40
0.209229 -0.360520 0.174129 255 220 40
0.209229 -0.360520 0.174129 255 220 40
0.209229 -0.360520 0.174129 255 220 40
0.209229 -0.360520 0.174129 255 220 40
0.209229 -0.360520 0.174129 255 220 40
0.209229 -0.360520 0.174129 255 220 40
0.209229 -0.360520 0.174129 255 220 40
0.209229 -0.360520 0.174129 255 220 40
0.209229 -0.360520 0.174129 255 220 40
0.209229 -0.360520 0.174129 255 220 40
0.209229 -0.360520 0.174129 255 220 40
0.209229 -0.360520 0.174129 255 220 40
0.209229 -0.360520 0.174129 255 220 40
0.209229 -0.360520 0.174129 255 220 40
0.209229 -0.360520 0.174129 255 220 40
0.209229 -0.360520 0.174129 255 220 40
0.209229 -0.360520 0.174129 255 220 40
0.209229 -0.360520 0.174129 255 220 40
0.259047 -0.360520 0.183629 40 120 255
0.259047 -0.360520 0.183629 40 120 255
0.259047 -0.360520 0.183629 40 120 255
0.259047 -0.360520 0.183629 40 120 255
0.259047 -0.360520 0.183629 40 120 255
0.259047 -0.360520 0.183629 40 120 255
0.259047 -0.360520 0.183629 40 120 255
0.259047 -0.360520 0.183629 40 120 255
0.259047 -0.360520 0.183629 40 120 255
0.259047 -0.360520 0.183629 40 120 255
0.259047 -0.360520 0.183629 40 120 255
0.259047 -0.360520 0.183629 40 120 255
0.259047 -0.360520 0.183629 40 120 255
0.259047 -0.360520 0.183629 40 120 255
0.259047 -0.360520 0.183629 40 120 255
0.259047 -0.360520 0.183629 40 120 255
0.259047 -0.360520 0.183629 40 120 255
0.259047 -0.360520 0.183629 40 120 255
0.259047 -0.360520 0.183629 40 120 255
0.259047 -0.360520 0.183629 40 120 255
0.259047 -0.360520 0.183629 40 120 255
0.259047 -0.360520 0.183629 40 120 255
0.259047 -0.360520 0.183629 40 120 255
0.259047 -0.360520 0.183629 40 120 255
0.259047 -0.360520 0.183629 40 120 255
0.259047 -0.360520 0.183629 40 120 255
0.259047 -0.360520 0.183629 40 120 255
0.259047 -0.360520 0.183629 40 120 255
0.259047 -0.360520 0.183629 40 120 255
0.259047 -0.360520 0.183629 40 120 255
0.259047 -0.360520 0.183629 40 120 255
0.259047 -0.360520 0.183629 40 120 255
0.260295 -0.360520 0.183498 40 120 255
0.260271 -0.360276 0.183498 40 120 255
0.260200 -0.360042 0.183498 40 120 255
0.260084 -0.359827 0.183498 40 120 255
0.259929 -0.359638 0.183498 40 120 255
0.259740 -0.359483 0.183498 40 120 255
0.259525 -0.359367 0.183498 40 120 255
0.259291 -0.359296 0.183498 40 120 255
0.259047 -0.359272 0.183498 40 120 255
0.258804 -0.359296 0.183498 40 120 255
0.258570 -0.359367 0.183498 40 120 255
0.258354 -0.359483 0.183498 40 120 255
0.258165 -0.359638 0.183498 40 120 255
0.258010 -0.359827 0.183498 40 120 255
0.257895 -0.360042 0.183498 40 120 255
0.257824 -0.360276 0.183498 40 120 255
0.257800 -0.360520 0.183498 40 120 255
0.257824 -0.360763 0.183498 40 120 255
0.257895 -0.360997 0.183498 40 120 255
0.258010 -0.361213 0.183498 40 120 255
0.258165 -0.361402 0.183498 40 120 255
0.258354 -0.361557 0.183498 40 120 255
0.258570 -0.361672 0.183498 40 120 255
0.258804 -0.361743 0.183498 40 120 255
0.259047 -0.361767 0.183498 40 120 255
0.259291 -0.361743 0.183498 40 120 255
0.259525 -0.361672 0.183498 40 120 255
0.259740 -0.361557 0.183498 40 120 255
0.259929 -0.361402 0.183498 40 120 255
0.260084 -0.361213 0.183498 40 120 255
0.260200 -0.360997 0.183498 40 120 255
0.260271 -0.360763 0.183498 40 120 255
0.261488 -0.360520 0.183110 40 120 255
0.261441 -0.360044 0.183110 40 120 255
0.261302 -0.359586 0.183110 40 120 255
0.261076 -0.359164 0.183110 40 120 255
0.260773 -0.358794 0.183110 40 120 255
0.260403 -0.358491 0.183110 40 120 255
0.259981 -0.358265 0.183110 40 120 255
0.259523 -0.358126 0.183110 40 120 255
0.259047 -0.358079 0.183110 40 120 255
0.258571 -0.358126 0.183110 40 120 255
0.258113 -0.358265 0.183110 40 120 255
0.257691 -0.358491 0.183110 40 120 255
0.257322 -0.358794 0.183110 40 120 255
0.257018 -0.359164 0.183110 40 120 255
0.256793 -0.359586 0.183110 40 120 255
0.256654 -0.360044 0.183110 40 120 255
0.256607 -0.360520 0.183110 40 120 255
0.256654 -0.360996 0.183110 40 120 255
0.256793 -0.361454 0.183110 40 120 255
0.257018 -0.361876 0.183110 40 120 255
0.257322 -0.362245 0.183110 40 120 255
0.257691 -0.362549 0.183110 40 120 255
0.258113 -0.362774 0.183110 40 120 255
0.258571 -0.362913 0.183110 40 120 255
0.259047 -0.362960 0.183110 40 120 255
0.259523 -0.362913 0.183110 40 120 255
0.259981 -0.362774 0.183110 40 120 255
0.260403 -0.362549 0.183110 40 120 255
0.260773 -0.362245 0.183110 40 120 255
0.261076 -0.361876 0.183110 40 120 255
0.261302 -0.361454 0.183110 40 120 255
0.261441 -0.360996 0.183110 40 120 255
0.262574 -0.360520 0.182483 40 120 255
0.262506 -0.359832 0.182483 40 120 255
0.262305 -0.359170 0.182483 40 120 255
0.261980 -0.358560 0.182483 40 120 255
0.261541 -0.358026 0.182483 40 120 255
0.261007 -0.357587 0.182483 40 120 255
0.260397 -0.357262 0.182483 40 120 255
0.259735 -0.357061 0.182483 40 120 255
0.259047 -0.356993 0.182483 40 120 255
0.258359 -0.357061 0.182483 40 120 255
0.257698 -0.357262 0.182483 40 120 255
0.257088 -0.357587 0.182483 40 120 255
0.256553 -0.358026 0.182483 40 120 255
0.256115 -0.358560 0.182483 40 120 255
0.255789 -0.359170 0.182483 40 120 255
0.255588 -0.359832 0.182483 40 120 255
0.255520 -0.360520 0.182483 40 120 255
0.255588 -0.361208 0.182483 40 120 255
0.255789 -0.361869 0.182483 40 120 255
0.256115 -0.362479 0.182483 40 120 255
0.256553 -0.363014 0.182483 40 120 255
0.257088 -0.363452 0.182483 40 120 255
0.257698 -0.363778 0.182483 40 120 255
0.258359 -0.363979 0.182483 40 120 255
0.259047 -0.364047 0.182483 40 120 255
0.259735 -0.363979 0.182483 40 120 255
0.260397 -0.363778 0.182483 40 120 255
0.261007 -0.363452 0.182483 40 120 255
0.261541 -0.363014 0.182483 40 120 255
0.261980 -0.362479 0.182483 40 120 255
0.262305 -0.361869 0.182483 40 120 255
0.262506 -0.361208 0.182483 40 120 255
0.263506 -0.360520 0.181644 40 120 255
0.263420 -0.359650 0.181644 40 120 255
0.263167 -0.358813 0.181644 40 120 255
0.262755 -0.358043 0.181644 40 120 255
0.262200 -0.357367 0.181644 40 120 255
0.261524 -0.356812 0.181644 40 120 255
0.260754 -0.356400 0.181644 40 120 255
0.259917 -0.356147 0.181644 40 120 255
0.259047 -0.356061 0.181644 40 120 255
0.258177 -0.356147 0.181644 40 120 255
0.257341 -0.356400 0.181644 40 120 255
0.256570 -0.356812 0.181644 40 120 255
0.255894 -0.357367 0.181644 40 120 255
0.255340 -0.358043 0.181644 40 120 255
0.254928 -0.358813 0.181644 40 120 255
0.254674 -0.359650 0.181644 40 120 255
0.254588 -0.360520 0.181644 40 120 255
0.254674 -0.361390 0.181644 40 120 255
0.254928 -0.362226 0.181644 40 120 255
0.255340 -0.362997 0.181644 40 120 255
0.255894 -0.363673 0.181644 40 120 255
0.256570 -0.364227 0.181644 40 120 255
0.257341 -0.364639 0.181644 40 120 255
0.258177 -0.364893 0.181644 40 120 255
0.259047 -0.364979 0.181644 40 120 255
0.259917 -0.364893 0.181644 40 120 255
0.260754 -0.364639 0.181644 40 120 255
0.261524 -0.364227 0.181644 40 120 255
0.262200 -0.363673 0.181644 40 120 255
0.262755 -0.362997 0.181644 40 120 255
0.263167 -0.362226 0.181644 40 120 255
0.263420 -0.361390 0.181644 40 120 255
0.264243 -0.360520 0.180629 40 120 255
0.264144 -0.359506 0.180629 40 120 255
0.263848 -0.358531 0.180629 40 120 255
0.263368 -0.357633 0.180629 40 120 255
0.262721 -0.356846 0.180629 40 120 255
0.261934 -0.356199 0.180629 40 120 255
0.261036 -0.355719 0.180629 40 120 255
0.260061 -0.355423 0.180629 40 120 255
0.259047 -0.355324 0.180629 40 120 255
0.258033 -0.355423 0.180629 40 120 255
0.257059 -0.355719 0.180629 40 120 255
0.256160 -0.356199 0.180629 40 120 255
0.255373 -0.356846 0.180629 40 120 255
0.254727 -0.357633 0.180629 40 120 255
0.254247 -0.358531 0.180629 40 120 255
0.253951 -0.359506 0.180629 40 120 255
0.253851 -0.360520 0.180629 40 120 255
0.253951 -0.361534 0.180629 40 120 255
0.254247 -0.362508 0.180629 40 120 255
0.254727 -0.363407 0.180629 40 120 255
0.255373 -0.364194 0.180629 40 120 255
0.256160 -0.364840 0.180629 40 120 255
0.257059 -0.365320 0.180629 40 120 255
0.258033 -0.365616 0.180629 40 120 255
0.259047 -0.365716 0.180629 40 120 255
0.260061 -0.365616 0.180629 40 120 255
0.261036 -0.365320 0.180629 40 120 255
0.261934 -0.364840 0.180629 40 120 255
0.262721 -0.364194 0.180629 40 120 255
0.263368 -0.363407 0.180629 40 120 255
0.263848 -0.362508 0.180629 40 120 255
0.264144 -0.361534 0.180629 40 120 255
0.264754 -0.360520 0.179483 40 120 255
0.264644 -0.359407 0.179483 40 120 255
0.264319 -0.358336 0.179483 40 120 255
0.263792 -0.357350 0.179483 40 120 255
0.263082 -0.356485 0.179483 40 120 255
0.262217 -0.355775 0.179483 40 120 255
0.261231 -0.355248 0.179483 40 120 255
0.260160 -0.354923 0.179483 40 120 255
0.259047 -0.354813 0.179483 40 120 255
0.257934 -0.354923 0.179483 40 120 255
0.256863 -0.355248 0.179483 40 120 255
0.255877 -0.355775 0.179483 40 120 255
0.255012 -0.356485 0.179483 40 120 255
0.254303 -0.357350 0.179483 40 120 255
0.253775 -0.358336 0.179483 40 120 255
0.253451 -0.359407 0.179483 40 120 255
0.253341 -0.360520 0.179483 40 120 255
0.253451 -0.361633 0.179483 40 120 255
0.253775 -0.362704 0.179483 40 120 255
0.254303 -0.363690 0.179483 40 120 255
0.255012 -0.364555 0.179483 40 120 255
0.255877 -0.365264 0.179483 40 120 255
0.256863 -0.365792 0.179483 40 120 255
0.257934 -0.366116 0.179483 40 120 255
0.259047 -0.366226 0.179483 40 120 255
0.260160 -0.366116 0.179483 40 120 255
0.261231 -0.365792 0.179483 40 120 255
0.262217 -0.365264 0.179483 40 120 255
0.263082 -0.364555 0.179483 40 120 255
0.263792 -0.363690 0.179483 40 120 255
0.264319 -0.362704 0.179483 40 120 255
0.264644 -0.361633 0.179483 40 120 255
0.265014 -0.360520 0.178256 40 120 255
0.264900 -0.359356 0.178256 40 120 255
0.264560 -0.358236 0.178256 40 120 255
0.264009 -0.357205 0.178256 40 120 255
0.263267 -0.356300 0.178256 40 120 255
0.262362 -0.355558 0.178256 40 120 255
0.261331 -0.355007 0.178256 40 120 255
0.260211 -0.354667 0.178256 40 120 255
0.259047 -0.354553 0.178256 40 120 255
0.257883 -0.354667 0.178256 40 120 255
0.256764 -0.355007 0.178256 40 120 255
0.255732 -0.355558 0.178256 40 120 255
0.254828 -0.356300 0.178256 40 120 255
0.254086 -0.357205 0.178256 40 120 255
0.253534 -0.358236 0.178256 40 120 255
0.253195 -0.359356 0.178256 40 120 255
0.253080 -0.360520 0.178256 40 120 255
0.253195 -0.361684 0.178256 40 120 255
0.253534 -0.362803 0.178256 40 120 255
0.254086 -0.363835 0.178256 40 120 255
0.254828 -0.364739 0.178256 40 120 255
0.255732 -0.365481 0.178256 40 120 255
0.256764 -0.366033 0.178256 40 120 255
0.257883 -0.366372 0.178256 40 120 255
0.259047 -0.366487 0.178256 40 120 255
0.260211 -0.366372 0.178256 40 120 255
0.261331 -0.366033 0.178256 40 120 255
0.262362 -0.365481 0.178256 40 120 255
0.263267 -0.364739 0.178256 40 120 255
0.264009 -0.363835 0.178256 40 120 255
0.264560 -0.362803 0.178256 40 120 255
0.264900 -0.361684 0.178256 40 120 255
0.265014 -0.360520 0.177002 40 120 255
0.264900 -0.359356 0.177002 40 120 255
0.264560 -0.358236 0.177002 40 120 255
0.264009 -0.357205 0.177002 40 120 255
0.263267 -0.356300 0.177002 40 120 255
0.262362 -0.355558 0.177002 40 120 255
0.261331 -0.355007 0.177002 40 120 255
0.260211 -0.354667 0.177002 40 120 255
0.259047 -0.354553 0.177002 40 120 255
0.257883 -0.354667 0.177002 40 120 255
0.256764 -0.355007 0.177002 40 120 255
0.255732 -0.355558 0.177002 40 120 255
0.254828 -0.356300 0.177002 40 120 255
0.254086 -0.357205 0.177002 40 120 255
0.253534 -0.358236 0.177002 40 120 255
0.253195 -0.359356 0.177002 40 120 255
0.253080 -0.360520 0.177002 40 120 255
0.253195 -0.361684 0.177002 40 120 255
0.253534 -0.362803 0.177002 40 120 255
0.254086 -0.363835 0.177002 40 120 255
0.254828 -0.364739 0.177002 40 120 255
0.255732 -0.365481 0.177002 40 120 255
0.256764 -0.366033 0.177002 40 120 255
0.257883 -0.366372 0.177002 40 120 255
0.259047 -0.366487 0.177002 40 120 255
0.260211 -0.366372 0.177002 40 120 255
0.261331 -0.366033 0.177002 40 120 255
0.262362 -0.365481 0.177002 40 120 255
0.263267 -0.364739 0.177002 40 120 255
0.264009 -0.363835 0.177002 40 120 255
0.264560 -0.362803 0.177002 40 120 255
0.264900 -0.361684 0.177002 40 120 255
0.264754 -0.360520 0.175775 40 120 255
0.264644 -0.359407 0.175775 40 120 255
0.264319 -0.358336 0.175775 40 120 255
0.263792 -0.357350 0.175775 40 120 255
0.263082 -0.356485 0.175775 40 120 255
0.262217 -0.355775 0.175775 40 120 255
0.261231 -0.355248 0.175775 40 120 255
0.260160 -0.354923 0.175775 40 120 255
0.259047 -0.354813 0.175775 40 120 255
0.257934 -0.354923 0.175775 40 120 255
0.256863 -0.355248 0.175775 40 120 255
0.255877 -0.355775 0.175775 40 120 255
0.255012 -0.356485 0.175775 40 120 255
0.254303 -0.357350 0.175775 40 120 255
0.253775 -0.358336 0.175775 40 120 255
0.253451 -0.359407 0.175775 40 120 255
0.253341 -0.360520 0.175775 40 120 255
0.253451 -0.361633 0.175775 40 120 255
0.253775 -0.362704 0.175775 40 120 255
0.254303 -0.363690 0.175775 40 120 255
0.255012 -0.364555 0.175775 40 120 255
0.255877 -0.365264 0.175775 40 120 255
0.256863 -0.365792 0.175775 40 120 255
0.257934 -0.366116 0.175775 40 120 255
0.259047 -0.366226 0.175775 40 120 255
0.260160 -0.366116 0.175775 40 120 255
0.261231 -0.365792 0.175775 40 120 255
0.262217 -0.365264 0.175775 40 120 255
0.263082 -0.364555 0.175775 40 120 255
0.263792 -0.363690 0.175775 40 120 255
0.264319 -0.362704 0.175775 40 120 255
0.264644 -0.361633 0.175775 40 120 255
0.264243 -0.360520 0.174629 40 120 255
0.264144 -0.359506 0.174629 40 120 255
0.263848 -0.358531 0.174629 40 120 255
0.263368 -0.357633 0.174629 40 120 255
0.262721 -0.356846 0.174629 40 120 255
0.261934 -0.356199 0.174629 40 120 255
0.261036 -0.355719 0.174629 40 120 255
0.260061 -0.355423 0.174629 40 120 255
0.259047 -0.355324 0.174629 40 120 255
0.258033 -0.355423 0.174629 40 120 255
0.257059 -0.355719 0.174629 40 120 255
0.256160 -0.356199 0.174629 40 120 255
0.255373 -0.356846 0.174629 40 120 255
0.254727 -0.357633 0.174629 40 120 255
0.254247 -0.358531 0.174629 40 120 255
0.253951 -0.359506 0.174629 40 120 255
0.253851 -0.360520 0.174629 40 120 255
0.253951 -0.361534 0.174629 40 120 255
0.254247 -0.362508 0.174629 40 120 255
0.254727 -0.363407 0.174629 40 120 255
0.255373 -0.364194 0.174629 40 120 255
0.256160 -0.364840 0.174629 40 120 255
0.257059 -0.365320 0.174629 40 120 255
0.258033 -0.365616 0.174629 40 120 255
0.259047 -0.365716 0.174629 40 120 255
0.260061 -0.365616 0.174629 40 120 255
0.261036 -0.365320 0.174629 40 120 255
0.261934 -0.364840 0.174629 40 120 255
0.262721 -0.364194 0.174629 40 120 255
0.263368 -0.363407 0.174629 40 120 255
0.263848 -0.362508 0.174629 40 120 255
0.264144 -0.361534 0.174629 40 120 255
0.263506 -0.360520 0.173614 40 120 255
0.263420 -0.359650 0.173614 40 120 255
0.263167 -0.358813 0.173614 40 120 255
0.262755 -0.358043 0.173614 40 120 255
0.262200 -0.357367 0.173614 40 120 255
0.261524 -0.356812 0.173614 40 120 255
0.260754 -0.356400 0.173614 40 120 255
0.259917 -0.356147 0.173614 40 120 255
0.259047 -0.356061 0.173614 40 120 255
0.258177 -0.356147 0.173614 40 120 255
0.257341 -0.356400 0.173614 40 120 255
0.256570 -0.356812 0.173614 40 120 255
0.255894 -0.357367 0.173614 40 120 255
0.255340 -0.358043 0.173614 40 120 255
0.254928 -0.358813 0.173614 40 120 255
0.254674 -0.359650 0.173614 40 120 255
0.254588 -0.360520 0.173614 40 120 255
0.254674 -0.361390 0.173614 40 120 255
0.254928 -0.362226 0.173614 40 120 255
0.255340 -0.362997 0.173614 40 120 255
0.255894 -0.363673 0.173614 40 120 255
0.256570 -0.364227 0.173614 40 120 255
0.257341 -0.364639 0.173614 40 120 255
0.258177 -0.364893 0.173614 40 120 255
0.259047 -0.364979 0.173614 40 120 255
0.259917 -0.364893 0.173614 40 120 255
0.260754 -0.364639 0.173614 40 120 255
0.261524 -0.364227 0.173614 40 120 255
0.262200 -0.363673 0.173614 40 120 255
0.262755 -0.362997 0.173614 40 120 255
0.263167 -0.362226 0.173614 40 120 255
0.263420 -0.361390 0.173614 40 120 255
0.262574 -0.360520 0.172775 40 120 255
0.262506 -0.359832 0.172775 40 120 255
0.262305 -0.359170 0.172775 40 120 255
0.261980 -0.358560 0.172775 40 120 255
0.261541 -0.358026 0.172775 40 120 255
0.261007 -0.357587 0.172775 40 120 255
0.260397 -0.357262 0.172775 40 120 255
0.259735 -0.357061 0.172775 40 120 255
0.259047 -0.356993 0.172775 40 120 255
0.258359 -0.357061 0.172775 40 120 255
0.257698 -0.357262 0.172775 40 120 255
0.257088 -0.357587 0.172775 40 120 255
0.256553 -0.358026 0.172775 40 120 255
0.256115 -0.358560 0.172775 40 120 255
0.255789 -0.359170 0.172775 40 120 255
0.255588 -0.359832 0.172775 40 120 255
0.255520 -0.360520 0.172775 40 120 255
0.255588 -0.361208 0.172775 40 120 255
0.255789 -0.361869 0.172775 40 120 255
0.256115 -0.362479 0.172775 40 120 255
0.256553 -0.363014 0.172775 40 120 255
0.257088 -0.363452 0.172775 40 120 255
0.257698 -0.363778 0.172775 40 120 255
0.258359 -0.363979 0.172775 40 120 255
0.259047 -0.364047 0.172775 40 120 255
0.259735 -0.363979 0.172775 40 120 255
0.260397 -0.363778 0.172775 40 120 255
0.261007 -0.363452 0.172775 40 120 255
0.261541 -0.363014 0.172775 40 120 255
0.261980 -0.362479 0.172775 40 120 255
0.262305 -0.361869 0.172775 40 120 255
0.262506 -0.361208 0.172775 40 120 255
0.261488 -0.360520 0.172148 40 120 255
0.261441 -0.360044 0.172148 40 120 255
0.261302 -0.359586 0.172148 40 120 255
0.261076 -0.359164 0.172148 40 120 255
0.260773 -0.358794 0.172148 40 120 255
0.260403 -0.358491 0.172148 40 120 255
0.259981 -0.358265 0.172148 40 120 255
0.259523 -0.358126 0.172148 40 120 255
0.259047 -0.358079 0.172148 40 120 255
0.258571 -0.358126 0.172148 40 120 255
0.258113 -0.358265 0.172148 40 120 255
0.257691 -0.358491 0.172148 40 120 255
0.257322 -0.358794 0.172148 40 120 255
0.257018 -0.359164 0.172148 40 120 255
0.256793 -0.359586 0.172148 40 120 255
0.256654 -0.360044 0.172148 40 120 255
0.256607 -0.360520 0.172148 40 120 255
0.256654 -0.360996 0.172148 40 120 255
0.256793 -0.361454 0.172148 40 120 255
0.257018 -0.361876 0.172148 40 120 255
0.257322 -0.362245 0.172148 40 120 255
0.257691 -0.362549 0.172148 40 120 255
0.258113 -0.362774 0.172148 40 120 255
0.258571 -0.362913 0.172148 40 120 255
0.259047 -0.362960 0.172148 40 120 255
0.259523 -0.362913 0.172148 40 120 255
0.259981 -0.362774 0.172148 40 120 255
0.260403 -0.362549 0.172148 40 120 255
0.260773 -0.362245 0.172148 40 120 255
0.261076 -0.361876 0.172148 40 120 255
0.261302 -0.361454 0.172148 40 120 255
0.261441 -0.360996 0.172148 40 120 255
0.260295 -0.360520 0.171760 40 120 255
0.260271 -0.360276 0.171760 40 120 255
0.260200 -0.360042 0.171760 40 120 255
0.260084 -0.359827 0.171760 40 120 255
0.259929 -0.359638 0.171760 40 120 255
0.259740 -0.359483 0.171760 40 120 255
0.259525 -0.359367 0.171760 40 120 255
0.259291 -0.359296 0.171760 40 120 255
0.259047 -0.359272 0.171760 40 120 255
0.258804 -0.359296 0.171760 40 120 255
0.258570 -0.359367 0.171760 40 120 255
0.258354 -0.359483 0.171760 40 120 255
0.258165 -0.359638 0.171760 40 120 255
0.258010 -0.359827 0.171760 40 120 255
0.257895 -0.360042 0.171760 40 120 255
0.257824 -0.360276 0.171760 40 120 255
0.257800 -0.360520 0.171760 40 120 255
0.257824 -0.360763 0.171760 40 120 255
0.257895 -0.360997 0.171760 40 120 255
0.258010 -0.361213 0.171760 40 120 255
0.258165 -0.361402 0.171760 40 120 255
0.258354 -0.361557 0.171760 40 120 255
0.258570 -0.361672 0.171760 40 120 255
0.258804 -0.361743 0.171760 40 120 255
0.259047 -0.361767 0.171760 40 120 255
0.259291 -0.361743 0.171760 40 120 255
0.259525 -0.361672 0.171760 40 120 255
0.259740 -0.361557 0.171760 40 120 255
0.259929 -0.361402 0.171760 40 120 255
0.260084 -0.361213 0.171760 40 120 255
0.260200 -0.360997 0.171760 40 120 255
0.260271 -0.360763 0.171760 40 120 255
0.259047 -0.360520 0.171629 40 120 255
0.259047 -0.360520 0.171629 40 120 255
0.259047 -0.360520 0.171629 40 120 255
0.259047 -0.360520 0.171629 40 120 255
0.259047 -0.360520 0.171629 40 120 255
0.259047 -0.360520 0.171629 40 120 255
0.259047 -0.360520 0.171629 40 120 255
0.259047 -0.360520 0.171629 40 120 255
0.259047 -0.360520 0.171629 40 120 255
0.259047 -0.360520 0.171629 40 120 255
0.259047 -0.360520 0.171629 40 120 255
0.259047 -0.360520 0.171629 40 120 255
0.259047 -0.360520 0.171629 40 120 255
0.259047 -0.360520 0.171629 40 120 255
0.259047 -0.360520 0.171629 40 120 255
0.259047 -0.360520 0.171629 40 120 255
0.259047 -0.360520 0.171629 40 120 255
0.259047 -0.360520 0.171629 40 120 255
0.259047 -0.360520 0.171629 40 120 255
0.259047 -0.360520 0.171629 40 120 255
0.259047 -0.360520 0.171629 40 120 255
0.259047 -0.360520 0.171629 40 120 255
0.259047 -0.360520 0.171629 40 120 255
0.259047 -0.360520 0.171629 40 120 255
0.259047 -0.360520 0.171629 40 120 255
0.259047 -0.360520 0.171629 40 120 255
0.259047 -0.360520 0.171629 40 120 255
0.259047 -0.360520 0.171629 40 120 255
0.259047 -0.360520 0.171629 40 120 255
0.259047 -0.360520 0.171629 40 120 255
0.259047 -0.360520 0.171629 40 120 255
0.259047 -0.360520 0.171629 40 120 255
0.259047 -0.360520 0.177629 255 80 40
0.258811 -0.359311 0.176592 255 80 40
0.258575 -0.358101 0.175555 255 80 40
0.258339 -0.356892 0.174518 255 80 40
0.258103 -0.355683 0.173482 255 80 40
0.257867 -0.354474 0.172445 255 80 40
0.257630 -0.353265 0.171408 255 80 40
0.257394 -0.352056 0.170371 255 80 40
0.257158 -0.350847 0.169334 255 80 40
0.256922 -0.349637 0.168297 255 80 40
0.256686 -0.348428 0.167260 255 80 40
0.256450 -0.347219 0.166224 255 80 40
0.256214 -0.346010 0.165187 255 80 40
0.255977 -0.344801 0.164150 255 80 40
0.255741 -0.343592 0.163113 255 80 40
0.255505 -0.342382 0.162076 255 80 40
0.255269 -0.341173 0.161039 255 80 40
0.255033 -0.339964 0.160003 255 80 40
0.254797 -0.338755 0.158966 255 80 40
0.254561 -0.337546 0.157929 255 80 40
0.254325 -0.336337 0.156892 255 80 40
0.254088 -0.335127 0.155855 255 80 40
0.253852 -0.333918 0.154818 255 80 40
0.253616 -0.332709 0.153781 255 80 40
0.253380 -0.331500 0.152745 255 80 40
0.253144 -0.330291 0.151708 255 80 40
0.252908 -0.329082 0.150671 255 80 40
0.252672 -0.327872 0.149634 255 80 40
0.252435 -0.326663 0.148597 255 80 40
0.252199 -0.325454 0.147560 255 80 40
0.251963 -0.324245 0.146524 255 80 40
0.251727 -0.323036 0.145487 255 80 40
0.251491 -0.321827 0.144450 255 80 40
0.251255 -0.320618 0.143413 255 80 40
0.251019 -0.319408 0.142376 255 80 40
0.250783 -0.318199 0.141339 255 80 40
0.250546 -0.316990 0.140302 255 80 40
0.250310 -0.315781 0.139266 255 80 40
0.250074 -0.314572 0.138229 255 80 40
0.249838 -0.313363 0.137192 255 80 40
0.249602 -0.312153 0.136155 255 80 40
0.249366 -0.310944 0.135118 255 80 40
0.249130 -0.309735 0.134081 255 80 40
0.248893 -0.308526 0.133044 255 80 40
0.248657 -0.307317 0.132008 255 80 40
0.248421 -0.306108 0.130971 255 80 40
0.248185 -0.304898 0.129934 255 80 40
0.247949 -0.303689 0.128897 255 80 40
0.247713 -0.302480 0.127860 255 80 40
0.247477 -0.301271 0.126823 255 80 40
0.247241 -0.300062 0.125787 255 80 40
0.247004 -0.298853 0.124750 255 80 40
0.246768 -0.297644 0.123713 255 80 40
0.246532 -0.296434 0.122676 255 80 40
0.246296 -0.295225 0.121639 255 80 40
0.246060 -0.294016 0.120602 255 80 40
0.245824 -0.292807 0.119565 255 80 40
0.245588 -0.291598 0.118529 255 80 40
0.245351 -0.290389 0.117492 255 80 40
0.245115 -0.289179 0.116455 255 80 40
0.244879 -0.287970 0.115418 255 80 40
0.244643 -0.286761 0.114381 255 80 40
0.244407 -0.285552 0.113344 255 80 40
0.244171 -0.284343 0.112308 255 80 40
0.243935 -0.283134 0.111271 255 80 40
0.243699 -0.281924 0.110234 255 80 40
0.243462 -0.280715 0.109197 255 80 40
0.243226 -0.279506 0.108160 255 80 40
0.242990 -0.278297 0.107123 255 80 40
0.242754 -0.277088 0.106086 255 80 40
0.242518 -0.275879 0.105050 255 80 40
0.242282 -0.274669 0.104013 255 80 40
0.242046 -0.273460 0.102976 255 80 40
0.241809 -0.272251 0.101939 255 80 40
0.241573 -0.271042 0.100902 255 80 40
0.241337 -0.269833 0.099865 255 80 40
0.241101 -0.268624 0.098829 255 80 40
0.240865 -0.267415 0.097792 255 80 40
0.240629 -0.266205 0.096755 255 80 40
0.240393 -0.264996 0.095718 255 80 40
0.240157 -0.263787 0.094681 255 80 40
0.239920 -0.262578 0.093644 255 80 40
0.239684 -0.261369 0.092607 255 80 40
0.239448 -0.260160 0.091571 255 80 40
0.239212 -0.258950 0.090534 255 80 40
0.238976 -0.257741 0.089497 255 80 40
0.238740 -0.256532 0.088460 255 80 40
0.238504 -0.255323 0.087423 255 80 40
0.238267 -0.254114 0.086386 255 80 40
0.238031 -0.252905 0.085349 255 80 40
0.237795 -0.251695 0.084313 255 80 40
0.237559 -0.250486 0.083276 255 80 40
0.237323 -0.249277 0.082239 255 80 40
0.237087 -0.248068 0.081202 255 80 40
0.236851 -0.246859 0.080165 255 80 40
0.236615 -0.245650 0.079128 255 80 40
0.236378 -0.244440 0.078092 255 80 40
0.236142 -0.243231 0.077055 255 80 40
0.235906 -0.242022 0.076018 255 80 40
0.235670 -0.240813 0.074981 255 80 40
