ply
format ascii 1.0
element vertex 9025
property float x
property float y
property float z
property uchar red
property uchar green
property uchar blue
end_header
0.060182 -0.049154 0.027416 255 80 40
0.059925 -0.048375 0.034025 255 80 40
0.061288 -0.047644 0.039139 255 80 40
0.060332 -0.046616 0.063106 255 80 40
0.060451 -0.043798 0.025235 255 80 40
0.058732 -0.042075 0.034317 255 80 40
0.058283 -0.042807 0.041166 255 80 40
0.058042 -0.042323 0.048912 255 80 40
0.058059 -0.043823 0.056554 255 80 40
0.059675 -0.045235 0.061816 255 80 40
0.058588 -0.039213 0.036623 255 80 40
0.058978 -0.039061 0.040646 255 80 40
0.064849 -0.092228 0.029304 255 80 40
0.063231 -0.091752 0.035537 255 80 40
0.065335 -0.092648 0.041425 255 80 40
0.064314 -0.085372 0.026559 255 80 40
0.062054 -0.087031 0.033931 255 80 40
0.065970 -0.076537 0.026813 255 80 40
0.065649 -0.072177 0.033198 255 80 40
0.066492 -0.071074 0.029190 255 80 40
0.066862 -0.070064 0.033923 255 80 40
0.069730 -0.050200 0.021570 255 80 40
0.066224 -0.051568 0.026472 255 80 40
0.065915 -0.050484 0.033585 255 80 40
0.065624 -0.048386 0.041390 255 80 40
0.064876 -0.047991 0.049205 255 80 40
0.065268 -0.048222 0.058120 255 80 40
0.064192 -0.048272 0.065099 255 80 40
0.067681 -0.048542 0.071476 255 80 40
0.069520 -0.044390 0.020917 255 80 40
0.066077 -0.043427 0.025090 255 80 40
0.066648 -0.040877 0.034449 255 80 40
0.066377 -0.040593 0.041496 255 80 40
0.065658 -0.040625 0.049180 255 80 40
0.064720 -0.042075 0.057225 255 80 40
0.065076 -0.043729 0.065654 255 80 40
0.073209 -0.101234 0.021962 255 80 40
0.070648 -0.099758 0.027576 255 80 40
0.071733 -0.096660 0.033406 255 80 40
0.072259 -0.092457 0.021611 255 80 40
0.068326 -0.093824 0.026297 255 80 40
0.070774 -0.095428 0.037527 255 80 40
0.069955 -0.093372 0.043600 255 80 40
0.072818 -0.090949 0.049380 255 80 40
0.072570 -0.087052 0.023020 255 80 40
0.072161 -0.083761 0.024422 255 80 40
0.068861 -0.085603 0.038914 255 80 40
0.072549 -0.083694 0.043735 255 80 40
0.074238 -0.086674 0.049520 255 80 40
0.072701 -0.076678 0.026763 255 80 40
0.068480 -0.073505 0.037001 255 80 40
0.073187 -0.075897 0.043251 255 80 40
0.073629 -0.076798 0.076748 255 80 40
0.073543 -0.069999 0.028834 255 80 40
0.070658 -0.067507 0.036531 255 80 40
0.071826 -0.068194 0.041919 255 80 40
0.075134 -0.068476 0.049378 255 80 40
0.075629 -0.059538 0.020846 255 80 40
0.074987 -0.058634 0.024642 255 80 40
0.076005 -0.063509 0.034990 255 80 40
0.073419 -0.063505 0.044043 255 80 40
0.076013 -0.062801 0.048336 255 80 40
0.074997 -0.053611 0.018966 255 80 40
0.072978 -0.054069 0.027531 255 80 40
0.073980 -0.050167 0.034131 255 80 40
0.072041 -0.048471 0.043528 255 80 40
0.072901 -0.049270 0.051212 255 80 40
0.072301 -0.050256 0.058364 255 80 40
0.072183 -0.050567 0.066236 255 80 40
0.069938 -0.049595 0.071104 255 80 40
0.074486 -0.044830 0.018599 255 80 40
0.074555 -0.041564 0.026270 255 80 40
0.074894 -0.042100 0.034372 255 80 40
0.074807 -0.044522 0.042596 255 80 40
0.073844 -0.042384 0.049913 255 80 40
0.073262 -0.043223 0.058115 255 80 40
0.072743 -0.044959 0.065728 255 80 40
0.071497 -0.046538 0.070644 255 80 40
0.078152 -0.040484 0.020026 255 80 40
0.070895 -0.223164 0.086528 255 80 40
0.072894 -0.216195 0.059401 255 80 40
0.071909 -0.217679 0.064793 255 80 40
0.070191 -0.218284 0.072317 255 80 40
0.070935 -0.221657 0.079873 255 80 40
0.070422 -0.222481 0.086204 255 80 40
0.072900 -0.209866 0.051004 255 80 40
0.071725 -0.211764 0.056473 255 80 40
0.070493 -0.211514 0.064069 255 80 40
0.070178 -0.210705 0.071286 255 80 40
0.068542 -0.212933 0.077645 255 80 40
0.074357 -0.202506 0.043630 255 80 40
0.072785 -0.204088 0.048510 255 80 40
0.070682 -0.204635 0.056463 255 80 40
0.071571 -0.206360 0.063201 255 80 40
0.074558 -0.198472 0.042843 255 80 40
0.073156 -0.200223 0.046651 255 80 40
0.075422 -0.178974 0.055920 255 80 40
0.075022 -0.183171 0.061034 255 80 40
0.076004 -0.175369 0.052452 255 80 40
0.076842 -0.152691 0.063932 255 80 40
0.075981 -0.154116 0.070689 255 80 40
0.075542 -0.154972 0.079439 255 80 40
0.075793 -0.152576 0.084996 255 80 40
0.077118 -0.148463 0.061274 255 80 40
0.075982 -0.149515 0.071142 255 80 40
0.075888 -0.148918 0.077918 255 80 40
0.075961 -0.150580 0.084501 255 80 40
0.080586 -0.110052 0.013744 255 80 40
0.078416 -0.107369 0.019428 255 80 40
0.080966 -0.101880 0.014226 255 80 40
0.078238 -0.101434 0.020132 255 80 40
0.078888 -0.099156 0.028079 255 80 40
0.082563 -0.097769 0.016335 255 80 40
0.079781 -0.094198 0.019351 255 80 40
0.081297 -0.096362 0.031034 255 80 40
0.077901 -0.094544 0.036022 255 80 40
0.076823 -0.091813 0.045859 255 80 40
0.075332 -0.090054 0.050741 255 80 40
0.080263 -0.086591 0.022471 255 80 40
0.078274 -0.082958 0.024420 255 80 40
0.080260 -0.084459 0.045460 255 80 40
0.076806 -0.084349 0.050178 255 80 40
0.076770 -0.080059 0.075412 255 80 40
0.083225 -0.077245 0.022676 255 80 40
0.079483 -0.076218 0.025663 255 80 40
0.078121 -0.076046 0.047151 255 80 40
0.078774 -0.075986 0.051495 255 80 40
0.079507 -0.074025 0.069429 255 80 40
0.077004 -0.076110 0.076343 255 80 40
0.080270 -0.076526 0.079843 255 80 40
0.084289 -0.068102 0.014694 255 80 40
0.082304 -0.069508 0.018897 255 80 40
0.078245 -0.071546 0.025986 255 80 40
0.077529 -0.065960 0.032616 255 80 40
0.078747 -0.068451 0.053568 255 80 40
0.083699 -0.066327 0.055551 255 80 40
0.080456 -0.068137 0.068941 255 80 40
0.078264 -0.068413 0.074388 255 80 40
0.084289 -0.061034 0.013041 255 80 40
0.079291 -0.064148 0.018553 255 80 40
0.080096 -0.061561 0.024869 255 80 40
0.080712 -0.062493 0.051946 255 80 40
0.083657 -0.063728 0.055818 255 80 40
0.083085 -0.053239 0.013221 255 80 40
0.082938 -0.053607 0.019333 255 80 40
0.080668 -0.053088 0.026470 255 80 40
0.083930 -0.050000 0.043739 255 80 40
0.082041 -0.049767 0.051519 255 80 40
0.080205 -0.049888 0.058455 255 80 40
0.078219 -0.049775 0.064290 255 80 40
0.084166 -0.045496 0.012741 255 80 40
0.083554 -0.044890 0.018809 255 80 40
0.081498 -0.044455 0.025996 255 80 40
0.079109 -0.043814 0.034599 255 80 40
0.080561 -0.047058 0.043495 255 80 40
0.080130 -0.044663 0.050638 255 80 40
0.081950 -0.045209 0.057656 255 80 40
0.077020 -0.046304 0.064077 255 80 40
0.082851 -0.041013 0.017775 255 80 40
0.075254 -0.249249 0.059443 255 80 40
0.074058 -0.249282 0.066090 255 80 40
0.076303 -0.250908 0.074096 255 80 40
0.077033 -0.251437 0.079536 255 80 40
0.078123 -0.242843 0.043973 255 80 40
0.076188 -0.243299 0.050386 255 80 40
0.075361 -0.243964 0.057585 255 80 40
0.074520 -0.244451 0.065674 255 80 40
0.076604 -0.244404 0.073168 255 80 40
0.077191 -0.245530 0.080695 255 80 40
0.079575 -0.235710 0.035750 255 80 40
0.077741 -0.236745 0.041681 255 80 40
0.076169 -0.236267 0.049657 255 80 40
0.076272 -0.237149 0.057058 255 80 40
0.076605 -0.239378 0.064728 255 80 40
0.081410 -0.227768 0.028952 255 80 40
0.079365 -0.230283 0.033651 255 80 40
0.079183 -0.229725 0.040761 255 80 40
0.079178 -0.231375 0.048249 255 80 40
0.074350 -0.223378 0.084121 255 80 40
0.074778 -0.224268 0.091204 255 80 40
0.075364 -0.225025 0.097021 255 80 40
0.076509 -0.226015 0.105558 255 80 40
0.076624 -0.224441 0.113775 255 80 40
0.081501 -0.224980 0.028491 255 80 40
0.079956 -0.224556 0.032504 255 80 40
0.075429 -0.216673 0.059469 255 80 40
0.075730 -0.217665 0.064582 255 80 40
0.075026 -0.218710 0.073201 255 80 40
0.074260 -0.219792 0.081042 255 80 40
0.074081 -0.219349 0.087276 255 80 40
0.074817 -0.218203 0.098056 255 80 40
0.075773 -0.218391 0.105059 255 80 40
0.076642 -0.219172 0.110215 255 80 40
0.079015 -0.209984 0.042385 255 80 40
0.077386 -0.211436 0.049703 255 80 40
0.076314 -0.212205 0.057013 255 80 40
0.073758 -0.212966 0.065151 255 80 40
0.072877 -0.212957 0.072873 255 80 40
0.073586 -0.211729 0.080666 255 80 40
0.074208 -0.211840 0.088062 255 80 40
0.075461 -0.212566 0.095494 255 80 40
0.077063 -0.213738 0.104221 255 80 40
0.080653 -0.204278 0.034873 255 80 40
0.078275 -0.205062 0.040474 255 80 40
0.075852 -0.205013 0.048013 255 80 40
0.074998 -0.204334 0.055705 255 80 40
0.075285 -0.204947 0.065113 255 80 40
0.074882 -0.206400 0.072648 255 80 40
0.074655 -0.207176 0.078410 255 80 40
0.080202 -0.200691 0.089364 255 80 40
0.082948 -0.197620 0.026846 255 80 40
0.080507 -0.197318 0.032682 255 80 40
0.078972 -0.197581 0.039804 255 80 40
0.078395 -0.198967 0.047151 255 80 40
0.076832 -0.200130 0.053266 255 80 40
0.078226 -0.192918 0.065780 255 80 40
0.078256 -0.194338 0.072774 255 80 40
0.079283 -0.195734 0.080645 255 80 40
0.079823 -0.194767 0.088893 255 80 40
0.080563 -0.194564 0.093404 255 80 40
0.082810 -0.190883 0.025522 255 80 40
0.081869 -0.192572 0.031056 255 80 40
0.079471 -0.185957 0.049449 255 80 40
0.077136 -0.186889 0.056224 255 80 40
0.077202 -0.188060 0.063750 255 80 40
0.076582 -0.187738 0.071955 255 80 40
0.078737 -0.187000 0.080317 255 80 40
0.080085 -0.187904 0.086022 255 80 40
0.080940 -0.190291 0.093084 255 80 40
0.083595 -0.178116 0.034702 255 80 40
0.080083 -0.179704 0.040473 255 80 40
0.078257 -0.181410 0.047496 255 80 40
0.077652 -0.180340 0.055855 255 80 40
0.078764 -0.179779 0.062791 255 80 40
0.079447 -0.181913 0.071082 255 80 40
0.079782 -0.183201 0.077127 255 80 40
0.085465 -0.170690 0.026147 255 80 40
0.082967 -0.173593 0.032068 255 80 40
0.079861 -0.173265 0.039344 255 80 40
0.080397 -0.172527 0.047250 255 80 40
0.079378 -0.174793 0.055259 255 80 40
0.079324 -0.176196 0.060475 255 80 40
0.085143 -0.166181 0.025839 255 80 40
0.083623 -0.166027 0.030936 255 80 40
0.082284 -0.166394 0.038259 255 80 40
0.082232 -0.168867 0.043671 255 80 40
0.077976 -0.160548 0.073999 255 80 40
0.077286 -0.160711 0.079226 255 80 40
0.077058 -0.160948 0.086110 255 80 40
0.078286 -0.161209 0.094510 255 80 40
0.080974 -0.161783 0.104126 255 80 40
0.086008 -0.160987 0.025565 255 80 40
0.084344 -0.156855 0.040704 255 80 40
0.082817 -0.154339 0.048079 255 80 40
0.080516 -0.155030 0.054860 255 80 40
0.079534 -0.155847 0.062599 255 80 40
0.077967 -0.157634 0.069393 255 80 40
0.076391 -0.158919 0.075312 255 80 40
0.076535 -0.155413 0.087887 255 80 40
0.077456 -0.154591 0.094398 255 80 40
0.080053 -0.154112 0.102985 255 80 40
0.082314 -0.154744 0.109022 255 80 40
0.084984 -0.148278 0.039601 255 80 40
0.081715 -0.148495 0.046905 255 80 40
0.081015 -0.147744 0.055304 255 80 40
0.081853 -0.147749 0.062324 255 80 40
0.080043 -0.147652 0.069968 255 80 40
0.078434 -0.148053 0.079399 255 80 40
0.078705 -0.148762 0.084992 255 80 40
0.078684 -0.149878 0.095042 255 80 40
0.081030 -0.150129 0.102144 255 80 40
0.085832 -0.140932 0.039164 255 80 40
0.083353 -0.142598 0.046133 255 80 40
0.082036 -0.142929 0.053247 255 80 40
0.081204 -0.143943 0.059318 255 80 40
0.088944 -0.131084 0.000598 255 80 40
0.089365 -0.126097 0.000347 255 80 40
0.087888 -0.124595 0.005655 255 80 40
0.090074 -0.119518 0.001481 255 80 40
0.086666 -0.119830 0.006534 255 80 40
0.085647 -0.117276 0.010462 255 80 40
0.087267 -0.110259 0.007376 255 80 40
0.085943 -0.111630 0.013905 255 80 40
0.086140 -0.107613 0.019764 255 80 40
0.090402 -0.106009 0.008996 255 80 40
0.087116 -0.101442 0.012647 255 80 40
0.088621 -0.101820 0.022525 255 80 40
0.085024 -0.100264 0.026604 255 80 40
0.088702 -0.095225 0.014508 255 80 40
0.088604 -0.093660 0.020170 255 80 40
0.086061 -0.094170 0.027783 255 80 40
0.083367 -0.092108 0.033134 255 80 40
0.090870 -0.086439 0.014191 255 80 40
0.087785 -0.085721 0.019118 255 80 40
0.086504 -0.088306 0.029848 255 80 40
0.083592 -0.082282 0.042275 255 80 40
0.091504 -0.078840 0.013489 255 80 40
0.086528 -0.078229 0.019185 255 80 40
0.088237 -0.076420 0.045237 255 80 40
0.086775 -0.073868 0.049988 255 80 40
0.088238 -0.073096 0.063955 255 80 40
0.086168 -0.075246 0.068002 255 80 40
0.085708 -0.076162 0.076388 255 80 40
0.088967 -0.069559 0.012776 255 80 40
0.088109 -0.071590 0.053145 255 80 40
0.087077 -0.069164 0.059822 255 80 40
0.086559 -0.067670 0.066899 255 80 40
0.086999 -0.068359 0.074848 255 80 40
0.090708 -0.062425 0.012145 255 80 40
0.089281 -0.060659 0.017620 255 80 40
0.085707 -0.060906 0.053604 255 80 40
0.087222 -0.060634 0.058868 255 80 40
0.088689 -0.061804 0.067351 255 80 40
0.092882 -0.054321 0.006740 255 80 40
0.091204 -0.055724 0.010721 255 80 40
0.087931 -0.054432 0.017498 255 80 40
0.085700 -0.051065 0.044092 255 80 40
0.086313 -0.051311 0.051813 255 80 40
0.087579 -0.051307 0.058662 255 80 40
0.093078 -0.048014 0.005537 255 80 40
0.090126 -0.046687 0.010591 255 80 40
0.087956 -0.046267 0.015682 255 80 40
0.088264 -0.041477 0.043864 255 80 40
0.090335 -0.042657 0.051237 255 80 40
0.088600 -0.046041 0.058514 255 80 40
0.092092 -0.041038 0.043818 255 80 40
0.068414 -0.488919 0.054590 255 80 40
0.068666 -0.491008 0.058778 255 80 40
0.068938 -0.483704 0.043950 255 80 40
0.067037 -0.484928 0.050583 255 80 40
0.067947 -0.484570 0.058920 255 80 40
0.070643 -0.475236 0.037320 255 80 40
0.067838 -0.477289 0.041766 255 80 40
0.066418 -0.476535 0.050614 255 80 40
0.069317 -0.476773 0.056784 255 80 40
0.070252 -0.469204 0.036155 255 80 40
0.068238 -0.469988 0.041829 255 80 40
0.069335 -0.469066 0.049956 255 80 40
0.070935 -0.470039 0.054146 255 80 40
0.071481 -0.461809 0.033844 255 80 40
0.070796 -0.461098 0.040421 255 80 40
0.070908 -0.464376 0.047697 255 80 40
0.072882 -0.457148 0.033270 255 80 40
0.072924 -0.457331 0.037778 255 80 40
0.084439 -0.274822 0.053311 255 80 40
0.082953 -0.276661 0.059347 255 80 40
0.082511 -0.278711 0.064585 255 80 40
0.084932 -0.268057 0.045782 255 80 40
0.083490 -0.269444 0.050782 255 80 40
0.081252 -0.270968 0.058637 255 80 40
0.086631 -0.260183 0.037571 255 80 40
0.085503 -0.263099 0.041317 255 80 40
0.084628 -0.262664 0.046974 255 80 40
0.080965 -0.256550 0.084791 255 80 40
0.081346 -0.257185 0.089849 255 80 40
0.082888 -0.256679 0.098108 255 80 40
0.086920 -0.257515 0.038131 255 80 40
0.080079 -0.249348 0.060583 255 80 40
0.080177 -0.250948 0.066267 255 80 40
0.079414 -0.253536 0.074870 255 80 40
0.079346 -0.253591 0.081442 255 80 40
0.079542 -0.251845 0.089861 255 80 40
0.081707 -0.252880 0.097844 255 80 40
0.083727 -0.253816 0.104002 255 80 40
0.083630 -0.242351 0.043190 255 80 40
0.082094 -0.244136 0.049849 255 80 40
0.081855 -0.245245 0.057583 255 80 40
0.081014 -0.244285 0.064757 255 80 40
0.079341 -0.242203 0.070047 255 80 40
0.077947 -0.246178 0.084711 255 80 40
0.079860 -0.247052 0.091133 255 80 40
0.085167 -0.234508 0.028652 255 80 40
0.085239 -0.237078 0.034416 255 80 40
0.083790 -0.237851 0.041227 255 80 40
0.082919 -0.237174 0.049512 255 80 40
0.080753 -0.238356 0.057112 255 80 40
0.079579 -0.239832 0.063727 255 80 40
0.082470 -0.232428 0.123642 255 80 40
0.083439 -0.231268 0.128494 255 80 40
0.087840 -0.228170 0.020855 255 80 40
0.086619 -0.229914 0.025783 255 80 40
0.084995 -0.229424 0.034074 255 80 40
0.083179 -0.229591 0.041368 255 80 40
0.081939 -0.232170 0.047306 255 80 40
0.078304 -0.227830 0.105319 255 80 40
0.078553 -0.228926 0.114280 255 80 40
0.079221 -0.227562 0.120555 255 80 40
0.082637 -0.226407 0.129672 255 80 40
0.088391 -0.221182 0.019039 255 80 40
0.086028 -0.222582 0.025128 255 80 40
0.086181 -0.223437 0.032276 255 80 40
0.078660 -0.217309 0.115758 255 80 40
0.080167 -0.219298 0.122099 255 80 40
0.083031 -0.220522 0.128122 255 80 40
0.089195 -0.216700 0.017940 255 80 40
0.089979 -0.217494 0.024720 255 80 40
0.083224 -0.210000 0.043008 255 80 40
0.082460 -0.210713 0.045311 255 80 40
0.085863 -0.207239 0.112766 255 80 40
0.088093 -0.203013 0.027558 255 80 40
0.086267 -0.205063 0.032725 255 80 40
0.084690 -0.206232 0.040593 255 80 40
0.083247 -0.206320 0.046597 255 80 40
0.081113 -0.202097 0.096555 255 80 40
0.082793 -0.202872 0.105732 255 80 40
0.085186 -0.203644 0.113707 255 80 40
0.086471 -0.200076 0.118325 255 80 40
0.090472 -0.197406 0.019131 255 80 40
0.088028 -0.197806 0.024317 255 80 40
0.087258 -0.198316 0.032636 255 80 40
0.084403 -0.198071 0.039877 255 80 40
0.081324 -0.195433 0.097271 255 80 40
0.083001 -0.194453 0.104851 255 80 40
0.084787 -0.195367 0.111506 255 80 40
0.086769 -0.195436 0.117740 255 80 40
0.092853 -0.187988 0.012303 255 80 40
0.090055 -0.190630 0.017122 255 80 40
0.086959 -0.190111 0.023458 255 80 40
0.087494 -0.191268 0.029608 255 80 40
0.082820 -0.185932 0.081506 255 80 40
0.082763 -0.186401 0.087967 255 80 40
0.081873 -0.189151 0.095250 255 80 40
0.083920 -0.190288 0.103412 255 80 40
0.085932 -0.190744 0.110115 255 80 40
0.093121 -0.184182 0.011689 255 80 40
0.090716 -0.184671 0.016964 255 80 40
0.088765 -0.185863 0.021525 255 80 40
0.084311 -0.177677 0.047891 255 80 40
0.089279 -0.172225 0.023999 255 80 40
0.087852 -0.173469 0.030150 255 80 40
0.086886 -0.170977 0.039729 255 80 40
0.094611 -0.163541 0.011237 255 80 40
0.091796 -0.165720 0.015955 255 80 40
0.089221 -0.166039 0.022264 255 80 40
0.089812 -0.165320 0.032062 255 80 40
0.086988 -0.167042 0.037487 255 80 40
0.082642 -0.164283 0.106881 255 80 40
0.084299 -0.162455 0.111633 255 80 40
0.087828 -0.162506 0.117783 255 80 40
0.094884 -0.159529 0.010771 255 80 40
0.092834 -0.158834 0.015797 255 80 40
0.090334 -0.158926 0.023330 255 80 40
0.089583 -0.160305 0.028184 255 80 40
0.084391 -0.154683 0.112251 255 80 40
0.087837 -0.156096 0.117394 255 80 40
0.095225 -0.154230 0.012780 255 80 40
0.091969 -0.148190 0.031131 255 80 40
0.088980 -0.149494 0.036916 255 80 40
0.088304 -0.148563 0.048034 255 80 40
0.086584 -0.148081 0.052491 255 80 40
0.096047 -0.141129 -0.005602 255 80 40
0.096902 -0.141913 -0.004371 255 80 40
0.093952 -0.141697 0.024329 255 80 40
0.090522 -0.142071 0.030111 255 80 40
0.090755 -0.140029 0.038337 255 80 40
0.089147 -0.142576 0.044794 255 80 40
0.087022 -0.143987 0.051197 255 80 40
0.091747 -0.137016 0.087291 255 80 40
0.092486 -0.136858 0.091896 255 80 40
0.096170 -0.135748 -0.007125 255 80 40
0.093220 -0.135284 -0.001336 255 80 40
0.094026 -0.132295 0.003091 255 80 40
0.094958 -0.135618 0.023944 255 80 40
0.092826 -0.135707 0.030741 255 80 40
0.091819 -0.136875 0.036584 255 80 40
0.089178 -0.130055 0.063755 255 80 40
0.089256 -0.131553 0.071199 255 80 40
0.089178 -0.132420 0.077378 255 80 40
0.090476 -0.132138 0.086449 255 80 40
0.092060 -0.132746 0.092300 255 80 40
0.093464 -0.127897 -0.003220 255 80 40
0.093905 -0.127016 0.006732 255 80 40
0.095447 -0.122417 0.040593 255 80 40
0.092968 -0.124324 0.046172 255 80 40
0.090199 -0.124786 0.053315 255 80 40
0.089466 -0.124057 0.062186 255 80 40
0.091577 -0.123812 0.070334 255 80 40
0.091056 -0.123476 0.078183 255 80 40
0.091452 -0.125058 0.086519 255 80 40
0.092645 -0.126133 0.092055 255 80 40
0.094394 -0.120583 0.000068 255 80 40
0.092835 -0.118175 0.004756 255 80 40
0.094038 -0.118618 0.012398 255 80 40
0.095921 -0.118278 0.039617 255 80 40
0.093519 -0.116821 0.046022 255 80 40
0.091713 -0.117012 0.053822 255 80 40
0.092288 -0.117216 0.061150 255 80 40
0.092212 -0.119460 0.069349 255 80 40
0.091987 -0.119740 0.074278 255 80 40
0.099287 -0.108516 0.001567 255 80 40
0.095239 -0.111127 0.004391 255 80 40
0.093783 -0.110867 0.015265 255 80 40
0.091927 -0.108610 0.018350 255 80 40
0.096891 -0.113523 0.040018 255 80 40
0.096151 -0.112935 0.044466 255 80 40
0.095429 -0.113543 0.049804 255 80 40
0.096353 -0.103854 0.005635 255 80 40
0.095118 -0.101838 0.012022 255 80 40
0.091760 -0.103130 0.018072 255 80 40
0.097399 -0.094988 0.006196 255 80 40
0.094997 -0.095268 0.012487 255 80 40
0.091950 -0.094883 0.017446 255 80 40
0.100885 -0.084023 -0.005277 255 80 40
0.097579 -0.087999 0.007380 255 80 40
0.095298 -0.086830 0.011364 255 80 40
0.093826 -0.086665 0.017933 255 80 40
0.100965 -0.083323 -0.005230 255 80 40
0.100495 -0.081246 0.008475 255 80 40
0.098091 -0.078375 0.011724 255 80 40
0.097747 -0.081577 0.016741 255 80 40
0.094454 -0.074732 0.045020 255 80 40
0.092337 -0.073354 0.065537 255 80 40
0.098159 -0.070280 0.011437 255 80 40
0.098833 -0.069776 0.017229 255 80 40
0.100106 -0.073866 0.028444 255 80 40
0.098714 -0.073259 0.044843 255 80 40
0.095487 -0.072179 0.052725 255 80 40
0.094907 -0.071650 0.059849 255 80 40
0.094912 -0.068853 0.068101 255 80 40
0.091374 -0.070027 0.072596 255 80 40
0.099317 -0.061932 0.006445 255 80 40
0.096638 -0.063777 0.010684 255 80 40
0.097634 -0.059853 0.062301 255 80 40
0.093744 -0.062410 0.066021 255 80 40
0.102096 -0.054633 -0.002867 255 80 40
0.099475 -0.055409 0.003454 255 80 40
0.096041 -0.055145 0.008549 255 80 40
0.100008 -0.056417 0.054828 255 80 40
0.096470 -0.054474 0.057697 255 80 40
0.101743 -0.051018 -0.001766 255 80 40
0.098767 -0.050219 0.001806 255 80 40
0.096291 -0.050187 0.007437 255 80 40
0.098227 -0.041940 0.046700 255 80 40
0.097501 -0.044029 0.051676 255 80 40
0.097215 -0.048183 0.056667 255 80 40
0.099869 -0.041635 0.038937 255 80 40
0.097548 -0.041187 0.042700 255 80 40
0.074098 -0.522301 0.067506 255 80 40
0.075373 -0.514592 0.062742 255 80 40
0.073440 -0.517109 0.068011 255 80 40
0.074159 -0.514644 0.073083 255 80 40
0.075503 -0.508948 0.061875 255 80 40
0.072578 -0.508377 0.067274 255 80 40
0.073417 -0.509123 0.073033 255 80 40
0.076805 -0.498861 0.052333 255 80 40
0.074648 -0.500882 0.059655 255 80 40
0.072811 -0.500929 0.067376 255 80 40
0.073334 -0.503107 0.071701 255 80 40
0.077482 -0.490256 0.036440 255 80 40
0.075870 -0.493165 0.043203 255 80 40
0.072977 -0.492814 0.050874 255 80 40
0.071337 -0.493910 0.057704 255 80 40
0.072728 -0.492815 0.066373 255 80 40
0.076304 -0.485351 0.035275 255 80 40
0.073027 -0.486477 0.041011 255 80 40
0.070622 -0.488534 0.048679 255 80 40
0.074402 -0.482699 0.061553 255 80 40
0.073383 -0.485974 0.063938 255 80 40
0.079044 -0.478489 0.029835 255 80 40
0.075084 -0.477538 0.034195 255 80 40
0.072363 -0.481512 0.039230 255 80 40
0.078953 -0.474266 0.053721 255 80 40
0.075435 -0.477066 0.058154 255 80 40
0.079242 -0.469529 0.028861 255 80 40
0.074751 -0.469724 0.033514 255 80 40
0.077255 -0.468220 0.052414 255 80 40
0.074918 -0.470814 0.055115 255 80 40
0.077815 -0.461966 0.027990 255 80 40
0.074399 -0.462360 0.031374 255 80 40
0.077128 -0.458600 0.044396 255 80 40
0.076217 -0.462289 0.048547 255 80 40
0.077584 -0.454739 0.027178 255 80 40
0.075429 -0.453868 0.033782 255 80 40
0.077952 -0.454646 0.040805 255 80 40
0.080908 -0.448137 0.028198 255 80 40
0.080933 -0.448590 0.033652 255 80 40
0.091771 -0.291648 0.036810 255 80 40
0.090312 -0.292036 0.044465 255 80 40
0.090054 -0.294187 0.049110 255 80 40
0.090525 -0.288920 0.086338 255 80 40
0.089996 -0.288884 0.091785 255 80 40
0.092505 -0.286413 0.028944 255 80 40
0.091080 -0.287855 0.035610 255 80 40
0.084887 -0.281329 0.062589 255 80 40
0.087273 -0.282698 0.066877 255 80 40
0.088387 -0.283636 0.075532 255 80 40
0.088130 -0.284432 0.084991 255 80 40
0.088985 -0.284760 0.091235 255 80 40
0.089980 -0.286605 0.098399 255 80 40
0.093671 -0.280325 0.022738 255 80 40
0.092461 -0.281340 0.026526 255 80 40
0.088684 -0.274801 0.051784 255 80 40
0.088333 -0.276695 0.059153 255 80 40
0.088075 -0.276922 0.066734 255 80 40
0.086125 -0.277066 0.074992 255 80 40
0.087331 -0.279452 0.082178 255 80 40
0.090964 -0.267652 0.036766 255 80 40
0.090004 -0.269221 0.043842 255 80 40
0.090104 -0.270040 0.051367 255 80 40
0.088332 -0.270223 0.059096 255 80 40
0.087628 -0.271871 0.064795 255 80 40
0.089714 -0.265077 0.108216 255 80 40
0.089769 -0.265311 0.114304 255 80 40
0.089990 -0.264308 0.120295 255 80 40
0.093055 -0.262207 0.028565 255 80 40
0.090728 -0.262267 0.035120 255 80 40
0.090634 -0.261675 0.043138 255 80 40
0.089368 -0.264415 0.050352 255 80 40
0.085341 -0.258769 0.092240 255 80 40
0.085125 -0.259927 0.098754 255 80 40
0.087017 -0.260439 0.108346 255 80 40
0.088166 -0.259729 0.114483 255 80 40
0.089932 -0.260671 0.121229 255 80 40
0.094549 -0.253467 0.020379 255 80 40
0.092111 -0.254300 0.026764 255 80 40
0.090974 -0.255137 0.034201 255 80 40
0.091292 -0.257399 0.040767 255 80 40
0.085158 -0.253859 0.107713 255 80 40
0.087854 -0.254095 0.113568 255 80 40
0.096444 -0.245285 0.012525 255 80 40
0.095137 -0.247163 0.018538 255 80 40
0.093674 -0.248831 0.025159 255 80 40
0.090674 -0.239275 0.135262 255 80 40
0.096905 -0.242058 0.012044 255 80 40
0.087370 -0.236473 0.130530 255 80 40
0.089057 -0.234541 0.138814 255 80 40
0.091053 -0.232297 0.143345 255 80 40
0.092897 -0.228810 0.020349 255 80 40
0.092400 -0.230076 0.024464 255 80 40
0.089630 -0.232202 0.030986 255 80 40
0.085219 -0.223401 0.133399 255 80 40
0.088278 -0.225993 0.137410 255 80 40
0.090917 -0.228012 0.142663 255 80 40
0.095204 -0.222094 0.012706 255 80 40
0.094578 -0.223323 0.017470 255 80 40
0.092863 -0.223742 0.025455 255 80 40
0.086039 -0.221673 0.131777 255 80 40
0.096651 -0.215230 0.010509 255 80 40
0.095037 -0.214270 0.017530 255 80 40
0.092133 -0.216724 0.023533 255 80 40
0.087385 -0.208644 0.113797 255 80 40
0.090780 -0.209378 0.121458 255 80 40
0.093240 -0.209016 0.126362 255 80 40
0.098145 -0.208566 0.009645 255 80 40
0.098100 -0.210418 0.015211 255 80 40
0.088346 -0.203682 0.121312 255 80 40
0.092157 -0.202272 0.128277 255 80 40
0.098026 -0.195988 0.011994 255 80 40
0.095438 -0.197750 0.016620 255 80 40
0.093733 -0.198215 0.024175 255 80 40
0.088427 -0.194189 0.120245 255 80 40
0.092109 -0.196938 0.128486 255 80 40
0.100994 -0.189128 0.004300 255 80 40
0.097521 -0.191004 0.009113 255 80 40
0.097002 -0.191382 0.016366 255 80 40
0.094487 -0.192194 0.022400 255 80 40
0.101290 -0.184455 0.003465 255 80 40
0.097961 -0.183514 0.008207 255 80 40
0.096682 -0.184276 0.015043 255 80 40
0.101229 -0.178831 0.003962 255 80 40
0.101324 -0.179593 0.007333 255 80 40
0.091756 -0.168063 0.120156 255 80 40
0.095569 -0.168192 0.125301 255 80 40
0.096078 -0.163953 0.010211 255 80 40
0.096658 -0.166147 0.017112 255 80 40
0.095447 -0.164678 0.022220 255 80 40
0.091356 -0.163148 0.121859 255 80 40
0.094087 -0.162630 0.124762 255 80 40
0.104041 -0.156844 -0.008112 255 80 40
0.102655 -0.158746 0.002546 255 80 40
0.098727 -0.159321 0.007927 255 80 40
0.099419 -0.158681 0.015872 255 80 40
0.096678 -0.158825 0.021530 255 80 40
0.092565 -0.156063 0.121738 255 80 40
0.096396 -0.156242 0.124630 255 80 40
0.104985 -0.149009 -0.012580 255 80 40
0.102598 -0.151526 -0.008031 255 80 40
0.102668 -0.153016 0.000629 255 80 40
0.101061 -0.151531 0.007442 255 80 40
0.098921 -0.152699 0.013847 255 80 40
0.095805 -0.154420 0.019538 255 80 40
0.101339 -0.144909 -0.009385 255 80 40
0.101370 -0.144334 -0.001393 255 80 40
0.104450 -0.147957 0.004151 255 80 40
0.100624 -0.141104 0.017180 255 80 40
0.096909 -0.139453 0.020098 255 80 40
0.097243 -0.142296 0.031375 255 80 40
0.095629 -0.140294 0.034932 255 80 40
0.093691 -0.137074 0.095400 255 80 40
0.096873 -0.138366 0.102069 255 80 40
0.099791 -0.136499 0.108162 255 80 40
0.102550 -0.136052 -0.008488 255 80 40
0.101090 -0.139229 0.001659 255 80 40
0.099778 -0.134369 0.004207 255 80 40
0.101287 -0.134573 0.015281 255 80 40
0.100696 -0.134459 0.023286 255 80 40
0.098846 -0.136234 0.029512 255 80 40
0.094006 -0.131345 0.097214 255 80 40
0.096660 -0.132287 0.102657 255 80 40
0.100063 -0.133130 0.108592 255 80 40
0.104823 -0.130094 -0.006752 255 80 40
0.100111 -0.127030 -0.004393 255 80 40
0.098773 -0.127376 0.006965 255 80 40
0.103025 -0.129809 0.016491 255 80 40
0.102383 -0.130084 0.021332 255 80 40
0.096819 -0.122849 0.038696 255 80 40
0.094774 -0.126191 0.073222 255 80 40
0.094869 -0.125457 0.078162 255 80 40
0.095448 -0.125249 0.086705 255 80 40
0.095648 -0.125082 0.093289 255 80 40
0.097572 -0.126910 0.100062 255 80 40
0.106337 -0.121245 -0.006110 255 80 40
0.101653 -0.119763 -0.001737 255 80 40
0.105359 -0.115678 0.025368 255 80 40
0.101484 -0.117453 0.030385 255 80 40
0.098390 -0.117898 0.036118 255 80 40
0.100861 -0.115489 0.047102 255 80 40
0.097857 -0.116316 0.054157 255 80 40
0.096820 -0.116650 0.059210 255 80 40
0.106863 -0.115148 -0.005945 255 80 40
0.103974 -0.112226 -0.001640 255 80 40
0.105609 -0.112415 0.024822 255 80 40
0.103111 -0.110371 0.030009 255 80 40
0.101365 -0.110616 0.037746 255 80 40
0.099780 -0.111649 0.044138 255 80 40
0.098666 -0.112640 0.057813 255 80 40
0.098668 -0.111341 0.058752 255 80 40
0.102408 -0.106077 0.071510 255 80 40
0.102324 -0.105969 0.078287 255 80 40
0.102913 -0.106010 0.082698 255 80 40
0.104235 -0.103590 -0.000793 255 80 40
0.103399 -0.101617 0.004409 255 80 40
0.105507 -0.106511 0.029843 255 80 40
0.104005 -0.101018 0.055690 255 80 40
0.102786 -0.101759 0.061023 255 80 40
0.102444 -0.101404 0.070130 255 80 40
0.103010 -0.101434 0.077534 255 80 40
0.103567 -0.102330 0.082760 255 80 40
0.105962 -0.096312 -0.000476 255 80 40
0.103445 -0.096158 0.004526 255 80 40
0.105125 -0.095159 0.053914 255 80 40
0.103964 -0.095252 0.061315 255 80 40
0.104149 -0.095758 0.068007 255 80 40
0.104417 -0.096664 0.074313 255 80 40
0.104087 -0.085406 -0.007249 255 80 40
0.103980 -0.086517 -0.002054 255 80 40
0.103024 -0.088060 0.005598 255 80 40
0.104504 -0.086610 0.010602 255 80 40
0.105885 -0.082832 -0.003334 255 80 40
0.106202 -0.081183 0.005296 255 80 40
0.105135 -0.079700 0.012143 255 80 40
0.102164 -0.076087 0.020145 255 80 40
0.106331 -0.071376 0.006744 255 80 40
0.105663 -0.069848 0.012306 255 80 40
0.104717 -0.071472 0.020156 255 80 40
0.103924 -0.072319 0.027991 255 80 40
0.100965 -0.072430 0.046924 255 80 40
0.101797 -0.070653 0.050879 255 80 40
0.100804 -0.067580 0.059139 255 80 40
0.108759 -0.060992 -0.009582 255 80 40
0.108221 -0.061886 -0.002814 255 80 40
0.105924 -0.063745 0.003985 255 80 40
0.103785 -0.066869 0.009675 255 80 40
0.103931 -0.061895 0.053783 255 80 40
0.101552 -0.061074 0.059379 255 80 40
0.109509 -0.058118 -0.009582 255 80 40
0.106304 -0.056034 -0.003600 255 80 40
0.104295 -0.055521 0.001813 255 80 40
0.104978 -0.054800 0.054748 255 80 40
0.106441 -0.052861 0.057275 255 80 40
0.105753 -0.051853 -0.004182 255 80 40
0.107820 -0.042800 0.043648 255 80 40
0.104905 -0.045528 0.052327 255 80 40
0.104067 -0.048814 0.056074 255 80 40
0.103564 -0.042037 0.043043 255 80 40
0.083281 -0.525018 0.047547 255 80 40
0.081187 -0.525557 0.052988 255 80 40
0.080257 -0.524921 0.060228 255 80 40
0.077727 -0.523337 0.067711 255 80 40
0.083562 -0.518252 0.047026 255 80 40
0.080818 -0.518541 0.052370 255 80 40
0.079156 -0.517191 0.060555 255 80 40
0.080775 -0.517834 0.068211 255 80 40
0.078287 -0.516328 0.073676 255 80 40
0.085343 -0.507165 0.036902 255 80 40
0.083635 -0.509764 0.045800 255 80 40
0.081484 -0.510379 0.051148 255 80 40
0.080715 -0.509857 0.059650 255 80 40
0.081363 -0.508684 0.068290 255 80 40
0.078895 -0.509202 0.073359 255 80 40
0.085830 -0.500072 0.029076 255 80 40
0.083597 -0.502699 0.035902 255 80 40
0.081864 -0.502461 0.043253 255 80 40
0.081318 -0.501480 0.051759 255 80 40
0.081407 -0.501592 0.059612 255 80 40
0.079700 -0.501740 0.068231 255 80 40
0.077110 -0.503222 0.072305 255 80 40
0.084848 -0.494199 0.028733 255 80 40
0.080539 -0.493085 0.034291 255 80 40
0.082470 -0.494601 0.043501 255 80 40
0.082526 -0.493791 0.052001 255 80 40
0.080324 -0.492282 0.057957 255 80 40
0.078176 -0.493188 0.065173 255 80 40
0.087506 -0.484235 0.023052 255 80 40
0.083501 -0.486303 0.028169 255 80 40
0.081318 -0.487812 0.033541 255 80 40
0.083784 -0.486465 0.044370 255 80 40
0.081721 -0.485967 0.050496 255 80 40
0.079258 -0.486575 0.058553 255 80 40
0.087335 -0.480266 0.022464 255 80 40
0.083427 -0.478628 0.026741 255 80 40
0.086168 -0.479347 0.036109 255 80 40
0.083470 -0.477868 0.042877 255 80 40
0.080769 -0.477163 0.050917 255 80 40
0.079079 -0.479236 0.055942 255 80 40
0.087664 -0.471362 0.021809 255 80 40
0.083974 -0.470959 0.025168 255 80 40
0.087035 -0.470584 0.034957 255 80 40
0.083582 -0.469949 0.043199 255 80 40
0.080633 -0.470135 0.049125 255 80 40
0.088271 -0.462491 0.021747 255 80 40
0.084356 -0.463248 0.024759 255 80 40
0.087717 -0.463650 0.035200 255 80 40
0.083959 -0.462316 0.042003 255 80 40
0.080840 -0.464533 0.047200 255 80 40
0.088643 -0.454125 0.021599 255 80 40
0.086078 -0.454868 0.024360 255 80 40
0.088108 -0.454750 0.035520 255 80 40
0.083972 -0.455114 0.039761 255 80 40
0.088553 -0.450563 0.021585 255 80 40
0.086453 -0.446151 0.024999 255 80 40
0.085842 -0.447030 0.033283 255 80 40
0.089932 -0.441979 0.025478 255 80 40
0.095552 -0.323791 0.047842 255 80 40
0.095687 -0.323831 0.051399 255 80 40
0.097932 -0.315878 0.033131 255 80 40
0.096680 -0.318228 0.038129 255 80 40
0.095639 -0.317729 0.046569 255 80 40
0.095146 -0.319300 0.051604 255 80 40
0.098270 -0.314844 0.033324 255 80 40
0.098080 -0.311787 0.038166 255 80 40
0.097110 -0.312681 0.042747 255 80 40
0.098289 -0.306174 0.063820 255 80 40
0.096543 -0.309349 0.071581 255 80 40
0.094584 -0.308865 0.076599 255 80 40
0.094416 -0.308768 0.081629 255 80 40
0.096249 -0.299389 0.037716 255 80 40
0.097067 -0.300122 0.044138 255 80 40
0.097032 -0.300909 0.053560 255 80 40
0.096350 -0.301886 0.060173 255 80 40
0.096492 -0.301586 0.067466 255 80 40
0.097455 -0.302598 0.074640 255 80 40
0.092600 -0.296754 0.096334 255 80 40
0.093779 -0.298192 0.101128 255 80 40
0.095358 -0.298309 0.108581 255 80 40
0.095977 -0.297182 0.117009 255 80 40
0.095952 -0.296694 0.121554 255 80 40
0.098330 -0.292043 0.023428 255 80 40
0.097341 -0.293472 0.029792 255 80 40
0.097233 -0.294029 0.037055 255 80 40
0.096625 -0.295099 0.044468 255 80 40
0.096576 -0.293563 0.052019 255 80 40
0.096176 -0.295674 0.059032 255 80 40
0.096387 -0.297479 0.065991 255 80 40
0.091868 -0.290231 0.086619 255 80 40
0.092372 -0.293024 0.092977 255 80 40
0.093297 -0.293588 0.100795 255 80 40
0.093052 -0.291910 0.107842 255 80 40
0.094670 -0.292807 0.115469 255 80 40
0.095208 -0.294137 0.120906 255 80 40
0.101035 -0.285197 0.014488 255 80 40
0.098612 -0.286927 0.021089 255 80 40
0.097635 -0.286759 0.028889 255 80 40
0.096894 -0.287331 0.035363 255 80 40
0.096204 -0.288805 0.043605 255 80 40
0.096204 -0.290039 0.050127 255 80 40
0.091970 -0.282095 0.070775 255 80 40
0.092183 -0.283869 0.074456 255 80 40
0.091420 -0.288420 0.080932 255 80 40
0.090367 -0.286525 0.098593 255 80 40
0.100939 -0.279647 0.012513 255 80 40
0.098780 -0.279948 0.019937 255 80 40
0.097619 -0.281840 0.027131 255 80 40
0.092103 -0.280393 0.069673 255 80 40
0.096413 -0.272884 0.125602 255 80 40
0.095787 -0.272825 0.131017 255 80 40
0.096686 -0.271978 0.138120 255 80 40
0.102749 -0.270233 0.006516 255 80 40
0.101332 -0.273354 0.011943 255 80 40
0.102510 -0.275260 0.016186 255 80 40
0.095678 -0.267937 0.038948 255 80 40
0.094549 -0.268487 0.043937 255 80 40
0.093822 -0.270266 0.047823 255 80 40
0.091885 -0.266359 0.109076 255 80 40
0.093181 -0.269402 0.117180 255 80 40
0.092441 -0.267825 0.124236 255 80 40
0.093904 -0.267973 0.131387 255 80 40
0.096041 -0.267236 0.137576 255 80 40
0.097999 -0.260411 0.021623 255 80 40
0.097494 -0.261545 0.026991 255 80 40
0.096693 -0.263002 0.034882 255 80 40
0.094925 -0.265158 0.040821 255 80 40
0.091498 -0.260266 0.124730 255 80 40
0.093939 -0.261833 0.130459 255 80 40
0.101856 -0.254220 0.013110 255 80 40
0.099592 -0.256476 0.018945 255 80 40
0.098238 -0.254827 0.027647 255 80 40
0.096111 -0.256558 0.033017 255 80 40
0.103272 -0.247000 0.005153 255 80 40
0.100223 -0.247567 0.010848 255 80 40
0.100586 -0.247507 0.018674 255 80 40
0.097523 -0.249508 0.025553 255 80 40
0.091881 -0.239561 0.134273 255 80 40
0.093488 -0.241000 0.139401 255 80 40
0.097334 -0.242204 0.146831 255 80 40
0.098347 -0.240142 0.152137 255 80 40
0.106266 -0.237057 -0.001751 255 80 40
0.103307 -0.239552 0.002849 255 80 40
0.100906 -0.240507 0.010871 255 80 40
0.098830 -0.242416 0.016423 255 80 40
0.091811 -0.238324 0.141293 255 80 40
0.094178 -0.235303 0.147057 255 80 40
0.097844 -0.235524 0.152188 255 80 40
0.104863 -0.235125 0.002110 255 80 40
0.103794 -0.235952 0.006756 255 80 40
0.093469 -0.226241 0.141235 255 80 40
0.096681 -0.228749 0.146430 255 80 40
0.101528 -0.221003 0.011178 255 80 40
0.100266 -0.222004 0.015568 255 80 40
0.104043 -0.215018 0.003703 255 80 40
0.103356 -0.216783 0.008914 255 80 40
0.100372 -0.215889 0.016183 255 80 40
0.097556 -0.210960 0.130288 255 80 40
0.099812 -0.209569 0.134774 255 80 40
0.104796 -0.209079 0.002665 255 80 40
0.104273 -0.207556 0.009843 255 80 40
0.101423 -0.210522 0.014806 255 80 40
0.095773 -0.204679 0.132625 255 80 40
0.098850 -0.202496 0.137056 255 80 40
0.107251 -0.203420 0.002472 255 80 40
0.108267 -0.203639 0.007006 255 80 40
0.095716 -0.195429 0.132957 255 80 40
0.098344 -0.197273 0.136824 255 80 40
0.109592 -0.189076 -0.003613 255 80 40
0.105263 -0.190844 0.002133 255 80 40
0.104602 -0.191783 0.008033 255 80 40
0.101762 -0.191657 0.013579 255 80 40
0.109494 -0.184426 -0.004255 255 80 40
0.105327 -0.184762 0.001038 255 80 40
0.104870 -0.183254 0.008986 255 80 40
0.110121 -0.176061 -0.006883 255 80 40
0.106550 -0.177619 0.000969 255 80 40
0.104359 -0.178748 0.006136 255 80 40
0.100153 -0.169204 0.129804 255 80 40
0.104333 -0.169380 0.133891 255 80 40
0.110958 -0.167902 -0.012777 255 80 40
0.109549 -0.168801 -0.008756 255 80 40
0.099979 -0.163773 0.130161 255 80 40
0.103273 -0.164333 0.133485 255 80 40
0.110499 -0.160548 -0.014140 255 80 40
0.107997 -0.160661 -0.007942 255 80 40
0.105668 -0.157727 0.001093 255 80 40
0.105921 -0.158064 0.007864 255 80 40
0.103716 -0.155786 0.013286 255 80 40
0.101754 -0.156765 0.128531 255 80 40
0.108920 -0.152916 -0.014216 255 80 40
0.105758 -0.154493 -0.011102 255 80 40
0.107292 -0.152015 0.000965 255 80 40
0.108566 -0.151611 0.007898 255 80 40
0.104722 -0.154063 0.012297 255 80 40
0.109444 -0.146365 -0.013270 255 80 40
0.107648 -0.142241 -0.011521 255 80 40
0.108309 -0.146781 0.000162 255 80 40
0.108266 -0.146623 0.005713 255 80 40
0.100466 -0.141323 0.105551 255 80 40
0.104764 -0.141144 0.112708 255 80 40
0.106600 -0.139417 0.115749 255 80 40
0.109969 -0.135969 -0.009161 255 80 40
0.109724 -0.134930 -0.003662 255 80 40
0.109048 -0.135038 0.016221 255 80 40
0.107020 -0.132835 0.019939 255 80 40
0.102723 -0.132775 0.111931 255 80 40
0.106456 -0.133796 0.116266 255 80 40
0.110558 -0.129060 -0.009339 255 80 40
0.110788 -0.129568 -0.004138 255 80 40
0.110829 -0.128098 0.007977 255 80 40
0.109701 -0.127504 0.014651 255 80 40
0.106716 -0.128662 0.019117 255 80 40
0.101103 -0.127933 0.107698 255 80 40
0.110954 -0.120935 -0.008654 255 80 40
0.110977 -0.119434 -0.003242 255 80 40
0.112918 -0.123898 0.011368 255 80 40
0.111622 -0.113343 -0.007979 255 80 40
0.111558 -0.112606 -0.002989 255 80 40
0.111409 -0.109333 0.016824 255 80 40
0.107980 -0.110720 0.021744 255 80 40
0.109503 -0.109198 0.033083 255 80 40
0.107021 -0.109877 0.036291 255 80 40
0.104298 -0.106237 0.088622 255 80 40
0.105790 -0.107382 0.092559 255 80 40
0.109367 -0.108169 0.100792 255 80 40
0.112536 -0.107008 -0.006828 255 80 40
0.111485 -0.104205 -0.002484 255 80 40
0.114549 -0.101157 0.017492 255 80 40
0.110410 -0.104406 0.022943 255 80 40
0.107945 -0.105668 0.029561 255 80 40
0.107822 -0.099918 0.046077 255 80 40
0.106124 -0.101707 0.050558 255 80 40
0.104994 -0.097892 0.081370 255 80 40
0.106053 -0.099190 0.086461 255 80 40
0.107817 -0.100763 0.094595 255 80 40
0.110330 -0.100457 0.099722 255 80 40
0.115678 -0.097839 -0.006327 255 80 40
0.112431 -0.097710 -0.002352 255 80 40
0.108908 -0.097296 0.002122 255 80 40
0.110525 -0.093864 0.017058 255 80 40
0.112131 -0.093561 0.021241 255 80 40
0.114754 -0.096061 0.026806 255 80 40
0.110137 -0.097302 0.041100 255 80 40
0.108110 -0.095249 0.045618 255 80 40
0.108572 -0.091391 0.053005 255 80 40
0.108157 -0.091813 0.062316 255 80 40
0.107883 -0.093495 0.069229 255 80 40
0.107295 -0.095523 0.078147 255 80 40
0.109132 -0.095614 0.086273 255 80 40
0.109589 -0.095813 0.092975 255 80 40
0.111521 -0.096766 0.098435 255 80 40
0.114193 -0.088663 -0.002547 255 80 40
0.112694 -0.086570 0.003696 255 80 40
0.109317 -0.089763 0.014377 255 80 40
0.110155 -0.091458 0.017685 255 80 40
0.112663 -0.087385 0.041428 255 80 40
0.111294 -0.088658 0.045143 255 80 40
0.110979 -0.088893 0.052376 255 80 40
0.111757 -0.089398 0.060478 255 80 40
0.114015 -0.082194 0.000085 255 80 40
0.113307 -0.080143 0.004997 255 80 40
0.110084 -0.078794 0.009795 255 80 40
0.117997 -0.070295 -0.000218 255 80 40
0.113666 -0.071167 0.004160 255 80 40
0.112562 -0.069741 0.012984 255 80 40
0.110349 -0.069276 0.018575 255 80 40
0.109779 -0.068395 0.030009 255 80 40
0.118225 -0.066442 -0.016046 255 80 40
0.115190 -0.063798 -0.011548 255 80 40
0.114565 -0.064699 -0.002815 255 80 40
0.113282 -0.066735 0.003122 255 80 40
0.115878 -0.065572 0.020212 255 80 40
0.113557 -0.064087 0.029083 255 80 40
0.114800 -0.058468 -0.010109 255 80 40
0.112716 -0.057919 -0.004981 255 80 40
0.112115 -0.055472 0.056290 255 80 40
0.113146 -0.054230 0.059404 255 80 40
0.113979 -0.044030 0.046026 255 80 40
0.113271 -0.045501 0.052776 255 80 40
0.113192 -0.049395 0.057257 255 80 40
0.091281 -0.532757 0.031683 255 80 40
0.089163 -0.534020 0.038363 255 80 40
0.088407 -0.533653 0.046224 255 80 40
0.085906 -0.531196 0.050209 255 80 40
0.091244 -0.527422 0.029980 255 80 40
0.088185 -0.527653 0.037157 255 80 40
0.086771 -0.526186 0.045464 255 80 40
0.086070 -0.526817 0.052793 255 80 40
0.083890 -0.524485 0.057265 255 80 40
0.092416 -0.519341 0.024178 255 80 40
0.090449 -0.518668 0.028955 255 80 40
0.087878 -0.518045 0.037059 255 80 40
0.088407 -0.518543 0.044222 255 80 40
0.087651 -0.518831 0.052094 255 80 40
0.084583 -0.518042 0.057532 255 80 40
0.092739 -0.510997 0.022278 255 80 40
0.088919 -0.511256 0.028275 255 80 40
0.087830 -0.510578 0.037348 255 80 40
0.089102 -0.511174 0.043334 255 80 40
0.086630 -0.510418 0.052203 255 80 40
0.084327 -0.511887 0.057232 255 80 40
0.092758 -0.503238 0.021625 255 80 40
0.088987 -0.502752 0.027837 255 80 40
0.092129 -0.503146 0.036008 255 80 40
0.088567 -0.502711 0.043658 255 80 40
0.086005 -0.503603 0.049902 255 80 40
0.091989 -0.495099 0.021235 255 80 40
0.091744 -0.495700 0.028121 255 80 40
0.089789 -0.494675 0.035161 255 80 40
0.086857 -0.495560 0.042324 255 80 40
0.092944 -0.487740 0.020311 255 80 40
0.091470 -0.487576 0.026619 255 80 40
0.088192 -0.487216 0.033988 255 80 40
0.096159 -0.481136 0.015302 255 80 40
0.092854 -0.479534 0.019350 255 80 40
0.090709 -0.479839 0.027280 255 80 40
0.088165 -0.479284 0.031684 255 80 40
0.096847 -0.475930 0.014543 255 80 40
0.093003 -0.471911 0.019485 255 80 40
0.090392 -0.471630 0.028260 255 80 40
0.088333 -0.472326 0.031621 255 80 40
0.096897 -0.466405 0.014492 255 80 40
0.093733 -0.463791 0.018831 255 80 40
0.093172 -0.462426 0.026668 255 80 40
0.089909 -0.462114 0.031688 255 80 40
0.097942 -0.455234 0.014092 255 80 40
0.093865 -0.455729 0.018099 255 80 40
0.095680 -0.455166 0.025997 255 80 40
0.090363 -0.456624 0.032428 255 80 40
0.097980 -0.450335 0.014028 255 80 40
0.094540 -0.448343 0.017795 255 80 40
0.094973 -0.447824 0.027505 255 80 40
0.090562 -0.448739 0.031994 255 80 40
0.098790 -0.441864 0.013209 255 80 40
0.096684 -0.439861 0.018228 255 80 40
0.093394 -0.440324 0.024775 255 80 40
0.098585 -0.435902 0.019027 255 80 40
0.098614 -0.323863 0.045826 255 80 40
0.098163 -0.323732 0.051764 255 80 40
0.102713 -0.316771 0.030559 255 80 40
0.100583 -0.318453 0.037865 255 80 40
0.100064 -0.319071 0.044067 255 80 40
0.098578 -0.320610 0.050486 255 80 40
0.100390 -0.314745 0.078314 255 80 40
0.104615 -0.314121 0.086894 255 80 40
0.103980 -0.314317 0.093453 255 80 40
0.103997 -0.313823 0.100801 255 80 40
0.106403 -0.310598 0.014856 255 80 40
0.105438 -0.311641 0.022443 255 80 40
0.103265 -0.311907 0.029479 255 80 40
0.101397 -0.311036 0.036149 255 80 40
0.099498 -0.314012 0.043814 255 80 40
0.100519 -0.307057 0.063063 255 80 40
0.100083 -0.309477 0.070468 255 80 40
0.100297 -0.310110 0.077882 255 80 40
0.101335 -0.310186 0.084662 255 80 40
0.102161 -0.310341 0.092754 255 80 40
0.103278 -0.311675 0.098778 255 80 40
0.107489 -0.302871 0.007851 255 80 40
0.105815 -0.304160 0.013267 255 80 40
0.104542 -0.304547 0.021169 255 80 40
0.103349 -0.306298 0.028465 255 80 40
0.100869 -0.303700 0.038304 255 80 40
0.100330 -0.300031 0.046880 255 80 40
0.100499 -0.301625 0.052935 255 80 40
0.101156 -0.302600 0.060791 255 80 40
0.102299 -0.304163 0.065561 255 80 40
0.098917 -0.303760 0.079417 255 80 40
0.100481 -0.304439 0.083662 255 80 40
0.097637 -0.299035 0.109713 255 80 40
0.097626 -0.299656 0.117154 255 80 40
0.099656 -0.299595 0.124994 255 80 40
0.101599 -0.297740 0.132360 255 80 40
0.109992 -0.294387 0.000778 255 80 40
0.107496 -0.297415 0.006166 255 80 40
0.107054 -0.298680 0.011062 255 80 40
0.101938 -0.292624 0.029902 255 80 40
0.101151 -0.294258 0.035853 255 80 40
0.100762 -0.296945 0.046187 255 80 40
0.100110 -0.297274 0.053245 255 80 40
0.099846 -0.297648 0.058045 255 80 40
0.096869 -0.292073 0.120342 255 80 40
0.098225 -0.293665 0.125216 255 80 40
0.101785 -0.293737 0.130952 255 80 40
0.104025 -0.285782 0.014723 255 80 40
0.103493 -0.287292 0.021301 255 80 40
0.102299 -0.289887 0.027581 255 80 40
0.107624 -0.278629 0.006229 255 80 40
0.106527 -0.280515 0.011267 255 80 40
0.103739 -0.282066 0.019099 255 80 40
0.099775 -0.273746 0.126596 255 80 40
0.098751 -0.275375 0.132303 255 80 40
0.100290 -0.275286 0.139450 255 80 40
0.104105 -0.272960 0.145584 255 80 40
0.111231 -0.271291 -0.000772 255 80 40
0.108639 -0.271965 0.003276 255 80 40
0.106524 -0.272968 0.010485 255 80 40
0.099060 -0.267483 0.141052 255 80 40
0.103268 -0.267048 0.145071 255 80 40
0.111437 -0.264341 -0.001695 255 80 40
0.108258 -0.266268 0.002677 255 80 40
0.111866 -0.261103 -0.002189 255 80 40
0.104983 -0.252667 0.012709 255 80 40
0.103698 -0.247492 0.150658 255 80 40
0.105306 -0.247571 0.153812 255 80 40
0.112734 -0.247054 -0.001313 255 80 40
0.108968 -0.248860 0.002961 255 80 40
0.106707 -0.249053 0.010176 255 80 40
0.100218 -0.244917 0.147652 255 80 40
0.101885 -0.242839 0.155325 255 80 40
0.106037 -0.242262 0.159830 255 80 40
0.110342 -0.240943 -0.003231 255 80 40
0.109965 -0.241144 0.003739 255 80 40
0.107831 -0.241998 0.008476 255 80 40
0.102662 -0.235349 0.155695 255 80 40
0.110755 -0.233203 -0.004265 255 80 40
0.109971 -0.233226 0.001734 255 80 40
0.100148 -0.230491 0.149616 255 80 40
0.113595 -0.228844 -0.005345 255 80 40
0.113573 -0.213706 -0.002572 255 80 40
0.110806 -0.214879 0.003089 255 80 40
0.109377 -0.213538 0.008080 255 80 40
0.102040 -0.213330 0.133789 255 80 40
0.106271 -0.211816 0.139598 255 80 40
0.108812 -0.209375 0.144480 255 80 40
0.112717 -0.209203 -0.004801 255 80 40
0.112907 -0.209341 0.003651 255 80 40
0.110129 -0.209477 0.008404 255 80 40
0.103042 -0.204511 0.140956 255 80 40
0.105295 -0.202574 0.143711 255 80 40
0.114319 -0.201913 -0.004958 255 80 40
0.112260 -0.201880 0.001141 255 80 40
0.110204 -0.203642 0.006259 255 80 40
0.102407 -0.197873 0.140944 255 80 40
0.107016 -0.198771 0.144073 255 80 40
0.112376 -0.190088 -0.003382 255 80 40
0.110924 -0.189848 0.002749 255 80 40
0.116939 -0.183752 -0.014274 255 80 40
0.114214 -0.185824 -0.006898 255 80 40
0.113896 -0.185334 0.000933 255 80 40
0.116178 -0.178355 -0.013240 255 80 40
0.114093 -0.176658 -0.007990 255 80 40
0.114776 -0.177128 -0.000297 255 80 40
0.108288 -0.170127 0.137030 255 80 40
0.111891 -0.168229 0.141089 255 80 40
0.116347 -0.169856 -0.015789 255 80 40
0.115267 -0.168710 -0.009780 255 80 40
0.109172 -0.163543 0.137834 255 80 40
0.112175 -0.165937 0.140877 255 80 40
0.116668 -0.161834 -0.017479 255 80 40
0.116276 -0.161846 -0.009116 255 80 40
0.105742 -0.156901 0.131214 255 80 40
0.110428 -0.158223 0.135463 255 80 40
0.117959 -0.154349 -0.017210 255 80 40
0.117080 -0.154017 -0.007027 255 80 40
0.116138 -0.152173 -0.000284 255 80 40
0.113452 -0.149660 0.004736 255 80 40
0.109289 -0.144681 0.114727 255 80 40
0.111722 -0.145002 0.118117 255 80 40
0.117637 -0.146376 -0.015192 255 80 40
0.117207 -0.145034 0.001618 255 80 40
0.113555 -0.146614 0.005039 255 80 40
0.112301 -0.141690 0.119888 255 80 40
0.117995 -0.137809 -0.014350 255 80 40
0.114550 -0.135306 -0.012200 255 80 40
0.117387 -0.133607 0.004742 255 80 40
0.111628 -0.134049 0.120433 255 80 40
0.119802 -0.130295 -0.015705 255 80 40
0.114867 -0.129455 -0.012520 255 80 40
0.118504 -0.128203 0.007464 255 80 40
0.114984 -0.128820 0.012660 255 80 40
0.120641 -0.121588 -0.015124 255 80 40
0.116455 -0.120121 -0.010615 255 80 40
0.118217 -0.123189 0.008115 255 80 40
0.115008 -0.123492 0.011241 255 80 40
0.117707 -0.113453 0.110984 255 80 40
0.121873 -0.115157 -0.013974 255 80 40
0.119250 -0.112748 -0.010006 255 80 40
0.115757 -0.113866 -0.005218 255 80 40
0.111731 -0.108716 0.104678 255 80 40
0.115469 -0.109025 0.109971 255 80 40
0.120589 -0.104528 -0.009819 255 80 40
0.117309 -0.105682 -0.004246 255 80 40
0.115985 -0.100323 0.017786 255 80 40
0.116204 -0.101355 0.021528 255 80 40
0.113144 -0.097933 0.095912 255 80 40
0.113270 -0.100975 0.104188 255 80 40
0.115771 -0.102510 0.108416 255 80 40
0.120731 -0.097627 -0.008993 255 80 40
0.117576 -0.098653 -0.002701 255 80 40
0.116977 -0.099534 0.016633 255 80 40
0.119504 -0.097355 0.030594 255 80 40
0.112377 -0.096874 0.095295 255 80 40
0.113155 -0.096910 0.099249 255 80 40
0.122721 -0.090311 -0.007637 255 80 40
0.119044 -0.088616 -0.003185 255 80 40
0.117204 -0.084825 0.039057 255 80 40
0.116026 -0.086795 0.045129 255 80 40
0.119664 -0.085458 0.059861 255 80 40
0.124412 -0.085223 -0.006650 255 80 40
0.121573 -0.081662 -0.003276 255 80 40
0.120223 -0.079879 0.002997 255 80 40
0.120696 -0.082732 0.035753 255 80 40
0.122643 -0.076710 0.046699 255 80 40
0.122922 -0.078490 0.050013 255 80 40
0.123918 -0.070061 -0.017284 255 80 40
0.121511 -0.073708 -0.001548 255 80 40
0.122562 -0.075727 0.003772 255 80 40
0.123563 -0.072727 0.040856 255 80 40
0.123313 -0.074106 0.044395 255 80 40
0.122944 -0.067399 -0.016770 255 80 40
0.122482 -0.065406 -0.009062 255 80 40
0.121202 -0.067229 -0.003212 255 80 40
0.121304 -0.068002 0.004929 255 80 40
0.119605 -0.067244 0.011922 255 80 40
0.121656 -0.062694 0.021007 255 80 40
0.119425 -0.061524 0.027181 255 80 40
0.120242 -0.059317 0.062928 255 80 40
0.124405 -0.058125 0.023287 255 80 40
0.120763 -0.058691 0.027055 255 80 40
0.119000 -0.055861 0.062782 255 80 40
0.122944 -0.055200 0.066050 255 80 40
0.121702 -0.046621 0.053052 255 80 40
0.120503 -0.048378 0.059016 255 80 40
0.097899 -0.551070 0.032615 255 80 40
0.096929 -0.550335 0.038112 255 80 40
0.098927 -0.541642 0.022979 255 80 40
0.097064 -0.543873 0.029811 255 80 40
0.094294 -0.543345 0.037221 255 80 40
0.096429 -0.542232 0.042754 255 80 40
0.099709 -0.537117 0.016202 255 80 40
0.097531 -0.537106 0.021243 255 80 40
0.093884 -0.536872 0.029457 255 80 40
0.096670 -0.535079 0.038980 255 80 40
0.094206 -0.535106 0.043945 255 80 40
0.099554 -0.528437 0.014709 255 80 40
0.095228 -0.528675 0.021644 255 80 40
0.092822 -0.526168 0.025621 255 80 40
0.098020 -0.527843 0.038958 255 80 40
0.093248 -0.528059 0.044478 255 80 40
0.099381 -0.520182 0.015679 255 80 40
0.095597 -0.519318 0.019683 255 80 40
0.100078 -0.517987 0.031029 255 80 40
0.096598 -0.518968 0.037217 255 80 40
0.093160 -0.519730 0.043118 255 80 40
0.100320 -0.513159 0.015154 255 80 40
0.096694 -0.511488 0.018321 255 80 40
0.098756 -0.511938 0.029396 255 80 40
0.095097 -0.512096 0.036098 255 80 40
0.093461 -0.514167 0.040756 255 80 40
0.100543 -0.504082 0.014368 255 80 40
0.098907 -0.504475 0.020716 255 80 40
0.096773 -0.503668 0.027691 255 80 40
0.094109 -0.507117 0.034599 255 80 40
0.100239 -0.496491 0.013963 255 80 40
0.098463 -0.495804 0.019208 255 80 40
0.095913 -0.497249 0.025440 255 80 40
0.101137 -0.488360 0.012533 255 80 40
0.098923 -0.488747 0.018579 255 80 40
0.104460 -0.481649 0.007512 255 80 40
0.101691 -0.480487 0.011937 255 80 40
0.098829 -0.480916 0.017924 255 80 40
0.104922 -0.474486 0.007675 255 80 40
0.101720 -0.472634 0.012598 255 80 40
0.098523 -0.472447 0.018268 255 80 40
0.101815 -0.464776 0.012352 255 80 40
0.099915 -0.463050 0.018868 255 80 40
0.103129 -0.456431 0.011110 255 80 40
0.102471 -0.456636 0.018592 255 80 40
0.098385 -0.454307 0.023364 255 80 40
0.102685 -0.448657 0.011186 255 80 40
0.103056 -0.448845 0.019339 255 80 40
0.099395 -0.447421 0.023696 255 80 40
0.107128 -0.441459 0.006259 255 80 40
0.103765 -0.441196 0.010072 255 80 40
0.103763 -0.439796 0.018559 255 80 40
0.100172 -0.442429 0.022680 255 80 40
0.105147 -0.435581 0.011627 255 80 40
0.103187 -0.435408 0.015860 255 80 40
0.107382 -0.315556 0.087820 255 80 40
0.107468 -0.316915 0.095124 255 80 40
0.107518 -0.317896 0.102766 255 80 40
0.108388 -0.317082 0.109925 255 80 40
0.109049 -0.315878 0.116728 255 80 40
0.110067 -0.314430 0.125200 255 80 40
0.110720 -0.313294 0.130131 255 80 40
0.110158 -0.309427 0.013982 255 80 40
0.108821 -0.310556 0.018751 255 80 40
0.105768 -0.310446 0.076201 255 80 40
0.106246 -0.313657 0.082500 255 80 40
0.105887 -0.311256 0.102792 255 80 40
0.108087 -0.313172 0.107175 255 80 40
0.109784 -0.312557 0.117858 255 80 40
0.110491 -0.311455 0.126460 255 80 40
0.110831 -0.309991 0.131941 255 80 40
0.114306 -0.302055 0.001528 255 80 40
0.112301 -0.304184 0.006426 255 80 40
0.110744 -0.305199 0.013758 255 80 40
0.108803 -0.306817 0.018614 255 80 40
0.104864 -0.301436 0.127937 255 80 40
0.107104 -0.301155 0.134468 255 80 40
0.107732 -0.299013 0.140726 255 80 40
0.110870 -0.298373 0.146025 255 80 40
0.115139 -0.296243 -0.000905 255 80 40
0.113055 -0.297393 0.005288 255 80 40
0.111266 -0.300238 0.010172 255 80 40
0.105989 -0.291499 0.134303 255 80 40
0.108223 -0.292361 0.141547 255 80 40
0.110610 -0.292813 0.146685 255 80 40
0.116032 -0.290987 -0.002700 255 80 40
0.112484 -0.278704 0.003844 255 80 40
0.107001 -0.276396 0.142312 255 80 40
0.109509 -0.274512 0.147293 255 80 40
0.116126 -0.273561 -0.002335 255 80 40
0.113987 -0.274154 0.003310 255 80 40
0.108777 -0.267196 0.148630 255 80 40
0.112254 -0.270763 0.152666 255 80 40
0.120042 -0.264582 -0.008039 255 80 40
0.116133 -0.265797 -0.003417 255 80 40
0.115091 -0.265829 0.001636 255 80 40
0.120590 -0.258156 -0.008703 255 80 40
0.117689 -0.259243 -0.003952 255 80 40
0.114134 -0.261025 0.000125 255 80 40
0.109227 -0.248006 0.155444 255 80 40
0.115021 -0.246694 -0.001968 255 80 40
0.114402 -0.246782 0.000303 255 80 40
0.108456 -0.246804 0.158380 255 80 40
0.110124 -0.243256 0.161361 255 80 40
0.120348 -0.239705 -0.009659 255 80 40
0.117776 -0.241890 -0.004824 255 80 40
0.115073 -0.241085 0.001417 255 80 40
0.109392 -0.235264 0.157860 255 80 40
0.111598 -0.237358 0.161067 255 80 40
0.119970 -0.233249 -0.011399 255 80 40
0.118320 -0.233199 -0.002943 255 80 40
0.115682 -0.233951 -0.000117 255 80 40
0.121471 -0.225938 -0.011506 255 80 40
0.118421 -0.227594 -0.006427 255 80 40
0.111573 -0.214518 0.141183 255 80 40
0.113183 -0.212126 0.146706 255 80 40
0.115768 -0.208569 0.152133 255 80 40
0.122545 -0.207488 -0.011517 255 80 40
0.119963 -0.209295 -0.005253 255 80 40
0.117572 -0.208797 -0.000506 255 80 40
0.111548 -0.203607 0.148775 255 80 40
0.114927 -0.204553 0.152035 255 80 40
0.122612 -0.202045 -0.011639 255 80 40
0.121025 -0.201599 -0.005930 255 80 40
0.119081 -0.201827 -0.000395 255 80 40
0.112748 -0.199369 0.145881 255 80 40
0.124109 -0.194258 -0.014922 255 80 40
0.123437 -0.196266 -0.007025 255 80 40
0.123775 -0.186022 -0.020333 255 80 40
0.121451 -0.186166 -0.015164 255 80 40
0.122092 -0.185748 -0.007145 255 80 40
0.124504 -0.178786 -0.021321 255 80 40
0.120916 -0.177721 -0.013723 255 80 40
0.123069 -0.177514 -0.004675 255 80 40
0.112950 -0.172503 0.139738 255 80 40
0.117005 -0.171321 0.143841 255 80 40
0.124317 -0.170942 -0.021338 255 80 40
0.123052 -0.171269 -0.014027 255 80 40
0.125141 -0.172540 -0.006650 255 80 40
0.113596 -0.162451 0.140419 255 80 40
0.116772 -0.163879 0.142709 255 80 40
0.124647 -0.163408 -0.020849 255 80 40
0.124285 -0.161680 -0.013252 255 80 40
0.120373 -0.164776 -0.010885 255 80 40
0.116144 -0.159026 0.139163 255 80 40
0.119641 -0.160384 0.142081 255 80 40
0.127278 -0.154884 -0.020289 255 80 40
0.124638 -0.155412 -0.017016 255 80 40
0.122828 -0.150115 -0.006587 255 80 40
0.116492 -0.146059 0.122141 255 80 40
0.121215 -0.146595 0.126018 255 80 40
0.129199 -0.147063 -0.020355 255 80 40
0.124175 -0.146152 -0.017552 255 80 40
0.125074 -0.147700 -0.005209 255 80 40
0.123934 -0.145497 -0.002179 255 80 40
0.116222 -0.141569 0.123046 255 80 40
0.120305 -0.140450 0.125897 255 80 40
0.128859 -0.137673 -0.020835 255 80 40
0.124466 -0.138209 -0.018092 255 80 40
0.127081 -0.140046 -0.002378 255 80 40
0.116177 -0.135356 0.123281 255 80 40
0.119936 -0.134319 0.124976 255 80 40
0.130175 -0.129446 -0.021025 255 80 40
0.125242 -0.130553 -0.018912 255 80 40
0.128108 -0.126902 0.002051 255 80 40
0.123499 -0.127028 0.006054 255 80 40
0.130936 -0.126540 -0.020481 255 80 40
0.128054 -0.121978 -0.018096 255 80 40
0.129177 -0.124784 0.003051 255 80 40
0.125647 -0.124270 0.005740 255 80 40
0.119017 -0.113605 0.114095 255 80 40
0.121522 -0.114749 0.117473 255 80 40
0.128191 -0.113700 -0.016661 255 80 40
0.125244 -0.110899 -0.008994 255 80 40
0.118419 -0.109840 0.113884 255 80 40
0.121826 -0.109324 0.117362 255 80 40
0.128348 -0.106233 -0.014884 255 80 40
0.126412 -0.105382 -0.010269 255 80 40
0.120795 -0.101813 0.111728 255 80 40
0.124348 -0.103995 0.116107 255 80 40
0.130549 -0.098727 -0.013680 255 80 40
0.127092 -0.097793 -0.011989 255 80 40
0.126059 -0.097128 0.032300 255 80 40
0.129827 -0.089959 -0.010623 255 80 40
0.126316 -0.084627 0.062583 255 80 40
0.129304 -0.085851 0.068587 255 80 40
0.130398 -0.083115 -0.008324 255 80 40
0.127481 -0.078955 -0.005191 255 80 40
0.123730 -0.076205 0.048958 255 80 40
0.125315 -0.079193 0.054730 255 80 40
0.129055 -0.079797 0.061571 255 80 40
0.132800 -0.071751 -0.017253 255 80 40
0.131230 -0.072288 -0.008242 255 80 40
0.128497 -0.074044 -0.005307 255 80 40
0.127456 -0.068925 0.038389 255 80 40
0.127127 -0.071485 0.045979 255 80 40
0.129741 -0.074715 0.054450 255 80 40
0.130051 -0.068093 -0.016786 255 80 40
0.128550 -0.068037 -0.010039 255 80 40
0.128697 -0.067221 -0.004840 255 80 40
0.127191 -0.062002 0.017649 255 80 40
0.130716 -0.067291 0.033235 255 80 40
0.129634 -0.067447 0.038018 255 80 40
0.131558 -0.067462 0.042833 255 80 40
0.124805 -0.062022 0.064541 255 80 40
0.127072 -0.061886 0.069384 255 80 40
0.130424 -0.061578 0.073759 255 80 40
0.132723 -0.057663 0.014356 255 80 40
0.128418 -0.056527 0.020615 255 80 40
0.127556 -0.054750 0.069077 255 80 40
0.131403 -0.056175 0.073412 255 80 40
0.133227 -0.050090 0.015194 255 80 40
0.132532 -0.049228 0.019175 255 80 40
0.125988 -0.048044 0.055193 255 80 40
0.127721 -0.049402 0.060518 255 80 40
0.127924 -0.051261 0.065237 255 80 40
0.106104 -0.557258 0.018004 255 80 40
0.104221 -0.559996 0.022878 255 80 40
0.103321 -0.559247 0.032049 255 80 40
0.103012 -0.558172 0.036775 255 80 40
0.107617 -0.553267 -0.006865 255 80 40
0.104524 -0.553362 -0.000461 255 80 40
0.103960 -0.553645 0.006244 255 80 40
0.104170 -0.554861 0.013980 255 80 40
0.102078 -0.552343 0.022193 255 80 40
0.099615 -0.552828 0.029862 255 80 40
0.101910 -0.551166 0.041086 255 80 40
0.101121 -0.548808 0.042616 255 80 40
0.108787 -0.548521 -0.005794 255 80 40
0.107841 -0.546203 -0.000458 255 80 40
0.105367 -0.544676 0.005574 255 80 40
0.102163 -0.544779 0.014827 255 80 40
0.100800 -0.545375 0.021368 255 80 40
0.099844 -0.548018 0.026706 255 80 40
0.104923 -0.542867 0.039502 255 80 40
0.101726 -0.544935 0.042569 255 80 40
0.108522 -0.540200 0.002044 255 80 40
0.105919 -0.537213 0.006605 255 80 40
0.101648 -0.536967 0.012572 255 80 40
0.105921 -0.533101 0.032838 255 80 40
0.103675 -0.537398 0.037788 255 80 40
0.099222 -0.538738 0.041963 255 80 40
0.107346 -0.529008 0.006970 255 80 40
0.103031 -0.528472 0.010930 255 80 40
0.108445 -0.525783 0.025587 255 80 40
0.105580 -0.528465 0.030398 255 80 40
0.101660 -0.529356 0.035536 255 80 40
0.107810 -0.520470 0.008285 255 80 40
0.104024 -0.520866 0.011478 255 80 40
0.107673 -0.520519 0.023386 255 80 40
0.103531 -0.521597 0.028670 255 80 40
0.108631 -0.511780 0.008064 255 80 40
0.105163 -0.512959 0.011666 255 80 40
0.106354 -0.513162 0.020646 255 80 40
0.102708 -0.514673 0.025467 255 80 40
0.109277 -0.505739 0.007435 255 80 40
0.107134 -0.505300 0.013119 255 80 40
0.104195 -0.506143 0.019158 255 80 40
0.109188 -0.496923 0.006384 255 80 40
0.106302 -0.497590 0.012168 255 80 40
0.108953 -0.489366 0.005533 255 80 40
0.106684 -0.489129 0.010601 255 80 40
0.110005 -0.480678 0.004904 255 80 40
0.107298 -0.480250 0.009825 255 80 40
0.111117 -0.473592 0.004553 255 80 40
0.108657 -0.473561 0.009324 255 80 40
0.111059 -0.465580 0.004378 255 80 40
0.109320 -0.464891 0.011115 255 80 40
0.111398 -0.456491 0.004622 255 80 40
0.109902 -0.456391 0.011601 255 80 40
0.107162 -0.455529 0.015399 255 80 40
0.111830 -0.448917 0.003883 255 80 40
0.110776 -0.448314 0.011151 255 80 40
0.107787 -0.450452 0.015839 255 80 40
0.111352 -0.441954 0.003520 255 80 40
0.111629 -0.441232 0.011891 255 80 40
0.108524 -0.441449 0.015419 255 80 40
0.113533 -0.435983 0.004625 255 80 40
0.111972 -0.435708 0.009572 255 80 40
0.112165 -0.317156 0.096837 255 80 40
0.112055 -0.319548 0.100432 255 80 40
0.113249 -0.320943 0.112723 255 80 40
0.113712 -0.319391 0.119250 255 80 40
0.113569 -0.316686 0.127081 255 80 40
0.115540 -0.314248 0.134270 255 80 40
0.111235 -0.310678 0.124826 255 80 40
0.112406 -0.309950 0.136303 255 80 40
0.114808 -0.308548 0.141513 255 80 40
0.117448 -0.306290 0.146614 255 80 40
0.118357 -0.302222 0.002654 255 80 40
0.112038 -0.303406 0.140634 255 80 40
0.115964 -0.300584 0.149879 255 80 40
0.118385 -0.296979 0.154589 255 80 40
0.122416 -0.297122 -0.002099 255 80 40
0.118969 -0.298721 0.002871 255 80 40
0.113469 -0.291826 0.150188 255 80 40
0.117510 -0.291488 0.155659 255 80 40
0.123606 -0.289191 -0.007442 255 80 40
0.122571 -0.290340 -0.004018 255 80 40
0.115832 -0.287097 0.150904 255 80 40
0.118331 -0.285769 0.155503 255 80 40
0.124191 -0.284211 -0.007983 255 80 40
0.124966 -0.285462 -0.005210 255 80 40
0.115951 -0.274800 0.150470 255 80 40
0.117724 -0.272878 0.154770 255 80 40
0.122030 -0.270089 -0.007292 255 80 40
0.120666 -0.273568 -0.003706 255 80 40
0.113323 -0.265364 0.151281 255 80 40
0.116048 -0.268133 0.155152 255 80 40
0.126140 -0.265478 -0.010007 255 80 40
0.123687 -0.265811 -0.004340 255 80 40
0.119802 -0.263517 0.155689 255 80 40
0.125096 -0.257483 -0.010510 255 80 40
0.125235 -0.257458 -0.006124 255 80 40
0.115432 -0.248205 0.158870 255 80 40
0.118484 -0.248217 0.160592 255 80 40
0.127711 -0.252488 -0.010506 255 80 40
0.126309 -0.253865 -0.007415 255 80 40
0.120165 -0.248023 0.159393 255 80 40
0.117935 -0.245134 0.163600 255 80 40
0.124981 -0.239245 -0.010278 255 80 40
0.118803 -0.237480 0.163137 255 80 40
0.130331 -0.232211 -0.016882 255 80 40
0.127605 -0.235759 -0.012852 255 80 40
0.124875 -0.235162 -0.006635 255 80 40
0.130655 -0.226788 -0.017402 255 80 40
0.127358 -0.226115 -0.011983 255 80 40
0.125431 -0.227593 -0.007279 255 80 40
0.131920 -0.221967 -0.017633 255 80 40
0.130809 -0.221498 -0.013731 255 80 40
0.119192 -0.213260 0.149713 255 80 40
0.121788 -0.210614 0.153982 255 80 40
0.126098 -0.206766 -0.009854 255 80 40
0.125369 -0.206354 -0.007490 255 80 40
0.120960 -0.204537 0.155338 255 80 40
0.132785 -0.200459 -0.017935 255 80 40
0.129666 -0.202972 -0.014533 255 80 40
0.128316 -0.201575 -0.007086 255 80 40
0.121920 -0.199019 0.151554 255 80 40
0.131196 -0.194880 -0.018269 255 80 40
0.130275 -0.195134 -0.014323 255 80 40
0.129449 -0.196099 -0.007538 255 80 40
0.134428 -0.183552 -0.026107 255 80 40
0.132257 -0.187092 -0.023162 255 80 40
0.130790 -0.184717 -0.012027 255 80 40
0.127303 -0.183901 -0.009156 255 80 40
0.133883 -0.180034 -0.026753 255 80 40
0.130441 -0.180017 -0.025159 255 80 40
0.134063 -0.181474 -0.011556 255 80 40
0.130066 -0.178438 -0.008282 255 80 40
0.122809 -0.173062 0.146749 255 80 40
0.125247 -0.170311 0.149812 255 80 40
0.132681 -0.172486 -0.027142 255 80 40
0.131165 -0.169719 -0.024898 255 80 40
0.132522 -0.168584 -0.015105 255 80 40
0.131119 -0.172109 -0.008694 255 80 40
0.123383 -0.164050 0.146431 255 80 40
0.127291 -0.166477 0.149986 255 80 40
0.133540 -0.162021 -0.023626 255 80 40
0.131938 -0.163953 -0.016941 255 80 40
0.124426 -0.160651 0.144271 255 80 40
0.133895 -0.154873 -0.022959 255 80 40
0.132343 -0.155708 -0.017750 255 80 40
0.125502 -0.147221 0.129454 255 80 40
0.133770 -0.147321 -0.022574 255 80 40
0.133916 -0.148072 -0.018286 255 80 40
0.131849 -0.142791 -0.005628 255 80 40
0.127265 -0.140992 0.130696 255 80 40
0.130316 -0.144486 0.133234 255 80 40
0.133676 -0.139068 -0.023518 255 80 40
0.133608 -0.140010 -0.005266 255 80 40
0.129799 -0.139056 -0.003593 255 80 40
0.126071 -0.135378 0.128215 255 80 40
0.135183 -0.130996 -0.022959 255 80 40
0.136732 -0.123169 -0.021279 255 80 40
0.133820 -0.121980 -0.019931 255 80 40
0.133428 -0.123308 0.000669 255 80 40
0.126879 -0.113536 0.123001 255 80 40
0.130457 -0.116393 0.125707 255 80 40
0.137325 -0.116991 -0.020644 255 80 40
0.134706 -0.114819 -0.019196 255 80 40
0.127781 -0.109222 0.121594 255 80 40
0.130835 -0.111330 0.124520 255 80 40
0.135891 -0.106383 -0.017561 255 80 40
0.129263 -0.104752 0.119360 255 80 40
0.137816 -0.099028 -0.016338 255 80 40
0.131675 -0.097539 0.033174 255 80 40
0.133374 -0.091490 0.080267 255 80 40
0.138238 -0.091479 -0.014141 255 80 40
0.135164 -0.087908 -0.011959 255 80 40
0.131625 -0.086744 0.073587 255 80 40
0.133849 -0.088148 0.078901 255 80 40
0.135762 -0.089773 0.084584 255 80 40
0.140833 -0.086034 -0.013314 255 80 40
0.137568 -0.082604 -0.011011 255 80 40
0.132821 -0.077338 0.062753 255 80 40
0.134380 -0.080607 0.070167 255 80 40
0.136638 -0.082202 0.076606 255 80 40
0.140821 -0.072570 -0.016592 255 80 40
0.137615 -0.075359 -0.010859 255 80 40
0.137602 -0.069729 0.047985 255 80 40
0.135638 -0.072382 0.053580 255 80 40
0.136234 -0.074925 0.059594 255 80 40
0.139216 -0.069382 -0.015846 255 80 40
0.140739 -0.065522 -0.008981 255 80 40
0.140735 -0.063425 -0.005538 255 80 40
0.138649 -0.063693 0.004929 255 80 40
0.134472 -0.062224 0.010158 255 80 40
0.139388 -0.061879 0.024984 255 80 40
0.137132 -0.063579 0.030875 255 80 40
0.136766 -0.064990 0.037550 255 80 40
0.135970 -0.068125 0.044203 255 80 40
0.131747 -0.065473 0.072699 255 80 40
0.135533 -0.063251 0.077840 255 80 40
0.141060 -0.059605 -0.001206 255 80 40
0.139280 -0.057527 0.006766 255 80 40
0.136891 -0.057682 0.011627 255 80 40
0.140563 -0.061018 0.024151 255 80 40
0.140763 -0.060983 0.027226 255 80 40
0.135807 -0.052134 0.065012 255 80 40
0.136379 -0.053229 0.070580 255 80 40
0.136222 -0.055938 0.075338 255 80 40
0.140964 -0.052042 0.007079 255 80 40
0.139367 -0.049692 0.012887 255 80 40
0.135979 -0.047435 0.017222 255 80 40
0.133440 -0.051369 0.062107 255 80 40
0.134536 -0.051644 0.066737 255 80 40
0.143468 -0.046314 0.006703 255 80 40
0.140083 -0.044498 0.012647 255 80 40
0.111274 -0.566698 0.026876 255 80 40
0.112220 -0.567190 0.028751 255 80 40
0.114689 -0.561290 -0.016841 255 80 40
0.112922 -0.559138 -0.010076 255 80 40
0.108230 -0.557341 0.018690 255 80 40
0.110888 -0.560835 0.022929 255 80 40
0.110087 -0.561933 0.029973 255 80 40
0.106816 -0.558134 0.036431 255 80 40
0.114554 -0.555174 -0.016456 255 80 40
0.111404 -0.554753 -0.009154 255 80 40
0.111620 -0.554848 -0.000593 255 80 40
0.111956 -0.553854 0.006334 255 80 40
0.110872 -0.554963 0.014349 255 80 40
0.112077 -0.557153 0.019150 255 80 40
0.112603 -0.553242 0.032821 255 80 40
0.109062 -0.552400 0.036812 255 80 40
0.115853 -0.547642 -0.014526 255 80 40
0.111811 -0.547527 -0.008581 255 80 40
0.110058 -0.544511 -0.001739 255 80 40
0.112673 -0.543746 0.030892 255 80 40
0.108809 -0.546093 0.036678 255 80 40
0.115344 -0.539352 -0.009068 255 80 40
0.112591 -0.537408 -0.002414 255 80 40
0.114245 -0.535443 0.025500 255 80 40
0.110798 -0.537909 0.030263 255 80 40
0.115153 -0.530711 -0.000952 255 80 40
0.111359 -0.528771 0.003502 255 80 40
0.113294 -0.528382 0.022508 255 80 40
0.109572 -0.531987 0.028055 255 80 40
0.116769 -0.522290 0.000373 255 80 40
0.112965 -0.521871 0.003777 255 80 40
0.114973 -0.519428 0.016427 255 80 40
0.112354 -0.522289 0.020057 255 80 40
0.117706 -0.514010 0.000162 255 80 40
0.113110 -0.514073 0.004514 255 80 40
0.115106 -0.514041 0.013697 255 80 40
0.117774 -0.506810 -0.000126 255 80 40
0.115120 -0.505881 0.005310 255 80 40
0.112768 -0.504883 0.011353 255 80 40
0.118583 -0.497258 -0.001450 255 80 40
0.115627 -0.497746 0.005248 255 80 40
0.111705 -0.499307 0.009857 255 80 40
0.117858 -0.490580 -0.001803 255 80 40
0.115063 -0.489694 0.003846 255 80 40
0.117761 -0.481937 -0.002054 255 80 40
0.116262 -0.480725 0.003560 255 80 40
0.118781 -0.474168 -0.002402 255 80 40
0.116486 -0.473880 0.003545 255 80 40
0.119365 -0.467322 -0.002570 255 80 40
0.117231 -0.466026 0.004384 255 80 40
0.114818 -0.462048 0.008528 255 80 40
0.120242 -0.458239 -0.002921 255 80 40
0.118628 -0.457970 0.004355 255 80 40
0.115542 -0.458547 0.008694 255 80 40
0.120334 -0.449797 -0.003406 255 80 40
0.118492 -0.449771 0.002833 255 80 40
0.116509 -0.449182 0.008875 255 80 40
0.120986 -0.442653 -0.004015 255 80 40
0.120589 -0.443962 0.005286 255 80 40
0.117657 -0.442077 0.008504 255 80 40
0.122758 -0.437084 -0.002472 255 80 40
0.119651 -0.436181 0.002036 255 80 40
0.117531 -0.437207 0.007799 255 80 40
0.118824 -0.313989 0.135255 255 80 40
0.132163 -0.312397 -0.001239 255 80 40
0.118952 -0.312560 0.137950 255 80 40
0.119712 -0.309066 0.142982 255 80 40
0.121200 -0.305972 0.147096 255 80 40
0.131531 -0.308370 -0.001614 255 80 40
0.122504 -0.301617 0.151758 255 80 40
0.122307 -0.298671 0.154563 255 80 40
0.127995 -0.295271 -0.003067 255 80 40
0.121757 -0.292029 0.158900 255 80 40
0.125610 -0.288907 0.162316 255 80 40
0.130903 -0.290045 -0.008383 255 80 40
0.130737 -0.290968 -0.003619 255 80 40
0.121491 -0.284318 0.158613 255 80 40
0.125540 -0.285223 0.163233 255 80 40
0.132045 -0.282510 -0.009262 255 80 40
0.131207 -0.284139 -0.005703 255 80 40
0.124606 -0.275790 0.158354 255 80 40
0.126297 -0.278672 0.163103 255 80 40
0.134071 -0.278123 -0.010423 255 80 40
0.123230 -0.269400 0.159735 255 80 40
0.126781 -0.267738 0.162210 255 80 40
0.131859 -0.263990 -0.011230 255 80 40
0.124977 -0.261597 0.158233 255 80 40
0.126637 -0.263007 0.161917 255 80 40
0.135987 -0.258714 -0.016078 255 80 40
0.133066 -0.259230 -0.011120 255 80 40
0.136383 -0.251123 -0.016583 255 80 40
0.132804 -0.251419 -0.011499 255 80 40
0.122573 -0.247644 0.159754 255 80 40
0.125959 -0.245316 0.165364 255 80 40
0.136689 -0.246661 -0.015558 255 80 40
0.136862 -0.245835 -0.014350 255 80 40
0.126244 -0.236974 0.164324 255 80 40
0.136400 -0.234016 -0.017118 255 80 40
0.134759 -0.234043 -0.014051 255 80 40
0.135947 -0.228291 -0.019315 255 80 40
0.135773 -0.227223 -0.012068 255 80 40
0.137688 -0.219701 -0.019491 255 80 40
0.136446 -0.219683 -0.014355 255 80 40
0.127882 -0.210802 0.154561 255 80 40
0.126475 -0.204125 0.157843 255 80 40
0.130745 -0.204178 0.159461 255 80 40
0.137314 -0.202202 -0.018828 255 80 40
0.136366 -0.201502 -0.013346 255 80 40
0.129761 -0.199270 0.155949 255 80 40
0.138843 -0.195626 -0.020311 255 80 40
0.138878 -0.194918 -0.011506 255 80 40
0.138610 -0.187666 -0.020762 255 80 40
0.138617 -0.187976 -0.014785 255 80 40
0.138431 -0.179652 -0.026679 255 80 40
0.138886 -0.180712 -0.023444 255 80 40
0.139361 -0.178819 -0.012518 255 80 40
0.136950 -0.175892 -0.009932 255 80 40
0.131635 -0.176013 0.148469 255 80 40
0.132590 -0.172988 0.152599 255 80 40
0.140744 -0.171826 -0.028585 255 80 40
0.141417 -0.171502 -0.023153 255 80 40
0.140504 -0.171295 -0.011167 255 80 40
0.136815 -0.173513 -0.009959 255 80 40
0.132756 -0.163436 0.148040 255 80 40
0.133521 -0.166603 0.151994 255 80 40
0.140939 -0.164316 -0.028500 255 80 40
0.140320 -0.162764 -0.022404 255 80 40
0.142739 -0.166059 -0.012781 255 80 40
0.142772 -0.155635 -0.028709 255 80 40
0.140709 -0.156251 -0.022554 255 80 40
0.134531 -0.149113 0.135760 255 80 40
0.142531 -0.147833 -0.028131 255 80 40
0.141430 -0.147794 -0.023125 255 80 40
0.145893 -0.143752 -0.018132 255 80 40
0.138344 -0.138396 0.132376 255 80 40
0.135073 -0.140825 0.134882 255 80 40
0.142962 -0.141668 -0.027230 255 80 40
0.142205 -0.138047 -0.026209 255 80 40
0.142671 -0.142100 -0.012847 255 80 40
0.142125 -0.139206 -0.008644 255 80 40
0.134434 -0.136769 0.131709 255 80 40
0.138111 -0.137992 0.133252 255 80 40
0.143459 -0.131667 -0.024942 255 80 40
0.146108 -0.135179 -0.007870 255 80 40
0.143783 -0.123557 -0.023401 255 80 40
0.146500 -0.120597 -0.012299 255 80 40
0.142131 -0.121086 -0.004511 255 80 40
0.139242 -0.121672 -0.002623 255 80 40
0.136842 -0.117337 0.129242 255 80 40
0.144925 -0.116361 -0.023023 255 80 40
0.135111 -0.106281 0.122541 255 80 40
0.137409 -0.110396 0.126791 255 80 40
0.146584 -0.109308 -0.021239 255 80 40
0.143051 -0.106352 -0.019617 255 80 40
0.144784 -0.100638 -0.018751 255 80 40
0.137606 -0.092420 0.089588 255 80 40
0.140718 -0.093304 0.095079 255 80 40
0.145561 -0.091551 -0.016427 255 80 40
0.145351 -0.091263 -0.005737 255 80 40
0.145474 -0.092246 -0.003413 255 80 40
0.137309 -0.084991 0.081921 255 80 40
0.139822 -0.086278 0.086918 255 80 40
0.141790 -0.089713 0.094508 255 80 40
0.145927 -0.083935 -0.015308 255 80 40
0.145914 -0.083343 -0.009236 255 80 40
0.138379 -0.079947 0.072666 255 80 40
0.139927 -0.082336 0.079203 255 80 40
0.141239 -0.083529 0.083660 255 80 40
0.146889 -0.075310 -0.017193 255 80 40
0.140759 -0.069745 0.047273 255 80 40
0.143347 -0.068551 0.080942 255 80 40
0.145000 -0.068310 0.083251 255 80 40
0.148590 -0.067997 -0.015384 255 80 40
0.146343 -0.064592 -0.010436 255 80 40
0.148615 -0.069352 0.001323 255 80 40
0.148935 -0.069646 0.002600 255 80 40
0.147036 -0.063084 0.033201 255 80 40
0.143888 -0.065547 0.038206 255 80 40
0.140793 -0.067479 0.043041 255 80 40
0.139932 -0.064154 0.080892 255 80 40
0.143682 -0.063425 0.083444 255 80 40
0.149390 -0.059994 -0.008705 255 80 40
0.145408 -0.058574 -0.003203 255 80 40
0.144596 -0.056759 0.004629 255 80 40
0.149636 -0.055913 0.017421 255 80 40
0.146129 -0.057964 0.022287 255 80 40
0.147210 -0.060186 0.028074 255 80 40
0.142732 -0.054518 0.071800 255 80 40
0.143560 -0.055552 0.077848 255 80 40
0.144277 -0.058145 0.082299 255 80 40
0.146428 -0.052609 -0.000166 255 80 40
0.145082 -0.050521 0.005599 255 80 40
0.143354 -0.049541 0.009567 255 80 40
0.145268 -0.045522 0.006631 255 80 40
0.122846 -0.579956 -0.022423 255 80 40
0.120312 -0.571364 -0.023576 255 80 40
0.120246 -0.569283 -0.018698 255 80 40
0.117153 -0.569102 0.027554 255 80 40
0.117437 -0.569384 0.029436 255 80 40
0.120288 -0.563791 -0.022970 255 80 40
0.120468 -0.563960 -0.014953 255 80 40
0.119933 -0.560252 -0.011412 255 80 40
0.120962 -0.558095 0.018728 255 80 40
0.117665 -0.562482 0.024134 255 80 40
0.118492 -0.560942 0.030544 255 80 40
0.122491 -0.555217 -0.022200 255 80 40
0.118434 -0.554370 -0.020020 255 80 40
0.119569 -0.557674 -0.008069 255 80 40
0.120225 -0.554523 -0.000854 255 80 40
0.119970 -0.553608 0.008480 255 80 40
0.119835 -0.555651 0.014916 255 80 40
0.118335 -0.553430 0.029370 255 80 40
0.123338 -0.550174 -0.021209 255 80 40
0.120315 -0.548245 -0.018814 255 80 40
0.120424 -0.545237 0.026095 255 80 40
0.117485 -0.547584 0.028070 255 80 40
0.121124 -0.539951 -0.015766 255 80 40
0.119919 -0.535092 -0.009619 255 80 40
0.120431 -0.537231 0.022581 255 80 40
0.125948 -0.534897 -0.014246 255 80 40
0.123082 -0.531585 -0.009728 255 80 40
0.119222 -0.528527 -0.004065 255 80 40
0.122309 -0.528239 0.016382 255 80 40
0.119065 -0.531322 0.019930 255 80 40
0.124189 -0.522952 -0.008810 255 80 40
0.120405 -0.521846 -0.003758 255 80 40
0.121511 -0.522331 0.014002 255 80 40
0.127217 -0.512959 -0.014615 255 80 40
0.124640 -0.514800 -0.010347 255 80 40
0.120564 -0.515222 -0.003757 255 80 40
0.125046 -0.512245 0.009379 255 80 40
0.121282 -0.514473 0.010938 255 80 40
0.127641 -0.506292 -0.015471 255 80 40
0.124355 -0.506716 -0.010761 255 80 40
0.120826 -0.506550 -0.004530 255 80 40
0.123058 -0.505787 0.007146 255 80 40
0.127782 -0.498434 -0.016486 255 80 40
0.124208 -0.498448 -0.009866 255 80 40
0.121287 -0.499557 -0.004659 255 80 40
0.123674 -0.498518 0.004537 255 80 40
0.128392 -0.492805 -0.016622 255 80 40
0.125069 -0.491846 -0.010833 255 80 40
0.121927 -0.491396 -0.005845 255 80 40
0.124431 -0.491444 0.002957 255 80 40
0.129464 -0.484026 -0.015957 255 80 40
0.126425 -0.483142 -0.010700 255 80 40
0.122292 -0.482448 -0.005855 255 80 40
0.125618 -0.481947 0.002011 255 80 40
0.130125 -0.477726 -0.015107 255 80 40
0.127969 -0.474740 -0.010814 255 80 40
0.124129 -0.474542 -0.006533 255 80 40
0.124809 -0.474198 0.002670 255 80 40
0.128621 -0.466989 -0.010904 255 80 40
0.124074 -0.467031 -0.006106 255 80 40
0.126357 -0.467087 0.002557 255 80 40
0.129783 -0.458766 -0.012606 255 80 40
0.124688 -0.458277 -0.006692 255 80 40
0.126590 -0.457759 0.002468 255 80 40
0.131842 -0.452068 -0.016498 255 80 40
0.129296 -0.451094 -0.012913 255 80 40
0.124429 -0.451402 -0.006963 255 80 40
0.127946 -0.450319 0.002225 255 80 40
0.132039 -0.446048 -0.016829 255 80 40
0.129969 -0.442568 -0.011856 255 80 40
0.126498 -0.441724 -0.006428 255 80 40
0.127633 -0.443384 0.003528 255 80 40
0.131581 -0.439068 -0.009430 255 80 40
0.129051 -0.437687 -0.005173 255 80 40
0.125367 -0.437261 0.001933 255 80 40
0.135711 -0.311859 -0.000905 255 80 40
0.137488 -0.305012 -0.005937 255 80 40
0.137554 -0.308009 -0.002439 255 80 40
0.126935 -0.296973 0.155137 255 80 40
0.138016 -0.301722 -0.006206 255 80 40
0.139987 -0.302021 -0.004427 255 80 40
0.129489 -0.291471 0.159969 255 80 40
0.128966 -0.289313 0.162417 255 80 40
0.137406 -0.289151 -0.008873 255 80 40
0.137148 -0.288768 -0.004930 255 80 40
0.134104 -0.286831 0.161413 255 80 40
0.131387 -0.284168 0.164937 255 80 40
0.139759 -0.283373 -0.009904 255 80 40
0.136523 -0.285658 -0.005510 255 80 40
0.131966 -0.278002 0.166600 255 80 40
0.143526 -0.275122 -0.014216 255 80 40
0.141497 -0.276240 -0.011123 255 80 40
0.132014 -0.269589 0.165182 255 80 40
0.144376 -0.270782 -0.012553 255 80 40
0.129293 -0.259207 0.160635 255 80 40
0.132464 -0.261017 0.164530 255 80 40
0.141511 -0.258303 -0.016876 255 80 40
0.140201 -0.258541 -0.012970 255 80 40
0.135917 -0.255628 0.160882 255 80 40
0.136063 -0.255662 0.163831 255 80 40
0.141155 -0.251606 -0.017932 255 80 40
0.142060 -0.252047 -0.011934 255 80 40
0.134168 -0.244729 0.167191 255 80 40
0.134683 -0.242063 0.168867 255 80 40
0.143548 -0.245427 -0.017234 255 80 40
0.141659 -0.244499 -0.013254 255 80 40
0.133956 -0.234436 0.165975 255 80 40
0.134899 -0.238009 0.169065 255 80 40
0.141433 -0.232628 -0.018286 255 80 40
0.140515 -0.231871 -0.015810 255 80 40
0.137658 -0.232664 0.164433 255 80 40
0.144395 -0.228659 -0.019267 255 80 40
0.144123 -0.226521 -0.014801 255 80 40
0.145224 -0.219053 -0.021523 255 80 40
0.144930 -0.220435 -0.014279 255 80 40
0.135354 -0.209558 0.156459 255 80 40
0.145159 -0.214113 -0.018730 255 80 40
0.145051 -0.215266 -0.015058 255 80 40
0.137928 -0.208861 0.157913 255 80 40
0.138067 -0.205554 0.161169 255 80 40
0.144220 -0.200674 -0.018335 255 80 40
0.138023 -0.198232 0.157324 255 80 40
0.138353 -0.199448 0.160699 255 80 40
0.147372 -0.196460 -0.020374 255 80 40
0.146003 -0.196205 -0.014352 255 80 40
0.148344 -0.188563 -0.020380 255 80 40
0.147421 -0.187927 -0.013626 255 80 40
0.146761 -0.178097 -0.014702 255 80 40
0.139461 -0.173718 0.154300 255 80 40
0.148559 -0.171783 -0.011553 255 80 40
0.141891 -0.165249 0.148820 255 80 40
0.140027 -0.166481 0.153114 255 80 40
0.146464 -0.164436 -0.028032 255 80 40
0.145997 -0.164080 -0.025243 255 80 40
0.148517 -0.165694 -0.011921 255 80 40
0.147975 -0.156971 -0.029329 255 80 40
0.147477 -0.155286 -0.024641 255 80 40
0.141182 -0.151141 0.139505 255 80 40
0.145054 -0.148373 0.142177 255 80 40
0.150363 -0.147161 -0.028532 255 80 40
0.148719 -0.147726 -0.023973 255 80 40
0.140040 -0.138957 0.132798 255 80 40
0.142737 -0.141816 0.138518 255 80 40
0.145728 -0.144908 0.142254 255 80 40
0.149604 -0.140927 -0.028090 255 80 40
0.150154 -0.142883 -0.021433 255 80 40
0.150191 -0.140073 -0.014840 255 80 40
0.149690 -0.137586 -0.009993 255 80 40
0.152016 -0.133472 -0.027594 255 80 40
0.148881 -0.130978 -0.026233 255 80 40
0.151627 -0.133284 -0.008225 255 80 40
0.146819 -0.122710 0.133955 255 80 40
0.153462 -0.127840 -0.027384 255 80 40
0.152534 -0.124053 -0.026338 255 80 40
0.148275 -0.119855 -0.012288 255 80 40
0.142612 -0.118865 0.131266 255 80 40
0.145774 -0.118410 0.133869 255 80 40
0.153644 -0.117414 -0.025855 255 80 40
0.152475 -0.116437 -0.014861 255 80 40
0.152668 -0.115829 -0.007967 255 80 40
0.145058 -0.111114 0.129252 255 80 40
0.152328 -0.107868 -0.022844 255 80 40
0.154839 -0.110451 -0.013397 255 80 40
0.153986 -0.110762 -0.005145 255 80 40
0.154099 -0.100491 -0.021703 255 80 40
0.150510 -0.097816 -0.019994 255 80 40
0.146351 -0.094808 0.102810 255 80 40
0.155198 -0.092353 -0.021272 255 80 40
0.151204 -0.092004 -0.019409 255 80 40
0.150954 -0.089219 -0.006366 255 80 40
0.154035 -0.089654 -0.002573 255 80 40
0.146714 -0.087439 0.096092 255 80 40
0.149072 -0.089905 0.102560 255 80 40
0.155937 -0.085358 -0.021112 255 80 40
0.154291 -0.083779 -0.019650 255 80 40
0.154531 -0.085193 -0.006763 255 80 40
0.155213 -0.081194 -0.004036 255 80 40
0.155501 -0.076143 -0.018747 255 80 40
0.149467 -0.069995 0.082464 255 80 40
0.151653 -0.069565 0.085545 255 80 40
0.154804 -0.067011 -0.015273 255 80 40
0.156197 -0.064549 -0.013191 255 80 40
0.155379 -0.067122 0.000164 255 80 40
0.154695 -0.068612 0.004248 255 80 40
0.154243 -0.065311 0.057584 255 80 40
0.151143 -0.063743 0.087187 255 80 40
0.153227 -0.063234 -0.013649 255 80 40
0.153441 -0.059735 -0.009978 255 80 40
0.151899 -0.055870 -0.004747 255 80 40
0.151345 -0.054918 0.016504 255 80 40
0.153604 -0.057190 0.023526 255 80 40
0.151313 -0.060423 0.028026 255 80 40
0.154531 -0.057371 0.055102 255 80 40
0.151251 -0.055547 0.079447 255 80 40
0.149959 -0.058063 0.084460 255 80 40
0.156581 -0.052321 0.015771 255 80 40
0.155718 -0.054089 0.019739 255 80 40
0.156471 -0.049919 0.049057 255 80 40
0.155660 -0.052499 0.051567 255 80 40
0.130128 -0.587988 -0.028888 255 80 40
0.127984 -0.586301 -0.022000 255 80 40
0.129515 -0.587357 -0.017669 255 80 40
0.127830 -0.582966 0.028933 255 80 40
0.130259 -0.579787 -0.030159 255 80 40
0.125999 -0.580375 -0.023356 255 80 40
0.128689 -0.580193 -0.018389 255 80 40
0.128174 -0.578641 0.026898 255 80 40
0.125658 -0.578087 0.030667 255 80 40
0.129028 -0.572413 -0.026329 255 80 40
0.127486 -0.571405 -0.017111 255 80 40
0.125854 -0.571030 0.027209 255 80 40
0.125169 -0.570424 0.032196 255 80 40
0.128500 -0.563926 -0.025216 255 80 40
0.127037 -0.565888 -0.014276 255 80 40
0.128261 -0.561857 -0.009878 255 80 40
0.126674 -0.559521 0.017884 255 80 40
0.125630 -0.562225 0.021782 255 80 40
0.126078 -0.562033 0.032021 255 80 40
0.129113 -0.557052 -0.024606 255 80 40
0.125793 -0.557796 -0.006003 255 80 40
0.127812 -0.556855 -0.001159 255 80 40
0.127651 -0.556327 0.008187 255 80 40
0.126444 -0.557400 0.014294 255 80 40
0.128280 -0.551210 0.027220 255 80 40
0.125844 -0.554894 0.029681 255 80 40
0.129702 -0.547719 -0.022539 255 80 40
0.126752 -0.545329 -0.020486 255 80 40
0.127486 -0.546394 0.024679 255 80 40
0.133073 -0.543445 -0.021145 255 80 40
0.129909 -0.539077 -0.018147 255 80 40
0.129168 -0.536361 0.018388 255 80 40
0.127273 -0.539691 0.021279 255 80 40
0.130995 -0.533438 -0.014547 255 80 40
0.129479 -0.529381 -0.011767 255 80 40
0.129773 -0.529906 0.014279 255 80 40
0.132341 -0.520650 -0.013588 255 80 40
0.130062 -0.523635 -0.011737 255 80 40
0.131194 -0.519922 0.010404 255 80 40
0.129525 -0.523347 0.011591 255 80 40
0.134322 -0.513461 -0.022644 255 80 40
0.131375 -0.516010 -0.016983 255 80 40
0.131304 -0.515401 0.009343 255 80 40
0.127186 -0.517486 0.010433 255 80 40
0.136788 -0.505782 -0.030585 255 80 40
0.133964 -0.507391 -0.026016 255 80 40
0.129910 -0.508748 -0.019452 255 80 40
0.130458 -0.507553 0.007293 255 80 40
0.136772 -0.500565 -0.032896 255 80 40
0.132106 -0.499654 -0.025266 255 80 40
0.129790 -0.500402 -0.020498 255 80 40
0.132262 -0.499401 0.004228 255 80 40
0.138132 -0.490431 -0.038451 255 80 40
0.135956 -0.492314 -0.034032 255 80 40
0.132540 -0.493137 -0.026022 255 80 40
0.130695 -0.492521 -0.020940 255 80 40
0.133994 -0.488524 0.000725 255 80 40
0.131814 -0.491961 0.002329 255 80 40
0.137986 -0.485177 -0.040316 255 80 40
0.135426 -0.484856 -0.034760 255 80 40
0.133759 -0.484324 -0.026272 255 80 40
0.131722 -0.482698 -0.020135 255 80 40
0.134055 -0.483848 -0.001018 255 80 40
0.129875 -0.483803 0.001261 255 80 40
0.138091 -0.475882 -0.040768 255 80 40
0.135498 -0.476451 -0.035798 255 80 40
0.134824 -0.476506 -0.026530 255 80 40
0.132214 -0.475068 -0.018835 255 80 40
0.135572 -0.474995 -0.009818 255 80 40
0.135054 -0.475781 -0.002224 255 80 40
0.130494 -0.475098 0.001258 255 80 40
0.138916 -0.468860 -0.042066 255 80 40
0.135499 -0.468750 -0.035111 255 80 40
0.135719 -0.467320 -0.027598 255 80 40
0.133317 -0.468674 -0.019485 255 80 40
0.131442 -0.465129 -0.014685 255 80 40
0.135235 -0.466968 -0.002508 255 80 40
0.130934 -0.467553 0.001022 255 80 40
0.139076 -0.462327 -0.040458 255 80 40
0.136272 -0.461210 -0.036089 255 80 40
0.135660 -0.460234 -0.027012 255 80 40
0.133508 -0.459664 -0.019224 255 80 40
0.137249 -0.458520 -0.009764 255 80 40
0.134883 -0.459121 -0.002661 255 80 40
0.138324 -0.454585 -0.033547 255 80 40
0.136910 -0.452680 -0.027643 255 80 40
0.133868 -0.451460 -0.019882 255 80 40
0.139311 -0.453555 -0.008180 255 80 40
0.135107 -0.451373 -0.002746 255 80 40
0.132155 -0.449029 0.000236 255 80 40
0.139836 -0.447096 -0.024773 255 80 40
0.136746 -0.444848 -0.018434 255 80 40
0.137465 -0.442534 -0.011913 255 80 40
0.135213 -0.443255 -0.004366 255 80 40
0.132807 -0.444640 0.000843 255 80 40
0.132996 -0.439015 -0.004473 255 80 40
0.146649 -0.305779 -0.006316 255 80 40
0.145031 -0.306841 -0.003512 255 80 40
0.147154 -0.299791 -0.007258 255 80 40
0.146428 -0.300818 -0.004633 255 80 40
0.150699 -0.295670 -0.006871 255 80 40
0.136211 -0.284218 0.161152 255 80 40
0.137001 -0.282755 0.163351 255 80 40
0.146285 -0.283199 -0.009300 255 80 40
0.140052 -0.276734 0.165883 255 80 40
0.148328 -0.274307 -0.014334 255 80 40
0.147787 -0.276502 -0.010246 255 80 40
0.140832 -0.270345 0.168694 255 80 40
0.142041 -0.265776 0.169897 255 80 40
0.148637 -0.271457 -0.014681 255 80 40
0.150372 -0.268906 -0.012579 255 80 40
0.138878 -0.262145 0.168253 255 80 40
0.143628 -0.260218 0.169930 255 80 40
0.146576 -0.257347 -0.015955 255 80 40
0.146033 -0.256418 -0.014104 255 80 40
0.140826 -0.254114 0.166334 255 80 40
0.144450 -0.255964 0.169635 255 80 40
0.150266 -0.252250 -0.016870 255 80 40
0.149731 -0.252645 -0.012928 255 80 40
0.142574 -0.243992 0.166312 255 80 40
0.151143 -0.244161 -0.016580 255 80 40
0.150148 -0.243862 -0.012258 255 80 40
0.145797 -0.240868 0.168569 255 80 40
0.142910 -0.236735 0.170370 255 80 40
0.153303 -0.239947 -0.015163 255 80 40
0.152777 -0.239370 -0.013199 255 80 40
0.143355 -0.230296 0.165852 255 80 40
0.143626 -0.232079 0.169862 255 80 40
0.151803 -0.226217 -0.019152 255 80 40
0.149609 -0.224817 -0.015241 255 80 40
0.153026 -0.221389 -0.020871 255 80 40
0.152778 -0.220677 -0.014371 255 80 40
0.154048 -0.212037 -0.019389 255 80 40
0.153229 -0.213512 -0.013784 255 80 40
0.142940 -0.208271 0.158147 255 80 40
0.145704 -0.205018 0.163424 255 80 40
0.157165 -0.208392 -0.017205 255 80 40
0.145294 -0.197410 0.158444 255 80 40
0.146158 -0.198541 0.162847 255 80 40
0.154167 -0.195492 -0.019310 255 80 40
0.153085 -0.194225 -0.014893 255 80 40
0.155341 -0.188762 -0.020324 255 80 40
0.154487 -0.188111 -0.013390 255 80 40
0.156307 -0.183864 -0.018459 255 80 40
0.156995 -0.183888 -0.013949 255 80 40
0.146712 -0.175476 0.155447 255 80 40
0.154013 -0.173247 -0.013198 255 80 40
0.148720 -0.166831 0.150051 255 80 40
0.147958 -0.167489 0.154554 255 80 40
0.149413 -0.153448 0.140886 255 80 40
0.149581 -0.150580 0.143748 255 80 40
0.149272 -0.141866 0.138057 255 80 40
0.151143 -0.144990 0.144300 255 80 40
0.156976 -0.137691 -0.013735 255 80 40
0.155250 -0.136735 -0.010615 255 80 40
0.156032 -0.131036 -0.025584 255 80 40
0.159381 -0.135962 -0.010755 255 80 40
0.159032 -0.132563 -0.008446 255 80 40
0.152767 -0.124358 0.135025 255 80 40
0.156617 -0.125096 -0.024742 255 80 40
0.153396 -0.118514 0.136188 255 80 40
0.157049 -0.116227 -0.024219 255 80 40
0.158089 -0.115387 -0.015579 255 80 40
0.159267 -0.113819 -0.007245 255 80 40
0.152034 -0.112222 0.130274 255 80 40
0.154155 -0.114354 0.133411 255 80 40
0.157423 -0.107602 -0.022270 255 80 40
0.161322 -0.109154 -0.013435 255 80 40
0.160573 -0.109366 -0.005735 255 80 40
0.157678 -0.100382 0.114225 255 80 40
0.157433 -0.102587 -0.021396 255 80 40
0.155050 -0.095318 0.111174 255 80 40
0.158856 -0.088661 -0.002777 255 80 40
0.154348 -0.089448 0.105542 255 80 40
0.156767 -0.090949 0.108975 255 80 40
0.162078 -0.084804 -0.007430 255 80 40
0.161097 -0.087699 -0.003566 255 80 40
0.163425 -0.079672 -0.006098 255 80 40
0.159220 -0.071953 0.063612 255 80 40
0.161480 -0.075434 0.069617 255 80 40
0.157783 -0.071440 0.087200 255 80 40
0.163078 -0.065907 -0.000381 255 80 40
0.161753 -0.067235 0.004600 255 80 40
0.161138 -0.064614 0.058306 255 80 40
0.160073 -0.068067 0.060039 255 80 40
0.157725 -0.065294 0.090118 255 80 40
0.161323 -0.065411 0.091627 255 80 40
0.162357 -0.063363 -0.001555 255 80 40
0.160471 -0.056939 0.022578 255 80 40
0.160951 -0.057629 0.055347 255 80 40
0.159883 -0.056631 0.082428 255 80 40
0.159398 -0.057916 0.087610 255 80 40
0.162457 -0.050244 0.015937 255 80 40
0.162713 -0.053137 0.019684 255 80 40
0.161294 -0.048125 0.048677 255 80 40
0.161939 -0.051644 0.051716 255 80 40
0.166594 -0.047448 0.011827 255 80 40
0.164040 -0.041035 0.038444 255 80 40
0.163421 -0.044757 0.044958 255 80 40
0.166118 -0.038959 0.033755 255 80 40
0.166681 -0.038373 0.035722 255 80 40
0.136512 -0.611931 -0.037756 255 80 40
0.135563 -0.610456 -0.030968 255 80 40
0.137121 -0.604342 -0.044885 255 80 40
0.133994 -0.604050 -0.036741 255 80 40
0.133745 -0.604908 -0.029697 255 80 40
0.135842 -0.603676 -0.024822 255 80 40
0.136625 -0.598149 -0.045362 255 80 40
0.133721 -0.597007 -0.037665 255 80 40
0.132426 -0.596607 -0.031334 255 80 40
0.135166 -0.595919 -0.023153 255 80 40
0.135790 -0.592711 -0.014519 255 80 40
0.137605 -0.588812 -0.045603 255 80 40
0.134893 -0.589451 -0.038596 255 80 40
0.132459 -0.589400 -0.031996 255 80 40
0.132781 -0.590347 -0.021470 255 80 40
0.134264 -0.588237 -0.014509 255 80 40
0.137412 -0.588595 -0.009224 255 80 40
0.136079 -0.585559 0.020557 255 80 40
0.133033 -0.586657 0.025359 255 80 40
0.134014 -0.585046 0.031549 255 80 40
0.138780 -0.583719 -0.044845 255 80 40
0.136072 -0.580605 -0.039344 255 80 40
0.132477 -0.580510 -0.033509 255 80 40
0.134921 -0.580235 -0.014097 255 80 40
0.138572 -0.583563 -0.009916 255 80 40
0.132058 -0.579897 0.024228 255 80 40
0.133110 -0.578393 0.034364 255 80 40
0.137087 -0.576213 -0.036967 255 80 40
0.135659 -0.573087 -0.031253 255 80 40
0.133057 -0.570752 -0.027096 255 80 40
0.134591 -0.572953 -0.013271 255 80 40
0.137633 -0.571391 -0.009956 255 80 40
0.129703 -0.574190 0.026155 255 80 40
0.132371 -0.569378 0.035005 255 80 40
0.139156 -0.566800 -0.028578 255 80 40
0.136126 -0.564741 -0.026820 255 80 40
0.132771 -0.567614 -0.011778 255 80 40
0.135343 -0.565689 -0.006839 255 80 40
0.136554 -0.562506 0.000355 255 80 40
0.136513 -0.560817 0.008775 255 80 40
0.135236 -0.562875 0.015713 255 80 40
0.133480 -0.562768 0.033723 255 80 40
0.140978 -0.560020 -0.027688 255 80 40
0.137312 -0.557037 -0.026411 255 80 40
0.132332 -0.559079 0.001438 255 80 40
0.132598 -0.558683 0.004188 255 80 40
0.135403 -0.552614 0.026702 255 80 40
0.134419 -0.556119 0.029658 255 80 40
0.137425 -0.547726 -0.023741 255 80 40
0.140298 -0.544478 0.008038 255 80 40
0.139037 -0.546106 0.017175 255 80 40
0.135907 -0.547222 0.022212 255 80 40
0.139821 -0.543823 -0.021558 255 80 40
0.137547 -0.539405 -0.018369 255 80 40
0.140858 -0.540367 -0.007398 255 80 40
0.139545 -0.539924 -0.000127 255 80 40
0.138608 -0.539721 0.007454 255 80 40
0.135528 -0.539914 0.016118 255 80 40
0.132596 -0.541174 0.019877 255 80 40
0.137423 -0.534465 -0.014558 255 80 40
0.137582 -0.530159 -0.008915 255 80 40
0.139137 -0.531548 -0.000001 255 80 40
0.137946 -0.530961 0.007762 255 80 40
0.134426 -0.531570 0.012840 255 80 40
0.139627 -0.521079 -0.013809 255 80 40
0.139424 -0.523807 -0.009505 255 80 40
0.141160 -0.526013 -0.002093 255 80 40
0.138494 -0.523531 0.007255 255 80 40
0.134724 -0.526266 0.011192 255 80 40
0.142565 -0.514900 -0.030771 255 80 40
0.140589 -0.516732 -0.024845 255 80 40
0.138710 -0.518462 -0.018215 255 80 40
0.140314 -0.514924 0.002471 255 80 40
0.139138 -0.515920 0.005689 255 80 40
0.140562 -0.508067 -0.033464 255 80 40
0.137800 -0.511060 -0.028004 255 80 40
0.138879 -0.508094 0.004483 255 80 40
0.143607 -0.500779 -0.040163 255 80 40
0.139469 -0.501101 -0.036263 255 80 40
0.141976 -0.496604 0.001729 255 80 40
0.140310 -0.501349 0.003340 255 80 40
0.142515 -0.493893 -0.041231 255 80 40
0.138828 -0.495856 -0.037594 255 80 40
0.141025 -0.491000 -0.000233 255 80 40
0.143662 -0.485148 -0.043476 255 80 40
0.141472 -0.483968 -0.003761 255 80 40
0.146132 -0.476003 -0.047889 255 80 40
0.142628 -0.477646 -0.045031 255 80 40
0.141202 -0.475515 -0.009082 255 80 40
0.141347 -0.479170 -0.006307 255 80 40
0.146106 -0.469859 -0.048460 255 80 40
0.141854 -0.469073 -0.045260 255 80 40
0.142983 -0.465594 -0.018304 255 80 40
0.142100 -0.468892 -0.011888 255 80 40
0.138636 -0.469236 -0.006543 255 80 40
0.147490 -0.464852 -0.047574 255 80 40
0.144766 -0.460521 -0.043244 255 80 40
0.142012 -0.457305 -0.039248 255 80 40
0.145187 -0.460914 -0.019582 255 80 40
0.140511 -0.459585 -0.010883 255 80 40
0.147606 -0.456700 -0.040775 255 80 40
0.144925 -0.453687 -0.035341 255 80 40
0.145493 -0.451363 -0.026558 255 80 40
0.145008 -0.452572 -0.019478 255 80 40
0.141153 -0.453082 -0.011718 255 80 40
0.141574 -0.447502 -0.025624 255 80 40
0.141663 -0.446606 -0.019073 255 80 40
0.140945 -0.446452 -0.012466 255 80 40
0.149780 -0.314538 -0.005169 255 80 40
0.151128 -0.305306 -0.005671 255 80 40
0.154666 -0.300653 -0.006718 255 80 40
0.150959 -0.302206 -0.004614 255 80 40
0.155842 -0.294623 -0.006862 255 80 40
0.154617 -0.273553 -0.013869 255 80 40
0.157488 -0.276557 -0.011269 255 80 40
0.147137 -0.268943 0.166501 255 80 40
0.156251 -0.268886 -0.013907 255 80 40
0.158355 -0.267491 -0.012707 255 80 40
0.150483 -0.264067 0.167352 255 80 40
0.148012 -0.261607 0.170331 255 80 40
0.145924 -0.250609 0.168822 255 80 40
0.149494 -0.254609 0.170582 255 80 40
0.156540 -0.251118 -0.014768 255 80 40
0.157989 -0.250588 -0.012416 255 80 40
0.148492 -0.246141 0.166836 255 80 40
0.152192 -0.247570 0.170529 255 80 40
0.157385 -0.244238 -0.015553 255 80 40
0.158480 -0.245601 -0.010335 255 80 40
0.150557 -0.240646 0.166516 255 80 40
0.148820 -0.237074 0.170170 255 80 40
0.158999 -0.238406 -0.011852 255 80 40
0.149226 -0.227003 0.167078 255 80 40
0.151625 -0.230220 0.170602 255 80 40
0.152963 -0.224574 0.166531 255 80 40
0.154016 -0.225638 0.169791 255 80 40
0.159090 -0.221164 -0.017964 255 80 40
0.159422 -0.219133 -0.013852 255 80 40
0.159894 -0.212493 -0.018727 255 80 40
0.161189 -0.213298 -0.012126 255 80 40
0.152163 -0.205548 0.164215 255 80 40
0.161430 -0.207897 -0.016588 255 80 40
0.161636 -0.206804 -0.013534 255 80 40
0.153283 -0.197970 0.163868 255 80 40
0.163338 -0.189044 -0.018916 255 80 40
0.161715 -0.189565 -0.014139 255 80 40
0.162347 -0.183097 -0.018301 255 80 40
0.163092 -0.182218 -0.013605 255 80 40
0.155584 -0.176258 0.157066 255 80 40
0.156402 -0.168493 0.155526 255 80 40
0.154897 -0.154212 0.141688 255 80 40
0.157418 -0.151437 0.146616 255 80 40
0.156110 -0.144666 0.139173 255 80 40
0.157736 -0.144784 0.145036 255 80 40
0.165505 -0.132054 -0.007718 255 80 40
0.161042 -0.125694 0.137248 255 80 40
0.168995 -0.127751 -0.006319 255 80 40
0.161068 -0.115713 0.132201 255 80 40
0.161154 -0.118982 0.137869 255 80 40
0.164251 -0.113390 -0.008870 255 80 40
0.159276 -0.114756 0.132432 255 80 40
0.159458 -0.114996 0.134357 255 80 40
0.168375 -0.108453 -0.012866 255 80 40
0.167417 -0.109153 -0.006315 255 80 40
0.159024 -0.101059 0.115077 255 80 40
0.162623 -0.101915 0.117947 255 80 40
0.169274 -0.104342 -0.008842 255 80 40
0.161638 -0.094505 0.113558 255 80 40
0.163502 -0.098021 0.117552 255 80 40
0.161875 -0.092158 0.111040 255 80 40
0.169337 -0.084693 -0.007277 255 80 40
0.168515 -0.086442 -0.003260 255 80 40
0.162816 -0.078742 0.073862 255 80 40
0.166833 -0.080744 0.079172 255 80 40
0.169858 -0.079832 -0.005769 255 80 40
0.170553 -0.077397 -0.003151 255 80 40
0.165159 -0.071383 0.066019 255 80 40
0.166365 -0.073731 0.071389 255 80 40
0.167148 -0.077005 0.077586 255 80 40
0.165660 -0.072074 0.089417 255 80 40
0.166091 -0.070085 0.091527 255 80 40
0.170375 -0.065512 0.000347 255 80 40
0.165435 -0.063188 0.058364 255 80 40
0.167433 -0.066873 0.062179 255 80 40
0.166121 -0.064900 0.092433 255 80 40
0.172327 -0.062237 -0.000564 255 80 40
0.174205 -0.058677 0.003861 255 80 40
0.168703 -0.058638 0.055472 255 80 40
0.166020 -0.056586 0.087581 255 80 40
0.167020 -0.059785 0.091744 255 80 40
0.170016 -0.050032 0.016955 255 80 40
0.170742 -0.051407 0.019012 255 80 40
0.172340 -0.048522 0.042726 255 80 40
0.170139 -0.050163 0.047987 255 80 40
0.168965 -0.053215 0.051632 255 80 40
0.172688 -0.045748 0.010689 255 80 40
0.170983 -0.046654 0.013010 255 80 40
0.171847 -0.043496 0.040785 255 80 40
0.172112 -0.046262 0.043249 255 80 40
0.175016 -0.033672 0.025347 255 80 40
0.172567 -0.034981 0.030370 255 80 40
0.169997 -0.038173 0.035707 255 80 40
0.175419 -0.031882 0.026884 255 80 40
0.144908 -0.618845 -0.042405 255 80 40
0.141649 -0.618986 -0.036524 255 80 40
0.142191 -0.617894 -0.032068 255 80 40
0.143111 -0.613683 -0.045038 255 80 40
0.138898 -0.615194 -0.038548 255 80 40
0.141361 -0.614796 -0.029766 255 80 40
0.144976 -0.609832 -0.023410 255 80 40
0.145015 -0.605012 -0.050013 255 80 40
0.141971 -0.606209 -0.048333 255 80 40
0.141991 -0.604759 -0.022047 255 80 40
0.143507 -0.599188 -0.050289 255 80 40
0.142030 -0.596874 -0.049352 255 80 40
0.140195 -0.597621 -0.019958 255 80 40
0.142205 -0.595386 -0.014527 255 80 40
0.139978 -0.592909 -0.009062 255 80 40
0.144089 -0.590267 -0.046847 255 80 40
0.141473 -0.589223 -0.005583 255 80 40
0.144988 -0.586516 -0.002107 255 80 40
0.144959 -0.585537 0.012880 255 80 40
0.142231 -0.586864 0.017557 255 80 40
0.139962 -0.589875 0.025551 255 80 40
0.141126 -0.586603 0.033172 255 80 40
0.142829 -0.584358 -0.044362 255 80 40
0.145472 -0.581096 -0.040231 255 80 40
0.142219 -0.579408 -0.005772 255 80 40
0.145716 -0.580502 -0.002171 255 80 40
0.145382 -0.579117 0.012298 255 80 40
0.143768 -0.579337 0.015689 255 80 40
0.140415 -0.578576 0.036369 255 80 40
0.144420 -0.577907 0.037778 255 80 40
0.145159 -0.575931 -0.036661 255 80 40
0.144062 -0.571353 -0.034043 255 80 40
0.143076 -0.572853 -0.006291 255 80 40
0.146617 -0.571958 0.001406 255 80 40
0.145584 -0.571904 0.008726 255 80 40
0.143406 -0.571807 0.014695 255 80 40
0.140097 -0.571840 0.036255 255 80 40
0.144558 -0.566411 -0.030901 255 80 40
0.144765 -0.564916 -0.004849 255 80 40
0.144082 -0.564339 0.000785 255 80 40
0.144144 -0.563768 0.008430 255 80 40
0.140723 -0.565116 0.014109 255 80 40
0.142529 -0.562969 0.033111 255 80 40
0.146332 -0.557967 -0.028509 255 80 40
0.142074 -0.554842 -0.027141 255 80 40
0.147619 -0.555052 -0.013450 255 80 40
0.146518 -0.557103 -0.007275 255 80 40
0.145263 -0.556454 0.000786 255 80 40
0.145695 -0.556476 0.009087 255 80 40
0.144972 -0.554725 0.016957 255 80 40
0.142941 -0.555423 0.025011 255 80 40
0.140785 -0.557322 0.029219 255 80 40
0.146476 -0.549717 -0.023683 255 80 40
0.145742 -0.548447 -0.016285 255 80 40
0.143411 -0.548707 -0.007175 255 80 40
0.142404 -0.548626 -0.000344 255 80 40
0.142244 -0.548843 0.007910 255 80 40
0.141816 -0.549392 0.015422 255 80 40
0.141176 -0.550935 0.020855 255 80 40
0.143438 -0.543029 -0.015473 255 80 40
0.142235 -0.543137 -0.010482 255 80 40
0.148108 -0.521020 -0.012779 255 80 40
0.146114 -0.521983 -0.009168 255 80 40
0.145331 -0.522769 -0.001419 255 80 40
0.148072 -0.516947 -0.030611 255 80 40
0.148275 -0.519381 -0.024649 255 80 40
0.147823 -0.520438 -0.017074 255 80 40
0.150343 -0.520953 -0.012345 255 80 40
0.147399 -0.516333 0.000341 255 80 40
0.143750 -0.513215 0.003373 255 80 40
0.146339 -0.506524 -0.037584 255 80 40
0.149601 -0.509008 -0.034247 255 80 40
0.150373 -0.509706 0.001376 255 80 40
0.145609 -0.507599 0.003507 255 80 40
0.147788 -0.502607 -0.039075 255 80 40
0.151730 -0.502734 -0.034208 255 80 40
0.147927 -0.498780 0.002089 255 80 40
0.146189 -0.501929 0.003056 255 80 40
0.150359 -0.493882 -0.040406 255 80 40
0.150956 -0.494052 -0.032650 255 80 40
0.150112 -0.493887 -0.028350 255 80 40
0.148854 -0.492457 -0.000271 255 80 40
0.152303 -0.485246 -0.046884 255 80 40
0.151364 -0.487818 -0.043283 255 80 40
0.153809 -0.488101 -0.034021 255 80 40
0.153067 -0.484486 -0.025968 255 80 40
0.153214 -0.483159 -0.021138 255 80 40
0.151869 -0.481147 -0.006469 255 80 40
0.149876 -0.485251 -0.003811 255 80 40
0.151959 -0.477667 -0.049186 255 80 40
0.154809 -0.474521 -0.031760 255 80 40
0.154131 -0.479253 -0.026355 255 80 40
0.152279 -0.477662 -0.021062 255 80 40
0.150134 -0.477146 -0.008587 255 80 40
0.151969 -0.470735 -0.050507 255 80 40
0.155342 -0.470357 -0.031964 255 80 40
0.153963 -0.473693 -0.029848 255 80 40
0.152752 -0.470201 -0.020616 255 80 40
0.150622 -0.468728 -0.011684 255 80 40
0.152228 -0.464766 -0.048148 255 80 40
0.153478 -0.462143 -0.042489 255 80 40
0.154013 -0.462070 -0.034162 255 80 40
0.150546 -0.459659 -0.026845 255 80 40
0.153064 -0.463996 -0.017656 255 80 40
0.155191 -0.457232 -0.006226 255 80 40
0.149606 -0.457228 -0.040031 255 80 40
0.150219 -0.456648 -0.035378 255 80 40
0.149825 -0.456378 -0.028574 255 80 40
0.154152 -0.452359 -0.010363 255 80 40
0.154403 -0.453982 -0.006812 255 80 40
0.155236 -0.447467 -0.011374 255 80 40
0.162642 -0.299205 -0.006749 255 80 40
0.164483 -0.297565 -0.003549 255 80 40
0.163318 -0.293115 -0.007642 255 80 40
0.164170 -0.293033 -0.003429 255 80 40
0.164545 -0.275904 -0.008044 255 80 40
0.165538 -0.269680 -0.009704 255 80 40
0.153363 -0.260219 0.161883 255 80 40
0.154395 -0.260696 0.165760 255 80 40
0.166616 -0.264249 -0.009993 255 80 40
0.158538 -0.254793 0.167913 255 80 40
0.155592 -0.252336 0.170937 255 80 40
0.158406 -0.246308 0.171141 255 80 40
0.165615 -0.244761 -0.010979 255 80 40
0.169062 -0.242599 -0.005977 255 80 40
0.156562 -0.237781 0.167490 255 80 40
0.157931 -0.239887 0.170396 255 80 40
0.167296 -0.237219 -0.009963 255 80 40
0.169922 -0.237414 -0.005431 255 80 40
0.161249 -0.232165 0.168564 255 80 40
0.157213 -0.230784 0.170297 255 80 40
0.171203 -0.232859 -0.007887 255 80 40
0.158242 -0.220141 0.166873 255 80 40
0.159018 -0.223096 0.169995 255 80 40
0.166079 -0.217288 -0.012763 255 80 40
0.160690 -0.214667 0.166750 255 80 40
0.168698 -0.212944 -0.015997 255 80 40
0.169199 -0.213516 -0.011359 255 80 40
0.159707 -0.207372 0.166201 255 80 40
0.167353 -0.208762 -0.016195 255 80 40
0.170559 -0.206426 -0.011441 255 80 40
0.161742 -0.197690 0.166614 255 80 40
0.162643 -0.193764 0.163181 255 80 40
0.169559 -0.188473 -0.017120 255 80 40
0.171268 -0.187474 -0.012698 255 80 40
0.171024 -0.183466 -0.017367 255 80 40
0.171082 -0.180951 -0.011960 255 80 40
0.164513 -0.177718 0.157393 255 80 40
0.163329 -0.173389 0.159815 255 80 40
0.173410 -0.177193 -0.011804 255 80 40
0.163735 -0.168625 0.155412 255 80 40
0.163218 -0.171023 0.159412 255 80 40
0.165182 -0.152394 0.147363 255 80 40
0.169109 -0.149304 0.150838 255 80 40
0.166213 -0.145549 0.146801 255 80 40
0.174734 -0.131913 -0.006375 255 80 40
0.168540 -0.126184 0.139090 255 80 40
0.174095 -0.128364 -0.004980 255 80 40
0.168582 -0.118850 0.138883 255 80 40
0.169878 -0.122449 0.141909 255 80 40
0.176062 -0.108346 -0.012502 255 80 40
0.176273 -0.110242 -0.006821 255 80 40
0.178196 -0.105737 -0.002708 255 80 40
0.170348 -0.103109 0.121363 255 80 40
0.178149 -0.104638 -0.011094 255 80 40
0.176402 -0.103189 -0.008260 255 80 40
0.179412 -0.104647 -0.002293 255 80 40
0.170819 -0.096511 0.115686 255 80 40
0.171561 -0.098373 0.119625 255 80 40
0.175930 -0.086426 0.090448 255 80 40
0.176770 -0.083473 -0.005088 255 80 40
0.179402 -0.085125 -0.001944 255 80 40
0.172239 -0.080589 0.083744 255 80 40
0.174644 -0.081238 0.086043 255 80 40
0.176854 -0.080286 -0.004307 255 80 40
0.177962 -0.078085 -0.001910 255 80 40
0.171678 -0.072078 0.072733 255 80 40
0.174360 -0.076370 0.080412 255 80 40
0.173920 -0.073369 0.090018 255 80 40
0.174704 -0.071174 0.092383 255 80 40
0.178937 -0.065449 0.002717 255 80 40
0.173316 -0.063501 0.059342 255 80 40
0.173975 -0.066397 0.063562 255 80 40
0.173625 -0.069575 0.069336 255 80 40
0.174412 -0.065219 0.093541 255 80 40
0.179373 -0.062104 0.000842 255 80 40
0.172955 -0.062344 0.057939 255 80 40
0.178555 -0.055101 0.083408 255 80 40
0.175218 -0.055869 0.087944 255 80 40
0.176524 -0.059705 0.092484 255 80 40
0.179042 -0.051198 0.018281 255 80 40
0.173644 -0.050334 0.050355 255 80 40
0.176570 -0.053401 0.080863 255 80 40
0.180897 -0.047307 0.016001 255 80 40
0.179864 -0.041496 0.034202 255 80 40
0.176211 -0.042824 0.037221 255 80 40
0.176373 -0.045227 0.049634 255 80 40
0.180272 -0.034512 0.024206 255 80 40
0.180114 -0.036425 0.030230 255 80 40
0.176889 -0.031959 0.025878 255 80 40
0.176801 -0.032055 0.026677 255 80 40
0.188284 0.061228 0.053502 255 80 40
0.149646 -0.621618 -0.042935 255 80 40
0.149732 -0.624472 -0.035751 255 80 40
0.150969 -0.620927 -0.029411 255 80 40
0.149609 -0.611632 -0.049349 255 80 40
0.149948 -0.615039 -0.047568 255 80 40
0.147650 -0.615815 -0.027439 255 80 40
0.150433 -0.613247 -0.022669 255 80 40
0.148857 -0.607638 -0.049946 255 80 40
0.153348 -0.607057 -0.047458 255 80 40
0.148822 -0.606324 -0.019341 255 80 40
0.151700 -0.602971 -0.016375 255 80 40
0.147957 -0.602243 -0.049917 255 80 40
0.150949 -0.599453 -0.045474 255 80 40
0.153668 -0.598511 -0.037558 255 80 40
0.154167 -0.595606 -0.029958 255 80 40
0.149674 -0.597718 -0.012564 255 80 40
0.150697 -0.594642 -0.007270 255 80 40
0.148819 -0.592247 -0.043728 255 80 40
0.151323 -0.591504 -0.038675 255 80 40
0.153341 -0.589230 -0.029053 255 80 40
0.153309 -0.590411 -0.020885 255 80 40
0.152782 -0.589451 -0.013890 255 80 40
0.151123 -0.589718 -0.005435 255 80 40
0.149564 -0.587846 0.002146 255 80 40
0.147916 -0.586680 0.009731 255 80 40
0.147381 -0.587724 0.018368 255 80 40
0.148462 -0.588772 0.025963 255 80 40
0.148163 -0.588832 0.034832 255 80 40
0.149192 -0.585081 0.038510 255 80 40
0.150562 -0.582846 -0.036813 255 80 40
0.153361 -0.582253 -0.030927 255 80 40
0.152825 -0.581855 -0.021070 255 80 40
0.151593 -0.582105 -0.014584 255 80 40
0.151110 -0.581450 -0.006478 255 80 40
0.148933 -0.581010 0.002237 255 80 40
0.148731 -0.580563 0.009313 255 80 40
0.150345 -0.580414 0.016843 255 80 40
0.152043 -0.579469 0.024556 255 80 40
0.149314 -0.579195 0.039851 255 80 40
0.150162 -0.576822 -0.034871 255 80 40
0.153193 -0.574329 -0.031019 255 80 40
0.153944 -0.573239 -0.023086 255 80 40
0.151275 -0.573320 -0.014445 255 80 40
0.150135 -0.573167 -0.006189 255 80 40
0.148791 -0.572849 0.001548 255 80 40
0.150582 -0.573281 0.009235 255 80 40
0.150934 -0.571778 0.017178 255 80 40
0.152054 -0.570475 0.024753 255 80 40
0.149550 -0.569303 0.035784 255 80 40
0.149539 -0.573556 0.038822 255 80 40
0.154891 -0.565377 -0.035462 255 80 40
0.153280 -0.566856 -0.031967 255 80 40
0.153900 -0.565785 -0.021950 255 80 40
0.150925 -0.565743 -0.015278 255 80 40
0.148607 -0.565031 -0.006745 255 80 40
0.148661 -0.567119 0.000959 255 80 40
0.148637 -0.565430 0.009359 255 80 40
0.149049 -0.563819 0.016397 255 80 40
0.149296 -0.564521 0.025694 255 80 40
0.148153 -0.566237 0.033223 255 80 40
0.156152 -0.561009 -0.035641 255 80 40
0.154383 -0.557382 -0.030103 255 80 40
0.152171 -0.556871 -0.022619 255 80 40
0.149470 -0.557860 -0.015528 255 80 40
0.147374 -0.559470 0.018921 255 80 40
0.147058 -0.559351 0.022143 255 80 40
0.151334 -0.552918 -0.024438 255 80 40
0.159039 -0.533452 -0.043914 255 80 40
0.159107 -0.532330 -0.041046 255 80 40
0.158534 -0.526620 -0.046189 255 80 40
0.156850 -0.526537 -0.039987 255 80 40
0.155918 -0.523780 -0.033041 255 80 40
0.155363 -0.522638 -0.025852 255 80 40
0.154195 -0.522046 -0.014862 255 80 40
0.153111 -0.521549 -0.009727 255 80 40
0.158513 -0.519098 -0.045617 255 80 40
0.154251 -0.519364 -0.040040 255 80 40
0.153554 -0.518731 -0.033812 255 80 40
0.153616 -0.520266 -0.024174 255 80 40
0.156212 -0.520066 -0.015238 255 80 40
0.155650 -0.517583 -0.007623 255 80 40
0.153090 -0.515700 -0.002954 255 80 40
0.160138 -0.512690 -0.045336 255 80 40
0.156799 -0.510515 -0.040547 255 80 40
0.154221 -0.510993 -0.033390 255 80 40
0.158854 -0.512883 -0.005370 255 80 40
0.155297 -0.508287 -0.000189 255 80 40
0.158976 -0.503101 -0.040218 255 80 40
0.155492 -0.501805 -0.034786 255 80 40
0.156036 -0.501074 0.001638 255 80 40
0.160746 -0.497558 -0.037331 255 80 40
0.158476 -0.494918 -0.032807 255 80 40
0.155994 -0.490846 -0.028258 255 80 40
0.155679 -0.492306 -0.000174 255 80 40
0.158219 -0.484722 -0.047033 255 80 40
0.157848 -0.485590 -0.041424 255 80 40
0.156490 -0.484457 -0.034800 255 80 40
0.158250 -0.486902 -0.025916 255 80 40
0.155763 -0.482832 -0.021343 255 80 40
0.158187 -0.482028 -0.006021 255 80 40
0.157166 -0.485501 -0.003858 255 80 40
0.158799 -0.478786 -0.048175 255 80 40
0.161195 -0.479268 -0.041701 255 80 40
0.157498 -0.478266 -0.034058 255 80 40
0.156452 -0.477486 -0.025463 255 80 40
0.159806 -0.479156 -0.020844 255 80 40
0.157857 -0.476256 -0.008263 255 80 40
0.158333 -0.471216 -0.046415 255 80 40
0.159009 -0.470370 -0.042541 255 80 40
0.157254 -0.471932 -0.034758 255 80 40
0.156544 -0.472164 -0.022327 255 80 40
0.159384 -0.469771 -0.018959 255 80 40
0.158411 -0.471008 -0.011696 255 80 40
0.156900 -0.465318 -0.038838 255 80 40
0.159648 -0.460513 -0.008062 255 80 40
0.159871 -0.460913 -0.004129 255 80 40
0.159817 -0.453122 -0.011794 255 80 40
0.159457 -0.453400 -0.003808 255 80 40
0.159455 -0.446530 -0.010168 255 80 40
0.160272 -0.447945 -0.006383 255 80 40
0.165143 -0.419624 -0.003259 255 80 40
0.165649 -0.415901 -0.002836 255 80 40
0.169666 -0.350395 0.004265 255 80 40
0.167879 -0.297577 -0.003129 255 80 40
0.170840 -0.292338 -0.004893 255 80 40
0.170916 -0.292951 -0.000863 255 80 40
0.172367 -0.288504 -0.001448 255 80 40
0.169780 -0.274697 -0.006743 255 80 40
0.172540 -0.269731 -0.007250 255 80 40
0.174319 -0.267953 -0.004854 255 80 40
0.173821 -0.262948 -0.007936 255 80 40
0.176268 -0.263735 -0.004581 255 80 40
0.175862 -0.258815 0.013756 255 80 40
0.162292 -0.251269 0.165593 255 80 40
0.164596 -0.248091 0.166762 255 80 40
0.163087 -0.245706 0.170852 255 80 40
0.173200 -0.242956 -0.007346 255 80 40
0.175113 -0.241881 -0.003628 255 80 40
0.169907 -0.240495 0.169521 255 80 40
0.165784 -0.238948 0.171096 255 80 40
0.174525 -0.236763 -0.008440 255 80 40
0.175211 -0.237873 -0.002087 255 80 40
0.165104 -0.230485 0.168969 255 80 40
0.167917 -0.232581 0.170864 255 80 40
0.173443 -0.232848 -0.007491 255 80 40
0.176879 -0.231675 -0.003482 255 80 40
0.168326 -0.226140 0.169169 255 80 40
0.166592 -0.222847 0.170202 255 80 40
0.167654 -0.212781 0.168250 255 80 40
0.170172 -0.215760 0.170274 255 80 40
0.176240 -0.211412 -0.011170 255 80 40
0.177548 -0.210282 -0.006827 255 80 40
0.169636 -0.206715 0.165671 255 80 40
0.177459 -0.206450 -0.011608 255 80 40
0.179009 -0.205608 -0.005728 255 80 40
0.169578 -0.199558 0.166826 255 80 40
0.171478 -0.191550 0.160277 255 80 40
0.170238 -0.192120 0.163593 255 80 40
0.175940 -0.186057 -0.013777 255 80 40
0.178910 -0.182880 -0.013080 255 80 40
0.179951 -0.182351 -0.006624 255 80 40
0.171062 -0.178231 0.156944 255 80 40
0.170983 -0.174139 0.160543 255 80 40
0.179645 -0.177020 -0.009640 255 80 40
0.181745 -0.176940 -0.004652 255 80 40
0.171865 -0.168621 0.157042 255 80 40
0.172803 -0.171049 0.160246 255 80 40
0.184130 -0.164075 -0.015646 255 80 40
0.173141 -0.153672 0.147821 255 80 40
0.174504 -0.149604 0.151494 255 80 40
0.181319 -0.147172 -0.011448 255 80 40
0.181835 -0.147488 -0.007530 255 80 40
0.173588 -0.145082 0.148398 255 80 40
0.176185 -0.146773 0.151423 255 80 40
0.181937 -0.142126 -0.012336 255 80 40
0.183980 -0.142390 -0.007743 255 80 40
0.186042 -0.135827 -0.011812 255 80 40
0.182709 -0.134095 -0.005404 255 80 40
0.184777 -0.130389 0.000155 255 80 40
0.174813 -0.127714 0.138796 255 80 40
0.176033 -0.125176 0.142448 255 80 40
0.180955 -0.128157 -0.003053 255 80 40
0.184404 -0.128714 0.001316 255 80 40
0.175471 -0.118919 0.138098 255 80 40
0.175712 -0.122965 0.142659 255 80 40
0.186689 -0.116645 -0.010982 255 80 40
0.184736 -0.119741 -0.007651 255 80 40
0.184650 -0.108327 -0.011172 255 80 40
0.184947 -0.110119 -0.006809 255 80 40
0.185263 -0.109907 -0.000971 255 80 40
0.177503 -0.105855 0.123396 255 80 40
0.180018 -0.102842 0.125672 255 80 40
0.183714 -0.104881 -0.011105 255 80 40
0.186420 -0.103367 -0.009088 255 80 40
0.183951 -0.104045 -0.001349 255 80 40
0.178660 -0.099507 0.121615 255 80 40
0.188798 -0.092254 -0.001769 255 80 40
0.180817 -0.087836 0.095308 255 80 40
0.185487 -0.084525 -0.000739 255 80 40
0.180780 -0.080178 0.088305 255 80 40
0.183088 -0.083683 0.096317 255 80 40
0.186021 -0.078844 -0.000917 255 80 40
0.180643 -0.077233 0.081917 255 80 40
0.181595 -0.074711 0.089906 255 80 40
0.182337 -0.071866 0.093058 255 80 40
0.189070 -0.066169 0.003411 255 80 40
0.186792 -0.066412 0.004610 255 80 40
0.182615 -0.065162 0.094404 255 80 40
0.187726 -0.062104 0.001500 255 80 40
0.181487 -0.054901 0.082197 255 80 40
0.181513 -0.055960 0.089752 255 80 40
0.182248 -0.059732 0.092912 255 80 40
0.187798 -0.056904 0.003184 255 80 40
0.191222 -0.053066 0.004686 255 80 40
0.187304 -0.052267 0.018690 255 80 40
0.190265 -0.052696 0.020019 255 80 40
0.185603 -0.053506 0.081654 255 80 40
0.182357 -0.053963 0.085493 255 80 40
0.186180 -0.048476 0.015631 255 80 40
0.186847 -0.041545 0.031457 255 80 40
0.186330 -0.035933 0.022639 255 80 40
0.186747 -0.035969 0.031146 255 80 40
0.190101 -0.032741 0.018718 255 80 40
0.189023 -0.031435 0.021483 255 80 40
0.190695 -0.025955 0.031408 255 80 40
0.190961 -0.022442 0.030954 255 80 40
0.192915 -0.001979 0.046146 255 80 40
0.192642 0.000767 0.045828 255 80 40
0.192695 0.010172 0.053031 255 80 40
0.192170 0.018266 0.057963 255 80 40
0.196251 0.058119 0.046705 255 80 40
0.191444 0.060231 0.051430 255 80 40
0.192652 0.060600 0.057082 255 80 40
0.156580 -0.627879 -0.035264 255 80 40
0.158807 -0.627816 -0.029691 255 80 40
0.157752 -0.621855 -0.042939 255 80 40
0.157098 -0.626409 -0.038486 255 80 40
0.155933 -0.623992 -0.027884 255 80 40
0.158279 -0.619631 -0.021037 255 80 40
0.158928 -0.614439 -0.043704 255 80 40
0.160905 -0.612546 -0.038575 255 80 40
0.156062 -0.615280 -0.019335 255 80 40
0.159286 -0.613920 -0.014676 255 80 40
0.156083 -0.608291 -0.044178 255 80 40
0.158418 -0.607895 -0.037206 255 80 40
0.159761 -0.606279 -0.028778 255 80 40
0.159150 -0.605280 -0.021352 255 80 40
0.157820 -0.606415 -0.015993 255 80 40
0.155576 -0.601663 -0.034842 255 80 40
0.155721 -0.599060 -0.029153 255 80 40
0.156342 -0.597760 -0.021243 255 80 40
0.155542 -0.598289 -0.014379 255 80 40
0.154133 -0.593583 -0.007664 255 80 40
0.156812 -0.592697 0.036036 255 80 40
0.158774 -0.593366 0.039716 255 80 40
0.154465 -0.593450 -0.013500 255 80 40
0.156521 -0.588112 0.027961 255 80 40
0.154653 -0.591322 0.032761 255 80 40
0.155655 -0.587696 0.041430 255 80 40
0.156796 -0.579978 0.027489 255 80 40
0.159885 -0.577746 0.034593 255 80 40
0.157343 -0.580006 0.042380 255 80 40
0.156553 -0.570703 -0.028030 255 80 40
0.154842 -0.573209 0.026646 255 80 40
0.155633 -0.573297 0.033522 255 80 40
0.154307 -0.574345 0.039650 255 80 40
0.159106 -0.564111 -0.035166 255 80 40
0.158406 -0.566066 -0.030508 255 80 40
0.158067 -0.561603 -0.036431 255 80 40
0.158822 -0.560351 -0.030518 255 80 40
0.165728 -0.548708 -0.035908 255 80 40
0.165118 -0.549153 -0.033307 255 80 40
0.164959 -0.540745 -0.043629 255 80 40
0.163027 -0.542868 -0.038930 255 80 40
0.164614 -0.545009 -0.034101 255 80 40
0.163728 -0.534499 -0.045464 255 80 40
0.163452 -0.534293 -0.039526 255 80 40
0.164412 -0.527653 -0.047890 255 80 40
0.163023 -0.527517 -0.038218 255 80 40
0.164338 -0.523829 -0.032609 255 80 40
0.165397 -0.520374 -0.046207 255 80 40
0.164176 -0.521225 -0.029259 255 80 40
0.162829 -0.519743 -0.023506 255 80 40
0.163127 -0.517483 -0.016671 255 80 40
0.161508 -0.514638 -0.008434 255 80 40
0.163117 -0.512294 -0.044994 255 80 40
0.167118 -0.510751 -0.043026 255 80 40
0.166605 -0.513211 -0.013421 255 80 40
0.164541 -0.511777 -0.007179 255 80 40
0.162920 -0.508265 -0.002676 255 80 40
0.165897 -0.503172 -0.041314 255 80 40
0.168048 -0.499514 -0.034231 255 80 40
0.164412 -0.501721 0.001105 255 80 40
0.163458 -0.497975 -0.038399 255 80 40
0.166140 -0.495649 -0.031835 255 80 40
0.167445 -0.492694 -0.026475 255 80 40
0.164038 -0.493507 0.001373 255 80 40
0.167858 -0.491943 0.003842 255 80 40
0.165630 -0.487356 -0.023532 255 80 40
0.167771 -0.484343 -0.020512 255 80 40
0.163470 -0.482074 -0.005596 255 80 40
0.165712 -0.486089 -0.001995 255 80 40
0.170483 -0.476229 -0.021915 255 80 40
0.167617 -0.477961 -0.018379 255 80 40
0.166436 -0.478480 -0.008100 255 80 40
0.168480 -0.481805 -0.004692 255 80 40
0.171195 -0.471824 -0.022204 255 80 40
0.164862 -0.473093 -0.016131 255 80 40
0.168942 -0.472384 -0.010273 255 80 40
0.166925 -0.459863 -0.010015 255 80 40
0.165274 -0.461615 -0.000720 255 80 40
0.168765 -0.460678 0.004607 255 80 40
0.171688 -0.456257 -0.014267 255 80 40
0.167917 -0.453945 -0.010259 255 80 40
0.167826 -0.452114 -0.001270 255 80 40
0.168908 -0.455400 0.003751 255 80 40
0.165634 -0.448982 -0.008038 255 80 40
0.168134 -0.447113 -0.002317 255 80 40
0.170672 -0.443447 0.022016 255 80 40
0.171137 -0.426384 0.000585 255 80 40
0.171451 -0.426595 0.001834 255 80 40
0.170151 -0.421302 -0.001055 255 80 40
0.170222 -0.421384 0.003354 255 80 40
0.167101 -0.416379 -0.001410 255 80 40
0.171072 -0.416592 0.002548 255 80 40
0.168220 -0.409220 0.023417 255 80 40
0.167987 -0.412293 0.028891 255 80 40
0.170069 -0.412713 0.033809 255 80 40
0.168464 -0.408580 0.023512 255 80 40
0.170025 -0.408344 0.029544 255 80 40
0.168784 -0.385712 -0.000994 255 80 40
0.170825 -0.387705 0.003545 255 80 40
0.174510 -0.388250 0.009250 255 80 40
0.169941 -0.383977 -0.001636 255 80 40
0.172352 -0.383170 0.003290 255 80 40
0.174810 -0.383379 0.008453 255 80 40
0.171710 -0.354546 0.005715 255 80 40
0.175103 -0.355472 0.008369 255 80 40
0.172663 -0.351265 0.004543 255 80 40
0.175574 -0.351182 0.009128 255 80 40
0.177195 -0.324361 0.011158 255 80 40
0.179035 -0.324160 0.013994 255 80 40
0.174863 -0.321303 0.011369 255 80 40
0.178099 -0.293908 0.001136 255 80 40
0.178879 -0.292951 0.006621 255 80 40
0.179382 -0.286915 0.001131 255 80 40
0.179590 -0.288119 0.006708 255 80 40
0.178886 -0.269558 -0.006003 255 80 40
0.180845 -0.269160 -0.002039 255 80 40
0.179505 -0.262575 -0.006160 255 80 40
0.181847 -0.263346 -0.002318 255 80 40
0.179605 -0.258331 0.014334 255 80 40
0.184783 -0.252348 -0.006038 255 80 40
0.183261 -0.251343 -0.002346 255 80 40
0.181746 -0.256830 0.015204 255 80 40
0.183500 -0.246899 -0.006469 255 80 40
0.182435 -0.246148 -0.001251 255 80 40
0.184680 -0.242511 0.006272 255 80 40
0.173333 -0.237819 0.165475 255 80 40
0.171534 -0.237089 0.170330 255 80 40
0.180653 -0.236022 -0.005878 255 80 40
0.182863 -0.238807 -0.002073 255 80 40
0.182716 -0.238037 0.004182 255 80 40
0.177130 -0.232848 0.166388 255 80 40
0.174735 -0.230043 0.170864 255 80 40
0.182613 -0.230988 -0.001135 255 80 40
0.185231 -0.232686 0.004823 255 80 40
0.173556 -0.222764 0.169438 255 80 40
0.175670 -0.224526 0.170453 255 80 40
0.186254 -0.221063 -0.014610 255 80 40
0.184508 -0.222460 -0.010746 255 80 40
0.184292 -0.221906 -0.003515 255 80 40
0.178024 -0.218634 0.169344 255 80 40
0.175574 -0.215119 0.170256 255 80 40
0.186541 -0.218378 -0.014220 255 80 40
0.185057 -0.214409 -0.009431 255 80 40
0.184872 -0.213720 -0.003827 255 80 40
0.176922 -0.206903 0.165313 255 80 40
0.177829 -0.210020 0.169857 255 80 40
0.184784 -0.206701 -0.010340 255 80 40
0.185028 -0.205461 -0.003478 255 80 40
0.181152 -0.199715 0.161016 255 80 40
0.177422 -0.200324 0.164047 255 80 40
0.187149 -0.195491 -0.012174 255 80 40
0.186599 -0.195871 -0.001504 255 80 40
0.188780 -0.199102 0.002122 255 80 40
0.178466 -0.189414 0.160201 255 80 40
0.178197 -0.190673 0.164264 255 80 40
0.186699 -0.190564 -0.011974 255 80 40
0.186605 -0.189410 -0.003864 255 80 40
0.181775 -0.188385 0.160173 255 80 40
0.186816 -0.181405 -0.010544 255 80 40
0.187048 -0.182336 -0.003318 255 80 40
0.179159 -0.177272 0.157244 255 80 40
0.177790 -0.174271 0.160436 255 80 40
0.187500 -0.176396 -0.003920 255 80 40
0.180513 -0.167690 0.156965 255 80 40
0.178300 -0.171240 0.160192 255 80 40
0.189065 -0.164953 -0.017316 255 80 40
0.188287 -0.166928 -0.014029 255 80 40
0.188611 -0.161196 -0.017415 255 80 40
0.189752 -0.159360 -0.015485 255 80 40
0.181245 -0.152900 0.149069 255 80 40
0.182308 -0.149929 0.151859 255 80 40
0.187795 -0.147429 -0.010917 255 80 40
0.189161 -0.147330 -0.006025 255 80 40
0.182136 -0.142661 0.149190 255 80 40
0.180745 -0.146001 0.151734 255 80 40
0.190250 -0.142610 -0.011854 255 80 40
0.189063 -0.142220 -0.004503 255 80 40
0.193072 -0.139851 -0.000007 255 80 40
0.190122 -0.136692 -0.011802 255 80 40
0.187985 -0.135317 -0.002292 255 80 40
0.191710 -0.133457 0.000075 255 80 40
0.183045 -0.127971 0.139932 255 80 40
0.182378 -0.125523 0.142788 255 80 40
0.191472 -0.128418 0.002569 255 80 40
0.184062 -0.119272 0.139276 255 80 40
0.183880 -0.122391 0.142874 255 80 40
0.191556 -0.117213 -0.010835 255 80 40
0.190108 -0.120885 -0.006264 255 80 40
0.192016 -0.114619 0.002328 255 80 40
0.191950 -0.113292 -0.010530 255 80 40
0.193036 -0.110487 -0.006952 255 80 40
0.192348 -0.109865 0.002416 255 80 40
0.185512 -0.108432 0.123953 255 80 40
0.187588 -0.104757 0.127070 255 80 40
0.190210 -0.104739 -0.005859 255 80 40
0.193140 -0.104753 0.001006 255 80 40
0.186654 -0.099142 0.122430 255 80 40
0.188179 -0.100801 0.126380 255 80 40
0.193528 -0.092504 -0.003736 255 80 40
0.192590 -0.095679 -0.001184 255 80 40
0.186748 -0.089139 0.099464 255 80 40
0.190071 -0.088334 0.104599 255 80 40
0.193887 -0.088016 -0.003510 255 80 40
0.193992 -0.085421 0.001119 255 80 40
0.197330 -0.083002 0.005648 255 80 40
0.187562 -0.079758 0.088896 255 80 40
0.188173 -0.081157 0.097176 255 80 40
0.189732 -0.083437 0.103714 255 80 40
0.194827 -0.075327 -0.003548 255 80 40
0.193251 -0.079014 0.000022 255 80 40
0.190808 -0.076102 0.091711 255 80 40
0.190440 -0.075078 0.094642 255 80 40
0.194994 -0.070268 -0.004177 255 80 40
0.194364 -0.069548 -0.001000 255 80 40
0.192340 -0.068215 0.005787 255 80 40
0.189619 -0.066867 0.095018 255 80 40
0.194547 -0.060858 0.002592 255 80 40
0.194337 -0.063432 0.005464 255 80 40
0.195281 -0.057076 0.074859 255 80 40
0.195279 -0.056485 0.079344 255 80 40
0.191560 -0.056160 0.090451 255 80 40
0.190759 -0.060349 0.093789 255 80 40
0.195261 -0.054798 0.001792 255 80 40
0.192493 -0.051161 0.004381 255 80 40
0.191879 -0.052477 0.018425 255 80 40
0.194041 -0.053539 0.020962 255 80 40
0.192399 -0.053505 0.075755 255 80 40
0.192280 -0.052993 0.080672 255 80 40
0.191365 -0.054020 0.086359 255 80 40
0.199072 -0.044135 0.018721 255 80 40
0.198825 -0.042097 0.019848 255 80 40
0.196170 -0.042823 0.033316 255 80 40
0.198425 -0.039046 0.018953 255 80 40
0.193989 -0.037200 0.021319 255 80 40
0.195256 -0.038585 0.032782 255 80 40
0.200037 -0.030778 0.019112 255 80 40
0.195643 -0.030595 0.022162 255 80 40
0.195235 -0.027071 0.030838 255 80 40
0.199110 -0.032330 0.041037 255 80 40
0.199417 -0.024872 0.024887 255 80 40
0.197008 -0.020768 0.028876 255 80 40
0.197702 -0.018998 0.046424 255 80 40
0.198246 -0.014544 0.028329 255 80 40
0.199148 -0.014177 0.047782 255 80 40
0.199778 -0.006479 0.032659 255 80 40
0.200278 -0.003502 0.034877 255 80 40
0.195866 -0.001843 0.047893 255 80 40
0.198192 -0.001339 0.079981 255 80 40
0.199017 0.000005 0.083914 255 80 40
0.201108 0.002109 0.033307 255 80 40
0.198201 0.004529 0.036470 255 80 40
0.196807 0.002987 0.044818 255 80 40
0.199974 0.004294 0.051258 255 80 40
0.193797 0.005706 0.072206 255 80 40
0.196466 0.003998 0.078258 255 80 40
0.198280 0.003699 0.084597 255 80 40
0.200058 0.009660 0.038913 255 80 40
0.197980 0.009666 0.042626 255 80 40
0.197293 0.010991 0.055137 255 80 40
0.198105 0.014223 0.060909 255 80 40
0.196965 0.012427 0.069115 255 80 40
0.196245 0.009170 0.075554 255 80 40
0.201850 0.015610 0.041376 255 80 40
0.200818 0.019831 0.046086 255 80 40
0.198747 0.017446 0.054812 255 80 40
0.199353 0.019797 0.060940 255 80 40
0.197784 0.016261 0.066097 255 80 40
0.201673 0.027269 0.046969 255 80 40
0.199954 0.028850 0.052905 255 80 40
0.199412 0.024426 0.059570 255 80 40
0.203106 0.034263 0.046391 255 80 40
0.200641 0.034987 0.052423 255 80 40
0.202054 0.039237 0.058479 255 80 40
0.201541 0.042753 0.055493 255 80 40
0.203095 0.041477 0.059250 255 80 40
0.200752 0.053299 0.053376 255 80 40
0.199786 0.060706 0.044210 255 80 40
0.201911 0.058978 0.053616 255 80 40
0.202037 0.061743 0.056522 255 80 40
0.201665 0.063296 0.038355 255 80 40
0.201584 0.062978 0.040230 255 80 40
0.202391 0.064696 0.053860 255 80 40
0.162674 -0.629004 -0.033235 255 80 40
0.164364 -0.628346 -0.028335 255 80 40
0.166195 -0.627871 -0.022455 255 80 40
0.162696 -0.620100 -0.040850 255 80 40
0.165054 -0.623867 -0.036008 255 80 40
0.164638 -0.624038 -0.027835 255 80 40
0.163738 -0.623791 -0.019562 255 80 40
0.165322 -0.620607 -0.011991 255 80 40
0.166764 -0.619146 -0.006106 255 80 40
0.163871 -0.616247 -0.036788 255 80 40
0.165909 -0.614566 -0.028330 255 80 40
0.167134 -0.612389 -0.021793 255 80 40
0.162492 -0.614389 -0.010889 255 80 40
0.165223 -0.614141 -0.005170 255 80 40
0.167343 -0.613821 0.000962 255 80 40
0.163050 -0.610065 -0.025702 255 80 40
0.164049 -0.608753 -0.020523 255 80 40
0.165347 -0.609623 -0.014161 255 80 40
0.166466 -0.594127 0.029431 255 80 40
0.164267 -0.595470 0.034761 255 80 40
0.163253 -0.594965 0.043602 255 80 40
0.165673 -0.593602 0.049001 255 80 40
0.164442 -0.588467 0.028643 255 80 40
0.162717 -0.590690 0.031530 255 80 40
0.161443 -0.589166 0.046254 255 80 40
0.164128 -0.587808 0.048189 255 80 40
0.163266 -0.582931 0.029402 255 80 40
0.165395 -0.582539 0.035405 255 80 40
0.163769 -0.582075 0.042774 255 80 40
0.163046 -0.584102 0.046939 255 80 40
0.171865 -0.550702 -0.037036 255 80 40
0.170191 -0.549519 -0.033256 255 80 40
0.170380 -0.540778 -0.043371 255 80 40
0.171450 -0.543844 -0.039027 255 80 40
0.171416 -0.543700 -0.029204 255 80 40
0.168396 -0.542759 -0.026080 255 80 40
0.171557 -0.535047 -0.044958 255 80 40
0.171038 -0.535163 -0.040736 255 80 40
0.173247 -0.527904 -0.046434 255 80 40
0.171308 -0.527990 -0.039244 255 80 40
0.172400 -0.520795 -0.045413 255 80 40
0.172928 -0.519425 -0.041295 255 80 40
0.170285 -0.521548 -0.030733 255 80 40
0.174305 -0.516365 -0.020907 255 80 40
0.170738 -0.515588 -0.017325 255 80 40
0.173250 -0.511521 -0.041579 255 80 40
0.174465 -0.508394 -0.035353 255 80 40
0.172584 -0.512179 -0.014368 255 80 40
0.170978 -0.508946 -0.009804 255 80 40
0.168180 -0.506374 -0.002942 255 80 40
0.172356 -0.504762 -0.038474 255 80 40
0.174241 -0.502587 -0.035032 255 80 40
0.175332 -0.505170 -0.012981 255 80 40
0.173058 -0.505958 -0.008202 255 80 40
0.171928 -0.502988 0.000212 255 80 40
0.173239 -0.499413 0.004070 255 80 40
0.174510 -0.497619 -0.031909 255 80 40
0.174179 -0.495079 -0.024162 255 80 40
0.173829 -0.495517 -0.019884 255 80 40
0.171656 -0.493648 0.007048 255 80 40
0.175370 -0.491048 0.014755 255 80 40
0.173897 -0.487636 -0.022705 255 80 40
0.175610 -0.484422 -0.018938 255 80 40
0.171740 -0.483783 -0.000982 255 80 40
0.171628 -0.486014 0.006145 255 80 40
0.174327 -0.486246 0.014790 255 80 40
0.172118 -0.477421 -0.021579 255 80 40
0.174538 -0.478822 -0.018925 255 80 40
0.173800 -0.478448 -0.007847 255 80 40
0.173812 -0.481907 -0.002627 255 80 40
0.172047 -0.475612 0.008243 255 80 40
0.174496 -0.477285 0.015692 255 80 40
0.176708 -0.478625 0.019605 255 80 40
0.172132 -0.474458 -0.022447 255 80 40
0.175299 -0.470959 -0.019580 255 80 40
0.174309 -0.471894 -0.009268 255 80 40
0.173127 -0.470020 0.007730 255 80 40
0.174556 -0.470000 0.014584 255 80 40
0.176903 -0.470608 0.019796 255 80 40
0.176260 -0.464046 -0.016505 255 80 40
0.174751 -0.458761 -0.008295 255 80 40
0.171720 -0.461750 0.008109 255 80 40
0.174025 -0.460701 0.014657 255 80 40
0.176245 -0.459713 0.021445 255 80 40
0.177009 -0.457830 0.026632 255 80 40
0.174589 -0.452051 -0.014622 255 80 40
0.175236 -0.454973 -0.010644 255 80 40
0.175594 -0.450761 0.001172 255 80 40
0.173051 -0.452562 0.005918 255 80 40
0.172138 -0.452744 0.014076 255 80 40
0.173983 -0.454867 0.022113 255 80 40
0.175462 -0.451415 0.029646 255 80 40
0.177448 -0.450948 0.034395 255 80 40
0.175919 -0.447500 -0.015946 255 80 40
0.178457 -0.446762 -0.010924 255 80 40
0.175712 -0.445968 -0.000277 255 80 40
0.175227 -0.448831 0.009347 255 80 40
0.172996 -0.445600 0.012727 255 80 40
0.171327 -0.443378 0.018375 255 80 40
0.173015 -0.443365 0.030667 255 80 40
0.176251 -0.445697 0.036189 255 80 40
0.179177 -0.438611 -0.016855 255 80 40
0.176191 -0.440241 -0.011282 255 80 40
0.178925 -0.438555 -0.000428 255 80 40
0.178512 -0.440375 0.002316 255 80 40
0.173460 -0.438697 0.015989 255 80 40
0.174233 -0.436895 0.020820 255 80 40
0.174875 -0.436759 0.028102 255 80 40
0.177252 -0.437510 0.035443 255 80 40
0.180234 -0.432948 -0.014985 255 80 40
0.180260 -0.430188 -0.010863 255 80 40
0.181427 -0.428768 -0.006492 255 80 40
0.175182 -0.426714 0.005984 255 80 40
0.176106 -0.429212 0.015165 255 80 40
0.176351 -0.429934 0.021500 255 80 40
0.176532 -0.429155 0.028469 255 80 40
0.177247 -0.428025 0.036685 255 80 40
0.177668 -0.425204 0.042197 255 80 40
0.176572 -0.421420 -0.000687 255 80 40
0.177465 -0.421915 0.004460 255 80 40
0.177964 -0.421967 0.012730 255 80 40
0.175659 -0.421833 0.020863 255 80 40
0.174808 -0.420271 0.028319 255 80 40
0.175415 -0.421232 0.036544 255 80 40
0.177893 -0.420624 0.042501 255 80 40
0.180568 -0.414532 -0.004178 255 80 40
0.178147 -0.415924 0.004753 255 80 40
0.176656 -0.417263 0.017519 255 80 40
0.174676 -0.413377 0.036900 255 80 40
0.178761 -0.412814 0.043360 255 80 40
0.182147 -0.408630 -0.008104 255 80 40
0.182600 -0.406755 -0.006922 255 80 40
0.179492 -0.405384 0.022375 255 80 40
0.177351 -0.404905 0.028389 255 80 40
0.178539 -0.404569 0.036191 255 80 40
0.179954 -0.405872 0.042707 255 80 40
0.182329 -0.394100 0.013874 255 80 40
0.181879 -0.398620 0.023540 255 80 40
0.181463 -0.397419 0.028183 255 80 40
0.181225 -0.396686 0.035743 255 80 40
0.181592 -0.393925 0.040496 255 80 40
0.179788 -0.387693 0.006492 255 80 40
0.179823 -0.390419 0.011894 255 80 40
0.182515 -0.389443 0.019689 255 80 40
0.181271 -0.388746 0.027297 255 80 40
0.179570 -0.389473 0.035511 255 80 40
0.179547 -0.389103 0.043267 255 80 40
0.180762 -0.386836 0.049507 255 80 40
0.181782 -0.384575 0.005995 255 80 40
0.179730 -0.383830 0.010545 255 80 40
0.182922 -0.385698 0.023427 255 80 40
0.181929 -0.383349 0.026146 255 80 40
0.177918 -0.384359 0.036691 255 80 40
0.179440 -0.377903 0.045012 255 80 40
0.180383 -0.381266 0.048998 255 80 40
0.179914 -0.374518 0.029967 255 80 40
0.180129 -0.372890 0.035140 255 80 40
0.181100 -0.374109 0.043856 255 80 40
0.182685 -0.369233 0.033925 255 80 40
0.181471 -0.356736 0.011292 255 80 40
0.183727 -0.356357 0.016098 255 80 40
0.184349 -0.353739 0.030054 255 80 40
0.183359 -0.354803 0.036052 255 80 40
0.183735 -0.355533 0.042744 255 80 40
0.185063 -0.350836 0.004887 255 80 40
0.182866 -0.351903 0.010312 255 80 40
0.184345 -0.352506 0.014969 255 80 40
0.184670 -0.352934 0.029676 255 80 40
0.184428 -0.352724 0.034312 255 80 40
0.184080 -0.348443 0.043570 255 80 40
0.184761 -0.341280 0.036202 255 80 40
0.184495 -0.340446 0.041266 255 80 40
0.184649 -0.342480 0.047243 255 80 40
0.187304 -0.324306 0.003834 255 80 40
0.185164 -0.326588 0.009994 255 80 40
0.183880 -0.324775 0.015144 255 80 40
0.186588 -0.321697 0.043359 255 80 40
0.187631 -0.321011 0.003850 255 80 40
0.185679 -0.320948 0.008261 255 80 40
0.186777 -0.316492 0.035563 255 80 40
0.185883 -0.319361 0.042048 255 80 40
0.186066 -0.319536 0.046737 255 80 40
0.186690 -0.310687 0.034664 255 80 40
0.186322 -0.309485 0.041358 255 80 40
0.186116 -0.309824 0.046520 255 80 40
0.189649 -0.299444 0.009764 255 80 40
0.187119 -0.299419 0.028667 255 80 40
0.187792 -0.299377 0.030183 255 80 40
0.185923 -0.292928 0.003284 255 80 40
0.186348 -0.294632 0.009398 255 80 40
0.187340 -0.294675 0.016891 255 80 40
0.188499 -0.294115 0.025154 255 80 40
0.187539 -0.293669 0.033626 255 80 40
0.187559 -0.291039 0.039729 255 80 40
0.187506 -0.289823 0.045419 255 80 40
0.185828 -0.287838 0.003197 255 80 40
0.188559 -0.286686 0.008424 255 80 40
0.187160 -0.287136 0.016203 255 80 40
0.188923 -0.284183 0.026293 255 80 40
0.187705 -0.284575 0.033155 255 80 40
0.187601 -0.285355 0.040452 255 80 40
0.188018 -0.286052 0.047244 255 80 40
0.191393 -0.275240 0.003135 255 80 40
0.188167 -0.274734 0.005739 255 80 40
0.189431 -0.280574 0.025224 255 80 40
0.188749 -0.278956 0.033720 255 80 40
0.188338 -0.278914 0.041110 255 80 40
0.189344 -0.277668 0.046370 255 80 40
0.188385 -0.269656 0.001310 255 80 40
0.188158 -0.270783 0.006924 255 80 40
0.186633 -0.269149 0.016783 255 80 40
0.190348 -0.269377 0.022370 255 80 40
0.187381 -0.262965 0.000360 255 80 40
0.188953 -0.263096 0.006507 255 80 40
0.187609 -0.261699 0.015553 255 80 40
0.190415 -0.264055 0.026665 255 80 40
0.189875 -0.261236 0.032778 255 80 40
0.189466 -0.261033 0.040553 255 80 40
0.189867 -0.260673 0.044227 255 80 40
0.188230 -0.251918 -0.005647 255 80 40
0.190010 -0.252828 -0.000854 255 80 40
0.192993 -0.251578 0.004087 255 80 40
0.187804 -0.256505 0.016041 255 80 40
0.191016 -0.253742 0.023004 255 80 40
0.189895 -0.252428 0.031469 255 80 40
0.189332 -0.253679 0.040361 255 80 40
0.190524 -0.252893 0.045116 255 80 40
0.188902 -0.247320 -0.005984 255 80 40
0.190099 -0.245994 -0.002612 255 80 40
0.190210 -0.247083 0.004713 255 80 40
0.188945 -0.244949 0.014354 255 80 40
0.192183 -0.247418 0.023291 255 80 40
0.191736 -0.248043 0.031769 255 80 40
0.191765 -0.247559 0.036130 255 80 40
0.191570 -0.248772 0.043355 255 80 40
0.189751 -0.238981 0.000392 255 80 40
0.189873 -0.237131 0.006181 255 80 40
0.189548 -0.238653 0.014156 255 80 40
0.192908 -0.238640 0.020015 255 80 40
0.179968 -0.229393 0.167381 255 80 40
0.191407 -0.230412 0.000730 255 80 40
0.191062 -0.231873 0.005924 255 80 40
0.192932 -0.227127 0.017413 255 80 40
0.191780 -0.228507 0.023698 255 80 40
0.191030 -0.229546 0.030987 255 80 40
0.191921 -0.231317 0.036536 255 80 40
0.183656 -0.224540 0.167464 255 80 40
0.180355 -0.222287 0.170502 255 80 40
0.190942 -0.224034 -0.010161 255 80 40
0.191671 -0.222128 -0.001994 255 80 40
0.193778 -0.222113 0.005176 255 80 40
0.193303 -0.225336 0.016894 255 80 40
0.193880 -0.223886 0.022614 255 80 40
0.192620 -0.224489 0.031018 255 80 40
0.192968 -0.224047 0.036864 255 80 40
0.184317 -0.215849 0.169435 255 80 40
0.182457 -0.218468 0.170093 255 80 40
0.189158 -0.218729 -0.014170 255 80 40
0.192598 -0.216044 -0.008985 255 80 40
0.191542 -0.214833 -0.001624 255 80 40
0.192436 -0.214588 0.005810 255 80 40
0.193915 -0.214217 0.013327 255 80 40
0.194628 -0.212829 0.021804 255 80 40
0.194567 -0.211731 0.029239 255 80 40
0.185152 -0.208424 0.168436 255 80 40
0.180800 -0.209924 0.169736 255 80 40
0.190008 -0.208389 -0.008725 255 80 40
0.192442 -0.206348 -0.001457 255 80 40
0.193504 -0.207306 0.005236 255 80 40
0.193475 -0.210105 0.017126 255 80 40
0.193084 -0.209224 0.020745 255 80 40
0.193270 -0.208954 0.030047 255 80 40
0.194061 -0.207463 0.034008 255 80 40
0.183870 -0.200313 0.164623 255 80 40
0.194088 -0.196297 -0.009172 255 80 40
0.193534 -0.199205 -0.001871 255 80 40
0.192578 -0.199574 0.004293 255 80 40
0.195733 -0.199045 0.013557 255 80 40
0.195925 -0.199578 0.021461 255 80 40
0.195664 -0.199570 0.027430 255 80 40
0.184899 -0.192896 0.165814 255 80 40
0.194798 -0.191509 -0.010731 255 80 40
0.194213 -0.191710 -0.003533 255 80 40
0.193174 -0.190835 0.005370 255 80 40
0.195917 -0.190208 0.013095 255 80 40
0.196549 -0.187484 0.020583 255 80 40
0.196468 -0.186569 0.027713 255 80 40
0.186569 -0.184854 0.158217 255 80 40
0.186583 -0.185925 0.162179 255 80 40
0.191921 -0.182612 -0.008021 255 80 40
0.195013 -0.183472 -0.002803 255 80 40
0.194350 -0.183614 0.004231 255 80 40
0.196581 -0.183641 0.010792 255 80 40
0.196454 -0.182930 0.020281 255 80 40
0.196165 -0.185001 0.028176 255 80 40
0.187214 -0.177319 0.157188 255 80 40
0.197333 -0.171809 -0.008012 255 80 40
0.195250 -0.176422 -0.003308 255 80 40
0.197128 -0.175677 0.003360 255 80 40
0.197805 -0.177695 0.013540 255 80 40
0.197794 -0.176977 0.021487 255 80 40
0.197453 -0.177649 0.026313 255 80 40
0.187369 -0.168344 0.158045 255 80 40
0.192748 -0.163516 -0.016043 255 80 40
0.195844 -0.166973 -0.011639 255 80 40
0.198721 -0.165930 0.014103 255 80 40
0.198551 -0.163907 0.018400 255 80 40
0.198376 -0.162875 0.024869 255 80 40
0.189029 -0.159487 0.150985 255 80 40
0.189867 -0.161505 0.154989 255 80 40
0.197732 -0.161870 -0.011248 255 80 40
0.200650 -0.156286 -0.004244 255 80 40
0.199365 -0.155912 0.012748 255 80 40
0.198707 -0.158252 0.020096 255 80 40
0.198645 -0.159346 0.025811 255 80 40
0.188591 -0.153496 0.150017 255 80 40
0.191438 -0.152844 0.153465 255 80 40
0.197746 -0.149372 -0.005508 255 80 40
0.195476 -0.146808 0.002000 255 80 40
0.199217 -0.152763 0.010803 255 80 40
0.199519 -0.153758 0.019413 255 80 40
0.187720 -0.141557 0.150555 255 80 40
0.190766 -0.144999 0.152439 255 80 40
0.195885 -0.142978 -0.009355 255 80 40
0.197113 -0.144179 -0.005249 255 80 40
0.195375 -0.142431 0.003666 255 80 40
0.198191 -0.141395 0.011019 255 80 40
0.199853 -0.140687 0.018567 255 80 40
0.200240 -0.139013 0.024245 255 80 40
0.191675 -0.137031 0.143066 255 80 40
0.191093 -0.137338 0.147630 255 80 40
0.194275 -0.138800 0.151629 255 80 40
0.196333 -0.138189 -0.009667 255 80 40
0.201327 -0.134798 -0.003202 255 80 40
0.195863 -0.134889 0.002809 255 80 40
0.199155 -0.136399 0.008691 255 80 40
0.193335 -0.129110 0.134947 255 80 40
0.190773 -0.129992 0.139709 255 80 40
0.192710 -0.129471 0.144637 255 80 40
0.201233 -0.126317 -0.002941 255 80 40
0.197895 -0.126894 0.004588 255 80 40
0.201445 -0.129454 0.013708 255 80 40
0.192812 -0.120800 0.141506 255 80 40
0.190752 -0.123905 0.143208 255 80 40
0.198558 -0.118775 -0.005719 255 80 40
0.196467 -0.117143 0.005507 255 80 40
0.199764 -0.118860 0.009335 255 80 40
0.194295 -0.113339 0.131452 255 80 40
0.193574 -0.116085 0.138052 255 80 40
0.198961 -0.112647 -0.004809 255 80 40
0.199756 -0.110818 0.001654 255 80 40
0.200535 -0.112104 0.009772 255 80 40
0.194715 -0.109059 0.124347 255 80 40
0.194612 -0.106261 0.129100 255 80 40
0.201215 -0.102254 0.001903 255 80 40
0.195027 -0.095843 0.117592 255 80 40
0.193792 -0.097241 0.121680 255 80 40
0.195093 -0.099584 0.128127 255 80 40
0.202217 -0.094827 0.000004 255 80 40
0.199732 -0.090951 0.005834 255 80 40
0.192922 -0.090781 0.107021 255 80 40
0.194880 -0.090703 0.113574 255 80 40
0.197364 -0.091671 0.120085 255 80 40
0.202393 -0.087967 0.001750 255 80 40
0.199920 -0.086159 0.006697 255 80 40
0.196513 -0.081200 0.105833 255 80 40
0.197924 -0.084951 0.112235 255 80 40
0.202060 -0.078314 0.002661 255 80 40
0.196784 -0.075273 0.096629 255 80 40
0.199227 -0.078317 0.102361 255 80 40
0.201726 -0.071824 -0.000128 255 80 40
0.204156 -0.068799 0.024386 255 80 40
0.199342 -0.068757 0.075629 255 80 40
0.197786 -0.067905 0.081255 255 80 40
0.197683 -0.067111 0.088012 255 80 40
0.196405 -0.067183 0.094459 255 80 40
0.199997 -0.066477 0.000869 255 80 40
0.201504 -0.059626 0.006616 255 80 40
0.202254 -0.059876 0.024241 255 80 40
0.197974 -0.059856 0.074948 255 80 40
0.197110 -0.060467 0.080141 255 80 40
0.196365 -0.058813 0.087507 255 80 40
0.196696 -0.061724 0.093194 255 80 40
0.200325 -0.055414 0.003472 255 80 40
0.203692 -0.055669 0.006323 255 80 40
0.201269 -0.054666 0.024497 255 80 40
0.202097 -0.052542 0.035360 255 80 40
0.204237 -0.051620 0.038462 255 80 40
0.200560 -0.050493 0.005609 255 80 40
0.204650 -0.045070 0.014438 255 80 40
0.202210 -0.048307 0.033591 255 80 40
0.203038 -0.045015 0.039108 255 80 40
0.203490 -0.039717 0.017277 255 80 40
0.201367 -0.036417 0.019857 255 80 40
0.199719 -0.036874 0.033562 255 80 40
0.201486 -0.037450 0.041945 255 80 40
0.204782 -0.036941 0.044896 255 80 40
0.204569 -0.032191 0.019125 255 80 40
0.203684 -0.028623 0.020636 255 80 40
0.200042 -0.032515 0.031865 255 80 40
0.202549 -0.028848 0.042060 255 80 40
0.206315 -0.029040 0.045522 255 80 40
0.204079 -0.023390 0.024576 255 80 40
0.202925 -0.019643 0.027390 255 80 40
0.202943 -0.023724 0.042438 255 80 40
0.204412 -0.020467 0.047099 255 80 40
0.206122 -0.016972 0.026999 255 80 40
0.204501 -0.013224 0.027843 255 80 40
0.204251 -0.013899 0.047660 255 80 40
0.206750 -0.006308 0.032655 255 80 40
0.203870 -0.002864 0.035901 255 80 40
0.203865 -0.005815 0.046521 255 80 40
0.207986 -0.003441 0.051659 255 80 40
0.201022 -0.006103 0.082509 255 80 40
0.202830 -0.003211 0.086885 255 80 40
0.204727 0.001483 0.033164 255 80 40
0.208145 0.005423 0.035107 255 80 40
0.204264 0.002658 0.046107 255 80 40
0.205152 0.002450 0.052619 255 80 40
0.204253 0.002271 0.087434 255 80 40
0.203348 0.007255 0.033803 255 80 40
0.205955 0.009588 0.038065 255 80 40
0.201938 0.007467 0.043896 255 80 40
0.207207 0.009822 0.055436 255 80 40
0.205537 0.013589 0.058689 255 80 40
0.207238 0.016225 0.041104 255 80 40
0.205298 0.018397 0.042569 255 80 40
0.205822 0.019480 0.057355 255 80 40
0.207437 0.018771 0.059321 255 80 40
0.207411 0.025818 0.045278 255 80 40
0.205552 0.028874 0.055353 255 80 40
0.206757 0.027053 0.061580 255 80 40
0.210929 0.035380 0.040440 255 80 40
0.207026 0.034019 0.043353 255 80 40
0.208000 0.034481 0.054096 255 80 40
0.210463 0.032050 0.061851 255 80 40
0.207496 0.040122 0.044232 255 80 40
0.211583 0.038622 0.055126 255 80 40
0.206349 0.043216 0.060304 255 80 40
0.210286 0.050662 0.056333 255 80 40
0.209028 0.050496 0.059434 255 80 40
0.208694 0.059313 0.055766 255 80 40
0.208014 0.055347 0.057022 255 80 40
0.209056 0.064519 0.053492 255 80 40
0.169169 -0.628755 -0.026279 255 80 40
0.170456 -0.628314 -0.020327 255 80 40
0.171281 -0.627335 -0.014851 255 80 40
0.170208 -0.623713 -0.027216 255 80 40
0.172501 -0.624260 -0.019197 255 80 40
0.172574 -0.624793 -0.012117 255 80 40
0.171313 -0.623914 -0.004001 255 80 40
0.172779 -0.622639 0.003699 255 80 40
0.174432 -0.620315 0.009813 255 80 40
0.169890 -0.617904 -0.025645 255 80 40
0.172036 -0.616179 -0.018989 255 80 40
0.173541 -0.614440 -0.012124 255 80 40
0.171114 -0.612270 -0.002772 255 80 40
0.170643 -0.613262 0.004152 255 80 40
0.172805 -0.613106 0.012219 255 80 40
0.174557 -0.611255 0.017909 255 80 40
0.175806 -0.610523 0.005238 255 80 40
0.175290 -0.609415 0.012287 255 80 40
0.174756 -0.606141 0.020580 255 80 40
0.174056 -0.604063 0.028184 255 80 40
0.173022 -0.602471 0.035494 255 80 40
0.174293 -0.601407 0.041558 255 80 40
0.173492 -0.601025 0.053527 255 80 40
0.173733 -0.601096 0.055865 255 80 40
0.173929 -0.600811 0.023057 255 80 40
0.172021 -0.597973 0.027023 255 80 40
0.168646 -0.599179 0.035711 255 80 40
0.170778 -0.599529 0.043456 255 80 40
0.170159 -0.598060 0.051360 255 80 40
0.172528 -0.596529 0.057363 255 80 40
0.172043 -0.590319 0.029932 255 80 40
0.172550 -0.588236 0.035057 255 80 40
0.172294 -0.586789 0.043298 255 80 40
0.170592 -0.588114 0.051180 255 80 40
0.173070 -0.591146 0.057025 255 80 40
0.179028 -0.575300 -0.038904 255 80 40
0.179910 -0.571022 -0.041502 255 80 40
0.180019 -0.570640 -0.039799 255 80 40
0.180738 -0.556792 -0.036561 255 80 40
0.181426 -0.551104 -0.045014 255 80 40
0.178530 -0.551457 -0.038189 255 80 40
0.175891 -0.554263 -0.034021 255 80 40
0.182839 -0.542523 -0.052212 255 80 40
0.181249 -0.544611 -0.045762 255 80 40
0.179016 -0.544301 -0.038434 255 80 40
0.175901 -0.545575 -0.033454 255 80 40
0.182988 -0.537470 -0.054424 255 80 40
0.180127 -0.536376 -0.046270 255 80 40
0.179599 -0.536563 -0.040766 255 80 40
0.184343 -0.531718 -0.050807 255 80 40
0.180783 -0.529335 -0.046947 255 80 40
0.180052 -0.528953 -0.039045 255 80 40
0.181750 -0.521624 -0.045618 255 80 40
0.180753 -0.522858 -0.038741 255 80 40
0.180487 -0.520146 -0.031954 255 80 40
0.180256 -0.516470 -0.022502 255 80 40
0.183204 -0.512680 -0.045591 255 80 40
0.181303 -0.511114 -0.040329 255 80 40
0.181307 -0.509564 -0.032900 255 80 40
0.180734 -0.515264 -0.020058 255 80 40
0.179353 -0.512550 -0.014598 255 80 40
0.180632 -0.508811 -0.009668 255 80 40
0.185615 -0.506299 -0.044327 255 80 40
0.185178 -0.504113 -0.040195 255 80 40
0.180687 -0.504413 -0.033809 255 80 40
0.178293 -0.504117 -0.013441 255 80 40
0.178535 -0.505852 -0.007175 255 80 40
0.179971 -0.504545 -0.000235 255 80 40
0.178622 -0.499611 0.005683 255 80 40
0.185387 -0.500168 -0.036683 255 80 40
0.182488 -0.495691 -0.032326 255 80 40
0.178525 -0.496241 0.009970 255 80 40
0.179427 -0.493507 0.015990 255 80 40
0.183121 -0.492576 0.021398 255 80 40
0.184111 -0.489244 -0.028796 255 80 40
0.181029 -0.487458 -0.025203 255 80 40
0.180141 -0.483953 -0.018875 255 80 40
0.177417 -0.489701 0.018664 255 80 40
0.179677 -0.486299 0.022057 255 80 40
0.184316 -0.482036 -0.024379 255 80 40
0.181242 -0.478945 -0.015765 255 80 40
0.180326 -0.478116 -0.008003 255 80 40
0.179043 -0.480462 -0.001817 255 80 40
0.180155 -0.477520 0.022479 255 80 40
0.184691 -0.469438 -0.021482 255 80 40
0.182518 -0.472392 -0.019348 255 80 40
0.180243 -0.472339 -0.009987 255 80 40
0.180244 -0.470268 0.024265 255 80 40
0.181905 -0.467463 0.027289 255 80 40
0.185331 -0.466930 -0.021619 255 80 40
0.184160 -0.463197 -0.018224 255 80 40
0.179409 -0.466602 -0.007284 255 80 40
0.178344 -0.463231 0.024799 255 80 40
0.181833 -0.462437 0.030466 255 80 40
0.182622 -0.459180 0.035783 255 80 40
0.185707 -0.458029 -0.014873 255 80 40
0.183902 -0.454294 -0.010495 255 80 40
0.180043 -0.450466 0.003399 255 80 40
0.178631 -0.455241 0.032698 255 80 40
0.182040 -0.453257 0.038169 255 80 40
0.182240 -0.448113 -0.007806 255 80 40
0.183822 -0.445332 -0.004135 255 80 40
0.181405 -0.445991 0.040332 255 80 40
0.185338 -0.444750 0.042663 255 80 40
0.184553 -0.439402 -0.015608 255 80 40
0.185497 -0.439490 -0.011506 255 80 40
0.183931 -0.441200 -0.002706 255 80 40
0.182586 -0.438135 0.003217 255 80 40
0.181637 -0.437627 0.039784 255 80 40
0.185050 -0.438279 0.042157 255 80 40
0.186082 -0.433664 -0.015314 255 80 40
0.186442 -0.429319 -0.010499 255 80 40
0.182683 -0.427880 -0.002465 255 80 40
0.182506 -0.426812 0.002923 255 80 40
0.179998 -0.430248 0.040139 255 80 40
0.183243 -0.429218 0.043917 255 80 40
0.186010 -0.423210 -0.001922 255 80 40
0.186027 -0.422051 0.003565 255 80 40
0.183085 -0.421248 0.047055 255 80 40
0.186347 -0.419212 0.049643 255 80 40
0.183185 -0.411647 -0.008047 255 80 40
0.186001 -0.414845 -0.003269 255 80 40
0.183810 -0.416670 0.004691 255 80 40
0.182483 -0.417665 0.012161 255 80 40
0.183329 -0.413123 0.047882 255 80 40
0.186244 -0.413100 0.049932 255 80 40
0.184656 -0.409772 -0.007674 255 80 40
0.186799 -0.407424 -0.004417 255 80 40
0.187887 -0.405231 0.004050 255 80 40
0.186048 -0.405012 0.019706 255 80 40
0.181352 -0.401321 0.039749 255 80 40
0.182720 -0.404162 0.045923 255 80 40
0.187270 -0.405226 0.050319 255 80 40
0.190184 -0.401230 0.000002 255 80 40
0.189015 -0.397835 0.005348 255 80 40
0.186897 -0.397013 0.011689 255 80 40
0.185536 -0.398169 0.019520 255 80 40
0.182234 -0.398525 0.024809 255 80 40
0.181636 -0.399022 0.039650 255 80 40
0.183025 -0.397725 0.045329 255 80 40
0.186454 -0.396869 0.051084 255 80 40
0.188744 -0.390602 0.005705 255 80 40
0.186116 -0.392153 0.009675 255 80 40
0.183266 -0.387318 0.020728 255 80 40
0.182091 -0.391448 0.047432 255 80 40
0.184682 -0.388775 0.053165 255 80 40
0.188822 -0.387636 0.056651 255 80 40
0.189181 -0.381266 -0.001458 255 80 40
0.187889 -0.383570 0.003236 255 80 40
0.188125 -0.382539 0.013121 255 80 40
0.186673 -0.384157 0.021239 255 80 40
0.185675 -0.379572 0.054353 255 80 40
0.188788 -0.382251 0.057053 255 80 40
0.191738 -0.376789 -0.001529 255 80 40
0.189567 -0.374893 0.002949 255 80 40
0.189287 -0.376734 0.011423 255 80 40
0.183898 -0.370390 0.045608 255 80 40
0.186749 -0.373221 0.051904 255 80 40
0.191207 -0.367253 0.005480 255 80 40
0.191083 -0.366076 0.010832 255 80 40
0.188710 -0.364109 0.020987 255 80 40
0.187120 -0.365092 0.026934 255 80 40
0.184657 -0.365481 0.034753 255 80 40
0.185348 -0.365613 0.043237 255 80 40
0.188895 -0.365430 0.051442 255 80 40
0.189476 -0.359344 0.011235 255 80 40
0.186649 -0.358617 0.019710 255 80 40
0.186662 -0.358275 0.025840 255 80 40
0.185090 -0.359335 0.033767 255 80 40
0.185239 -0.359131 0.044014 255 80 40
0.187522 -0.357143 0.052160 255 80 40
0.188957 -0.354188 0.055461 255 80 40
0.191185 -0.350570 0.003742 255 80 40
0.188364 -0.350476 0.009747 255 80 40
0.189959 -0.350476 0.018412 255 80 40
0.186700 -0.352692 0.027063 255 80 40
0.184980 -0.352683 0.045385 255 80 40
0.186486 -0.348955 0.051563 255 80 40
0.190668 -0.349337 0.056699 255 80 40
0.191352 -0.345113 0.004922 255 80 40
0.191292 -0.343049 0.010576 255 80 40
0.191832 -0.344838 0.016221 255 80 40
0.188580 -0.340376 0.028994 255 80 40
0.186593 -0.340139 0.033458 255 80 40
0.186103 -0.337558 0.042635 255 80 40
0.187825 -0.340255 0.050936 255 80 40
0.190749 -0.342250 0.055451 255 80 40
0.194220 -0.338769 0.006595 255 80 40
0.193112 -0.334918 0.010415 255 80 40
0.192422 -0.333503 0.016903 255 80 40
0.191496 -0.333838 0.027309 255 80 40
0.188836 -0.333852 0.035373 255 80 40
0.188067 -0.332637 0.041891 255 80 40
0.189880 -0.333495 0.051171 255 80 40
0.192814 -0.331062 0.055175 255 80 40
0.191479 -0.324960 0.005330 255 80 40
0.191881 -0.328545 0.009449 255 80 40
0.190207 -0.325790 0.018117 255 80 40
0.191705 -0.327007 0.025857 255 80 40
0.189734 -0.325229 0.033630 255 80 40
0.187825 -0.325023 0.042089 255 80 40
0.188734 -0.325139 0.049797 255 80 40
0.191422 -0.323188 0.056428 255 80 40
0.192520 -0.319537 0.002494 255 80 40
0.193360 -0.318842 0.010099 255 80 40
0.194905 -0.321994 0.017041 255 80 40
0.190797 -0.321302 0.028691 255 80 40
0.188894 -0.320973 0.033728 255 80 40
0.187861 -0.317289 0.052325 255 80 40
0.190927 -0.317153 0.057711 255 80 40
0.190957 -0.306666 0.021032 255 80 40
0.193126 -0.308355 0.026236 255 80 40
0.189079 -0.307616 0.032740 255 80 40
0.188390 -0.305977 0.040610 255 80 40
0.189323 -0.307172 0.050706 255 80 40
0.191759 -0.309191 0.056195 255 80 40
0.192116 -0.298847 0.004516 255 80 40
0.194225 -0.302005 0.009782 255 80 40
0.192428 -0.302784 0.017770 255 80 40
0.190313 -0.303701 0.025100 255 80 40
0.190264 -0.302082 0.034049 255 80 40
0.190192 -0.301398 0.040791 255 80 40
0.191222 -0.300770 0.048950 255 80 40
0.193842 -0.302491 0.054833 255 80 40
0.192733 -0.294695 0.003590 255 80 40
0.196046 -0.293775 0.008283 255 80 40
0.190253 -0.297198 0.019032 255 80 40
0.189845 -0.296244 0.023279 255 80 40
0.189684 -0.296462 0.035823 255 80 40
0.189645 -0.294859 0.042003 255 80 40
0.190366 -0.293998 0.048131 255 80 40
0.193956 -0.292465 0.055525 255 80 40
0.193362 -0.290352 0.003679 255 80 40
0.193996 -0.286922 0.009042 255 80 40
0.192492 -0.284839 0.024139 255 80 40
0.189403 -0.284725 0.051637 255 80 40
0.192671 -0.284804 0.055817 255 80 40
0.192151 -0.275555 0.001902 255 80 40
0.194843 -0.277413 0.008945 255 80 40
0.193977 -0.276939 0.016591 255 80 40
0.191972 -0.276870 0.022897 255 80 40
0.191800 -0.277090 0.050152 255 80 40
0.195169 -0.277870 0.054486 255 80 40
0.194947 -0.271065 0.002455 255 80 40
0.195444 -0.271114 0.007136 255 80 40
0.193557 -0.272984 0.016416 255 80 40
0.192055 -0.272970 0.021197 255 80 40
0.191303 -0.267214 0.028182 255 80 40
0.191389 -0.266324 0.042559 255 80 40
0.195421 -0.270113 0.050042 255 80 40
0.197607 -0.272721 0.052942 255 80 40
0.199219 -0.260368 0.002960 255 80 40
0.195877 -0.262864 0.005781 255 80 40
0.195385 -0.259417 0.017420 255 80 40
0.193592 -0.260928 0.049246 255 80 40
0.196588 -0.260619 0.052387 255 80 40
0.197520 -0.254613 0.001927 255 80 40
0.194578 -0.254227 0.005265 255 80 40
0.193670 -0.257095 0.017593 255 80 40
0.193024 -0.256462 0.021982 255 80 40
0.193843 -0.252586 0.049404 255 80 40
0.197154 -0.253275 0.052055 255 80 40
0.197897 -0.247872 0.001015 255 80 40
0.193759 -0.248376 0.008576 255 80 40
0.193861 -0.243112 0.017683 255 80 40
0.193378 -0.244075 0.022511 255 80 40
0.192957 -0.245205 0.031278 255 80 40
0.193555 -0.244413 0.039530 255 80 40
0.196250 -0.245511 0.046857 255 80 40
0.197607 -0.240307 0.001936 255 80 40
0.199463 -0.237649 0.003757 255 80 40
0.194825 -0.241018 0.040602 255 80 40
0.196731 -0.240624 0.044428 255 80 40
0.199621 -0.230307 -0.000613 255 80 40
0.197664 -0.234069 0.003504 255 80 40
0.193499 -0.231513 0.040720 255 80 40
0.198488 -0.231078 0.046197 255 80 40
0.194400 -0.225425 0.167631 255 80 40
0.199825 -0.223755 -0.003502 255 80 40
0.198002 -0.222021 0.006877 255 80 40
0.196911 -0.220940 0.013556 255 80 40
0.195472 -0.219956 0.022423 255 80 40
0.194925 -0.219782 0.030146 255 80 40
0.196938 -0.221037 0.040113 255 80 40
0.199576 -0.222257 0.043440 255 80 40
0.191554 -0.218971 0.167983 255 80 40
0.195150 -0.214125 0.171165 255 80 40
0.197321 -0.216498 -0.006822 255 80 40
0.200819 -0.214815 -0.002930 255 80 40
0.196742 -0.218775 0.006912 255 80 40
0.197051 -0.216827 0.013198 255 80 40
0.195431 -0.215842 0.022598 255 80 40
0.195519 -0.214580 0.031683 255 80 40
0.198417 -0.213846 0.038822 255 80 40
0.202510 -0.210977 0.042368 255 80 40
0.192154 -0.207791 0.169165 255 80 40
0.194518 -0.209578 0.170465 255 80 40
0.201768 -0.207839 -0.003105 255 80 40
0.197154 -0.208341 0.002419 255 80 40
0.198316 -0.205375 0.039982 255 80 40
0.201695 -0.207541 0.042660 255 80 40
0.192985 -0.199718 0.168914 255 80 40
0.203195 -0.199386 -0.006825 255 80 40
0.199172 -0.199599 -0.004345 255 80 40
0.197933 -0.195902 0.014746 255 80 40
0.197129 -0.196407 0.022512 255 80 40
0.197347 -0.196832 0.031072 255 80 40
0.200519 -0.197382 0.037162 255 80 40
0.194323 -0.192948 0.166484 255 80 40
0.201113 -0.194040 -0.007638 255 80 40
0.202342 -0.188920 -0.004815 255 80 40
0.198203 -0.192768 0.014351 255 80 40
0.197503 -0.191677 0.021238 255 80 40
0.197789 -0.190077 0.029720 255 80 40
0.201258 -0.189618 0.036251 255 80 40
0.195146 -0.184839 0.163244 255 80 40
0.206011 -0.181503 -0.008155 255 80 40
0.201845 -0.183639 -0.004001 255 80 40
0.198496 -0.182539 0.008122 255 80 40
0.198538 -0.180294 0.010069 255 80 40
0.197013 -0.185824 0.031802 255 80 40
0.201137 -0.182249 0.037680 255 80 40
0.194306 -0.176523 0.160574 255 80 40
0.195537 -0.178710 0.161434 255 80 40
0.205441 -0.176001 -0.008612 255 80 40
0.200924 -0.176151 -0.006738 255 80 40
0.200375 -0.172789 0.006200 255 80 40
0.199797 -0.173529 0.013181 255 80 40
0.199917 -0.173284 0.020111 255 80 40
0.200283 -0.173176 0.028425 255 80 40
0.203961 -0.173611 0.035786 255 80 40
0.196463 -0.169103 0.159302 255 80 40
0.203363 -0.168512 -0.008525 255 80 40
0.204802 -0.165750 -0.006823 255 80 40
0.200786 -0.168592 0.005476 255 80 40
0.200070 -0.167368 0.011451 255 80 40
0.199939 -0.167637 0.019866 255 80 40
0.200403 -0.166272 0.028595 255 80 40
0.203128 -0.165425 0.034153 255 80 40
0.196017 -0.161246 0.157534 255 80 40
0.199126 -0.159787 0.163683 255 80 40
0.206798 -0.159559 -0.010111 255 80 40
0.203430 -0.159364 -0.006137 255 80 40
0.201654 -0.161991 0.007796 255 80 40
0.200961 -0.157515 0.010999 255 80 40
0.199939 -0.156054 0.028058 255 80 40
0.203570 -0.159630 0.035899 255 80 40
0.196591 -0.153621 0.155566 255 80 40
0.199746 -0.157317 0.162966 255 80 40
0.207425 -0.151240 -0.009823 255 80 40
0.203203 -0.152053 -0.006859 255 80 40
0.201443 -0.149237 0.013660 255 80 40
0.200967 -0.149862 0.020008 255 80 40
0.201952 -0.149498 0.028595 255 80 40
0.204514 -0.150616 0.033650 255 80 40
0.196243 -0.144982 0.154091 255 80 40
0.209559 -0.143638 -0.010712 255 80 40
0.205514 -0.143277 -0.006632 255 80 40
0.203428 -0.145355 0.005799 255 80 40
0.201858 -0.144996 0.014068 255 80 40
0.201191 -0.143597 0.020145 255 80 40
0.202142 -0.141755 0.027662 255 80 40
0.205557 -0.141749 0.032848 255 80 40
0.200122 -0.136273 0.150546 255 80 40
0.198283 -0.139928 0.152440 255 80 40
0.209162 -0.136652 -0.010254 255 80 40
0.205496 -0.136019 -0.005124 255 80 40
0.202032 -0.130670 0.019463 255 80 40
0.204859 -0.132177 0.029534 255 80 40
0.205009 -0.137359 0.033366 255 80 40
0.199698 -0.129277 0.146463 255 80 40
0.211346 -0.124992 -0.021115 255 80 40
0.210462 -0.128671 -0.010393 255 80 40
0.206517 -0.127025 -0.006014 255 80 40
0.203946 -0.125382 0.014214 255 80 40
0.203987 -0.127013 0.019646 255 80 40
0.206815 -0.125374 0.027644 255 80 40
0.208608 -0.129873 0.032629 255 80 40
0.200986 -0.119694 0.142046 255 80 40
0.200614 -0.124249 0.144507 255 80 40
0.211561 -0.121639 -0.021008 255 80 40
0.211596 -0.118846 -0.013873 255 80 40
0.207688 -0.119260 -0.004305 255 80 40
0.208093 -0.116307 -0.000778 255 80 40
0.205013 -0.119818 0.012226 255 80 40
0.205717 -0.120324 0.020141 255 80 40
0.206585 -0.118329 0.027249 255 80 40
0.208362 -0.117763 0.031968 255 80 40
0.197260 -0.110632 0.134462 255 80 40
0.200353 -0.114266 0.138131 255 80 40
0.211336 -0.114838 -0.011436 255 80 40
0.208423 -0.111313 -0.004076 255 80 40
0.205960 -0.111897 -0.000201 255 80 40
0.203973 -0.111063 0.011175 255 80 40
0.202360 -0.105256 0.132755 255 80 40
0.203343 -0.109933 0.135600 255 80 40
0.209487 -0.104669 -0.003861 255 80 40
0.205709 -0.101882 -0.000107 255 80 40
0.201511 -0.094985 0.126000 255 80 40
0.202237 -0.098488 0.128933 255 80 40
0.209785 -0.094854 0.001285 255 80 40
0.204320 -0.087934 0.117339 255 80 40
0.202842 -0.091920 0.121966 255 80 40
0.209449 -0.087420 0.002181 255 80 40
0.207405 -0.084308 0.020435 255 80 40
0.209302 -0.085878 0.025637 255 80 40
0.211621 -0.088437 0.030674 255 80 40
0.203892 -0.080689 0.108530 255 80 40
0.204089 -0.084455 0.113380 255 80 40
0.209774 -0.079563 0.003028 255 80 40
0.210384 -0.082580 0.024878 255 80 40
0.210598 -0.075675 0.035199 255 80 40
0.205179 -0.073739 0.099614 255 80 40
0.205709 -0.076764 0.104247 255 80 40
0.208306 -0.073495 0.004666 255 80 40
0.211190 -0.071832 0.007387 255 80 40
0.205868 -0.071176 0.028487 255 80 40
0.208811 -0.070243 0.032494 255 80 40
0.211998 -0.066566 0.038099 255 80 40
0.205497 -0.069426 0.083952 255 80 40
0.205892 -0.069694 0.088904 255 80 40
0.206458 -0.071180 0.095613 255 80 40
0.210838 -0.062527 0.008237 255 80 40
0.206538 -0.063944 0.025985 255 80 40
0.208407 -0.063744 0.033558 255 80 40
0.210473 -0.061316 0.040367 255 80 40
0.210110 -0.057124 0.009152 255 80 40
0.210098 -0.054125 0.042193 255 80 40
0.213067 -0.046819 0.009557 255 80 40
0.208786 -0.047344 0.012847 255 80 40
0.208446 -0.048040 0.042560 255 80 40
0.212337 -0.047269 0.045397 255 80 40
0.215093 -0.040722 0.011226 255 80 40
0.213061 -0.037601 0.014919 255 80 40
0.210423 -0.038049 0.048158 255 80 40
0.216481 -0.028263 0.001911 255 80 40
0.215999 -0.031962 0.010844 255 80 40
0.213138 -0.030449 0.015859 255 80 40
0.210209 -0.028502 0.019900 255 80 40
0.210623 -0.029452 0.048758 255 80 40
0.213966 -0.026014 0.052305 255 80 40
0.215207 -0.025567 0.001353 255 80 40
0.214769 -0.025473 0.018506 255 80 40
0.211357 -0.023365 0.023195 255 80 40
0.210880 -0.021733 0.051191 255 80 40
0.214291 -0.021724 0.052320 255 80 40
0.215890 -0.016495 0.018612 255 80 40
0.213946 -0.015100 0.023861 255 80 40
0.210945 -0.011575 0.028425 255 80 40
0.210887 -0.017141 0.050698 255 80 40
0.212376 -0.012804 0.054184 255 80 40
0.209841 -0.009285 0.089278 255 80 40
0.216766 -0.009666 0.018448 255 80 40
0.216820 -0.005797 0.022582 255 80 40
0.213590 -0.006534 0.030339 255 80 40
0.212438 -0.005289 0.055801 255 80 40
0.210394 -0.006671 0.090294 255 80 40
0.211178 -0.003751 0.091893 255 80 40
0.215828 0.001692 0.032718 255 80 40
0.211162 0.004815 0.035813 255 80 40
0.210547 0.000874 0.055843 255 80 40
0.212977 0.002663 0.060045 255 80 40
0.210651 0.001353 0.089594 255 80 40
0.210347 0.000095 0.091692 255 80 40
0.217970 0.010314 0.032662 255 80 40
0.213768 0.010651 0.037558 255 80 40
0.210183 0.009542 0.055557 255 80 40
0.213097 0.011824 0.061499 255 80 40
0.215151 0.017735 0.040170 255 80 40
0.212338 0.021490 0.044127 255 80 40
0.214070 0.018419 0.063440 255 80 40
0.218934 0.026855 0.033885 255 80 40
0.217178 0.026574 0.039653 255 80 40
0.213457 0.026387 0.043589 255 80 40
0.211473 0.023484 0.057407 255 80 40
0.213973 0.026518 0.063292 255 80 40
0.216057 0.027786 0.066087 255 80 40
0.219569 0.032262 0.032143 255 80 40
0.215114 0.034203 0.037768 255 80 40
0.213495 0.030164 0.043070 255 80 40
0.213238 0.032916 0.057609 255 80 40
0.214280 0.034388 0.061361 255 80 40
0.217852 0.035895 0.067514 255 80 40
0.215283 0.038532 0.038038 255 80 40
0.215904 0.042384 0.062616 255 80 40
0.218923 0.039304 0.065922 255 80 40
0.218265 0.052840 0.056586 255 80 40
0.215822 0.049732 0.061275 255 80 40
0.217340 0.057951 0.055389 255 80 40
0.215714 0.064554 0.051498 255 80 40
0.217645 0.087987 0.016768 255 80 40
0.176810 -0.623152 -0.010225 255 80 40
0.179596 -0.623265 -0.002133 255 80 40
0.180784 -0.623450 0.004469 255 80 40
0.178691 -0.621691 0.012884 255 80 40
0.181799 -0.619934 0.018313 255 80 40
0.177265 -0.618503 -0.010628 255 80 40
0.179084 -0.615938 -0.003676 255 80 40
0.180737 -0.613840 0.004323 255 80 40
0.178757 -0.614826 0.012745 255 80 40
0.178638 -0.614447 0.020572 255 80 40
0.180601 -0.612338 0.027215 255 80 40
0.181903 -0.610096 0.035629 255 80 40
0.179163 -0.608285 0.013048 255 80 40
0.179323 -0.604398 0.019164 255 80 40
0.177666 -0.608818 0.028314 255 80 40
0.177783 -0.606071 0.035994 255 80 40
0.179080 -0.604069 0.043001 255 80 40
0.178767 -0.602133 0.051923 255 80 40
0.177634 -0.601353 0.057710 255 80 40
0.178595 -0.601013 0.022270 255 80 40
0.179826 -0.597261 0.027754 255 80 40
0.180913 -0.594773 0.033070 255 80 40
0.174884 -0.601085 0.046476 255 80 40
0.177957 -0.597030 0.061502 255 80 40
0.185385 -0.591079 -0.034472 255 80 40
0.178994 -0.591860 0.037196 255 80 40
0.180152 -0.590243 0.042575 255 80 40
0.179345 -0.588134 0.051245 255 80 40
0.178937 -0.590719 0.059893 255 80 40
0.185765 -0.584811 -0.042055 255 80 40
0.185012 -0.583971 -0.036696 255 80 40
0.183222 -0.573420 -0.042659 255 80 40
0.184829 -0.576741 -0.037634 255 80 40
0.185320 -0.569779 -0.043060 255 80 40
0.185282 -0.568666 -0.036534 255 80 40
0.187136 -0.558603 -0.043269 255 80 40
0.186076 -0.560547 -0.037532 255 80 40
0.184862 -0.551125 -0.050592 255 80 40
0.186009 -0.555001 -0.046144 255 80 40
0.186149 -0.552790 -0.037724 255 80 40
0.187540 -0.543369 -0.052882 255 80 40
0.185205 -0.545024 -0.047268 255 80 40
0.186528 -0.544830 -0.039620 255 80 40
0.187380 -0.537342 -0.056301 255 80 40
0.187985 -0.537739 -0.040082 255 80 40
0.187116 -0.528582 -0.054034 255 80 40
0.184886 -0.527800 -0.050079 255 80 40
0.188056 -0.528970 -0.038957 255 80 40
0.188372 -0.522059 -0.053004 255 80 40
0.185451 -0.522863 -0.047116 255 80 40
0.188531 -0.523891 -0.035640 255 80 40
0.188121 -0.520967 -0.030822 255 80 40
0.187935 -0.517602 -0.024631 255 80 40
0.188962 -0.516404 -0.051461 255 80 40
0.189666 -0.512455 -0.048420 255 80 40
0.186990 -0.515403 -0.020703 255 80 40
0.186839 -0.513586 -0.014957 255 80 40
0.187652 -0.510314 -0.007686 255 80 40
0.183993 -0.507323 -0.002664 255 80 40
0.190617 -0.506658 -0.044679 255 80 40
0.189427 -0.502371 -0.041069 255 80 40
0.188887 -0.505003 0.001368 255 80 40
0.187498 -0.500678 0.006931 255 80 40
0.191529 -0.499580 -0.038684 255 80 40
0.189907 -0.494969 -0.032997 255 80 40
0.187909 -0.498167 0.012064 255 80 40
0.187562 -0.496804 0.016788 255 80 40
0.188182 -0.493608 0.022304 255 80 40
0.191251 -0.488829 -0.031108 255 80 40
0.188369 -0.486961 0.025698 255 80 40
0.192491 -0.483702 -0.029178 255 80 40
0.190569 -0.481211 -0.024964 255 80 40
0.188314 -0.478906 0.026348 255 80 40
0.191557 -0.475231 0.028067 255 80 40
0.188319 -0.468478 -0.021606 255 80 40
0.188083 -0.469494 -0.019652 255 80 40
0.184987 -0.472670 0.026865 255 80 40
0.189962 -0.469922 0.030204 255 80 40
0.192352 -0.464632 -0.022154 255 80 40
0.188984 -0.461725 -0.019005 255 80 40
0.190151 -0.464987 0.033261 255 80 40
0.190322 -0.460725 0.036861 255 80 40
0.195914 -0.458823 -0.021962 255 80 40
0.192559 -0.456991 -0.017623 255 80 40
0.190769 -0.454054 -0.009745 255 80 40
0.188942 -0.455144 0.040667 255 80 40
0.190935 -0.451721 0.044075 255 80 40
0.189338 -0.445687 0.044825 255 80 40
0.189729 -0.436012 -0.014105 255 80 40
0.192322 -0.436002 -0.012041 255 80 40
0.189848 -0.437804 0.045114 255 80 40
0.194056 -0.431418 -0.015675 255 80 40
0.192994 -0.430778 -0.010822 255 80 40
0.192162 -0.429164 0.048031 255 80 40
0.197800 -0.428057 -0.016425 255 80 40
0.195745 -0.426727 -0.010265 255 80 40
0.193949 -0.423454 -0.003538 255 80 40
0.193183 -0.421729 0.002778 255 80 40
0.189713 -0.424632 0.049509 255 80 40
0.191501 -0.421379 0.050583 255 80 40
0.192476 -0.413321 -0.002540 255 80 40
0.197702 -0.417463 0.003621 255 80 40
0.191689 -0.413486 0.052040 255 80 40
0.197923 -0.406671 -0.006861 255 80 40
0.194801 -0.407958 -0.004618 255 80 40
0.191610 -0.405140 0.019485 255 80 40
0.193419 -0.406774 0.052625 255 80 40
0.196433 -0.401496 -0.001273 255 80 40
0.195390 -0.398061 0.003411 255 80 40
0.192232 -0.399572 0.009441 255 80 40
0.190648 -0.399661 0.020234 255 80 40
0.193068 -0.397840 0.054116 255 80 40
0.195505 -0.391640 0.006465 255 80 40
0.195898 -0.388547 0.010018 255 80 40
0.191795 -0.392348 0.056037 255 80 40
0.193916 -0.389393 0.057725 255 80 40
0.195305 -0.380552 -0.001821 255 80 40
0.192813 -0.381701 0.000610 255 80 40
0.195204 -0.383667 0.011975 255 80 40
0.194071 -0.381270 0.058457 255 80 40
0.201697 -0.377424 -0.018967 255 80 40
0.201443 -0.375245 -0.007793 255 80 40
0.198062 -0.376070 -0.002422 255 80 40
0.197431 -0.376456 0.000417 255 80 40
0.193412 -0.372899 0.010524 255 80 40
0.192564 -0.371859 0.055106 255 80 40
0.195517 -0.374168 0.057116 255 80 40
0.200157 -0.369341 -0.001301 255 80 40
0.197874 -0.367249 0.002954 255 80 40
0.193680 -0.368526 0.012939 255 80 40
0.193894 -0.366589 0.054853 255 80 40
0.198046 -0.366400 0.056457 255 80 40
0.198424 -0.362246 0.006457 255 80 40
0.199069 -0.358779 0.011171 255 80 40
0.191777 -0.360122 0.054737 255 80 40
0.195655 -0.357341 0.057644 255 80 40
0.203520 -0.350407 -0.016497 255 80 40
0.203599 -0.349043 -0.016476 255 80 40
0.196564 -0.351158 0.004309 255 80 40
0.201393 -0.351824 0.014423 255 80 40
0.196658 -0.348909 0.059645 255 80 40
0.202735 -0.345674 -0.002371 255 80 40
0.200362 -0.342518 0.003297 255 80 40
0.198241 -0.339947 0.007027 255 80 40
0.196950 -0.341428 0.058655 255 80 40
0.202241 -0.337107 0.005793 255 80 40
0.198465 -0.335600 0.008036 255 80 40
0.197382 -0.332871 0.057885 255 80 40
0.199314 -0.327967 0.011448 255 80 40
0.201388 -0.326755 0.015563 255 80 40
0.197283 -0.325925 0.059422 255 80 40
0.200569 -0.321917 0.062750 255 80 40
0.200045 -0.319465 0.003892 255 80 40
0.200063 -0.319057 0.009639 255 80 40
0.197337 -0.319708 0.014983 255 80 40
0.196089 -0.317099 0.061251 255 80 40
0.200263 -0.319236 0.062721 255 80 40
0.203151 -0.314005 0.004560 255 80 40
0.199765 -0.310736 0.008357 255 80 40
0.197195 -0.307845 0.013765 255 80 40
0.199846 -0.309282 0.028497 255 80 40
0.198884 -0.308474 0.060463 255 80 40
0.202086 -0.302872 0.009718 255 80 40
0.198842 -0.300583 0.057555 255 80 40
0.205407 -0.292978 0.003192 255 80 40
0.201861 -0.295485 0.009548 255 80 40
0.203144 -0.296934 0.014112 255 80 40
0.198962 -0.294925 0.057634 255 80 40
0.203804 -0.289422 0.003412 255 80 40
0.199647 -0.287253 0.005334 255 80 40
0.200600 -0.285689 0.059657 255 80 40
0.206222 -0.278919 0.004316 255 80 40
0.202107 -0.279534 0.006022 255 80 40
0.200048 -0.277067 0.056745 255 80 40
0.209222 -0.271119 -0.017046 255 80 40
0.208067 -0.268406 -0.006136 255 80 40
0.206927 -0.269658 0.001481 255 80 40
0.204152 -0.271242 0.007236 255 80 40
0.198608 -0.266274 0.051986 255 80 40
0.202286 -0.270139 0.054027 255 80 40
0.207700 -0.263872 -0.005866 255 80 40
0.203981 -0.263159 0.000028 255 80 40
0.202464 -0.266112 0.006313 255 80 40
0.203298 -0.263090 0.053537 255 80 40
0.208184 -0.258750 -0.005696 255 80 40
0.206074 -0.255281 -0.001517 255 80 40
0.199449 -0.252848 0.052938 255 80 40
0.210313 -0.248190 -0.015097 255 80 40
0.210722 -0.245485 -0.010474 255 80 40
0.206497 -0.247959 0.000181 255 80 40
0.200130 -0.239074 0.167975 255 80 40
0.210794 -0.242864 -0.014262 255 80 40
0.210434 -0.241404 -0.007791 255 80 40
0.206867 -0.240554 0.000368 255 80 40
0.203691 -0.239835 0.003937 255 80 40
0.200568 -0.239251 0.047346 255 80 40
0.197987 -0.234078 0.169967 255 80 40
0.199564 -0.232283 0.171712 255 80 40
0.210048 -0.232182 -0.007003 255 80 40
0.205667 -0.230886 -0.003167 255 80 40
0.204549 -0.230639 0.047869 255 80 40
0.196040 -0.227551 0.170893 255 80 40
0.199222 -0.225005 0.172112 255 80 40
0.211588 -0.223388 -0.022299 255 80 40
0.210836 -0.224432 -0.019080 255 80 40
0.209668 -0.223510 -0.005805 255 80 40
0.206746 -0.221628 -0.004219 255 80 40
0.206365 -0.221816 0.045292 255 80 40
0.200757 -0.216500 0.171153 255 80 40
0.212187 -0.220071 -0.022502 255 80 40
0.211072 -0.217992 -0.016906 255 80 40
0.209712 -0.214441 -0.010732 255 80 40
0.208318 -0.216617 -0.002065 255 80 40
0.206028 -0.213844 0.043253 255 80 40
0.202385 -0.208443 0.170058 255 80 40
0.199217 -0.210676 0.170659 255 80 40
0.212754 -0.209179 -0.015336 255 80 40
0.208112 -0.209198 -0.009295 255 80 40
0.206803 -0.210695 -0.001702 255 80 40
0.208057 -0.207135 0.043564 255 80 40
0.201336 -0.201651 0.169005 255 80 40
0.210732 -0.199492 -0.022744 255 80 40
0.211741 -0.199490 -0.017921 255 80 40
0.210901 -0.199750 -0.010154 255 80 40
0.208419 -0.196839 0.041057 255 80 40
0.208462 -0.200732 0.043086 255 80 40
0.201853 -0.193408 0.166875 255 80 40
0.211091 -0.195736 -0.022143 255 80 40
0.212312 -0.192930 -0.017212 255 80 40
0.209717 -0.193047 -0.009818 255 80 40
0.209070 -0.191841 -0.005347 255 80 40
0.208145 -0.189986 0.039993 255 80 40
0.208155 -0.189013 0.042371 255 80 40
0.201914 -0.185220 0.164292 255 80 40
0.213652 -0.181715 -0.023920 255 80 40
0.213698 -0.186044 -0.016139 255 80 40
0.209671 -0.184018 -0.011495 255 80 40
0.208288 -0.185941 -0.004281 255 80 40
0.208745 -0.184236 0.040197 255 80 40
0.203821 -0.173963 0.161136 255 80 40
0.202807 -0.177711 0.162178 255 80 40
0.214198 -0.177301 -0.023915 255 80 40
0.213467 -0.175976 -0.020644 255 80 40
0.211826 -0.176235 -0.012358 255 80 40
0.209104 -0.172576 0.037807 255 80 40
0.203603 -0.169697 0.160189 255 80 40
0.206060 -0.173843 0.161348 255 80 40
0.213694 -0.171372 -0.023991 255 80 40
0.212740 -0.168245 -0.019723 255 80 40
0.210630 -0.169183 -0.011811 255 80 40
0.209859 -0.166363 0.037665 255 80 40
0.205916 -0.161843 0.159547 255 80 40
0.203281 -0.160814 0.165358 255 80 40
0.213655 -0.161675 -0.019489 255 80 40
0.209614 -0.160375 -0.014403 255 80 40
0.210295 -0.161297 0.039134 255 80 40
0.205112 -0.154728 0.157283 255 80 40
0.203180 -0.156830 0.163981 255 80 40
0.212178 -0.152493 -0.018896 255 80 40
0.212656 -0.151876 -0.014336 255 80 40
0.211546 -0.150432 0.036584 255 80 40
0.205838 -0.146512 0.154623 255 80 40
0.212715 -0.144592 -0.018360 255 80 40
0.213837 -0.144241 -0.013967 255 80 40
0.212914 -0.143042 0.035937 255 80 40
0.207461 -0.136532 0.150793 255 80 40
0.206782 -0.141215 0.152871 255 80 40
0.213696 -0.138722 -0.018168 255 80 40
0.214228 -0.135642 -0.014120 255 80 40
0.212608 -0.132765 0.035335 255 80 40
0.207135 -0.130204 0.147564 255 80 40
0.212997 -0.126537 -0.018052 255 80 40
0.215322 -0.128088 -0.011406 255 80 40
0.212796 -0.126570 0.034446 255 80 40
0.208830 -0.120034 0.142065 255 80 40
0.208162 -0.125518 0.145121 255 80 40
0.213320 -0.121094 -0.020362 255 80 40
0.215158 -0.120787 -0.012217 255 80 40
0.216459 -0.119902 -0.007633 255 80 40
0.212382 -0.119778 0.034940 255 80 40
0.208812 -0.114818 0.138808 255 80 40
0.213426 -0.114784 -0.018350 255 80 40
0.215463 -0.112857 -0.013381 255 80 40
0.209857 -0.106415 0.133257 255 80 40
0.209128 -0.110324 0.135912 255 80 40
0.218172 -0.104123 -0.020015 255 80 40
0.217334 -0.105808 -0.011952 255 80 40
0.215326 -0.102972 -0.006428 255 80 40
0.210837 -0.096419 0.125531 255 80 40
0.209482 -0.100120 0.129155 255 80 40
0.218045 -0.097503 -0.019687 255 80 40
0.220344 -0.097467 -0.013720 255 80 40
0.217042 -0.096884 -0.005601 255 80 40
0.214670 -0.094505 -0.000552 255 80 40
0.212243 -0.091118 0.033025 255 80 40
0.212472 -0.089258 0.117545 255 80 40
0.210808 -0.092572 0.121508 255 80 40
0.219531 -0.090419 -0.012682 255 80 40
0.217207 -0.087853 -0.005653 255 80 40
0.213657 -0.088618 -0.000797 255 80 40
0.212446 -0.082762 0.029629 255 80 40
0.215272 -0.086258 0.034691 255 80 40
0.211724 -0.084918 0.113997 255 80 40
0.218692 -0.082859 -0.005132 255 80 40
0.218248 -0.078143 0.000213 255 80 40
0.212572 -0.082265 0.029879 255 80 40
0.215973 -0.080158 0.036271 255 80 40
0.217412 -0.077155 0.039808 255 80 40
0.213775 -0.072462 0.101169 255 80 40
0.212842 -0.075482 0.105114 255 80 40
0.219257 -0.072511 0.001802 255 80 40
0.215728 -0.072950 0.007102 255 80 40
0.213298 -0.073709 0.037396 255 80 40
0.216877 -0.070396 0.039988 255 80 40
0.214462 -0.069705 0.089705 255 80 40
0.215162 -0.070561 0.098455 255 80 40
0.219491 -0.065013 0.003781 255 80 40
0.215539 -0.063027 0.006830 255 80 40
0.217780 -0.062115 0.043298 255 80 40
0.222387 -0.059656 0.005515 255 80 40
0.218647 -0.058581 0.007944 255 80 40
0.218979 -0.054712 0.044539 255 80 40
0.214630 -0.051529 0.045201 255 80 40
0.223244 -0.046036 -0.013547 255 80 40
0.221929 -0.047739 -0.006601 255 80 40
0.219750 -0.047577 -0.000378 255 80 40
0.216689 -0.048776 0.006125 255 80 40
0.220244 -0.049518 0.044580 255 80 40
0.217136 -0.046306 0.046663 255 80 40
0.222995 -0.043470 -0.013624 255 80 40
0.223003 -0.041586 -0.007255 255 80 40
0.222397 -0.041483 0.001147 255 80 40
0.219338 -0.040170 0.007706 255 80 40
0.216805 -0.038240 0.012925 255 80 40
0.219503 -0.037957 0.049409 255 80 40
0.221705 -0.032062 -0.007344 255 80 40
0.222121 -0.031912 -0.000114 255 80 40
0.219879 -0.031483 0.006747 255 80 40
0.218261 -0.031532 0.049880 255 80 40
0.217832 -0.026422 0.052688 255 80 40
0.222804 -0.027790 -0.007369 255 80 40
0.220994 -0.025488 0.000862 255 80 40
0.221255 -0.023654 0.007948 255 80 40
0.221179 -0.023104 0.015254 255 80 40
0.219029 -0.022068 0.052781 255 80 40
0.218947 -0.017902 0.011759 255 80 40
0.221321 -0.016292 0.017076 255 80 40
0.224127 -0.015094 0.021415 255 80 40
0.219997 -0.013768 0.055790 255 80 40
0.217465 -0.009688 0.089762 255 80 40
0.221700 -0.008176 0.018621 255 80 40
0.222015 -0.005584 0.022498 255 80 40
0.220565 -0.004925 0.057754 255 80 40
0.219774 -0.006812 0.089782 255 80 40
0.217076 -0.003440 0.092137 255 80 40
0.221548 -0.002090 0.025767 255 80 40
0.220576 0.000892 0.029616 255 80 40
0.223667 -0.002122 0.059094 255 80 40
0.221544 0.001314 0.061782 255 80 40
0.217787 -0.000065 0.090151 255 80 40
0.223955 0.007987 0.024681 255 80 40
0.222054 0.010020 0.031026 255 80 40
0.226566 0.012212 0.035114 255 80 40
0.221483 0.009919 0.064743 255 80 40
0.221684 0.013840 0.067583 255 80 40
0.223369 0.015292 0.024677 255 80 40
0.224253 0.017020 0.031451 255 80 40
0.223209 0.016646 0.036357 255 80 40
0.218344 0.021233 0.066386 255 80 40
0.222728 0.017797 0.067798 255 80 40
0.224487 0.024393 0.024333 255 80 40
0.226420 0.023246 0.031398 255 80 40
0.225660 0.023835 0.035535 255 80 40
0.218064 0.023585 0.066120 255 80 40
0.222112 0.025853 0.067943 255 80 40
0.224143 0.030549 0.022130 255 80 40
0.223768 0.034628 0.029818 255 80 40
0.222775 0.035907 0.070304 255 80 40
0.222591 0.044731 0.064311 255 80 40
0.223292 0.039908 0.068182 255 80 40
0.221611 0.052020 0.056908 255 80 40
0.225337 0.050987 0.060953 255 80 40
0.222642 0.059585 0.056192 255 80 40
0.224365 0.058057 0.059968 255 80 40
0.184520 -0.620559 0.012219 255 80 40
0.185041 -0.620023 0.019504 255 80 40
0.184003 -0.617457 0.007182 255 80 40
0.185485 -0.615492 0.011819 255 80 40
0.189132 -0.615849 0.021251 255 80 40
0.186813 -0.616153 0.029133 255 80 40
0.186288 -0.613345 0.036500 255 80 40
0.187273 -0.610811 0.041632 255 80 40
0.184798 -0.609396 0.014703 255 80 40
0.187440 -0.607245 0.021008 255 80 40
0.188914 -0.604215 0.025736 255 80 40
0.183044 -0.609419 0.038960 255 80 40
0.185827 -0.607433 0.044960 255 80 40
0.186158 -0.603878 0.051816 255 80 40
0.182298 -0.601496 0.057933 255 80 40
0.187639 -0.600118 0.029673 255 80 40
0.187826 -0.596362 0.033916 255 80 40
0.189815 -0.599568 0.055876 255 80 40
0.186617 -0.597531 0.059376 255 80 40
0.194089 -0.590342 -0.040630 255 80 40
0.194219 -0.589764 -0.035665 255 80 40
0.190544 -0.592603 -0.025034 255 80 40
0.192949 -0.590982 -0.022649 255 80 40
0.187614 -0.593169 0.037294 255 80 40
0.187650 -0.590589 0.043703 255 80 40
0.188188 -0.587959 0.051631 255 80 40
0.186406 -0.589795 0.058894 255 80 40
0.193595 -0.584799 -0.042187 255 80 40
0.192551 -0.586116 -0.034833 255 80 40
0.192313 -0.585301 -0.027669 255 80 40
0.192664 -0.584758 -0.022435 255 80 40
0.192632 -0.578101 -0.040949 255 80 40
0.190845 -0.576974 -0.034773 255 80 40
0.193916 -0.577466 -0.029250 255 80 40
0.193670 -0.576675 -0.021690 255 80 40
0.193329 -0.569891 -0.041965 255 80 40
0.191922 -0.568711 -0.034602 255 80 40
0.194680 -0.570188 -0.029282 255 80 40
0.193621 -0.567699 -0.021231 255 80 40
0.193109 -0.561499 -0.042874 255 80 40
0.192469 -0.562093 -0.035787 255 80 40
0.193817 -0.560339 -0.020787 255 80 40
0.194868 -0.554288 -0.044897 255 80 40
0.193476 -0.553967 -0.037273 255 80 40
0.193884 -0.553490 -0.020477 255 80 40
0.195503 -0.542167 -0.052161 255 80 40
0.195411 -0.546583 -0.048252 255 80 40
0.194439 -0.545317 -0.039444 255 80 40
0.194137 -0.544996 -0.020083 255 80 40
0.197259 -0.537258 -0.058966 255 80 40
0.195210 -0.539280 -0.055504 255 80 40
0.195629 -0.536945 -0.038390 255 80 40
0.194333 -0.536927 -0.019853 255 80 40
0.196790 -0.533778 -0.017306 255 80 40
0.197106 -0.532119 -0.058599 255 80 40
0.196187 -0.529620 -0.056235 255 80 40
0.196130 -0.528763 -0.036489 255 80 40
0.193133 -0.528423 -0.020548 255 80 40
0.196782 -0.528662 -0.017168 255 80 40
0.197861 -0.522348 -0.053989 255 80 40
0.194683 -0.522019 -0.029914 255 80 40
0.193447 -0.519188 -0.021886 255 80 40
0.196596 -0.520335 -0.016778 255 80 40
0.198352 -0.515963 -0.052770 255 80 40
0.197616 -0.512965 -0.049027 255 80 40
0.196464 -0.514098 -0.014212 255 80 40
0.195890 -0.511421 -0.006300 255 80 40
0.196020 -0.508602 -0.001899 255 80 40
0.197669 -0.506354 -0.046187 255 80 40
0.195286 -0.505542 0.001522 255 80 40
0.195302 -0.501232 0.008284 255 80 40
0.195356 -0.499477 0.013653 255 80 40
0.198176 -0.500298 -0.044271 255 80 40
0.198927 -0.497324 -0.039801 255 80 40
0.194466 -0.494882 -0.034943 255 80 40
0.195384 -0.498170 0.017580 255 80 40
0.194650 -0.493648 0.023767 255 80 40
0.198013 -0.490123 -0.036336 255 80 40
0.199457 -0.488918 -0.034484 255 80 40
0.196176 -0.487119 0.027230 255 80 40
0.199433 -0.482741 -0.031235 255 80 40
0.198697 -0.479560 -0.025458 255 80 40
0.196113 -0.480016 0.027752 255 80 40
0.195289 -0.477540 0.028142 255 80 40
0.203794 -0.469789 -0.031542 255 80 40
0.196459 -0.470975 0.030300 255 80 40
0.202300 -0.464689 -0.037451 255 80 40
0.200789 -0.466050 -0.032306 255 80 40
0.198832 -0.465434 -0.024109 255 80 40
0.197187 -0.464183 0.034236 255 80 40
0.197555 -0.460520 0.037629 255 80 40
0.203206 -0.460277 -0.037085 255 80 40
0.202218 -0.458390 -0.031861 255 80 40
0.200885 -0.456255 -0.024769 255 80 40
0.200756 -0.454468 -0.019786 255 80 40
0.196409 -0.455679 0.041552 255 80 40
0.195818 -0.451510 0.045009 255 80 40
0.197999 -0.445414 0.044902 255 80 40
0.205634 -0.437559 -0.022762 255 80 40
0.204099 -0.437387 -0.019471 255 80 40
0.198303 -0.437916 0.045290 255 80 40
0.205042 -0.432178 -0.030513 255 80 40
0.203695 -0.432585 -0.025437 255 80 40
0.200342 -0.432239 -0.017892 255 80 40
0.198835 -0.430416 0.047481 255 80 40
0.206198 -0.426064 -0.030358 255 80 40
0.203965 -0.425256 -0.025989 255 80 40
0.200753 -0.424633 -0.016486 255 80 40
0.200140 -0.422396 -0.010516 255 80 40
0.199943 -0.424972 0.050020 255 80 40
0.198641 -0.421360 0.051066 255 80 40
0.205121 -0.418019 -0.023806 255 80 40
0.203026 -0.418049 -0.018664 255 80 40
0.203209 -0.416456 -0.009864 255 80 40
0.202035 -0.416757 -0.000951 255 80 40
0.198861 -0.413527 0.002577 255 80 40
0.199859 -0.414608 0.052457 255 80 40
0.204160 -0.410109 -0.023652 255 80 40
0.203140 -0.408304 -0.018820 255 80 40
0.201538 -0.409169 -0.010158 255 80 40
0.200975 -0.411446 -0.002950 255 80 40
0.203042 -0.411956 0.002460 255 80 40
0.200558 -0.406466 0.052857 255 80 40
0.207300 -0.402424 -0.022522 255 80 40
0.206737 -0.400854 -0.018264 255 80 40
0.204768 -0.400648 -0.011516 255 80 40
0.201350 -0.399144 -0.002527 255 80 40
0.199231 -0.398086 0.055215 255 80 40
0.198100 -0.393867 0.057172 255 80 40
0.206323 -0.395469 -0.008141 255 80 40
0.205085 -0.393752 -0.001651 255 80 40
0.203562 -0.391741 0.005059 255 80 40
0.201295 -0.390491 0.058247 255 80 40
0.203834 -0.380622 -0.016249 255 80 40
0.204334 -0.384472 0.008017 255 80 40
0.200506 -0.382159 0.009589 255 80 40
0.201230 -0.381953 0.059638 255 80 40
0.204263 -0.372998 -0.023827 255 80 40
0.204310 -0.376817 -0.019189 255 80 40
0.204717 -0.375664 -0.011593 255 80 40
0.205758 -0.376638 -0.004977 255 80 40
0.202638 -0.374040 0.058277 255 80 40
0.205752 -0.372556 -0.023823 255 80 40
0.205120 -0.368690 -0.018671 255 80 40
0.204953 -0.368434 -0.012006 255 80 40
0.205202 -0.367943 -0.004694 255 80 40
0.208130 -0.366018 0.002438 255 80 40
0.202600 -0.366381 0.057544 255 80 40
0.205068 -0.363650 -0.017188 255 80 40
0.205001 -0.362806 -0.012342 255 80 40
0.205351 -0.361511 -0.004163 255 80 40
0.206786 -0.361222 0.004414 255 80 40
0.204731 -0.357876 0.010867 255 80 40
0.202754 -0.357133 0.059508 255 80 40
0.206214 -0.352544 -0.018394 255 80 40
0.209168 -0.352179 -0.012380 255 80 40
0.208038 -0.349634 -0.004235 255 80 40
0.210080 -0.352249 0.003715 255 80 40
0.205562 -0.352514 0.011547 255 80 40
0.203866 -0.350148 0.060859 255 80 40
0.207404 -0.344825 -0.018408 255 80 40
0.207536 -0.344451 -0.012795 255 80 40
0.207778 -0.344574 -0.005389 255 80 40
0.208232 -0.341591 0.002021 255 80 40
0.204608 -0.340879 0.060091 255 80 40
0.208151 -0.339079 -0.012688 255 80 40
0.207644 -0.337459 -0.004806 255 80 40
0.207867 -0.335738 0.003636 255 80 40
0.210917 -0.332356 0.011205 255 80 40
0.204563 -0.333004 0.059241 255 80 40
0.206322 -0.331635 0.006511 255 80 40
0.207878 -0.328785 0.011580 255 80 40
0.211613 -0.325470 0.015107 255 80 40
0.205468 -0.325330 0.061248 255 80 40
0.203371 -0.322145 0.062770 255 80 40
0.211060 -0.321051 -0.012748 255 80 40
0.210250 -0.320319 -0.005306 255 80 40
0.208695 -0.320431 0.000964 255 80 40
0.208685 -0.322721 0.013053 255 80 40
0.211806 -0.322863 0.015121 255 80 40
0.207287 -0.317804 0.062070 255 80 40
0.203637 -0.320060 0.062991 255 80 40
0.212731 -0.314575 -0.010953 255 80 40
0.211758 -0.312437 -0.005379 255 80 40
0.209122 -0.311365 0.000944 255 80 40
0.205930 -0.309430 0.007834 255 80 40
0.206438 -0.309340 0.061148 255 80 40
0.210519 -0.305527 0.003080 255 80 40
0.209237 -0.302519 0.009672 255 80 40
0.213386 -0.300511 0.014902 255 80 40
0.207594 -0.302189 0.058110 255 80 40
0.211880 -0.295813 -0.011888 255 80 40
0.211712 -0.295432 -0.007152 255 80 40
0.209684 -0.294978 0.000541 255 80 40
0.210176 -0.297740 0.011763 255 80 40
0.213566 -0.298369 0.014498 255 80 40
0.208446 -0.293670 0.057587 255 80 40
0.211754 -0.291478 -0.011623 255 80 40
0.212256 -0.288977 -0.006216 255 80 40
0.209787 -0.287405 -0.000359 255 80 40
0.208074 -0.285478 0.059506 255 80 40
0.211998 -0.282893 -0.002904 255 80 40
0.212144 -0.279902 0.000705 255 80 40
0.208851 -0.277558 0.056979 255 80 40
0.211542 -0.272006 -0.014448 255 80 40
0.211297 -0.270783 -0.008206 255 80 40
0.211220 -0.272495 0.002049 255 80 40
0.212726 -0.272008 0.007465 255 80 40
0.211892 -0.269741 0.052367 255 80 40
0.208750 -0.271469 0.053920 255 80 40
0.210943 -0.267638 -0.014296 255 80 40
0.211503 -0.264940 -0.008366 255 80 40
0.214857 -0.264871 0.000359 255 80 40
0.213677 -0.266604 0.009045 255 80 40
0.212349 -0.263961 0.052045 255 80 40
0.207502 -0.262517 0.053453 255 80 40
0.211563 -0.258455 -0.005732 255 80 40
0.213977 -0.255620 -0.001836 255 80 40
0.212821 -0.247614 -0.015390 255 80 40
0.212305 -0.246012 -0.009460 255 80 40
0.213960 -0.247892 0.000696 255 80 40
0.202927 -0.238783 0.168076 255 80 40
0.212318 -0.241457 -0.015461 255 80 40
0.215006 -0.239662 -0.008056 255 80 40
0.216812 -0.243444 0.002252 255 80 40
0.217098 -0.240582 0.004329 255 80 40
0.213919 -0.236831 0.046030 255 80 40
0.205582 -0.234349 0.168591 255 80 40
0.212518 -0.235560 -0.012834 255 80 40
0.215548 -0.233063 -0.007964 255 80 40
0.219111 -0.235724 -0.004021 255 80 40
0.213380 -0.231081 0.046701 255 80 40
0.208273 -0.225652 0.168063 255 80 40
0.204662 -0.225806 0.171927 255 80 40
0.213167 -0.222724 -0.018866 255 80 40
0.215021 -0.224390 -0.005724 255 80 40
0.217248 -0.222442 -0.004179 255 80 40
0.215930 -0.222235 0.042338 255 80 40
0.213473 -0.224008 0.044942 255 80 40
0.208282 -0.217534 0.169470 255 80 40
0.204383 -0.221278 0.171618 255 80 40
0.213991 -0.217087 -0.017059 255 80 40
0.216630 -0.216312 -0.010567 255 80 40
0.216735 -0.218870 -0.002638 255 80 40
0.214416 -0.215550 0.041432 255 80 40
0.211261 -0.211185 0.042900 255 80 40
0.208301 -0.210738 0.169808 255 80 40
0.214474 -0.208777 -0.014631 255 80 40
0.218520 -0.207988 -0.009949 255 80 40
0.216937 -0.207740 0.041422 255 80 40
0.213527 -0.205179 0.043009 255 80 40
0.208617 -0.202072 0.168943 255 80 40
0.217336 -0.201802 -0.010168 255 80 40
0.216080 -0.198327 0.039721 255 80 40
0.212654 -0.201544 0.042846 255 80 40
0.209636 -0.194434 0.167540 255 80 40
0.216730 -0.194385 -0.009585 255 80 40
0.221415 -0.190354 -0.003969 255 80 40
0.216165 -0.190064 0.037974 255 80 40
0.210153 -0.185431 0.164730 255 80 40
0.218044 -0.184255 -0.011007 255 80 40
0.221690 -0.187653 -0.004157 255 80 40
0.217973 -0.182817 0.038382 255 80 40
0.212230 -0.179072 0.162760 255 80 40
0.216347 -0.173621 -0.017493 255 80 40
0.219094 -0.177853 -0.010862 255 80 40
0.217743 -0.174813 0.037225 255 80 40
0.211054 -0.170010 0.160809 255 80 40
0.212297 -0.173939 0.161729 255 80 40
0.217069 -0.170048 -0.017065 255 80 40
0.220596 -0.168737 -0.008695 255 80 40
0.223036 -0.166692 -0.005982 255 80 40
0.221456 -0.168266 0.033299 255 80 40
0.217813 -0.166779 0.036102 255 80 40
0.216698 -0.160255 0.152956 255 80 40
0.213331 -0.162805 0.158324 255 80 40
0.218442 -0.161460 -0.015695 255 80 40
0.221288 -0.160631 -0.012574 255 80 40
0.223253 -0.163431 -0.004317 255 80 40
0.219532 -0.162037 0.036110 255 80 40
0.216747 -0.155725 0.151044 255 80 40
0.213463 -0.155201 0.155114 255 80 40
0.221288 -0.153149 -0.011782 255 80 40
0.220870 -0.149324 0.032159 255 80 40
0.218205 -0.150288 0.034762 255 80 40
0.216735 -0.147129 0.152192 255 80 40
0.212248 -0.146623 0.154196 255 80 40
0.220724 -0.143995 -0.009077 255 80 40
0.222546 -0.141655 -0.006283 255 80 40
0.221958 -0.142906 0.030759 255 80 40
0.218096 -0.143128 0.034316 255 80 40
0.215766 -0.138276 0.149493 255 80 40
0.212027 -0.140891 0.152898 255 80 40
0.221114 -0.136403 -0.010246 255 80 40
0.223152 -0.138809 -0.005809 255 80 40
0.223558 -0.135406 0.030391 255 80 40
0.217768 -0.135052 0.035487 255 80 40
0.218124 -0.132897 0.142818 255 80 40
0.215442 -0.130827 0.146283 255 80 40
0.221875 -0.127955 -0.008557 255 80 40
0.224742 -0.128364 -0.007249 255 80 40
0.223428 -0.127203 0.029402 255 80 40
0.219162 -0.126438 0.034762 255 80 40
0.217530 -0.122118 0.142579 255 80 40
0.214601 -0.124942 0.144664 255 80 40
0.223373 -0.120674 -0.005099 255 80 40
0.224686 -0.122395 0.028936 255 80 40
0.220773 -0.121005 0.034806 255 80 40
0.221067 -0.112409 0.123261 255 80 40
0.219744 -0.114506 0.131985 255 80 40
0.215679 -0.116043 0.138599 255 80 40
0.219959 -0.115709 -0.008796 255 80 40
0.223913 -0.113168 -0.006066 255 80 40
0.221319 -0.110226 0.125655 255 80 40
0.217979 -0.107943 0.131455 255 80 40
0.213728 -0.110547 0.135570 255 80 40
0.224265 -0.105486 -0.006445 255 80 40
0.221651 -0.099310 0.115215 255 80 40
0.220409 -0.099528 0.124822 255 80 40
0.217760 -0.100943 0.128333 255 80 40
0.222378 -0.096062 -0.011038 255 80 40
0.224775 -0.096457 -0.005422 255 80 40
0.224355 -0.091401 0.037228 255 80 40
0.220282 -0.091838 0.115010 255 80 40
0.217316 -0.094056 0.120682 255 80 40
0.225858 -0.086288 -0.018551 255 80 40
0.224550 -0.090370 -0.011795 255 80 40
0.225786 -0.088886 -0.004977 255 80 40
0.228647 -0.091817 0.000210 255 80 40
0.223474 -0.088286 0.037228 255 80 40
0.222218 -0.083604 0.038726 255 80 40
0.221577 -0.083822 0.108981 255 80 40
0.218527 -0.086135 0.111821 255 80 40
0.227537 -0.080719 -0.018629 255 80 40
0.227322 -0.080908 -0.013714 255 80 40
0.225135 -0.080942 -0.005542 255 80 40
0.227737 -0.079323 -0.000401 255 80 40
0.223052 -0.079768 0.039855 255 80 40
0.223287 -0.073876 0.101105 255 80 40
0.220582 -0.077019 0.104699 255 80 40
0.228201 -0.077018 -0.017846 255 80 40
0.227552 -0.075466 -0.012573 255 80 40
0.226682 -0.072915 -0.005138 255 80 40
0.229814 -0.072881 0.000626 255 80 40
0.228513 -0.070050 0.037760 255 80 40
0.224374 -0.069262 0.040147 255 80 40
0.221881 -0.068390 0.085895 255 80 40
0.221706 -0.068155 0.089483 255 80 40
0.221299 -0.070160 0.097260 255 80 40
0.227086 -0.067995 -0.004289 255 80 40
0.226380 -0.063872 0.001172 255 80 40
0.225692 -0.063475 0.040863 255 80 40
0.226063 -0.059978 0.004798 255 80 40
0.227124 -0.058206 0.007067 255 80 40
0.225456 -0.055429 0.043284 255 80 40
0.225640 -0.046225 -0.013722 255 80 40
0.225719 -0.047410 -0.006127 255 80 40
0.225615 -0.048100 0.000639 255 80 40
0.228383 -0.046395 0.008725 255 80 40
0.230433 -0.049084 0.014513 255 80 40
0.226738 -0.047852 0.042319 255 80 40
0.226615 -0.042771 -0.013016 255 80 40
0.226034 -0.042131 -0.008414 255 80 40
0.225603 -0.043221 0.003165 255 80 40
0.226536 -0.041892 0.009498 255 80 40
0.229185 -0.039400 0.015431 255 80 40
0.229999 -0.038512 0.042658 255 80 40
0.225871 -0.036826 0.047271 255 80 40
0.226701 -0.032148 -0.006674 255 80 40
0.225133 -0.033923 0.004474 255 80 40
0.225625 -0.032600 0.008921 255 80 40
0.228896 -0.032664 0.016742 255 80 40
0.231631 -0.029153 0.021428 255 80 40
0.230776 -0.030042 0.043948 255 80 40
0.226708 -0.030643 0.047740 255 80 40
0.226328 -0.028224 -0.006056 255 80 40
0.226421 -0.025500 0.017997 255 80 40
0.229824 -0.023742 0.024224 255 80 40
0.227605 -0.022438 0.050074 255 80 40
0.228126 -0.017764 0.024197 255 80 40
0.231636 -0.014451 0.029673 255 80 40
0.228542 -0.017322 0.050123 255 80 40
0.224906 -0.015102 0.054054 255 80 40
0.226097 -0.005820 0.027329 255 80 40
0.230395 -0.007798 0.031585 255 80 40
0.231409 -0.008240 0.050100 255 80 40
0.227212 -0.006657 0.055010 255 80 40
0.230608 -0.005076 0.081194 255 80 40
0.226186 -0.004137 0.088043 255 80 40
0.230631 -0.000368 0.033110 255 80 40
0.229489 -0.000665 0.056428 255 80 40
0.226600 0.003526 0.061608 255 80 40
0.230572 0.004416 0.074358 255 80 40
0.230316 0.001374 0.080047 255 80 40
0.226485 -0.000625 0.088576 255 80 40
0.227824 0.008285 0.034059 255 80 40
0.230363 0.009361 0.037015 255 80 40
0.231842 0.007270 0.056338 255 80 40
0.228657 0.009926 0.062779 255 80 40
0.231642 0.007875 0.071067 255 80 40
0.231869 0.005770 0.075883 255 80 40
0.227357 0.018180 0.034509 255 80 40
0.230657 0.016946 0.039091 255 80 40
0.233418 0.018133 0.058273 255 80 40
0.230854 0.017183 0.062813 255 80 40
0.225600 0.015225 0.067445 255 80 40
0.229633 0.026357 0.030710 255 80 40
0.230906 0.024297 0.037850 255 80 40
0.231453 0.023709 0.064448 255 80 40
0.228051 0.025007 0.067106 255 80 40
0.232096 0.030354 0.031942 255 80 40
0.234758 0.033375 0.035108 255 80 40
0.233712 0.035293 0.064345 255 80 40
0.229363 0.035969 0.068783 255 80 40
0.231968 0.041002 0.064010 255 80 40
0.228076 0.039182 0.068295 255 80 40
0.235388 0.050467 0.057949 255 80 40
0.231296 0.049799 0.060867 255 80 40
0.235626 0.053970 0.057197 255 80 40
0.231840 0.057335 0.060203 255 80 40
0.194157 -0.619263 0.032162 255 80 40
0.197025 -0.619185 0.034851 255 80 40
0.194379 -0.613424 0.024529 255 80 40
0.194270 -0.617561 0.036113 255 80 40
0.195035 -0.610808 0.044904 255 80 40
0.194590 -0.611028 0.024692 255 80 40
0.192250 -0.606940 0.025984 255 80 40
0.194837 -0.608488 0.047442 255 80 40
0.194413 -0.604955 0.051900 255 80 40
0.192421 -0.600695 0.030384 255 80 40
0.195338 -0.597013 0.035734 255 80 40
0.195723 -0.601898 0.054697 255 80 40
0.194962 -0.597418 0.058534 255 80 40
0.196108 -0.590585 -0.032237 255 80 40
0.199095 -0.590330 -0.027232 255 80 40
0.193277 -0.593213 0.037952 255 80 40
0.195987 -0.592083 0.043822 255 80 40
0.194419 -0.588971 0.053014 255 80 40
0.196522 -0.590506 0.058256 255 80 40
0.197456 -0.586371 -0.041754 255 80 40
0.197394 -0.584292 -0.037714 255 80 40
0.198750 -0.585169 -0.027708 255 80 40
0.197193 -0.583021 -0.021956 255 80 40
0.202336 -0.575613 -0.040491 255 80 40
0.200263 -0.577773 -0.036485 255 80 40
0.198691 -0.577378 -0.027765 255 80 40
0.198683 -0.576885 -0.022424 255 80 40
0.200432 -0.570610 -0.041520 255 80 40
0.202642 -0.570472 -0.037177 255 80 40
0.199051 -0.568851 -0.027601 255 80 40
0.198783 -0.568598 -0.021631 255 80 40
0.203666 -0.559210 -0.049792 255 80 40
0.202859 -0.560676 -0.044729 255 80 40
0.202706 -0.562137 -0.037303 255 80 40
0.199159 -0.560769 -0.027972 255 80 40
0.199134 -0.561027 -0.021195 255 80 40
0.204188 -0.554854 -0.049975 255 80 40
0.201219 -0.554071 -0.047117 255 80 40
0.203150 -0.553305 -0.037208 255 80 40
0.200053 -0.556395 -0.026828 255 80 40
0.199653 -0.552876 -0.021093 255 80 40
0.203896 -0.544968 -0.052723 255 80 40
0.200617 -0.545603 -0.048774 255 80 40
0.202914 -0.544959 -0.039097 255 80 40
0.199984 -0.544561 -0.019373 255 80 40
0.204222 -0.539043 -0.055436 255 80 40
0.203348 -0.538802 -0.038224 255 80 40
0.200599 -0.537307 -0.019077 255 80 40
0.205015 -0.530206 -0.053630 255 80 40
0.204289 -0.529272 -0.036506 255 80 40
0.201813 -0.530425 -0.019484 255 80 40
0.199975 -0.528326 -0.017372 255 80 40
0.204891 -0.522467 -0.052035 255 80 40
0.207369 -0.525792 -0.034889 255 80 40
0.204329 -0.522936 -0.029699 255 80 40
0.204022 -0.519264 -0.022893 255 80 40
0.201236 -0.521333 -0.017401 255 80 40
0.208471 -0.517740 -0.050429 255 80 40
0.205527 -0.514310 -0.048082 255 80 40
0.205057 -0.516104 -0.019736 255 80 40
0.203389 -0.514044 -0.013944 255 80 40
0.204197 -0.511097 -0.006439 255 80 40
0.202390 -0.508732 -0.001670 255 80 40
0.206005 -0.507904 -0.043969 255 80 40
0.207281 -0.503598 -0.040858 255 80 40
0.203306 -0.505794 0.001993 255 80 40
0.202822 -0.501022 0.008869 255 80 40
0.204916 -0.500110 -0.038507 255 80 40
0.207059 -0.495992 -0.033031 255 80 40
0.203760 -0.499320 0.012726 255 80 40
0.203873 -0.497750 0.017293 255 80 40
0.203271 -0.493674 0.023635 255 80 40
0.206527 -0.489354 -0.030541 255 80 40
0.210462 -0.485800 -0.025995 255 80 40
0.202949 -0.486994 0.026863 255 80 40
0.204449 -0.484589 -0.029192 255 80 40
0.206615 -0.481306 -0.024584 255 80 40
0.204782 -0.479073 0.027359 255 80 40
0.201752 -0.475395 0.028307 255 80 40
0.203916 -0.469829 -0.029919 255 80 40
0.205172 -0.469406 -0.025889 255 80 40
0.207481 -0.473650 0.027779 255 80 40
0.204651 -0.471424 0.029443 255 80 40
0.205374 -0.464576 -0.037233 255 80 40
0.206106 -0.465852 -0.031491 255 80 40
0.207754 -0.465997 -0.025690 255 80 40
0.205970 -0.464337 0.032848 255 80 40
0.205477 -0.460491 0.036589 255 80 40
0.205240 -0.459423 -0.036671 255 80 40
0.206400 -0.459327 -0.032281 255 80 40
0.207106 -0.456839 -0.023847 255 80 40
0.209884 -0.455787 -0.019220 255 80 40
0.206278 -0.455110 0.039563 255 80 40
0.206731 -0.452672 -0.018381 255 80 40
0.207118 -0.447467 0.042156 255 80 40
0.202823 -0.446270 0.043549 255 80 40
0.206451 -0.437799 -0.021097 255 80 40
0.206638 -0.437829 -0.018473 255 80 40
0.211317 -0.437271 -0.008480 255 80 40
0.208102 -0.438899 0.042111 255 80 40
0.204141 -0.439331 0.043965 255 80 40
0.208056 -0.432486 -0.030070 255 80 40
0.208944 -0.434579 -0.024618 255 80 40
0.210212 -0.432806 -0.016404 255 80 40
0.212253 -0.431273 -0.010055 255 80 40
0.209721 -0.432451 0.042111 255 80 40
0.207125 -0.430841 0.045567 255 80 40
0.207209 -0.426686 -0.030194 255 80 40
0.208139 -0.426061 -0.024335 255 80 40
0.207995 -0.424947 -0.016199 255 80 40
0.209509 -0.426276 -0.008689 255 80 40
0.210621 -0.424292 -0.000689 255 80 40
0.211214 -0.423251 0.005716 255 80 40
0.208191 -0.424387 0.048917 255 80 40
0.206855 -0.419660 0.050924 255 80 40
0.207712 -0.417444 -0.023111 255 80 40
0.208306 -0.415971 -0.017845 255 80 40
0.212613 -0.415319 -0.001277 255 80 40
0.207201 -0.416921 0.004359 255 80 40
0.211554 -0.417003 0.050118 255 80 40
0.206835 -0.414902 0.051653 255 80 40
0.208669 -0.408829 -0.023394 255 80 40
0.208581 -0.408761 -0.018521 255 80 40
0.208727 -0.409830 -0.009847 255 80 40
0.212291 -0.409069 -0.003085 255 80 40
0.212305 -0.406318 0.023206 255 80 40
0.211386 -0.406625 0.049011 255 80 40
0.207266 -0.406421 0.051760 255 80 40
0.208509 -0.402774 -0.018135 255 80 40
0.208443 -0.402183 -0.010971 255 80 40
0.210870 -0.401061 -0.000918 255 80 40
0.212376 -0.399177 0.003538 255 80 40
0.212401 -0.402601 0.023634 255 80 40
0.211902 -0.400926 0.048429 255 80 40
0.208349 -0.398380 0.053194 255 80 40
0.208746 -0.396039 -0.000910 255 80 40
0.210429 -0.394470 0.005138 255 80 40
0.211951 -0.392346 0.012061 255 80 40
0.210159 -0.391347 0.056082 255 80 40
0.207393 -0.388947 0.057935 255 80 40
0.215128 -0.383126 0.000891 255 80 40
0.212353 -0.384434 0.003229 255 80 40
0.214010 -0.384644 0.015533 255 80 40
0.213499 -0.383759 0.028095 255 80 40
0.212207 -0.382116 0.056514 255 80 40
0.207975 -0.382134 0.058404 255 80 40
0.213002 -0.377348 -0.001120 255 80 40
0.214559 -0.375829 0.003279 255 80 40
0.216523 -0.373036 0.009618 255 80 40
0.212398 -0.374291 0.055568 255 80 40
0.207899 -0.374244 0.057562 255 80 40
0.210096 -0.370783 -0.001250 255 80 40
0.212216 -0.369146 0.005051 255 80 40
0.214244 -0.366002 0.010598 255 80 40
0.213057 -0.367384 0.055049 255 80 40
0.208492 -0.365669 0.057353 255 80 40
0.215591 -0.358330 0.007361 255 80 40
0.212905 -0.360758 0.011508 255 80 40
0.215420 -0.359019 0.017510 255 80 40
0.214078 -0.362221 0.055958 255 80 40
0.211188 -0.358147 0.058541 255 80 40
0.213506 -0.352501 0.004519 255 80 40
0.213435 -0.352388 0.008906 255 80 40
0.217112 -0.355092 0.017471 255 80 40
0.212059 -0.350694 0.059869 255 80 40
0.212383 -0.346004 0.004394 255 80 40
0.216387 -0.344025 0.010863 255 80 40
0.212732 -0.342572 0.058823 255 80 40
0.214786 -0.336272 0.010778 255 80 40
0.216424 -0.336303 0.055568 255 80 40
0.213206 -0.334778 0.057036 255 80 40
0.217992 -0.329854 0.013988 255 80 40
0.216710 -0.328066 0.015912 255 80 40
0.217219 -0.330966 0.054835 255 80 40
0.214087 -0.325506 0.059121 255 80 40
0.215844 -0.321062 -0.012732 255 80 40
0.214230 -0.319752 -0.003827 255 80 40
0.217263 -0.319129 0.004584 255 80 40
0.218138 -0.322838 0.008680 255 80 40
0.213951 -0.318954 0.060859 255 80 40
0.215395 -0.314834 -0.011539 255 80 40
0.214598 -0.314630 -0.005259 255 80 40
0.215315 -0.312844 0.003830 255 80 40
0.218923 -0.312017 0.009368 255 80 40
0.220811 -0.309557 0.016353 255 80 40
0.217701 -0.311378 0.029509 255 80 40
0.219202 -0.307227 0.054742 255 80 40
0.215632 -0.310359 0.058930 255 80 40
0.213774 -0.307119 0.005391 255 80 40
0.217647 -0.304797 0.011485 255 80 40
0.217404 -0.301230 0.014877 255 80 40
0.217939 -0.302488 0.053219 255 80 40
0.214876 -0.304200 0.056075 255 80 40
0.215764 -0.294962 -0.003800 255 80 40
0.218718 -0.294896 0.004378 255 80 40
0.219010 -0.295921 0.007514 255 80 40
0.218508 -0.297907 0.015332 255 80 40
0.218554 -0.296812 0.052297 255 80 40
0.214622 -0.294149 0.055644 255 80 40
0.215295 -0.289923 -0.003252 255 80 40
0.217802 -0.289658 0.001830 255 80 40
0.221805 -0.287845 0.007754 255 80 40
0.221237 -0.284324 0.027515 255 80 40
0.216623 -0.287290 0.057034 255 80 40
0.217019 -0.282945 0.003543 255 80 40
0.220118 -0.280461 0.007335 255 80 40
0.221749 -0.278331 0.015659 255 80 40
0.221567 -0.281372 0.025865 255 80 40
0.219256 -0.277623 0.052379 255 80 40
0.216744 -0.279992 0.055799 255 80 40
0.221176 -0.273284 0.009018 255 80 40
0.217979 -0.270859 0.050062 255 80 40
0.217704 -0.263893 0.003948 255 80 40
0.220878 -0.264214 0.008061 255 80 40
0.218522 -0.264014 0.049596 255 80 40
0.221243 -0.255449 0.003185 255 80 40
0.223699 -0.258089 0.005375 255 80 40
0.223307 -0.251770 0.044697 255 80 40
0.221739 -0.254935 0.047716 255 80 40
0.221296 -0.248849 0.003281 255 80 40
0.223492 -0.245186 0.015071 255 80 40
0.224401 -0.249170 0.028119 255 80 40
0.224139 -0.249102 0.031605 255 80 40
0.221689 -0.250316 0.046764 255 80 40
0.222633 -0.240793 0.001575 255 80 40
0.221657 -0.240862 0.004695 255 80 40
0.224831 -0.241431 0.017199 255 80 40
0.217907 -0.238914 0.044659 255 80 40
0.222471 -0.232921 -0.001326 255 80 40
0.225336 -0.235734 0.016058 255 80 40
0.222570 -0.231522 0.041495 255 80 40
0.218332 -0.230566 0.044807 255 80 40
0.223255 -0.225602 -0.001631 255 80 40
0.226707 -0.221188 0.009773 255 80 40
0.225935 -0.223609 0.017699 255 80 40
0.225161 -0.223897 0.024158 255 80 40
0.223811 -0.222811 0.031275 255 80 40
0.221341 -0.224037 0.039606 255 80 40
0.217594 -0.226224 0.044876 255 80 40
0.215246 -0.219998 0.161985 255 80 40
0.216697 -0.218386 0.165551 255 80 40
0.224075 -0.217179 0.000057 255 80 40
0.227094 -0.219634 0.010268 255 80 40
0.226446 -0.219160 0.015965 255 80 40
0.225541 -0.216225 0.024017 255 80 40
0.223765 -0.215862 0.031294 255 80 40
0.220629 -0.214323 0.037631 255 80 40
0.216762 -0.210335 0.167377 255 80 40
0.222930 -0.210432 -0.006166 255 80 40
0.226674 -0.210547 -0.002110 255 80 40
0.227639 -0.211205 0.015849 255 80 40
0.227832 -0.205864 0.025468 255 80 40
0.225763 -0.208614 0.032484 255 80 40
0.222035 -0.206374 0.038209 255 80 40
0.217264 -0.202076 0.167402 255 80 40
0.223729 -0.201539 -0.006278 255 80 40
0.228056 -0.200847 -0.003106 255 80 40
0.227758 -0.200612 0.010109 255 80 40
0.227699 -0.200340 0.013714 255 80 40
0.226139 -0.199694 0.023370 255 80 40
0.224794 -0.199524 0.030439 255 80 40
0.221014 -0.200440 0.037461 255 80 40
0.217491 -0.195446 0.166568 255 80 40
0.222933 -0.195420 -0.006190 255 80 40
0.226839 -0.192995 -0.003271 255 80 40
0.228455 -0.191662 0.007893 255 80 40
0.227387 -0.191896 0.015454 255 80 40
0.225921 -0.192789 0.022322 255 80 40
0.223151 -0.190545 0.031253 255 80 40
0.221127 -0.193245 0.034573 255 80 40
0.218820 -0.186224 0.160825 255 80 40
0.216843 -0.187147 0.164064 255 80 40
0.223511 -0.184222 -0.006200 255 80 40
0.226876 -0.185513 -0.003066 255 80 40
0.228679 -0.185919 0.008953 255 80 40
0.227276 -0.188008 0.015615 255 80 40
0.227807 -0.185750 0.024257 255 80 40
0.226257 -0.183688 0.030337 255 80 40
0.222003 -0.184588 0.035431 255 80 40
0.219776 -0.179075 0.159749 255 80 40
0.215675 -0.179313 0.162228 255 80 40
0.225852 -0.176063 -0.006897 255 80 40
0.229516 -0.176373 -0.004356 255 80 40
0.227275 -0.174580 0.008367 255 80 40
0.227650 -0.176472 0.014382 255 80 40
0.226627 -0.175698 0.022322 255 80 40
0.225230 -0.175662 0.029565 255 80 40
0.223089 -0.178761 0.035329 255 80 40
0.220020 -0.171112 0.160491 255 80 40
0.228454 -0.170062 -0.006410 255 80 40
0.227788 -0.167459 -0.004962 255 80 40
0.226727 -0.172025 0.008096 255 80 40
0.227307 -0.169670 0.015572 255 80 40
0.226766 -0.167728 0.022374 255 80 40
0.224566 -0.167341 0.029222 255 80 40
0.216781 -0.162365 0.152862 255 80 40
0.217894 -0.163744 0.155696 255 80 40
0.225774 -0.159360 -0.007276 255 80 40
0.228420 -0.161604 -0.003661 255 80 40
0.231097 -0.159080 0.006757 255 80 40
0.229900 -0.160447 0.011576 255 80 40
0.228928 -0.163167 0.022246 255 80 40
0.226855 -0.161543 0.028863 255 80 40
0.222758 -0.161182 0.033851 255 80 40
0.221741 -0.153027 0.150892 255 80 40
0.226215 -0.154335 -0.007752 255 80 40
0.230539 -0.153452 -0.003782 255 80 40
0.230809 -0.155994 0.005550 255 80 40
0.228751 -0.154861 0.012839 255 80 40
0.225635 -0.150197 0.021633 255 80 40
0.224244 -0.151026 0.028120 255 80 40
0.221255 -0.146542 0.152030 255 80 40
0.230881 -0.145066 -0.007127 255 80 40
0.229218 -0.144743 -0.005800 255 80 40
0.225847 -0.145108 0.023471 255 80 40
0.225036 -0.144686 0.025921 255 80 40
0.222335 -0.142079 0.148489 255 80 40
0.230106 -0.137473 -0.003709 255 80 40
0.223201 -0.131028 0.142440 255 80 40
0.230258 -0.129640 -0.005136 255 80 40
0.232165 -0.128032 0.005349 255 80 40
0.228061 -0.127472 0.013424 255 80 40
0.226687 -0.125993 0.018401 255 80 40
0.225239 -0.121177 0.135534 255 80 40
0.224833 -0.122499 0.140514 255 80 40
0.230894 -0.120521 -0.004360 255 80 40
0.234081 -0.124302 0.003717 255 80 40
0.228468 -0.121831 0.021101 255 80 40
0.227059 -0.119071 0.028103 255 80 40
0.221095 -0.119633 0.138331 255 80 40
0.231941 -0.113382 -0.002459 255 80 40
0.233939 -0.115173 0.000891 255 80 40
0.225970 -0.108524 0.124477 255 80 40
0.232479 -0.105505 -0.004052 255 80 40
0.226637 -0.100967 0.123003 255 80 40
0.236703 -0.096320 -0.009024 255 80 40
0.233319 -0.097300 -0.004787 255 80 40
0.229935 -0.093483 0.000230 255 80 40
0.228388 -0.092189 0.109310 255 80 40
0.225185 -0.092543 0.111635 255 80 40
0.236368 -0.093125 -0.009269 255 80 40
0.233760 -0.089954 -0.005224 255 80 40
0.233898 -0.089750 0.000853 255 80 40
0.228597 -0.086044 0.032122 255 80 40
0.227886 -0.084723 0.107567 255 80 40
0.233852 -0.081373 0.001950 255 80 40
0.231338 -0.082979 0.026087 255 80 40
0.229982 -0.076107 0.100644 255 80 40
0.228187 -0.079530 0.103967 255 80 40
0.230559 -0.074035 -0.001928 255 80 40
0.233241 -0.072791 0.002628 255 80 40
0.234391 -0.070151 0.007060 255 80 40
0.231149 -0.070533 0.034906 255 80 40
0.230549 -0.068462 0.082893 255 80 40
0.229036 -0.067948 0.093586 255 80 40
0.230215 -0.071000 0.096626 255 80 40
0.233023 -0.066311 0.004256 255 80 40
0.236412 -0.065465 0.008123 255 80 40
0.235402 -0.063441 0.027572 255 80 40
0.232709 -0.063482 0.033365 255 80 40
0.229876 -0.061128 0.038860 255 80 40
0.232070 -0.061094 0.077907 255 80 40
0.232466 -0.061928 0.082516 255 80 40
0.230583 -0.060754 0.091435 255 80 40
0.232372 -0.061941 0.095782 255 80 40
0.235356 -0.057399 0.011126 255 80 40
0.233254 -0.053232 0.016695 255 80 40
0.233064 -0.059186 0.033596 255 80 40
0.231414 -0.054812 0.040847 255 80 40
0.234861 -0.056461 0.082951 255 80 40
0.233702 -0.055114 0.089990 255 80 40
0.235295 -0.048584 0.017553 255 80 40
0.233535 -0.046951 0.036382 255 80 40
0.232371 -0.048276 0.038186 255 80 40
0.235560 -0.041694 0.019739 255 80 40
0.237199 -0.038802 0.022185 255 80 40
0.234647 -0.040574 0.036608 255 80 40
0.235402 -0.041859 0.037875 255 80 40
0.232883 -0.035445 0.020426 255 80 40
0.236759 -0.030666 0.023149 255 80 40
0.237038 -0.035362 0.035388 255 80 40
0.233996 -0.031448 0.041798 255 80 40
0.235834 -0.025014 0.026783 255 80 40
0.240343 -0.022820 0.029863 255 80 40
0.234969 -0.020402 0.048704 255 80 40
0.233225 -0.019446 0.028364 255 80 40
0.237219 -0.015771 0.030659 255 80 40
0.236234 -0.015508 0.050514 255 80 40
0.237569 -0.007288 0.032907 255 80 40
0.238761 -0.008988 0.049497 255 80 40
0.237580 -0.005901 0.053046 255 80 40
0.231781 -0.003963 0.078750 255 80 40
0.238118 -0.000891 0.034061 255 80 40
0.236227 0.002495 0.037342 255 80 40
0.235134 -0.000476 0.053818 255 80 40
0.233374 0.003054 0.074029 255 80 40
0.232602 0.000513 0.078404 255 80 40
0.238613 0.009421 0.041575 255 80 40
0.236382 0.011359 0.058918 255 80 40
0.233729 0.012797 0.065635 255 80 40
0.233939 0.009367 0.070385 255 80 40
0.236642 0.016372 0.043342 255 80 40
0.239455 0.015357 0.044412 255 80 40
0.238078 0.015058 0.057870 255 80 40
0.239143 0.018997 0.060893 255 80 40
0.238554 0.025227 0.041180 255 80 40
0.239962 0.021979 0.044644 255 80 40
0.241853 0.024147 0.056169 255 80 40
0.237565 0.024093 0.061978 255 80 40
0.239564 0.031596 0.038134 255 80 40
0.242231 0.031984 0.058870 255 80 40
0.239340 0.033512 0.060856 255 80 40
0.239567 0.041438 0.062790 255 80 40
0.240392 0.049500 0.055140 255 80 40
0.239073 0.046101 0.061535 255 80 40
0.241048 0.056926 0.053498 255 80 40
0.242636 0.060576 0.051469 255 80 40
0.205884 -0.616238 0.024089 255 80 40
0.203032 -0.616405 0.027571 255 80 40
0.202935 -0.616158 0.038939 255 80 40
0.203149 -0.613067 0.044734 255 80 40
0.204263 -0.607601 0.029708 255 80 40
0.201598 -0.603873 0.033263 255 80 40
0.199001 -0.608299 0.048981 255 80 40
0.202211 -0.607252 0.053647 255 80 40
0.203162 -0.603949 0.060222 255 80 40
0.203863 -0.600483 0.036495 255 80 40
0.204309 -0.595802 0.041398 255 80 40
0.200371 -0.599397 0.062182 255 80 40
0.203442 -0.597221 0.066488 255 80 40
0.203823 -0.592655 0.045690 255 80 40
0.203524 -0.589348 0.053360 255 80 40
0.201955 -0.590058 0.060941 255 80 40
0.203579 -0.593059 0.065347 255 80 40
0.205918 -0.576149 -0.036365 255 80 40
0.205432 -0.573034 -0.036136 255 80 40
0.207027 -0.559233 -0.043022 255 80 40
0.209503 -0.559458 -0.036004 255 80 40
0.207721 -0.553487 -0.049423 255 80 40
0.210911 -0.554720 -0.042764 255 80 40
0.211744 -0.554836 -0.037284 255 80 40
0.209789 -0.547107 -0.051027 255 80 40
0.210580 -0.546680 -0.043640 255 80 40
0.211060 -0.546473 -0.037420 255 80 40
0.209799 -0.539766 -0.051798 255 80 40
0.212926 -0.537916 -0.045961 255 80 40
0.211289 -0.538955 -0.038737 255 80 40
0.209246 -0.532813 -0.052090 255 80 40
0.210070 -0.530118 -0.045252 255 80 40
0.213097 -0.529889 -0.038776 255 80 40
0.209715 -0.523182 -0.050835 255 80 40
0.212400 -0.522540 -0.045639 255 80 40
0.213495 -0.524759 -0.038126 255 80 40
0.211417 -0.522501 -0.030071 255 80 40
0.211530 -0.518937 -0.022804 255 80 40
0.213150 -0.516232 -0.044848 255 80 40
0.213874 -0.513799 -0.038602 255 80 40
0.213777 -0.511721 -0.029978 255 80 40
0.210540 -0.516829 -0.019955 255 80 40
0.213121 -0.514878 -0.013997 255 80 40
0.211030 -0.511049 -0.006779 255 80 40
0.208152 -0.509159 -0.002253 255 80 40
0.211023 -0.508517 -0.043657 255 80 40
0.212138 -0.505872 -0.038220 255 80 40
0.215106 -0.507437 -0.030597 255 80 40
0.213488 -0.508649 -0.003567 255 80 40
0.211209 -0.506810 0.001201 255 80 40
0.211243 -0.502392 0.007210 255 80 40
0.211769 -0.500672 -0.035112 255 80 40
0.213522 -0.498111 -0.031764 255 80 40
0.211263 -0.499288 0.011705 255 80 40
0.211951 -0.495769 0.016971 255 80 40
0.208221 -0.493211 0.022537 255 80 40
0.213936 -0.491912 -0.028268 255 80 40
0.216702 -0.487717 -0.022599 255 80 40
0.214242 -0.489928 0.020096 255 80 40
0.211578 -0.487100 0.023594 255 80 40
0.213893 -0.483883 -0.021879 255 80 40
0.216885 -0.482975 -0.014912 255 80 40
0.215864 -0.479642 -0.010227 255 80 40
0.216596 -0.478953 0.020845 255 80 40
0.212623 -0.479821 0.023965 255 80 40
0.217677 -0.474104 -0.008894 255 80 40
0.216771 -0.472706 0.020267 255 80 40
0.213357 -0.472772 0.023672 255 80 40
0.214571 -0.464406 -0.020698 255 80 40
0.217055 -0.463846 -0.018949 255 80 40
0.218670 -0.468630 -0.006239 255 80 40
0.217181 -0.468030 0.020198 255 80 40
0.214788 -0.464596 0.024604 255 80 40
0.211550 -0.461777 0.031315 255 80 40
0.213331 -0.460620 -0.019926 255 80 40
0.215315 -0.459483 -0.016648 255 80 40
0.217593 -0.455657 -0.008487 255 80 40
0.217525 -0.458650 0.026743 255 80 40
0.214468 -0.457712 0.032462 255 80 40
0.210342 -0.454439 0.037313 255 80 40
0.217579 -0.450524 -0.005269 255 80 40
0.215375 -0.448531 -0.002399 255 80 40
0.216887 -0.445849 0.032029 255 80 40
0.212493 -0.447681 0.039015 255 80 40
0.217599 -0.441699 -0.008231 255 80 40
0.217744 -0.443976 0.000272 255 80 40
0.217929 -0.441615 0.025850 255 80 40
0.215479 -0.440214 0.030954 255 80 40
0.212370 -0.439588 0.037459 255 80 40
0.213820 -0.433815 -0.013251 255 80 40
0.216684 -0.433677 -0.008995 255 80 40
0.217761 -0.430761 -0.002904 255 80 40
0.218089 -0.429631 0.007813 255 80 40
0.217832 -0.430292 0.012945 255 80 40
0.218300 -0.431178 0.023333 255 80 40
0.215267 -0.431363 0.031177 255 80 40
0.213064 -0.430499 0.039052 255 80 40
0.211647 -0.428235 0.044734 255 80 40
0.215752 -0.427350 0.001406 255 80 40
0.217631 -0.424783 0.007125 255 80 40
0.218976 -0.423436 0.015982 255 80 40
0.218197 -0.425725 0.022311 255 80 40
0.218276 -0.425294 0.029835 255 80 40
0.216452 -0.425990 0.038582 255 80 40
0.212945 -0.423123 0.046845 255 80 40
0.218491 -0.416655 0.001316 255 80 40
0.218962 -0.417558 0.007504 255 80 40
0.219080 -0.417758 0.013778 255 80 40
0.219249 -0.415714 0.040083 255 80 40
0.214993 -0.414436 0.047245 255 80 40
0.211868 -0.415473 0.050532 255 80 40
0.217595 -0.409270 0.000352 255 80 40
0.221627 -0.408658 0.004063 255 80 40
0.220415 -0.410851 0.010904 255 80 40
0.215263 -0.406028 0.024908 255 80 40
0.219203 -0.408494 0.030452 255 80 40
0.217224 -0.407153 0.038895 255 80 40
0.213940 -0.407803 0.045307 255 80 40
0.215826 -0.404147 0.001825 255 80 40
0.217575 -0.401056 0.007739 255 80 40
0.218206 -0.399383 0.013530 255 80 40
0.217919 -0.400412 0.023635 255 80 40
0.218222 -0.399857 0.029604 255 80 40
0.216640 -0.399544 0.038358 255 80 40
0.215444 -0.398604 0.044256 255 80 40
0.214533 -0.395823 0.050623 255 80 40
0.218375 -0.393190 0.009481 255 80 40
0.218881 -0.393128 0.012267 255 80 40
0.220676 -0.391365 0.022294 255 80 40
0.219985 -0.391524 0.029929 255 80 40
0.221037 -0.392041 0.038709 255 80 40
0.219813 -0.392901 0.045928 255 80 40
0.216668 -0.390814 0.052281 255 80 40
0.217674 -0.384253 0.000476 255 80 40
0.220402 -0.384979 0.003340 255 80 40
0.220084 -0.386054 0.014079 255 80 40
0.219743 -0.386394 0.018473 255 80 40
0.218850 -0.386780 0.029586 255 80 40
0.221068 -0.380820 0.047315 255 80 40
0.216513 -0.382859 0.053258 255 80 40
0.218172 -0.379291 0.000232 255 80 40
0.219887 -0.377414 0.004785 255 80 40
0.220523 -0.379393 0.013901 255 80 40
0.221620 -0.374505 0.038453 255 80 40
0.219598 -0.374398 0.045544 255 80 40
0.216218 -0.375322 0.052366 255 80 40
0.217651 -0.371150 0.007492 255 80 40
0.218765 -0.367357 0.012951 255 80 40
0.221181 -0.366362 0.020769 255 80 40
0.219586 -0.366369 0.028391 255 80 40
0.219472 -0.367035 0.037140 255 80 40
0.218209 -0.367391 0.044735 255 80 40
0.216268 -0.366425 0.050951 255 80 40
0.221847 -0.357325 0.008576 255 80 40
0.221859 -0.360538 0.012321 255 80 40
0.223105 -0.361472 0.021550 255 80 40
0.220576 -0.361623 0.028508 255 80 40
0.222496 -0.360084 0.038563 255 80 40
0.221162 -0.360987 0.044979 255 80 40
0.218783 -0.359261 0.053015 255 80 40
0.216120 -0.355257 0.057691 255 80 40
0.223917 -0.353082 0.005299 255 80 40
0.222216 -0.351630 0.013834 255 80 40
0.221796 -0.352595 0.018524 255 80 40
0.224377 -0.348275 0.045836 255 80 40
0.220330 -0.348966 0.054012 255 80 40
0.217794 -0.350565 0.057026 255 80 40
0.223215 -0.348320 0.005828 255 80 40
0.221572 -0.346254 0.012993 255 80 40
0.224300 -0.345773 0.020724 255 80 40
0.224246 -0.343337 0.037545 255 80 40
0.224215 -0.342407 0.045546 255 80 40
0.220745 -0.343576 0.053169 255 80 40
0.218379 -0.344187 0.056336 255 80 40
0.223686 -0.335886 0.012419 255 80 40
0.223368 -0.336793 0.019237 255 80 40
0.221719 -0.334467 0.027262 255 80 40
0.222491 -0.334900 0.037797 255 80 40
0.222311 -0.336681 0.043757 255 80 40
0.219273 -0.335449 0.050699 255 80 40
0.224817 -0.326672 0.006115 255 80 40
0.223598 -0.329317 0.010625 255 80 40
0.224244 -0.327711 0.019773 255 80 40
0.222449 -0.329985 0.028457 255 80 40
0.223897 -0.328825 0.036291 255 80 40
0.223703 -0.328185 0.043977 255 80 40
0.221352 -0.326990 0.051340 255 80 40
0.219312 -0.324450 0.056930 255 80 40
0.224384 -0.322334 0.005793 255 80 40
0.225502 -0.321653 0.010978 255 80 40
0.222194 -0.322959 0.018165 255 80 40
0.224571 -0.322525 0.052385 255 80 40
0.222253 -0.322482 0.056130 255 80 40
0.221485 -0.312150 0.011674 255 80 40
0.223038 -0.310293 0.029532 255 80 40
0.226545 -0.311043 0.034903 255 80 40
0.226117 -0.310564 0.043468 255 80 40
0.223385 -0.309279 0.050132 255 80 40
0.220481 -0.309754 0.055394 255 80 40
0.224705 -0.304141 0.012157 255 80 40
0.227342 -0.304493 0.019980 255 80 40
0.226274 -0.304757 0.027025 255 80 40
0.224610 -0.304151 0.035038 255 80 40
0.222860 -0.303356 0.042348 255 80 40
0.220911 -0.304429 0.049907 255 80 40
0.225244 -0.296303 0.005320 255 80 40
0.226789 -0.296864 0.008329 255 80 40
0.228909 -0.299475 0.016397 255 80 40
0.227846 -0.297077 0.026132 255 80 40
0.227428 -0.295221 0.033519 255 80 40
0.223708 -0.296404 0.041917 255 80 40
0.222002 -0.293882 0.049676 255 80 40
0.224695 -0.291661 0.004433 255 80 40
0.225396 -0.288897 0.010565 255 80 40
0.227358 -0.288498 0.017875 255 80 40
0.228235 -0.291841 0.028976 255 80 40
0.225960 -0.289303 0.043189 255 80 40
0.224027 -0.287595 0.049985 255 80 40
0.221380 -0.285697 0.054289 255 80 40
0.224384 -0.280839 0.010838 255 80 40
0.224586 -0.279283 0.019043 255 80 40
0.223475 -0.279772 0.027200 255 80 40
0.225501 -0.279614 0.032376 255 80 40
0.225687 -0.280837 0.042821 255 80 40
0.223213 -0.280380 0.049451 255 80 40
0.230124 -0.270879 0.004821 255 80 40
0.227302 -0.273876 0.009151 255 80 40
0.228171 -0.274744 0.017985 255 80 40
0.226879 -0.272252 0.023740 255 80 40
0.224660 -0.272733 0.031166 255 80 40
0.230099 -0.267488 0.003455 255 80 40
0.225796 -0.264255 0.010316 255 80 40
0.228401 -0.265031 0.017597 255 80 40
0.228135 -0.268383 0.022121 255 80 40
0.225823 -0.262585 0.035743 255 80 40
0.225148 -0.261584 0.039269 255 80 40
0.223189 -0.260804 0.046895 255 80 40
0.228934 -0.254318 0.004559 255 80 40
0.227103 -0.258012 0.009819 255 80 40
0.226691 -0.259377 0.014897 255 80 40
0.225817 -0.255103 0.036301 255 80 40
0.225173 -0.254152 0.039956 255 80 40
0.223264 -0.258140 0.045597 255 80 40
0.230079 -0.249163 0.002203 255 80 40
0.224783 -0.249881 0.027546 255 80 40
0.225291 -0.250673 0.032972 255 80 40
0.225016 -0.250572 0.041092 255 80 40
0.229844 -0.244734 0.067863 255 80 40
0.227383 -0.245750 0.073274 255 80 40
0.227834 -0.245592 0.079029 255 80 40
0.231332 -0.243725 0.002582 255 80 40
0.231621 -0.239854 0.008194 255 80 40
0.229256 -0.241005 0.015031 255 80 40
0.229868 -0.239565 0.067134 255 80 40
0.225918 -0.238647 0.073224 255 80 40
0.227731 -0.237877 0.080362 255 80 40
0.226040 -0.234100 0.160982 255 80 40
0.228367 -0.232621 0.002447 255 80 40
0.231711 -0.234376 0.007771 255 80 40
0.227690 -0.236247 0.014694 255 80 40
0.231249 -0.234934 0.067531 255 80 40
0.229713 -0.232670 0.073062 255 80 40
0.229546 -0.232591 0.077938 255 80 40
0.222875 -0.229021 0.161030 255 80 40
0.225185 -0.226859 0.165334 255 80 40
0.232080 -0.225450 0.001339 255 80 40
0.231460 -0.226288 0.005295 255 80 40
0.227196 -0.227703 0.018731 255 80 40
0.226832 -0.228005 0.022447 255 80 40
0.224802 -0.218743 0.166431 255 80 40
0.233282 -0.217430 0.001124 255 80 40
0.232527 -0.217992 0.008106 255 80 40
0.229172 -0.215844 0.015819 255 80 40
0.228069 -0.214037 0.019982 255 80 40
0.225256 -0.212014 0.166773 255 80 40
0.233477 -0.209666 0.001624 255 80 40
0.233419 -0.209423 0.007377 255 80 40
0.230248 -0.209111 0.013229 255 80 40
0.228279 -0.209160 0.023010 255 80 40
0.227220 -0.204648 0.162665 255 80 40
0.225734 -0.203985 0.165435 255 80 40
0.234286 -0.199061 -0.005647 255 80 40
0.233818 -0.202832 -0.000426 255 80 40
0.232040 -0.203435 0.005695 255 80 40
0.229194 -0.203345 0.012628 255 80 40
0.226116 -0.191746 0.162816 255 80 40
0.224922 -0.195572 0.165178 255 80 40
0.234431 -0.194789 -0.006768 255 80 40
0.233551 -0.193758 -0.000231 255 80 40
0.233249 -0.192090 0.005848 255 80 40
0.223990 -0.191011 0.161471 255 80 40
0.222298 -0.190007 0.163038 255 80 40
0.234797 -0.184384 0.000554 255 80 40
0.232356 -0.186106 0.005604 255 80 40
0.226628 -0.178685 0.159628 255 80 40
0.234019 -0.178691 -0.000787 255 80 40
0.231614 -0.181134 0.002949 255 80 40
0.228104 -0.170307 0.158984 255 80 40
0.236211 -0.170078 -0.007664 255 80 40
0.235656 -0.169506 -0.001748 255 80 40
0.233880 -0.167018 0.005188 255 80 40
0.236840 -0.164521 -0.007411 255 80 40
0.236497 -0.162179 -0.001598 255 80 40
0.234942 -0.163408 0.004289 255 80 40
0.230595 -0.154731 0.150072 255 80 40
0.236445 -0.154273 -0.001598 255 80 40
0.236673 -0.152075 0.002834 255 80 40
0.230087 -0.146717 0.149318 255 80 40
0.239080 -0.146219 -0.009305 255 80 40
0.238347 -0.146767 -0.002751 255 80 40
0.236480 -0.144136 0.001725 255 80 40
0.239167 -0.140479 -0.010409 255 80 40
0.238722 -0.137683 -0.000282 255 80 40
0.235565 -0.136564 0.001583 255 80 40
0.231116 -0.131066 0.141863 255 80 40
0.239262 -0.129084 -0.003542 255 80 40
0.236564 -0.128966 0.001805 255 80 40
0.234854 -0.121569 0.134545 255 80 40
0.231669 -0.123638 0.140432 255 80 40
0.239584 -0.122357 -0.008842 255 80 40
0.239740 -0.122614 -0.002899 255 80 40
0.237463 -0.119749 0.002531 255 80 40
0.240933 -0.115825 -0.009327 255 80 40
0.239869 -0.113649 -0.002008 255 80 40
0.238399 -0.115048 0.001900 255 80 40
0.234575 -0.110321 0.119690 255 80 40
0.233894 -0.107351 0.122727 255 80 40
0.243075 -0.104654 -0.009698 255 80 40
0.240212 -0.105481 -0.005785 255 80 40
0.236551 -0.100118 0.117883 255 80 40
0.234217 -0.102067 0.122290 255 80 40
0.241452 -0.097626 -0.012814 255 80 40
0.239917 -0.099256 -0.006663 255 80 40
0.240717 -0.097809 0.003089 255 80 40
0.238687 -0.099049 0.008792 255 80 40
0.236305 -0.092070 0.102953 255 80 40
0.233117 -0.092942 0.105177 255 80 40
0.241108 -0.091526 -0.012189 255 80 40
0.243961 -0.091384 -0.003199 255 80 40
0.241218 -0.089745 0.002752 255 80 40
0.239758 -0.089940 0.103111 255 80 40
0.236229 -0.085834 0.105484 255 80 40
0.245157 -0.084723 -0.001778 255 80 40
0.242450 -0.083595 0.002702 255 80 40
0.239778 -0.077969 0.094844 255 80 40
0.237283 -0.077971 0.098565 255 80 40
0.233641 -0.080684 0.103263 255 80 40
0.244069 -0.071554 -0.001381 255 80 40
0.241563 -0.074213 0.001541 255 80 40
0.237995 -0.069955 0.097961 255 80 40
0.244742 -0.067971 -0.002364 255 80 40
0.242765 -0.065921 0.000665 255 80 40
0.239938 -0.063076 0.011606 255 80 40
0.238042 -0.062785 0.097033 255 80 40
0.242051 -0.057080 0.013192 255 80 40
0.246181 -0.057006 0.014894 255 80 40
0.239284 -0.052883 0.084018 255 80 40
0.239602 -0.054808 0.090630 255 80 40
0.236867 -0.057627 0.094508 255 80 40
0.243888 -0.050701 0.012209 255 80 40
0.240339 -0.047921 0.021281 255 80 40
0.241527 -0.046581 0.022182 255 80 40
0.246434 -0.045562 0.011471 255 80 40
0.242852 -0.039451 0.024804 255 80 40
0.242706 -0.039091 0.035329 255 80 40
0.244529 -0.033180 0.024646 255 80 40
0.242434 -0.034779 0.035327 255 80 40
0.243259 -0.031736 0.038550 255 80 40
0.241122 -0.026254 0.027041 255 80 40
0.244482 -0.023877 0.033961 255 80 40
0.247047 -0.024248 0.038177 255 80 40
0.242764 -0.017092 0.032154 255 80 40
0.245738 -0.018254 0.038942 255 80 40
0.241754 -0.017997 0.049149 255 80 40
0.243024 -0.008855 0.033983 255 80 40
0.243928 -0.006131 0.044070 255 80 40
0.245127 -0.008408 0.046537 255 80 40
0.243750 -0.002726 0.034759 255 80 40
0.244510 0.000128 0.041109 255 80 40
0.246543 0.002797 0.045787 255 80 40
0.244167 0.007174 0.042844 255 80 40
0.245989 0.009273 0.045591 255 80 40
0.241936 0.012305 0.059329 255 80 40
0.243681 0.009037 0.064481 255 80 40
0.246767 0.015966 0.045737 255 80 40
0.245698 0.016932 0.058345 255 80 40
0.243840 0.017838 0.061474 255 80 40
0.245171 0.026012 0.042636 255 80 40
0.246608 0.022000 0.046151 255 80 40
0.245696 0.023408 0.056979 255 80 40
0.246922 0.023200 0.061250 255 80 40
0.245996 0.030772 0.042466 255 80 40
0.247798 0.032282 0.045027 255 80 40
0.247260 0.030215 0.058231 255 80 40
0.245467 0.033516 0.060607 255 80 40
0.246659 0.041338 0.058206 255 80 40
0.245047 0.039708 0.061016 255 80 40
0.251292 0.047087 0.050515 255 80 40
0.247239 0.048533 0.051954 255 80 40
0.246907 0.054940 0.052161 255 80 40
0.213822 -0.622970 0.015774 255 80 40
0.212778 -0.622872 0.021403 255 80 40
0.210164 -0.620799 0.028006 255 80 40
0.213299 -0.617827 0.015729 255 80 40
0.209007 -0.617676 0.020838 255 80 40
0.211273 -0.616874 0.031120 255 80 40
0.209618 -0.614413 0.037911 255 80 40
0.207688 -0.612750 0.044103 255 80 40
0.214831 -0.612653 0.017157 255 80 40
0.212308 -0.609326 0.023291 255 80 40
0.209510 -0.607273 0.027741 255 80 40
0.212943 -0.611032 0.038785 255 80 40
0.211309 -0.609290 0.045184 255 80 40
0.209168 -0.606451 0.052454 255 80 40
0.208070 -0.603522 0.060801 255 80 40
0.214829 -0.600921 0.031952 255 80 40
0.210730 -0.599061 0.036906 255 80 40
0.210095 -0.596038 0.042353 255 80 40
0.213181 -0.603436 0.055301 255 80 40
0.210941 -0.603002 0.061758 255 80 40
0.208942 -0.599848 0.067917 255 80 40
0.214088 -0.595993 0.039406 255 80 40
0.210831 -0.594369 0.044825 255 80 40
0.211227 -0.591639 0.053725 255 80 40
0.210969 -0.592187 0.062175 255 80 40
0.210585 -0.593887 0.065911 255 80 40
0.214096 -0.558673 -0.034382 255 80 40
0.216808 -0.554700 -0.035698 255 80 40
0.219573 -0.555214 -0.031154 255 80 40
0.218767 -0.546698 -0.041750 255 80 40
0.218782 -0.547400 -0.035421 255 80 40
0.220405 -0.548992 -0.030820 255 80 40
0.219335 -0.538790 -0.043114 255 80 40
0.218687 -0.539525 -0.039469 255 80 40
0.220885 -0.531628 -0.043883 255 80 40
0.219703 -0.530190 -0.038066 255 80 40
0.221567 -0.523724 -0.042940 255 80 40
0.220368 -0.523768 -0.037830 255 80 40
0.219441 -0.524054 -0.030525 255 80 40
0.221486 -0.518714 -0.017575 255 80 40
0.222959 -0.519085 -0.016308 255 80 40
0.221942 -0.518552 -0.005300 255 80 40
0.218203 -0.518302 -0.042295 255 80 40
0.220314 -0.515113 -0.038551 255 80 40
0.218035 -0.511077 -0.032212 255 80 40
0.218917 -0.517903 -0.018443 255 80 40
0.220378 -0.516547 -0.014505 255 80 40
0.219582 -0.514168 -0.005281 255 80 40
0.224489 -0.506802 -0.034441 255 80 40
0.221393 -0.505610 -0.033073 255 80 40
0.223228 -0.509262 -0.015270 255 80 40
0.223781 -0.507298 -0.004352 255 80 40
0.219722 -0.506049 0.002434 255 80 40
0.220236 -0.502588 0.007275 255 80 40
0.221780 -0.498615 -0.030054 255 80 40
0.222494 -0.497525 -0.022302 255 80 40
0.221007 -0.495801 -0.017436 255 80 40
0.220123 -0.497409 0.011211 255 80 40
0.217297 -0.495584 0.014154 255 80 40
0.219111 -0.492936 -0.027495 255 80 40
0.220028 -0.491493 -0.020992 255 80 40
0.222751 -0.489073 -0.017973 255 80 40
0.223330 -0.489145 0.009689 255 80 40
0.218004 -0.489358 0.016511 255 80 40
0.223015 -0.482238 -0.015866 255 80 40
0.224411 -0.478716 -0.005140 255 80 40
0.223787 -0.482239 -0.000685 255 80 40
0.223005 -0.484493 0.006986 255 80 40
0.218871 -0.478723 0.018037 255 80 40
0.224308 -0.474253 -0.014283 255 80 40
0.222443 -0.474195 -0.007196 255 80 40
0.221401 -0.476883 0.012622 255 80 40
0.219809 -0.473190 0.016131 255 80 40
0.223755 -0.465821 -0.015611 255 80 40
0.222775 -0.468910 -0.006065 255 80 40
0.225374 -0.465588 0.011844 255 80 40
0.220875 -0.465141 0.016220 255 80 40
0.218089 -0.461489 0.021552 255 80 40
0.223666 -0.461250 -0.012772 255 80 40
0.224843 -0.457761 -0.008214 255 80 40
0.226352 -0.457000 -0.002192 255 80 40
0.226075 -0.455376 0.010352 255 80 40
0.223314 -0.458487 0.015818 255 80 40
0.219871 -0.456286 0.024199 255 80 40
0.218729 -0.455831 0.028598 255 80 40
0.224670 -0.450106 -0.007112 255 80 40
0.224112 -0.448291 0.001574 255 80 40
0.223849 -0.451729 0.005628 255 80 40
0.221441 -0.452238 0.019542 255 80 40
0.220126 -0.449433 0.023478 255 80 40
0.219009 -0.446059 0.028142 255 80 40
0.224823 -0.441869 -0.007796 255 80 40
0.224660 -0.443743 -0.000528 255 80 40
0.222560 -0.436381 -0.006367 255 80 40
0.223848 -0.434044 -0.003065 255 80 40
0.224002 -0.430898 0.016659 255 80 40
0.220489 -0.431657 0.019759 255 80 40
0.226167 -0.425886 0.008719 255 80 40
0.225339 -0.424654 0.014888 255 80 40
0.224775 -0.416965 0.006356 255 80 40
0.222845 -0.418700 0.011893 255 80 40
0.221078 -0.413754 0.034413 255 80 40
0.221070 -0.412967 0.035783 255 80 40
0.224149 -0.412173 0.006508 255 80 40
0.221284 -0.411971 0.031748 255 80 40
0.226645 -0.398153 0.017048 255 80 40
0.223626 -0.398150 0.020318 255 80 40
0.224780 -0.389652 0.008345 255 80 40
0.227117 -0.393069 0.014451 255 80 40
0.226518 -0.393341 0.020397 255 80 40
0.225635 -0.385656 0.004532 255 80 40
0.225523 -0.388085 0.016248 255 80 40
0.223578 -0.380483 0.039111 255 80 40
0.224663 -0.379728 0.005532 255 80 40
0.223348 -0.379091 0.041262 255 80 40
0.223024 -0.379809 0.042648 255 80 40
0.229423 -0.358723 0.007513 255 80 40
0.229016 -0.361374 0.012846 255 80 40
0.229224 -0.359941 0.018562 255 80 40
0.228268 -0.355000 0.006645 255 80 40
0.228300 -0.354841 0.012475 255 80 40
0.229581 -0.351721 0.018756 255 80 40
0.229178 -0.347306 0.020059 255 80 40
0.225434 -0.347575 0.037660 255 80 40
0.225493 -0.345714 0.043497 255 80 40
0.230262 -0.335616 0.013450 255 80 40
0.228373 -0.334896 0.018174 255 80 40
0.229194 -0.326807 0.005548 255 80 40
0.230455 -0.329135 0.012683 255 80 40
0.229689 -0.331390 0.019085 255 80 40
0.226808 -0.324365 0.042912 255 80 40
0.229220 -0.323171 0.005291 255 80 40
0.228781 -0.322859 0.009278 255 80 40
0.227091 -0.323463 0.042623 255 80 40
0.227741 -0.312607 0.038652 255 80 40
0.227688 -0.312464 0.039927 255 80 40
0.230699 -0.302019 0.012787 255 80 40
0.232565 -0.302455 0.018344 255 80 40
0.233301 -0.298185 0.012791 255 80 40
0.233409 -0.297486 0.019196 255 80 40
0.229940 -0.297550 0.023263 255 80 40
0.236450 -0.292658 0.014590 255 80 40
0.234850 -0.292034 0.017275 255 80 40
0.232353 -0.270888 0.004701 255 80 40
0.235637 -0.271493 0.010489 255 80 40
0.234219 -0.270943 0.016816 255 80 40
0.232579 -0.267489 0.004717 255 80 40
0.238058 -0.265846 0.009812 255 80 40
0.235174 -0.266789 0.014684 255 80 40
0.239722 -0.254829 0.004354 255 80 40
0.237771 -0.250945 0.000781 255 80 40
0.235092 -0.245815 0.067227 255 80 40
0.234204 -0.249452 0.072443 255 80 40
0.234647 -0.246676 0.081737 255 80 40
0.233047 -0.245603 0.156794 255 80 40
0.231662 -0.243396 0.159767 255 80 40
0.237865 -0.243888 0.001656 255 80 40
0.237369 -0.240721 0.008027 255 80 40
0.235072 -0.239828 0.065498 255 80 40
0.235462 -0.238785 0.084046 255 80 40
0.230711 -0.239841 0.156554 255 80 40
0.230476 -0.236154 0.162671 255 80 40
0.239430 -0.236660 0.004053 255 80 40
0.238440 -0.234464 0.007234 255 80 40
0.235939 -0.234024 0.067838 255 80 40
0.235588 -0.231430 0.072030 255 80 40
0.235838 -0.232836 0.080837 255 80 40
0.234173 -0.227821 0.164249 255 80 40
0.231032 -0.228263 0.165234 255 80 40
0.241269 -0.224197 -0.005356 255 80 40
0.239289 -0.225018 0.000135 255 80 40
0.242064 -0.229599 0.007724 255 80 40
0.232925 -0.223827 0.164229 255 80 40
0.231790 -0.220112 0.165404 255 80 40
0.242220 -0.219817 -0.005410 255 80 40
0.240411 -0.217632 0.000157 255 80 40
0.233190 -0.210585 0.162462 255 80 40
0.231510 -0.212571 0.165359 255 80 40
0.242080 -0.211423 -0.005648 255 80 40
0.240612 -0.209308 -0.000060 255 80 40
0.236740 -0.211012 0.005202 255 80 40
0.232390 -0.205447 0.161797 255 80 40
0.233572 -0.202113 0.164542 255 80 40
0.242826 -0.199974 -0.006083 255 80 40
0.241109 -0.202525 -0.000214 255 80 40
0.234457 -0.195028 0.161374 255 80 40
0.232820 -0.197956 0.164732 255 80 40
0.243040 -0.195225 -0.008882 255 80 40
0.242052 -0.193732 -0.000894 255 80 40
0.246483 -0.190187 -0.005123 255 80 40
0.242589 -0.186127 -0.001548 255 80 40
0.235397 -0.180112 0.159956 255 80 40
0.242428 -0.179283 0.000317 255 80 40
0.235519 -0.172698 0.160360 255 80 40
0.244803 -0.170692 -0.009309 255 80 40
0.244163 -0.169468 -0.003761 255 80 40
0.245697 -0.162772 -0.008465 255 80 40
0.243644 -0.162384 -0.002854 255 80 40
0.237770 -0.155407 0.149557 255 80 40
0.246435 -0.158174 -0.007354 255 80 40
0.244481 -0.155905 -0.003839 255 80 40
0.237243 -0.147297 0.144765 255 80 40
0.237679 -0.148253 0.149537 255 80 40
0.246569 -0.146296 -0.011143 255 80 40
0.242142 -0.142745 -0.001255 255 80 40
0.247259 -0.139022 -0.009801 255 80 40
0.245161 -0.137054 -0.002613 255 80 40
0.237499 -0.132558 0.137082 255 80 40
0.238946 -0.131464 0.139917 255 80 40
0.247945 -0.128965 -0.009045 255 80 40
0.246533 -0.131674 -0.004278 255 80 40
0.238397 -0.121503 0.135869 255 80 40
0.240094 -0.125168 0.139610 255 80 40
0.247000 -0.122946 -0.012405 255 80 40
0.247090 -0.120705 -0.004171 255 80 40
0.242955 -0.120775 0.133258 255 80 40
0.247153 -0.115248 -0.010803 255 80 40
0.247786 -0.115340 -0.003059 255 80 40
0.242149 -0.107591 0.118558 255 80 40
0.245448 -0.108366 -0.008623 255 80 40
0.247047 -0.109597 -0.006453 255 80 40
0.244432 -0.100722 0.111188 255 80 40
0.243040 -0.100957 0.117410 255 80 40
0.239412 -0.103307 0.121167 255 80 40
0.246054 -0.099886 -0.010954 255 80 40
0.246387 -0.098210 0.112083 255 80 40
0.248641 -0.089612 -0.003017 255 80 40
0.247124 -0.091148 0.001388 255 80 40
0.244973 -0.085510 0.101349 255 80 40
0.249978 -0.082335 -0.005438 255 80 40
0.247147 -0.081592 0.001256 255 80 40
0.244921 -0.077422 0.094520 255 80 40
0.244515 -0.078430 0.097726 255 80 40
0.250358 -0.073957 -0.002208 255 80 40
0.251609 -0.072296 -0.000428 255 80 40
0.245210 -0.071099 0.098406 255 80 40
0.249661 -0.068202 -0.002480 255 80 40
0.252633 -0.065973 0.001104 255 80 40
0.246582 -0.062640 0.097988 255 80 40
0.249204 -0.054894 0.013595 255 80 40
0.246449 -0.054363 0.086450 255 80 40
0.247485 -0.055898 0.090976 255 80 40
0.249051 -0.058185 0.095238 255 80 40
0.251486 -0.050325 0.010669 255 80 40
0.252821 -0.043861 0.011404 255 80 40
0.255533 -0.043466 0.015160 255 80 40
0.250622 -0.040052 0.036660 255 80 40
0.251686 -0.033322 0.025986 255 80 40
0.251333 -0.033273 0.034171 255 80 40
0.248949 -0.025537 0.037042 255 80 40
0.250742 -0.027178 0.038769 255 80 40
0.249253 -0.019722 0.040008 255 80 40
0.251624 0.022803 0.059257 255 80 40
0.258228 0.040928 0.047955 255 80 40
0.256518 0.046873 0.041805 255 80 40
0.257055 0.045461 0.047149 255 80 40
0.222527 -0.625797 0.001122 255 80 40
0.219731 -0.625762 0.006787 255 80 40
0.219378 -0.625166 0.013823 255 80 40
0.217654 -0.623811 0.020405 255 80 40
0.221064 -0.617631 0.007054 255 80 40
0.218598 -0.615051 0.011960 255 80 40
0.220487 -0.617418 0.023081 255 80 40
0.216542 -0.615570 0.028763 255 80 40
0.222999 -0.613734 0.009995 255 80 40
0.219907 -0.612219 0.016270 255 80 40
0.219305 -0.609155 0.022403 255 80 40
0.219820 -0.608825 0.031064 255 80 40
0.217787 -0.608170 0.037237 255 80 40
0.216565 -0.605436 0.045941 255 80 40
0.220530 -0.601462 0.031232 255 80 40
0.220125 -0.600559 0.036433 255 80 40
0.220982 -0.602844 0.045332 255 80 40
0.218504 -0.602300 0.054178 255 80 40
0.217517 -0.599490 0.062908 255 80 40
0.215318 -0.596986 0.066661 255 80 40
0.222645 -0.596609 0.033340 255 80 40
0.220834 -0.593724 0.037601 255 80 40
0.219886 -0.592001 0.045025 255 80 40
0.219615 -0.589832 0.053842 255 80 40
0.218698 -0.592271 0.061142 255 80 40
0.215540 -0.595273 0.066206 255 80 40
0.223248 -0.587895 0.052405 255 80 40
0.225028 -0.553184 -0.034069 255 80 40
0.224463 -0.552471 -0.029932 255 80 40
0.226299 -0.546235 -0.041335 255 80 40
0.227302 -0.548251 -0.035883 255 80 40
0.224686 -0.550089 -0.029548 255 80 40
0.227420 -0.539544 -0.043279 255 80 40
0.227635 -0.539170 -0.037141 255 80 40
0.228190 -0.531766 -0.045656 255 80 40
0.227700 -0.531433 -0.036125 255 80 40
0.228625 -0.528776 -0.030893 255 80 40
0.228737 -0.523522 -0.043397 255 80 40
0.226737 -0.525991 -0.034514 255 80 40
0.228038 -0.523980 -0.028988 255 80 40
0.230205 -0.521701 -0.021756 255 80 40
0.228748 -0.519825 -0.012952 255 80 40
0.226206 -0.521029 -0.005268 255 80 40
0.231780 -0.518031 -0.042108 255 80 40
0.227570 -0.515970 -0.039719 255 80 40
0.226522 -0.517361 -0.027067 255 80 40
0.227780 -0.518912 -0.023724 255 80 40
0.226080 -0.515120 -0.011957 255 80 40
0.228921 -0.513899 -0.004549 255 80 40
0.230464 -0.511950 0.001667 255 80 40
0.230154 -0.508236 -0.037644 255 80 40
0.225446 -0.509751 -0.011750 255 80 40
0.225455 -0.508866 -0.006036 255 80 40
0.227706 -0.507939 0.003420 255 80 40
0.227230 -0.503341 0.007162 255 80 40
0.229925 -0.501654 -0.029625 255 80 40
0.228813 -0.497713 -0.022532 255 80 40
0.227306 -0.497164 0.008345 255 80 40
0.230769 -0.492806 -0.020547 255 80 40
0.228004 -0.488900 -0.017871 255 80 40
0.229852 -0.489224 0.004476 255 80 40
0.227412 -0.491947 0.007106 255 80 40
0.230122 -0.482969 -0.015698 255 80 40
0.227872 -0.479901 -0.003894 255 80 40
0.229653 -0.482468 0.000294 255 80 40
0.229299 -0.475541 -0.015650 255 80 40
0.229539 -0.475380 -0.008933 255 80 40
0.228685 -0.466613 -0.014757 255 80 40
0.229538 -0.469823 -0.009095 255 80 40
0.230921 -0.463106 0.009222 255 80 40
0.228696 -0.461841 -0.012511 255 80 40
0.231640 -0.456826 -0.004622 255 80 40
0.231609 -0.459741 -0.001319 255 80 40
0.231207 -0.457955 0.009324 255 80 40
0.229474 -0.448270 -0.006787 255 80 40
0.232246 -0.451452 0.000940 255 80 40
0.230759 -0.452258 0.005605 255 80 40
0.229386 -0.442468 -0.005791 255 80 40
0.229166 -0.444873 -0.003425 255 80 40
0.228722 -0.429669 0.014358 255 80 40
0.232626 -0.426273 0.010900 255 80 40
0.231884 -0.425092 0.013599 255 80 40
0.231319 -0.421499 0.014475 255 80 40
0.232419 -0.398028 0.015497 255 80 40
0.238745 -0.393414 0.010613 255 80 40
0.234943 -0.393873 0.015074 255 80 40
0.231974 -0.393377 0.018622 255 80 40
0.236385 -0.388940 0.013634 255 80 40
0.236251 -0.359755 0.014524 255 80 40
0.233601 -0.357602 0.017453 255 80 40
0.238369 -0.355907 0.014968 255 80 40
0.236625 -0.351989 0.018564 255 80 40
0.238879 -0.336341 0.014509 255 80 40
0.239192 -0.331956 0.014320 255 80 40
0.238064 -0.303039 0.015757 255 80 40
0.243052 -0.298856 0.013529 255 80 40
0.240911 -0.298025 0.016529 255 80 40
0.242999 -0.292587 0.013986 255 80 40
0.242209 -0.292353 0.015519 255 80 40
0.246811 -0.272515 0.005530 255 80 40
0.243260 -0.272140 0.008945 255 80 40
0.246775 -0.266881 0.005277 255 80 40
0.243496 -0.267014 0.008957 255 80 40
0.240784 -0.259364 0.155509 255 80 40
0.240668 -0.259084 0.159297 255 80 40
0.242234 -0.254798 0.005308 255 80 40
0.237314 -0.253823 0.156567 255 80 40
0.237857 -0.251552 0.161479 255 80 40
0.244959 -0.250376 0.004603 255 80 40
0.240411 -0.245414 0.068594 255 80 40
0.240587 -0.247666 0.072990 255 80 40
0.240863 -0.245687 0.080652 255 80 40
0.237948 -0.244686 0.163192 255 80 40
0.246919 -0.242871 0.002880 255 80 40
0.245095 -0.242875 0.006317 255 80 40
0.240597 -0.240414 0.067149 255 80 40
0.244221 -0.239057 0.073403 255 80 40
0.242456 -0.239558 0.080704 255 80 40
0.239344 -0.236766 0.163135 255 80 40
0.247625 -0.236985 0.003086 255 80 40
0.243705 -0.233462 0.006369 255 80 40
0.241954 -0.233798 0.073196 255 80 40
0.241060 -0.233560 0.078832 255 80 40
0.240582 -0.228151 0.163731 255 80 40
0.246013 -0.224765 -0.004836 255 80 40
0.246830 -0.223742 -0.000923 255 80 40
0.243392 -0.229994 0.007604 255 80 40
0.239681 -0.219596 0.163326 255 80 40
0.236214 -0.221518 0.165034 255 80 40
0.248033 -0.218773 -0.005079 255 80 40
0.245821 -0.219506 -0.000980 255 80 40
0.240133 -0.212269 0.162194 255 80 40
0.248405 -0.209959 -0.005930 255 80 40
0.247202 -0.212353 -0.001163 255 80 40
0.242029 -0.205023 0.163609 255 80 40
0.239881 -0.203250 0.164416 255 80 40
0.248840 -0.206167 -0.002687 255 80 40
0.242608 -0.198770 0.162284 255 80 40
0.240334 -0.199617 0.163991 255 80 40
0.248480 -0.193644 -0.006170 255 80 40
0.249815 -0.192745 -0.002084 255 80 40
0.250631 -0.187196 -0.005185 255 80 40
0.250611 -0.185944 -0.002513 255 80 40
0.242871 -0.181852 0.159978 255 80 40
0.247002 -0.179213 0.001272 255 80 40
0.243680 -0.174051 0.160336 255 80 40
0.250219 -0.169892 -0.008034 255 80 40
0.254889 -0.162694 -0.013238 255 80 40
0.253349 -0.163870 -0.008535 255 80 40
0.250174 -0.161824 -0.004811 255 80 40
0.246368 -0.156993 0.145404 255 80 40
0.246209 -0.155330 0.148623 255 80 40
0.253505 -0.157411 -0.008305 255 80 40
0.250222 -0.155998 -0.004946 255 80 40
0.245902 -0.146683 0.144270 255 80 40
0.246823 -0.149519 0.149107 255 80 40
0.249908 -0.147716 -0.009340 255 80 40
0.256498 -0.139011 -0.009387 255 80 40
0.252864 -0.137940 -0.005107 255 80 40
0.247958 -0.130878 0.135872 255 80 40
0.245693 -0.130396 0.138163 255 80 40
0.255583 -0.133858 -0.009670 255 80 40
0.252737 -0.134142 -0.005000 255 80 40
0.248732 -0.125017 0.136202 255 80 40
0.245831 -0.127442 0.138532 255 80 40
0.257329 -0.120931 -0.008073 255 80 40
0.250443 -0.117945 0.127650 255 80 40
0.248778 -0.120086 0.132174 255 80 40
0.259394 -0.118242 -0.006933 255 80 40
0.255998 -0.115700 -0.005551 255 80 40
0.248892 -0.106784 0.115716 255 80 40
0.252208 -0.104872 0.110488 255 80 40
0.250342 -0.103161 0.115307 255 80 40
0.252263 -0.097029 0.109453 255 80 40
0.249564 -0.098345 0.112633 255 80 40
0.257341 -0.087769 -0.004238 255 80 40
0.254928 -0.084740 0.094227 255 80 40
0.251229 -0.085058 0.097586 255 80 40
0.260362 -0.083978 -0.008275 255 80 40
0.258426 -0.082924 -0.006569 255 80 40
0.254154 -0.078166 0.093572 255 80 40
0.252726 -0.077834 0.096624 255 80 40
0.257391 -0.078181 -0.004570 255 80 40
0.257456 -0.068977 0.078159 255 80 40
0.254087 -0.071423 0.099646 255 80 40
0.259079 -0.067653 0.001304 255 80 40
0.259085 -0.062396 0.061973 255 80 40
0.258452 -0.064635 0.067512 255 80 40
0.257249 -0.067652 0.074367 255 80 40
0.254766 -0.062567 0.098890 255 80 40
0.255246 -0.057340 0.092494 255 80 40
0.255397 -0.058671 0.095417 255 80 40
0.256317 -0.048123 0.011110 255 80 40
0.260641 -0.047206 0.043514 255 80 40
0.261845 -0.050133 0.047329 255 80 40
0.258070 -0.038752 0.036752 255 80 40
0.259855 -0.042804 0.040223 255 80 40
0.256487 -0.032764 0.028121 255 80 40
0.259486 -0.034777 0.033453 255 80 40
0.261888 0.041235 0.046604 255 80 40
0.261587 0.043634 0.045588 255 80 40
0.229589 -0.631001 -0.002625 255 80 40
0.231744 -0.627759 -0.012903 255 80 40
0.229373 -0.626473 -0.008786 255 80 40
0.227658 -0.627260 -0.001084 255 80 40
0.227658 -0.627019 0.006749 255 80 40
0.225803 -0.624861 0.013245 255 80 40
0.230573 -0.621083 -0.007256 255 80 40
0.227624 -0.619145 -0.001174 255 80 40
0.227774 -0.618345 0.006733 255 80 40
0.227943 -0.618459 0.014571 255 80 40
0.224372 -0.616686 0.019952 255 80 40
0.225712 -0.613505 0.016611 255 80 40
0.223886 -0.612487 0.019608 255 80 40
0.224753 -0.599451 0.033122 255 80 40
0.226324 -0.599465 0.037611 255 80 40
0.226619 -0.599794 0.046264 255 80 40
0.225970 -0.598681 0.053887 255 80 40
0.222704 -0.597487 0.058785 255 80 40
0.227704 -0.592842 0.036622 255 80 40
0.223983 -0.589312 0.046102 255 80 40
0.227593 -0.592209 0.055566 255 80 40
0.223432 -0.592710 0.058668 255 80 40
0.229053 -0.586193 0.039450 255 80 40
0.228510 -0.585609 0.044734 255 80 40
0.227231 -0.585965 0.052910 255 80 40
0.232645 -0.581558 0.035552 255 80 40
0.232207 -0.545900 -0.036395 255 80 40
0.233914 -0.538719 -0.042582 255 80 40
0.234551 -0.540092 -0.037380 255 80 40
0.236463 -0.532543 -0.043104 255 80 40
0.236421 -0.532429 -0.035053 255 80 40
0.237078 -0.529241 -0.029367 255 80 40
0.235925 -0.524502 -0.044278 255 80 40
0.239725 -0.525488 -0.036938 255 80 40
0.237463 -0.527128 -0.028389 255 80 40
0.234824 -0.525314 -0.019940 255 80 40
0.234975 -0.523767 -0.012543 255 80 40
0.235725 -0.521418 -0.004781 255 80 40
0.237217 -0.519613 0.001450 255 80 40
0.236544 -0.516548 -0.042218 255 80 40
0.240135 -0.514338 -0.038971 255 80 40
0.232218 -0.516166 -0.001651 255 80 40
0.234897 -0.514180 0.003572 255 80 40
0.238596 -0.508463 -0.037048 255 80 40
0.239725 -0.505395 -0.031564 255 80 40
0.234902 -0.509415 0.006013 255 80 40
0.236382 -0.506001 0.007250 255 80 40
0.241866 -0.497332 -0.043746 255 80 40
0.242085 -0.497147 -0.039125 255 80 40
0.236067 -0.500702 -0.028381 255 80 40
0.238281 -0.496940 -0.024614 255 80 40
0.236659 -0.496456 0.006294 255 80 40
0.234352 -0.499716 0.007333 255 80 40
0.240494 -0.490572 -0.050608 255 80 40
0.239113 -0.493407 -0.046317 255 80 40
0.238680 -0.493187 -0.040511 255 80 40
0.242244 -0.492931 -0.029805 255 80 40
0.237399 -0.491752 -0.022146 255 80 40
0.236722 -0.490945 0.004320 255 80 40
0.240021 -0.486035 -0.051883 255 80 40
0.237004 -0.484127 -0.046205 255 80 40
0.238206 -0.481560 -0.037527 255 80 40
0.238856 -0.485875 -0.018620 255 80 40
0.237638 -0.482345 -0.016587 255 80 40
0.237649 -0.483790 0.000994 255 80 40
0.242806 -0.477259 -0.052056 255 80 40
0.239806 -0.476041 -0.046154 255 80 40
0.238471 -0.475523 -0.038808 255 80 40
0.238744 -0.475122 -0.033884 255 80 40
0.239508 -0.475934 -0.013170 255 80 40
0.238248 -0.473270 -0.005782 255 80 40
0.238042 -0.475997 -0.001315 255 80 40
0.242965 -0.470589 -0.045928 255 80 40
0.241461 -0.468644 -0.038970 255 80 40
0.241034 -0.467103 -0.032490 255 80 40
0.242645 -0.471319 -0.011438 255 80 40
0.240865 -0.470181 -0.006570 255 80 40
0.237278 -0.463759 0.004363 255 80 40
0.238239 -0.462847 0.006099 255 80 40
0.243973 -0.463760 -0.036891 255 80 40
0.243288 -0.461631 -0.029556 255 80 40
0.239024 -0.458991 0.000195 255 80 40
0.238381 -0.459230 0.007964 255 80 40
0.240396 -0.449866 0.000377 255 80 40
0.239443 -0.451837 0.006078 255 80 40
0.240024 -0.392926 0.010177 255 80 40
0.240332 -0.393387 0.011546 255 80 40
0.243272 -0.356981 0.013007 255 80 40
0.249169 -0.303171 0.012168 255 80 40
0.249876 -0.299032 0.013074 255 80 40
0.249377 -0.293164 0.013770 255 80 40
0.253013 -0.274494 0.004491 255 80 40
0.250052 -0.273871 0.007044 255 80 40
0.246553 -0.269518 0.155481 255 80 40
0.246658 -0.266864 0.159477 255 80 40
0.252420 -0.268603 0.003765 255 80 40
0.248407 -0.270001 0.007712 255 80 40
0.242089 -0.260299 0.153873 255 80 40
0.244925 -0.260535 0.161020 255 80 40
0.246194 -0.253525 0.162150 255 80 40
0.254708 -0.249312 0.003188 255 80 40
0.247168 -0.244686 0.160796 255 80 40
0.254789 -0.243743 0.002174 255 80 40
0.247877 -0.237056 0.161857 255 80 40
0.254339 -0.238066 0.001456 255 80 40
0.251270 -0.228652 0.157461 255 80 40
0.247843 -0.229730 0.161853 255 80 40
0.246371 -0.220442 0.160255 255 80 40
0.256822 -0.217853 -0.005600 255 80 40
0.249561 -0.211909 0.161470 255 80 40
0.257711 -0.211645 -0.005499 255 80 40
0.254295 -0.208335 -0.003272 255 80 40
0.249699 -0.204493 0.162884 255 80 40
0.259298 -0.207538 -0.003551 255 80 40
0.254372 -0.206298 -0.002713 255 80 40
0.249213 -0.200928 0.161823 255 80 40
0.258631 -0.195509 -0.005407 255 80 40
0.258181 -0.194228 -0.002097 255 80 40
0.252082 -0.185639 0.158626 255 80 40
0.259088 -0.188770 -0.005167 255 80 40
0.257762 -0.186823 -0.002771 255 80 40
0.249733 -0.182294 0.160331 255 80 40
0.251605 -0.175128 0.160537 255 80 40
0.262886 -0.169243 -0.012663 255 80 40
0.260132 -0.168408 -0.010372 255 80 40
0.260924 -0.164686 -0.013649 255 80 40
0.260469 -0.163959 -0.009430 255 80 40
0.253823 -0.156020 0.145254 255 80 40
0.251578 -0.154904 0.147778 255 80 40
0.260077 -0.157880 -0.009000 255 80 40
0.253788 -0.150091 0.148095 255 80 40
0.254771 -0.144394 0.143982 255 80 40
0.253287 -0.145737 0.146786 255 80 40
0.266436 -0.140997 -0.013537 255 80 40
0.262150 -0.140196 -0.009907 255 80 40
0.261965 -0.134834 -0.009171 255 80 40
0.255898 -0.126233 0.133743 255 80 40
0.263551 -0.121796 -0.008909 255 80 40
0.257670 -0.116493 0.126044 255 80 40
0.256276 -0.119887 0.130814 255 80 40
0.263779 -0.116203 -0.007563 255 80 40
0.260743 -0.116169 -0.006324 255 80 40
0.261217 -0.113742 0.120752 255 80 40
0.259959 -0.114367 0.123072 255 80 40
0.258142 -0.102410 0.109166 255 80 40
0.261141 -0.092930 0.103075 255 80 40
0.259613 -0.096039 0.106753 255 80 40
0.258680 -0.084201 0.091481 255 80 40
0.262016 -0.091452 0.099652 255 80 40
0.266803 -0.083752 -0.008509 255 80 40
0.264852 -0.083877 -0.006847 255 80 40
0.263375 -0.080035 0.085349 255 80 40
0.260422 -0.079946 0.092277 255 80 40
0.262459 -0.076464 0.097782 255 80 40
0.266294 -0.078718 -0.004900 255 80 40
0.265523 -0.071315 0.070520 255 80 40
0.262852 -0.071864 0.076494 255 80 40
0.262280 -0.074159 0.081007 255 80 40
0.262186 -0.072062 0.099771 255 80 40
0.267182 -0.068675 -0.001260 255 80 40
0.266380 -0.067783 0.001718 255 80 40
0.264866 -0.063230 0.062008 255 80 40
0.263906 -0.066032 0.065716 255 80 40
0.259878 -0.068025 0.074093 255 80 40
0.266583 -0.060579 0.094743 255 80 40
0.262399 -0.063654 0.099336 255 80 40
0.264460 -0.054925 0.053064 255 80 40
0.264102 -0.058902 0.057723 255 80 40
0.262736 -0.059487 0.093659 255 80 40
0.266005 -0.047442 0.045239 255 80 40
0.266245 -0.051366 0.049347 255 80 40
0.265749 -0.039634 0.037375 255 80 40
0.266140 -0.044275 0.042034 255 80 40
0.264570 -0.037240 0.035848 255 80 40
0.237839 -0.632780 -0.014700 255 80 40
0.234072 -0.632160 -0.009002 255 80 40
0.239252 -0.627899 -0.022673 255 80 40
0.235351 -0.627912 -0.016894 255 80 40
0.236302 -0.628096 -0.007719 255 80 40
0.234290 -0.626278 -0.001492 255 80 40
0.239789 -0.623415 -0.022168 255 80 40
0.239511 -0.620251 -0.017697 255 80 40
0.235713 -0.618478 -0.010893 255 80 40
0.237324 -0.620021 0.000109 255 80 40
0.234205 -0.617642 0.006980 255 80 40
0.231640 -0.617397 0.011220 255 80 40
0.240536 -0.614592 -0.013936 255 80 40
0.239672 -0.614926 -0.008226 255 80 40
0.231567 -0.597522 0.047516 255 80 40
0.231720 -0.597231 0.050535 255 80 40
0.236835 -0.590549 0.033758 255 80 40
0.235851 -0.593163 0.037976 255 80 40
0.235595 -0.595360 0.046568 255 80 40
0.234278 -0.592132 0.051584 255 80 40
0.237929 -0.586146 0.032799 255 80 40
0.234416 -0.584873 0.034262 255 80 40
0.239040 -0.586543 0.049842 255 80 40
0.235770 -0.584934 0.051086 255 80 40
0.238657 -0.576722 0.031074 255 80 40
0.235672 -0.576588 0.038476 255 80 40
0.235651 -0.578836 0.046636 255 80 40
0.233042 -0.580742 0.049833 255 80 40
0.243866 -0.570754 -0.025744 255 80 40
0.244302 -0.570003 -0.022054 255 80 40
0.240156 -0.570820 0.030951 255 80 40
0.239494 -0.570607 0.037115 255 80 40
0.239645 -0.571366 0.043726 255 80 40
0.243894 -0.566057 -0.025276 255 80 40
0.244277 -0.565481 -0.021958 255 80 40
0.240807 -0.523549 -0.034920 255 80 40
0.243371 -0.522899 -0.028183 255 80 40
0.242948 -0.524513 -0.020447 255 80 40
0.242860 -0.525411 -0.012427 255 80 40
0.243064 -0.524277 -0.004291 255 80 40
0.243568 -0.521606 0.003472 255 80 40
0.245214 -0.515800 -0.034591 255 80 40
0.242563 -0.518624 -0.030156 255 80 40
0.241948 -0.516789 0.006440 255 80 40
0.245090 -0.514547 0.007958 255 80 40
0.244840 -0.509011 -0.036331 255 80 40
0.242950 -0.507863 -0.029894 255 80 40
0.243925 -0.507086 0.007809 255 80 40
0.247253 -0.500052 -0.042428 255 80 40
0.245142 -0.500468 -0.037145 255 80 40
0.245591 -0.499805 -0.031362 255 80 40
0.243970 -0.497867 0.006053 255 80 40
0.243432 -0.502895 0.007295 255 80 40
0.243625 -0.490905 -0.049721 255 80 40
0.246770 -0.494174 -0.046084 255 80 40
0.243137 -0.494389 -0.029964 255 80 40
0.244899 -0.490774 0.003653 255 80 40
0.247853 -0.484282 -0.051643 255 80 40
0.250310 -0.487701 -0.048354 255 80 40
0.242491 -0.484240 -0.017399 255 80 40
0.244975 -0.483511 0.000581 255 80 40
0.248471 -0.477871 -0.051207 255 80 40
0.249744 -0.473576 -0.048982 255 80 40
0.244390 -0.474862 -0.013592 255 80 40
0.247783 -0.473688 -0.002367 255 80 40
0.244995 -0.475566 -0.001369 255 80 40
0.248605 -0.469119 -0.046580 255 80 40
0.250544 -0.465906 -0.013693 255 80 40
0.245370 -0.468899 -0.005424 255 80 40
0.247777 -0.464250 -0.043228 255 80 40
0.248477 -0.461661 -0.038930 255 80 40
0.246157 -0.458216 -0.029793 255 80 40
0.246188 -0.457361 -0.025084 255 80 40
0.249878 -0.460965 -0.015072 255 80 40
0.245295 -0.457370 0.002267 255 80 40
0.243972 -0.456716 0.006377 255 80 40
0.251018 -0.456576 -0.035531 255 80 40
0.250457 -0.454242 -0.030085 255 80 40
0.250645 -0.451386 -0.023180 255 80 40
0.250928 -0.453074 -0.014816 255 80 40
0.246836 -0.451730 0.001613 255 80 40
0.243910 -0.453490 0.006187 255 80 40
0.252832 -0.448337 -0.019759 255 80 40
0.252676 -0.447593 -0.016453 255 80 40
0.260569 -0.305371 0.008069 255 80 40
0.258162 -0.304153 0.009699 255 80 40
0.261751 -0.302199 0.008309 255 80 40
0.258606 -0.299429 0.010788 255 80 40
0.257482 -0.294518 0.012219 255 80 40
0.255373 -0.284984 0.150720 255 80 40
0.255046 -0.283623 0.155402 255 80 40
0.259932 -0.280627 0.003064 255 80 40
0.253240 -0.280253 0.150770 255 80 40
0.252769 -0.278172 0.155979 255 80 40
0.259466 -0.275580 0.002856 255 80 40
0.249656 -0.272820 0.158149 255 80 40
0.253166 -0.268614 0.160411 255 80 40
0.260958 -0.270278 0.001213 255 80 40
0.252989 -0.261544 0.161390 255 80 40
0.265433 -0.256972 0.000708 255 80 40
0.255162 -0.252022 0.157312 255 80 40
0.253693 -0.254597 0.160749 255 80 40
0.262435 -0.250876 0.002070 255 80 40
0.255116 -0.247473 0.156943 255 80 40
0.255619 -0.244345 0.160190 255 80 40
0.262625 -0.244223 0.001253 255 80 40
0.259026 -0.234589 0.157664 255 80 40
0.254651 -0.237325 0.161180 255 80 40
0.259462 -0.238654 0.002371 255 80 40
0.253301 -0.230550 0.157365 255 80 40
0.254767 -0.232472 0.159450 255 80 40
0.266694 -0.225789 -0.008329 255 80 40
0.264417 -0.220164 -0.006190 255 80 40
0.256448 -0.213568 0.156233 255 80 40
0.257289 -0.213127 0.160773 255 80 40
0.264617 -0.212429 -0.005868 255 80 40
0.256993 -0.206422 0.161730 255 80 40
0.267518 -0.200702 -0.004542 255 80 40
0.266041 -0.196837 -0.004824 255 80 40
0.264920 -0.195621 -0.001732 255 80 40
0.259677 -0.186287 0.158512 255 80 40
0.266255 -0.190978 -0.004624 255 80 40
0.265975 -0.189410 -0.002137 255 80 40
0.262567 -0.185736 0.156214 255 80 40
0.259067 -0.182458 0.160711 255 80 40
0.260172 -0.175505 0.159936 255 80 40
0.269901 -0.170517 -0.013808 255 80 40
0.268400 -0.170444 -0.009677 255 80 40
0.266753 -0.166311 -0.014106 255 80 40
0.268014 -0.163866 -0.009856 255 80 40
0.261792 -0.155465 0.142335 255 80 40
0.266137 -0.159705 -0.009918 255 80 40
0.262994 -0.150539 0.144538 255 80 40
0.273306 -0.145968 -0.013465 255 80 40
0.272041 -0.145107 -0.010655 255 80 40
0.266233 -0.140250 0.137770 255 80 40
0.262744 -0.143728 0.142713 255 80 40
0.270401 -0.141778 -0.013784 255 80 40
0.270430 -0.140500 -0.009657 255 80 40
0.265067 -0.125897 0.127277 255 80 40
0.261533 -0.125424 0.130916 255 80 40
0.271836 -0.123245 -0.008867 255 80 40
0.268795 -0.116080 0.121747 255 80 40
0.265631 -0.119436 0.126013 255 80 40
0.261340 -0.122231 0.130269 255 80 40
0.269288 -0.119717 -0.007437 255 80 40
0.269913 -0.111300 0.113647 255 80 40
0.267249 -0.113151 0.119106 255 80 40
0.262888 -0.114358 0.122870 255 80 40
0.264464 -0.101249 0.103346 255 80 40
0.268344 -0.096122 0.101603 255 80 40
0.263856 -0.096877 0.105041 255 80 40
0.274125 -0.088455 -0.005813 255 80 40
0.272376 -0.086137 0.088179 255 80 40
0.268799 -0.088572 0.094150 255 80 40
0.268285 -0.091026 0.098683 255 80 40
0.274692 -0.085251 -0.009216 255 80 40
0.274411 -0.085758 -0.006624 255 80 40
0.269123 -0.078701 0.076406 255 80 40
0.266224 -0.081302 0.081480 255 80 40
0.268356 -0.078026 0.095512 255 80 40
0.268224 -0.077156 0.097377 255 80 40
0.271275 -0.079895 -0.006260 255 80 40
0.270512 -0.072762 0.067705 255 80 40
0.268535 -0.076007 0.074934 255 80 40
0.270478 -0.072407 0.099554 255 80 40
0.274871 -0.068503 -0.002233 255 80 40
0.272370 -0.069771 0.000873 255 80 40
0.272749 -0.066300 0.060728 255 80 40
0.268680 -0.068663 0.064595 255 80 40
0.270430 -0.061444 0.093557 255 80 40
0.270869 -0.064271 0.098126 255 80 40
0.272847 -0.055485 0.022554 255 80 40
0.275607 -0.056549 0.026114 255 80 40
0.272942 -0.057401 0.053483 255 80 40
0.270532 -0.060351 0.057171 255 80 40
0.271634 -0.054932 0.022820 255 80 40
0.272294 -0.048976 0.045512 255 80 40
0.271859 -0.052546 0.049452 255 80 40
0.270653 -0.045380 0.042436 255 80 40
0.244120 -0.633452 -0.021620 255 80 40
0.243888 -0.633759 -0.016980 255 80 40
0.245472 -0.626298 -0.030314 255 80 40
0.242868 -0.630024 -0.025579 255 80 40
0.245185 -0.629945 -0.013600 255 80 40
0.242608 -0.627604 -0.010452 255 80 40
0.246837 -0.621575 -0.031738 255 80 40
0.243315 -0.620326 -0.024773 255 80 40
0.241586 -0.618150 -0.018532 255 80 40
0.245356 -0.619872 -0.006373 255 80 40
0.241485 -0.619444 -0.002544 255 80 40
0.248846 -0.615829 -0.031871 255 80 40
0.247606 -0.612625 -0.025084 255 80 40
0.244078 -0.611527 -0.017114 255 80 40
0.245691 -0.612199 -0.007914 255 80 40
0.242157 -0.615720 -0.004224 255 80 40
0.249234 -0.605510 -0.022238 255 80 40
0.246812 -0.604718 -0.016748 255 80 40
0.246178 -0.604833 -0.007781 255 80 40
0.247656 -0.602477 -0.002697 255 80 40
0.250085 -0.593246 -0.022371 255 80 40
0.248896 -0.596982 -0.016807 255 80 40
0.247344 -0.596373 -0.009398 255 80 40
0.246873 -0.596174 -0.002092 255 80 40
0.247524 -0.594244 0.006564 255 80 40
0.249017 -0.592294 0.011852 255 80 40
0.244799 -0.590941 0.033192 255 80 40
0.243897 -0.592407 0.038961 255 80 40
0.243537 -0.592575 0.045357 255 80 40
0.249984 -0.589280 -0.023930 255 80 40
0.248589 -0.588987 -0.017512 255 80 40
0.247784 -0.587892 -0.009219 255 80 40
0.246778 -0.586689 -0.002023 255 80 40
0.245514 -0.587767 0.006236 255 80 40
0.246565 -0.588913 0.014646 255 80 40
0.245802 -0.586980 0.021947 255 80 40
0.243447 -0.587253 0.029886 255 80 40
0.244079 -0.586770 0.048044 255 80 40
0.249658 -0.581544 -0.024626 255 80 40
0.247073 -0.579975 -0.017910 255 80 40
0.247691 -0.579879 -0.009947 255 80 40
0.247193 -0.578845 -0.002295 255 80 40
0.246932 -0.579195 0.006289 255 80 40
0.246741 -0.578936 0.013506 255 80 40
0.244091 -0.578184 0.022226 255 80 40
0.242286 -0.579533 0.027972 255 80 40
0.244254 -0.578000 0.047662 255 80 40
0.245960 -0.570728 -0.030297 255 80 40
0.248914 -0.572669 -0.027261 255 80 40
0.245626 -0.573500 -0.018100 255 80 40
0.247155 -0.572154 -0.011062 255 80 40
0.247598 -0.571091 -0.002653 255 80 40
0.247073 -0.572117 0.005901 255 80 40
0.247545 -0.571727 0.013436 255 80 40
0.246920 -0.571485 0.019650 255 80 40
0.242494 -0.567278 0.027555 255 80 40
0.242029 -0.567055 0.037191 255 80 40
0.245611 -0.570011 0.044952 255 80 40
0.248341 -0.565195 -0.024860 255 80 40
0.247034 -0.564329 -0.018241 255 80 40
0.247968 -0.564125 -0.010292 255 80 40
0.248673 -0.563887 -0.002810 255 80 40
0.248346 -0.562960 0.005151 255 80 40
0.246804 -0.563450 0.013208 255 80 40
0.245054 -0.562710 0.022022 255 80 40
0.244448 -0.562115 0.029530 255 80 40
0.245478 -0.562225 0.037673 255 80 40
0.246759 -0.563799 0.042086 255 80 40
0.249296 -0.557149 -0.018823 255 80 40
0.250500 -0.555711 -0.011985 255 80 40
0.251526 -0.555069 -0.002411 255 80 40
0.250432 -0.556365 0.006204 255 80 40
0.249261 -0.555989 0.013210 255 80 40
0.248356 -0.554520 0.021785 255 80 40
0.248090 -0.554746 0.028675 255 80 40
0.249304 -0.555074 0.035185 255 80 40
0.252227 -0.551274 -0.016293 255 80 40
0.252700 -0.550199 -0.010589 255 80 40
0.252819 -0.551575 -0.004194 255 80 40
0.252319 -0.550239 0.006659 255 80 40
0.251769 -0.547985 0.013224 255 80 40
0.250933 -0.548162 0.021026 255 80 40
0.250802 -0.549374 0.027390 255 80 40
0.252604 -0.543177 0.015935 255 80 40
0.252478 -0.543500 0.017340 255 80 40
0.253305 -0.529287 -0.002169 255 80 40
0.253434 -0.530789 0.004711 255 80 40
0.253067 -0.530392 0.011591 255 80 40
0.250173 -0.521970 -0.026713 255 80 40
0.252266 -0.522912 -0.019890 255 80 40
0.251845 -0.524695 -0.011950 255 80 40
0.250528 -0.526697 -0.004362 255 80 40
0.249107 -0.524276 0.004666 255 80 40
0.251915 -0.523594 0.011902 255 80 40
0.251779 -0.514871 -0.034326 255 80 40
0.254433 -0.517926 -0.029114 255 80 40
0.255520 -0.520787 -0.023340 255 80 40
0.251261 -0.515115 0.010649 255 80 40
0.253981 -0.509854 -0.035573 255 80 40
0.256369 -0.512651 -0.031739 255 80 40
0.252262 -0.507996 0.009191 255 80 40
0.252275 -0.499693 -0.041597 255 80 40
0.255136 -0.502790 -0.038124 255 80 40
0.252077 -0.497588 0.006310 255 80 40
0.252645 -0.502104 0.007987 255 80 40
0.253619 -0.493546 -0.043280 255 80 40
0.258047 -0.494493 -0.038885 255 80 40
0.252336 -0.491517 0.004040 255 80 40
0.256671 -0.485215 -0.043846 255 80 40
0.259002 -0.487872 -0.040552 255 80 40
0.258920 -0.481688 -0.028963 255 80 40
0.252691 -0.483815 0.000571 255 80 40
0.256650 -0.477491 -0.044948 255 80 40
0.259429 -0.477649 -0.034994 255 80 40
0.258641 -0.477038 -0.029991 255 80 40
0.259120 -0.474924 -0.022604 255 80 40
0.253924 -0.475169 -0.003223 255 80 40
0.252517 -0.478128 -0.000948 255 80 40
0.256054 -0.471220 -0.042855 255 80 40
0.258218 -0.469400 -0.037993 255 80 40
0.258348 -0.469780 -0.029763 255 80 40
0.258703 -0.468872 -0.023722 255 80 40
0.251813 -0.466737 -0.010610 255 80 40
0.253378 -0.467608 -0.005718 255 80 40
0.257406 -0.468542 -0.000184 255 80 40
0.255596 -0.461811 -0.036359 255 80 40
0.257341 -0.460967 -0.030119 255 80 40
0.258878 -0.460932 -0.022945 255 80 40
0.252125 -0.459190 -0.010845 255 80 40
0.254528 -0.459785 -0.006122 255 80 40
0.258310 -0.461445 -0.000921 255 80 40
0.255409 -0.454100 -0.028957 255 80 40
0.257343 -0.452084 -0.023201 255 80 40
0.252907 -0.452935 -0.011045 255 80 40
0.255512 -0.452659 -0.006520 255 80 40
0.258667 -0.451530 -0.001486 255 80 40
0.256991 -0.447255 -0.020199 255 80 40
0.256761 -0.444401 -0.014300 255 80 40
0.257206 -0.446256 -0.006131 255 80 40
0.260230 -0.444845 -0.001126 255 80 40
0.266469 -0.306300 0.006534 255 80 40
0.262476 -0.304715 0.008995 255 80 40
0.263441 -0.299551 0.146190 255 80 40
0.267606 -0.299657 0.007240 255 80 40
0.264854 -0.299471 0.009634 255 80 40
0.260765 -0.294828 0.149874 255 80 40
0.260254 -0.291793 0.153494 255 80 40
0.263385 -0.295146 0.010283 255 80 40
0.256824 -0.288001 0.150489 255 80 40
0.259319 -0.286507 0.155909 255 80 40
0.268891 -0.282500 0.001502 255 80 40
0.260511 -0.278812 0.158660 255 80 40
0.268773 -0.275025 -0.000906 255 80 40
0.267608 -0.277320 0.001437 255 80 40
0.261590 -0.273342 0.159272 255 80 40
0.258437 -0.270126 0.159943 255 80 40
0.266917 -0.271322 0.000207 255 80 40
0.262873 -0.261262 0.158017 255 80 40
0.259522 -0.262398 0.160397 255 80 40
0.269768 -0.258349 0.001279 255 80 40
0.263343 -0.253209 0.155947 255 80 40
0.258309 -0.257898 0.159764 255 80 40
0.272715 -0.251294 -0.001149 255 80 40
0.269169 -0.252675 0.001821 255 80 40
0.259968 -0.249556 0.156671 255 80 40
0.262996 -0.245731 0.160486 255 80 40
0.270306 -0.245896 0.000249 255 80 40
0.265220 -0.238748 0.157196 255 80 40
0.261234 -0.239966 0.160585 255 80 40
0.275026 -0.233510 -0.009108 255 80 40
0.272316 -0.227694 -0.007481 255 80 40
0.273204 -0.219857 -0.006811 255 80 40
0.265508 -0.216375 0.155093 255 80 40
0.264854 -0.213721 0.160142 255 80 40
0.272126 -0.214722 -0.006191 255 80 40
0.267935 -0.206476 0.156663 255 80 40
0.266270 -0.208348 0.159439 255 80 40
0.272914 -0.202228 -0.003686 255 80 40
0.274625 -0.202226 -0.001089 255 80 40
0.273270 -0.196421 -0.003747 255 80 40
0.274632 -0.196714 0.000066 255 80 40
0.265835 -0.186589 0.157510 255 80 40
0.271067 -0.192379 -0.003853 255 80 40
0.274091 -0.191463 -0.001153 255 80 40
0.268638 -0.186096 0.155931 255 80 40
0.266674 -0.182847 0.159818 255 80 40
0.278644 -0.179490 -0.013082 255 80 40
0.277338 -0.177684 -0.009990 255 80 40
0.267491 -0.174989 0.159131 255 80 40
0.275712 -0.173414 -0.013623 255 80 40
0.275748 -0.172034 -0.008872 255 80 40
0.275424 -0.166772 -0.012854 255 80 40
0.275648 -0.165849 -0.010417 255 80 40
0.272965 -0.152045 0.138835 255 80 40
0.268527 -0.149356 0.141838 255 80 40
0.277890 -0.148279 -0.014072 255 80 40
0.278337 -0.147677 -0.009439 255 80 40
0.273046 -0.142678 0.137317 255 80 40
0.268953 -0.144221 0.140510 255 80 40
0.277946 -0.143403 -0.013645 255 80 40
0.277509 -0.140771 -0.010750 255 80 40
0.272347 -0.138527 0.135129 255 80 40
0.283172 -0.129382 -0.010865 255 80 40
0.269373 -0.124410 0.123955 255 80 40
0.280482 -0.125954 -0.009163 255 80 40
0.274464 -0.119081 0.119862 255 80 40
0.270395 -0.121477 0.123516 255 80 40
0.275834 -0.110723 0.111893 255 80 40
0.274153 -0.114020 0.116630 255 80 40
0.278025 -0.108480 0.107580 255 80 40
0.277099 -0.094608 0.094547 255 80 40
0.273172 -0.094984 0.098547 255 80 40
0.283440 -0.089863 -0.008443 255 80 40
0.280639 -0.089702 -0.006079 255 80 40
0.278035 -0.086844 0.086765 255 80 40
0.276743 -0.090542 0.092839 255 80 40
0.282076 -0.085690 -0.009193 255 80 40
0.283288 -0.082647 -0.005709 255 80 40
0.281075 -0.083630 0.080181 255 80 40
0.278184 -0.084937 0.083683 255 80 40
0.277910 -0.078204 0.095067 255 80 40
0.275551 -0.077359 0.097361 255 80 40
0.283105 -0.073714 -0.002497 255 80 40
0.282775 -0.073187 0.005648 255 80 40
0.281360 -0.076962 0.096965 255 80 40
0.278216 -0.073664 0.098326 255 80 40
0.282752 -0.069767 -0.001304 255 80 40
0.283375 -0.067907 0.004151 255 80 40
0.277041 -0.062687 0.054502 255 80 40
0.279177 -0.063489 0.093276 255 80 40
0.277199 -0.066582 0.097646 255 80 40
0.283889 -0.059071 0.029737 255 80 40
0.285204 -0.063324 0.034681 255 80 40
0.282771 -0.053011 0.022290 255 80 40
0.281439 -0.053452 0.025499 255 80 40
0.250554 -0.634009 -0.022434 255 80 40
0.250586 -0.633161 -0.019608 255 80 40
0.252473 -0.628750 -0.031894 255 80 40
0.254259 -0.631840 -0.023481 255 80 40
0.252477 -0.628345 -0.016915 255 80 40
0.254416 -0.620541 -0.037284 255 80 40
0.252035 -0.622615 -0.035284 255 80 40
0.255003 -0.623053 -0.015149 255 80 40
0.250384 -0.620854 -0.010402 255 80 40
0.255391 -0.613743 -0.038645 255 80 40
0.251403 -0.612572 -0.033588 255 80 40
0.253162 -0.611515 -0.008685 255 80 40
0.256774 -0.606321 -0.038070 255 80 40
0.253886 -0.604698 -0.032070 255 80 40
0.251152 -0.604565 -0.025779 255 80 40
0.254247 -0.606237 -0.006148 255 80 40
0.252077 -0.602911 -0.003278 255 80 40
0.258712 -0.600113 -0.036739 255 80 40
0.256192 -0.598926 -0.033354 255 80 40
0.252068 -0.596948 -0.025721 255 80 40
0.253430 -0.598787 -0.000096 255 80 40
0.253492 -0.594615 0.007031 255 80 40
0.251265 -0.591430 0.033098 255 80 40
0.250276 -0.591506 0.039375 255 80 40
0.257170 -0.589266 -0.031317 255 80 40
0.253202 -0.589150 -0.027902 255 80 40
0.258120 -0.584614 0.002648 255 80 40
0.253077 -0.587224 0.008330 255 80 40
0.250078 -0.586941 0.015615 255 80 40
0.251128 -0.587706 0.023869 255 80 40
0.253033 -0.589302 0.029067 255 80 40
0.255611 -0.589924 0.039324 255 80 40
0.252708 -0.586623 0.045330 255 80 40
0.258235 -0.584917 -0.029400 255 80 40
0.256301 -0.581146 -0.026847 255 80 40
0.257127 -0.579361 0.001693 255 80 40
0.252998 -0.580388 0.005329 255 80 40
0.250563 -0.579006 0.022923 255 80 40
0.253988 -0.578806 0.029777 255 80 40
0.252827 -0.577728 0.046822 255 80 40
0.256049 -0.573910 -0.023934 255 80 40
0.259217 -0.572560 -0.020225 255 80 40
0.255658 -0.574138 0.001579 255 80 40
0.253632 -0.571989 0.004731 255 80 40
0.251516 -0.568937 0.012835 255 80 40
0.251548 -0.570266 0.022274 255 80 40
0.254100 -0.571094 0.030887 255 80 40
0.257173 -0.571323 0.034394 255 80 40
0.254133 -0.570458 0.046894 255 80 40
0.253946 -0.567792 -0.022498 255 80 40
0.257177 -0.565146 -0.020299 255 80 40
0.256695 -0.566771 0.007651 255 80 40
0.255695 -0.564065 0.014255 255 80 40
0.255516 -0.563371 0.021812 255 80 40
0.256488 -0.565025 0.028037 255 80 40
0.253577 -0.562569 0.044621 255 80 40
0.256704 -0.557388 -0.018935 255 80 40
0.258963 -0.559781 0.019737 255 80 40
0.254243 -0.553954 0.038613 255 80 40
0.255466 -0.557829 0.042711 255 80 40
0.258325 -0.550269 -0.015579 255 80 40
0.257042 -0.546458 -0.012326 255 80 40
0.253912 -0.547596 -0.003011 255 80 40
0.253373 -0.547281 0.004105 255 80 40
0.252888 -0.543834 0.012469 255 80 40
0.254122 -0.545866 0.030285 255 80 40
0.256075 -0.548821 0.035017 255 80 40
0.257349 -0.541291 -0.009958 255 80 40
0.255190 -0.540316 -0.002509 255 80 40
0.254229 -0.540468 0.005121 255 80 40
0.253303 -0.539893 0.013550 255 80 40
0.254023 -0.539545 0.021558 255 80 40
0.257652 -0.539558 0.028265 255 80 40
0.261520 -0.536656 -0.007033 255 80 40
0.258302 -0.532874 -0.003919 255 80 40
0.254535 -0.534348 0.004552 255 80 40
0.253805 -0.532596 0.013111 255 80 40
0.256376 -0.531576 0.020394 255 80 40
0.259289 -0.534374 0.025747 255 80 40
0.256991 -0.521554 -0.017031 255 80 40
0.259371 -0.523039 -0.009957 255 80 40
0.260485 -0.526891 -0.005832 255 80 40
0.255033 -0.523750 0.015849 255 80 40
0.258710 -0.523163 0.018218 255 80 40
0.257541 -0.515590 -0.026625 255 80 40
0.259126 -0.517634 -0.019940 255 80 40
0.261723 -0.518354 -0.014150 255 80 40
0.258841 -0.515942 0.014905 255 80 40
0.260366 -0.518091 0.016579 255 80 40
0.258092 -0.508073 -0.032891 255 80 40
0.260428 -0.509518 -0.026946 255 80 40
0.263446 -0.509719 -0.019272 255 80 40
0.259068 -0.508144 0.011723 255 80 40
0.259030 -0.501017 -0.034243 255 80 40
0.261106 -0.501112 -0.028344 255 80 40
0.263619 -0.501329 -0.019520 255 80 40
0.264418 -0.498151 -0.015205 255 80 40
0.256692 -0.497968 0.006930 255 80 40
0.259748 -0.500553 0.009059 255 80 40
0.259585 -0.493575 -0.035486 255 80 40
0.260747 -0.493865 -0.028020 255 80 40
0.262345 -0.494387 -0.020326 255 80 40
0.263716 -0.492704 -0.013329 255 80 40
0.265437 -0.489907 -0.007784 255 80 40
0.260732 -0.490991 0.005974 255 80 40
0.261264 -0.496024 0.007964 255 80 40
0.260120 -0.484555 -0.036418 255 80 40
0.259591 -0.486174 -0.029518 255 80 40
0.260653 -0.485773 -0.020214 255 80 40
0.262662 -0.485243 -0.013046 255 80 40
0.265606 -0.484522 -0.007100 255 80 40
0.261449 -0.484359 0.003843 255 80 40
0.260174 -0.478714 -0.037610 255 80 40
0.259947 -0.478003 -0.019716 255 80 40
0.261924 -0.477214 -0.013205 255 80 40
0.264905 -0.477664 -0.007598 255 80 40
0.261384 -0.476403 0.002948 255 80 40
0.260311 -0.472557 -0.037558 255 80 40
0.259810 -0.470187 -0.018903 255 80 40
0.261935 -0.468870 -0.013506 255 80 40
0.265607 -0.470559 -0.006867 255 80 40
0.262907 -0.467938 0.003060 255 80 40
0.260422 -0.460818 -0.018398 255 80 40
0.262609 -0.461803 -0.013676 255 80 40
0.266617 -0.460636 -0.007731 255 80 40
0.262887 -0.460530 0.002077 255 80 40
0.261048 -0.453498 -0.018296 255 80 40
0.264212 -0.452671 -0.013638 255 80 40
0.267227 -0.453777 -0.008787 255 80 40
0.263339 -0.452577 0.001719 255 80 40
0.264472 -0.444557 -0.013197 255 80 40
0.268441 -0.443783 -0.009640 255 80 40
0.264843 -0.443860 0.001691 255 80 40
0.264043 -0.440667 -0.011464 255 80 40
0.266003 -0.440095 -0.008912 255 80 40
0.266107 -0.439931 0.000655 255 80 40
0.276109 -0.313169 0.003831 255 80 40
0.269308 -0.308956 0.142495 255 80 40
0.269176 -0.308045 0.145741 255 80 40
0.273562 -0.308356 0.005204 255 80 40
0.267342 -0.305875 0.143240 255 80 40
0.266533 -0.302518 0.148241 255 80 40
0.273170 -0.301921 0.006090 255 80 40
0.264842 -0.298241 0.151791 255 80 40
0.267354 -0.294307 0.155093 255 80 40
0.278534 -0.289639 0.001667 255 80 40
0.268360 -0.286779 0.156442 255 80 40
0.276219 -0.282758 -0.000950 255 80 40
0.275160 -0.284718 0.001456 255 80 40
0.268450 -0.279954 0.157757 255 80 40
0.277392 -0.277649 -0.001072 255 80 40
0.276277 -0.279994 0.000545 255 80 40
0.269509 -0.270685 0.158476 255 80 40
0.280781 -0.266130 0.002188 255 80 40
0.268142 -0.265423 0.157066 255 80 40
0.280324 -0.258538 -0.000762 255 80 40
0.277769 -0.260818 0.001452 255 80 40
0.270779 -0.254281 0.156464 255 80 40
0.268959 -0.251094 0.159461 255 80 40
0.279636 -0.254340 -0.001613 255 80 40
0.276135 -0.251396 0.002514 255 80 40
0.273660 -0.248324 0.158437 255 80 40
0.269751 -0.248711 0.159578 255 80 40
0.279975 -0.248418 -0.000785 255 80 40
0.276741 -0.247027 0.000184 255 80 40
0.269787 -0.241335 0.155992 255 80 40
0.279968 -0.234921 -0.007090 255 80 40
0.279850 -0.229506 -0.006365 255 80 40
0.275428 -0.219755 0.152860 255 80 40
0.280689 -0.221528 -0.005936 255 80 40
0.273173 -0.217505 0.155180 255 80 40
0.271784 -0.213866 0.158794 255 80 40
0.281032 -0.212227 -0.003066 255 80 40
0.283661 -0.210363 -0.001820 255 80 40
0.273708 -0.208061 0.155949 255 80 40
0.271090 -0.209141 0.158221 255 80 40
0.278906 -0.207108 -0.002789 255 80 40
0.281202 -0.204474 0.000039 255 80 40
0.278142 -0.197632 -0.002752 255 80 40
0.281425 -0.196963 0.000646 255 80 40
0.275805 -0.185394 0.154826 255 80 40
0.274125 -0.181815 0.158640 255 80 40
0.283953 -0.181011 -0.012124 255 80 40
0.284553 -0.180619 -0.007070 255 80 40
0.278330 -0.172774 0.155077 255 80 40
0.277622 -0.177120 0.158382 255 80 40
0.283804 -0.175268 -0.012605 255 80 40
0.283996 -0.173579 -0.007594 255 80 40
0.281569 -0.168754 -0.010932 255 80 40
0.288476 -0.154047 -0.010354 255 80 40
0.282375 -0.151980 0.131687 255 80 40
0.277600 -0.151549 0.135808 255 80 40
0.285813 -0.150596 -0.013903 255 80 40
0.285798 -0.150372 -0.008261 255 80 40
0.282464 -0.142838 0.131139 255 80 40
0.278880 -0.144972 0.134183 255 80 40
0.285612 -0.144019 -0.012657 255 80 40
0.286809 -0.143328 -0.011341 255 80 40
0.282058 -0.137133 0.129370 255 80 40
0.276926 -0.138143 0.132634 255 80 40
0.287456 -0.130749 -0.009666 255 80 40
0.284900 -0.127199 -0.008319 255 80 40
0.283023 -0.119612 0.111739 255 80 40
0.278981 -0.119686 0.116249 255 80 40
0.286023 -0.110667 0.106034 255 80 40
0.283454 -0.113932 0.109786 255 80 40
0.279078 -0.116328 0.115086 255 80 40
0.284130 -0.107335 0.104176 255 80 40
0.280766 -0.108061 0.106544 255 80 40
0.281329 -0.093755 0.089737 255 80 40
0.289543 -0.091573 -0.007888 255 80 40
0.290230 -0.093050 -0.004240 255 80 40
0.288113 -0.088699 0.080218 255 80 40
0.284251 -0.090393 0.085231 255 80 40
0.281528 -0.092996 0.089963 255 80 40
0.290033 -0.087236 -0.007659 255 80 40
0.290609 -0.085620 -0.004862 255 80 40
0.284952 -0.079186 0.064785 255 80 40
0.286899 -0.080187 0.069353 255 80 40
0.286941 -0.084070 0.076975 255 80 40
0.282064 -0.084849 0.081399 255 80 40
0.287176 -0.078102 0.093482 255 80 40
0.290508 -0.075014 -0.000459 255 80 40
0.290847 -0.075589 0.005851 255 80 40
0.293661 -0.074045 0.011769 255 80 40
0.289741 -0.073687 0.053048 255 80 40
0.288551 -0.076856 0.061425 255 80 40
0.288030 -0.078463 0.065902 255 80 40
0.287138 -0.074905 0.096028 255 80 40
0.283866 -0.072751 0.097454 255 80 40
0.288881 -0.071712 0.000209 255 80 40
0.290281 -0.071188 0.006517 255 80 40
0.291353 -0.072105 0.009819 255 80 40
0.290279 -0.065603 0.038062 255 80 40
0.290429 -0.069750 0.044737 255 80 40
0.286315 -0.066447 0.094031 255 80 40
0.282352 -0.069252 0.097219 255 80 40
0.287379 -0.056960 0.023782 255 80 40
0.289865 -0.059955 0.028417 255 80 40
0.290135 -0.063218 0.034185 255 80 40
0.258562 -0.628154 -0.029845 255 80 40
0.259513 -0.629339 -0.022954 255 80 40
0.260059 -0.620166 -0.036969 255 80 40
0.262030 -0.622755 -0.032724 255 80 40
0.264084 -0.624614 -0.024068 255 80 40
0.260592 -0.621015 -0.016605 255 80 40
0.263011 -0.614266 -0.038269 255 80 40
0.265697 -0.618073 -0.033182 255 80 40
0.262421 -0.614192 -0.012995 255 80 40
0.259851 -0.611997 -0.010722 255 80 40
0.263436 -0.605517 -0.039565 255 80 40
0.261371 -0.605198 -0.008367 255 80 40
0.257705 -0.601195 -0.004445 255 80 40
0.263787 -0.597962 -0.037584 255 80 40
0.262214 -0.596115 -0.035924 255 80 40
0.263626 -0.598773 -0.006476 255 80 40
0.261283 -0.597356 -0.000222 255 80 40
0.260386 -0.594556 0.005454 255 80 40
0.264061 -0.590429 -0.033087 255 80 40
0.263043 -0.587853 -0.000510 255 80 40
0.259384 -0.590052 0.004903 255 80 40
0.259587 -0.588734 0.031983 255 80 40
0.260398 -0.588309 0.038741 255 80 40
0.257749 -0.585047 0.044181 255 80 40
0.264338 -0.585154 -0.029428 255 80 40
0.264071 -0.580851 -0.025341 255 80 40
0.266482 -0.578930 -0.019913 255 80 40
0.263429 -0.582446 -0.002249 255 80 40
0.259689 -0.581163 0.032812 255 80 40
0.263014 -0.579244 0.036041 255 80 40
0.260556 -0.578854 0.045119 255 80 40
0.261687 -0.576895 -0.021505 255 80 40
0.264751 -0.574332 -0.017578 255 80 40
0.263405 -0.572270 -0.000614 255 80 40
0.260327 -0.570032 0.003021 255 80 40
0.258538 -0.571550 0.034087 255 80 40
0.261736 -0.571499 0.036299 255 80 40
0.261104 -0.571085 0.045920 255 80 40
0.265108 -0.564958 -0.016939 255 80 40
0.265908 -0.566516 0.000695 255 80 40
0.262577 -0.565052 0.005158 255 80 40
0.261330 -0.561137 0.012006 255 80 40
0.259787 -0.560267 0.024403 255 80 40
0.261438 -0.563842 0.032139 255 80 40
0.263454 -0.566204 0.035707 255 80 40
0.262118 -0.564031 0.045500 255 80 40
0.265834 -0.558347 -0.016629 255 80 40
0.266345 -0.559870 0.007248 255 80 40
0.264896 -0.557903 0.013962 255 80 40
0.263754 -0.557237 0.022465 255 80 40
0.265498 -0.558153 0.029312 255 80 40
0.261133 -0.552789 0.041102 255 80 40
0.261928 -0.555871 0.043255 255 80 40
0.263714 -0.551953 -0.015506 255 80 40
0.265490 -0.546665 -0.012072 255 80 40
0.263121 -0.547383 0.037896 255 80 40
0.266195 -0.541679 -0.009039 255 80 40
0.269716 -0.538677 -0.005991 255 80 40
0.262864 -0.539021 0.031931 255 80 40
0.265317 -0.540816 0.034715 255 80 40
0.266853 -0.533713 -0.004393 255 80 40
0.261916 -0.529399 0.024127 255 80 40
0.265166 -0.532445 0.028914 255 80 40
0.263814 -0.522561 -0.007556 255 80 40
0.266875 -0.525166 -0.003255 255 80 40
0.264416 -0.523584 0.021969 255 80 40
0.267036 -0.526640 0.026099 255 80 40
0.265354 -0.516417 -0.010465 255 80 40
0.268707 -0.517441 -0.004082 255 80 40
0.264440 -0.512736 0.015499 255 80 40
0.266529 -0.516979 0.018922 255 80 40
0.264801 -0.508031 -0.015922 255 80 40
0.266158 -0.508956 -0.011708 255 80 40
0.270469 -0.510162 -0.002138 255 80 40
0.271432 -0.506673 0.001166 255 80 40
0.267276 -0.507643 0.013914 255 80 40
0.270322 -0.512149 0.017796 255 80 40
0.266476 -0.502187 -0.011064 255 80 40
0.269128 -0.500387 -0.003696 255 80 40
0.271419 -0.500208 0.001968 255 80 40
0.268299 -0.500679 0.010924 255 80 40
0.265984 -0.495626 -0.010136 255 80 40
0.267940 -0.493781 -0.005009 255 80 40
0.268261 -0.491562 0.006368 255 80 40
0.268203 -0.494080 0.008376 255 80 40
0.268109 -0.485583 -0.003613 255 80 40
0.269626 -0.484217 0.004993 255 80 40
0.267812 -0.477886 -0.003786 255 80 40
0.270733 -0.476351 0.004890 255 80 40
0.269275 -0.469149 -0.002894 255 80 40
0.270998 -0.469443 0.004534 255 80 40
0.270040 -0.460861 -0.003493 255 80 40
0.270921 -0.461381 0.004021 255 80 40
0.273858 -0.461370 0.007245 255 80 40
0.271081 -0.453066 -0.004659 255 80 40
0.270657 -0.452885 0.003985 255 80 40
0.274053 -0.453221 0.007231 255 80 40
0.272941 -0.445927 -0.005766 255 80 40
0.271423 -0.445907 0.005133 255 80 40
0.274393 -0.442544 0.006484 255 80 40
0.274801 -0.439375 -0.003886 255 80 40
0.271703 -0.438773 0.003421 255 80 40
0.274971 -0.440306 0.006490 255 80 40
0.276621 -0.318471 0.137369 255 80 40
0.276013 -0.317488 0.139448 255 80 40
0.282540 -0.315398 0.004766 255 80 40
0.273999 -0.315285 0.137223 255 80 40
0.273489 -0.313532 0.141715 255 80 40
0.274680 -0.309715 0.146386 255 80 40
0.281700 -0.308986 0.004810 255 80 40
0.275482 -0.304968 0.149236 255 80 40
0.281606 -0.303792 0.005744 255 80 40
0.277201 -0.295258 0.151105 255 80 40
0.273484 -0.294812 0.154314 255 80 40
0.283727 -0.291600 0.002888 255 80 40
0.277007 -0.286802 0.150870 255 80 40
0.274393 -0.287195 0.154101 255 80 40
0.284192 -0.285378 -0.000492 255 80 40
0.283592 -0.285711 0.001995 255 80 40
0.276585 -0.279525 0.157125 255 80 40
0.283468 -0.279382 -0.000808 255 80 40
0.275936 -0.271970 0.155724 255 80 40
0.285219 -0.267638 0.003204 255 80 40
0.281425 -0.260534 0.150593 255 80 40
0.282912 -0.258683 -0.000611 255 80 40
0.285477 -0.261597 0.002501 255 80 40
0.275305 -0.257719 0.151078 255 80 40
0.277366 -0.255929 0.156073 255 80 40
0.284596 -0.253723 -0.000837 255 80 40
0.286693 -0.253352 0.000325 255 80 40
0.282296 -0.246751 0.150381 255 80 40
0.279144 -0.247695 0.154960 255 80 40
0.287610 -0.236914 -0.004265 255 80 40
0.289980 -0.236350 0.001737 255 80 40
0.287778 -0.228908 -0.005311 255 80 40
0.288645 -0.228945 0.000186 255 80 40
0.283180 -0.222031 0.149011 255 80 40
0.281026 -0.220951 0.152543 255 80 40
0.287274 -0.223972 -0.003342 255 80 40
0.290023 -0.224426 -0.000039 255 80 40
0.280703 -0.215842 0.155939 255 80 40
0.289380 -0.211387 0.003062 255 80 40
0.292639 -0.210962 0.007102 255 80 40
0.281174 -0.209670 0.154439 255 80 40
0.288823 -0.205775 0.002784 255 80 40
0.291165 -0.205500 0.007156 255 80 40
0.294459 -0.195013 -0.013251 255 80 40
0.288681 -0.199559 0.002371 255 80 40
0.292426 -0.200735 0.006184 255 80 40
0.291597 -0.189695 -0.014972 255 80 40
0.294264 -0.187483 -0.002390 255 80 40
0.286098 -0.185333 0.148115 255 80 40
0.283344 -0.183331 0.152588 255 80 40
0.291674 -0.182846 -0.016399 255 80 40
0.289285 -0.181376 -0.004536 255 80 40
0.292993 -0.181761 -0.001388 255 80 40
0.285411 -0.175641 0.153325 255 80 40
0.279922 -0.176657 0.157466 255 80 40
0.292470 -0.173920 -0.015049 255 80 40
0.291366 -0.175874 -0.005382 255 80 40
0.292979 -0.176907 -0.002559 255 80 40
0.288067 -0.170679 0.148946 255 80 40
0.285314 -0.171271 0.151219 255 80 40
0.291932 -0.166530 -0.014904 255 80 40
0.293549 -0.159155 -0.015607 255 80 40
0.293622 -0.155796 -0.007553 255 80 40
0.296401 -0.155412 -0.002579 255 80 40
0.284943 -0.151278 0.129125 255 80 40
0.294195 -0.150368 -0.016668 255 80 40
0.290834 -0.148968 -0.005362 255 80 40
0.293420 -0.150118 -0.002405 255 80 40
0.291258 -0.149009 0.123771 255 80 40
0.285926 -0.146039 0.129092 255 80 40
0.294769 -0.142125 -0.016626 255 80 40
0.290553 -0.145542 -0.004781 255 80 40
0.290038 -0.135136 0.122752 255 80 40
0.287681 -0.137407 0.125748 255 80 40
0.295805 -0.134465 -0.016117 255 80 40
0.295242 -0.133171 -0.006066 255 80 40
0.298163 -0.132362 -0.003106 255 80 40
0.297547 -0.126628 -0.015564 255 80 40
0.291683 -0.129093 -0.005741 255 80 40
0.289690 -0.118674 0.103795 255 80 40
0.298583 -0.118766 -0.014762 255 80 40
0.297775 -0.118114 -0.012319 255 80 40
0.290452 -0.113660 0.103536 255 80 40
0.286886 -0.115532 0.107651 255 80 40
0.299151 -0.113643 -0.013238 255 80 40
0.299488 -0.111326 -0.011955 255 80 40
0.295852 -0.103017 0.089561 255 80 40
0.293082 -0.104958 0.095010 255 80 40
0.289459 -0.106422 0.099969 255 80 40
0.300520 -0.098633 0.001473 255 80 40
0.300253 -0.098666 0.003417 255 80 40
0.296754 -0.094241 -0.006449 255 80 40
0.298149 -0.094393 -0.003191 255 80 40
0.295216 -0.087693 0.072242 255 80 40
0.290752 -0.089059 0.077957 255 80 40
0.296614 -0.088327 -0.002630 255 80 40
0.301097 -0.082153 0.019154 255 80 40
0.297221 -0.080949 0.064281 255 80 40
0.294153 -0.083297 0.069545 255 80 40
0.292287 -0.086173 0.074893 255 80 40
0.291664 -0.078353 0.091454 255 80 40
0.297556 -0.077839 0.004647 255 80 40
0.297652 -0.075368 0.012900 255 80 40
0.296105 -0.072834 0.048561 255 80 40
0.295714 -0.074758 0.053183 255 80 40
0.294412 -0.077561 0.060618 255 80 40
0.293370 -0.075392 0.093489 255 80 40
0.294536 -0.072905 0.007062 255 80 40
0.294553 -0.072667 0.009833 255 80 40
0.296596 -0.065583 0.032304 255 80 40
0.297683 -0.068339 0.038508 255 80 40
0.294933 -0.070348 0.044463 255 80 40
0.296328 -0.065645 0.086435 255 80 40
0.294527 -0.067920 0.091795 255 80 40
0.294408 -0.063567 0.030813 255 80 40
0.267731 -0.619647 -0.029278 255 80 40
0.268263 -0.621744 -0.022725 255 80 40
0.267619 -0.619722 -0.017791 255 80 40
0.266731 -0.610797 -0.037401 255 80 40
0.268984 -0.613762 -0.032367 255 80 40
0.271360 -0.614948 -0.022111 255 80 40
0.268963 -0.613588 -0.016134 255 80 40
0.267768 -0.607420 -0.037299 255 80 40
0.270666 -0.606087 -0.031927 255 80 40
0.272501 -0.606400 -0.022804 255 80 40
0.271472 -0.606020 -0.015228 255 80 40
0.267877 -0.604335 -0.011062 255 80 40
0.269247 -0.598484 -0.032090 255 80 40
0.271684 -0.599026 -0.023926 255 80 40
0.272606 -0.598048 -0.015588 255 80 40
0.268610 -0.596791 -0.009350 255 80 40
0.267137 -0.595301 -0.000843 255 80 40
0.268616 -0.591588 -0.030470 255 80 40
0.270654 -0.590046 -0.024604 255 80 40
0.273706 -0.590173 -0.015748 255 80 40
0.271703 -0.591036 -0.008861 255 80 40
0.269153 -0.589739 -0.003344 255 80 40
0.265148 -0.585277 0.038759 255 80 40
0.269716 -0.584116 -0.024300 255 80 40
0.272347 -0.581788 -0.016182 255 80 40
0.271861 -0.581041 -0.005805 255 80 40
0.267991 -0.581052 -0.004540 255 80 40
0.266663 -0.580348 0.040277 255 80 40
0.266654 -0.577717 0.043616 255 80 40
0.271677 -0.574574 -0.014772 255 80 40
0.272467 -0.575285 -0.005319 255 80 40
0.270252 -0.572573 -0.004197 255 80 40
0.268144 -0.571680 0.039954 255 80 40
0.269367 -0.570455 0.043931 255 80 40
0.272999 -0.565311 -0.014077 255 80 40
0.275646 -0.563434 -0.012989 255 80 40
0.272416 -0.565152 -0.001254 255 80 40
0.270296 -0.563978 0.038458 255 80 40
0.269519 -0.563958 0.044477 255 80 40
0.271874 -0.558387 -0.014435 255 80 40
0.275535 -0.556274 -0.012073 255 80 40
0.275055 -0.560581 0.001375 255 80 40
0.272340 -0.556884 0.007585 255 80 40
0.271551 -0.554448 0.013681 255 80 40
0.269606 -0.553718 0.022324 255 80 40
0.270126 -0.556692 0.030970 255 80 40
0.272594 -0.559531 0.035878 255 80 40
0.270789 -0.555146 0.043396 255 80 40
0.273763 -0.550262 -0.010555 255 80 40
0.274253 -0.552332 0.016515 255 80 40
0.273319 -0.552055 0.021258 255 80 40
0.269661 -0.546779 0.040320 255 80 40
0.273859 -0.547546 0.043983 255 80 40
0.272335 -0.543279 -0.007579 255 80 40
0.275907 -0.540562 -0.002515 255 80 40
0.277330 -0.537863 0.002136 255 80 40
0.271277 -0.538759 0.037822 255 80 40
0.274511 -0.541255 0.043214 255 80 40
0.272439 -0.534492 -0.000131 255 80 40
0.275577 -0.532338 0.005270 255 80 40
0.269587 -0.533236 0.032803 255 80 40
0.272956 -0.533207 0.036485 255 80 40
0.275980 -0.534875 0.042170 255 80 40
0.273628 -0.525494 0.005817 255 80 40
0.277159 -0.525257 0.010345 255 80 40
0.270756 -0.520645 0.024467 255 80 40
0.273160 -0.524680 0.030226 255 80 40
0.276341 -0.525497 0.034400 255 80 40
0.273165 -0.518503 0.005152 255 80 40
0.277332 -0.517236 0.011122 255 80 40
0.272410 -0.516485 0.022636 255 80 40
0.276117 -0.517412 0.027325 255 80 40
0.273663 -0.509587 0.005561 255 80 40
0.275198 -0.507744 0.013253 255 80 40
0.275419 -0.508968 0.019615 255 80 40
0.274318 -0.503183 0.006445 255 80 40
0.276119 -0.501044 0.012650 255 80 40
0.278084 -0.502583 0.017817 255 80 40
0.275215 -0.494319 0.006061 255 80 40
0.277817 -0.493235 0.011805 255 80 40
0.276176 -0.484991 0.004608 255 80 40
0.277210 -0.485985 0.010282 255 80 40
0.278215 -0.478196 0.005311 255 80 40
0.277961 -0.477641 0.009742 255 80 40
0.277667 -0.469774 0.003815 255 80 40
0.279064 -0.469754 0.009773 255 80 40
0.279020 -0.461719 0.003915 255 80 40
0.279113 -0.461317 0.009799 255 80 40
0.279509 -0.453708 0.002784 255 80 40
0.279443 -0.453393 0.010386 255 80 40
0.276850 -0.444353 -0.002519 255 80 40
0.280898 -0.446471 0.001156 255 80 40
0.280200 -0.446158 0.010504 255 80 40
0.279138 -0.440387 -0.001600 255 80 40
0.281274 -0.437852 0.001107 255 80 40
0.281225 -0.437712 0.009092 255 80 40
0.282693 -0.322042 0.135622 255 80 40
0.281275 -0.318622 0.140025 255 80 40
0.289429 -0.317179 0.005709 255 80 40
0.286305 -0.314186 0.137428 255 80 40
0.282960 -0.312668 0.142130 255 80 40
0.280769 -0.308839 0.145921 255 80 40
0.288149 -0.310959 0.005570 255 80 40
0.284423 -0.307933 0.145632 255 80 40
0.282730 -0.304403 0.148086 255 80 40
0.291066 -0.298461 0.005093 255 80 40
0.282204 -0.298595 0.148689 255 80 40
0.291131 -0.293578 0.004731 255 80 40
0.287370 -0.291013 0.144886 255 80 40
0.284113 -0.288616 0.149701 255 80 40
0.282762 -0.285598 0.153752 255 80 40
0.289405 -0.285791 0.000436 255 80 40
0.291988 -0.286811 0.003407 255 80 40
0.286637 -0.278955 0.152212 255 80 40
0.283391 -0.280545 0.154379 255 80 40
0.288649 -0.281313 0.000501 255 80 40
0.283832 -0.275675 0.151741 255 80 40
0.281313 -0.275013 0.154001 255 80 40
0.292867 -0.268502 0.006106 255 80 40
0.296435 -0.268888 0.009018 255 80 40
0.290267 -0.262414 0.143349 255 80 40
0.286567 -0.261453 0.149869 255 80 40
0.292970 -0.261985 0.004705 255 80 40
0.296562 -0.264167 0.008910 255 80 40
0.289555 -0.258005 0.151558 255 80 40
0.284650 -0.256224 0.154135 255 80 40
0.292708 -0.255860 0.003540 255 80 40
0.286968 -0.248617 0.150157 255 80 40
0.285579 -0.250543 0.152987 255 80 40
0.295569 -0.242971 0.002942 255 80 40
0.292613 -0.237763 -0.001550 255 80 40
0.294843 -0.238311 0.003420 255 80 40
0.297949 -0.237202 0.008011 255 80 40
0.293793 -0.230471 -0.001784 255 80 40
0.295539 -0.230049 0.002640 255 80 40
0.292688 -0.224675 0.142801 255 80 40
0.289643 -0.224119 0.147325 255 80 40
0.288335 -0.222247 0.151736 255 80 40
0.292699 -0.225970 0.000333 255 80 40
0.288644 -0.217218 0.153703 255 80 40
0.294710 -0.213266 0.004515 255 80 40
0.297376 -0.212971 0.008165 255 80 40
0.292651 -0.210921 0.148929 255 80 40
0.288112 -0.210999 0.152861 255 80 40
0.295946 -0.206569 0.004819 255 80 40
0.297161 -0.206126 0.009019 255 80 40
0.298247 -0.196033 -0.011148 255 80 40
0.299036 -0.196563 -0.009772 255 80 40
0.295587 -0.201250 0.007774 255 80 40
0.300043 -0.190917 -0.013356 255 80 40
0.295032 -0.188469 -0.002430 255 80 40
0.299013 -0.188849 0.002080 255 80 40
0.302085 -0.187996 0.006314 255 80 40
0.291907 -0.182876 0.145898 255 80 40
0.288152 -0.182208 0.149892 255 80 40
0.299949 -0.183388 -0.014748 255 80 40
0.300538 -0.179592 -0.006498 255 80 40
0.298191 -0.182558 0.002594 255 80 40
0.293827 -0.176302 0.146532 255 80 40
0.289318 -0.174977 0.150492 255 80 40
0.300027 -0.175586 -0.013652 255 80 40
0.300740 -0.174028 -0.008005 255 80 40
0.298478 -0.177929 -0.000180 255 80 40
0.293141 -0.170684 0.145313 255 80 40
0.298409 -0.167326 -0.012803 255 80 40
0.302323 -0.167552 -0.009077 255 80 40
0.299978 -0.158663 -0.013332 255 80 40
0.302951 -0.158833 -0.009314 255 80 40
0.301644 -0.157811 0.000290 255 80 40
0.301152 -0.150411 -0.014048 255 80 40
0.305415 -0.154425 -0.010796 255 80 40
0.301016 -0.153220 0.002193 255 80 40
0.304529 -0.154294 0.004903 255 80 40
0.299506 -0.146529 0.116006 255 80 40
0.295262 -0.145743 0.121077 255 80 40
0.291788 -0.145836 0.124374 255 80 40
0.301860 -0.143763 -0.013089 255 80 40
0.305091 -0.140874 -0.011031 255 80 40
0.296381 -0.137739 0.120131 255 80 40
0.301456 -0.135806 -0.013237 255 80 40
0.304440 -0.134802 -0.010403 255 80 40
0.302668 -0.133852 -0.000067 255 80 40
0.300592 -0.131804 0.114329 255 80 40
0.296105 -0.132618 0.117999 255 80 40
0.301676 -0.125801 -0.013686 255 80 40
0.305632 -0.125928 -0.010714 255 80 40
0.302235 -0.129904 -0.000497 255 80 40
0.302320 -0.119398 -0.014061 255 80 40
0.305864 -0.119203 -0.011281 255 80 40
0.302661 -0.113965 0.048964 255 80 40
0.298434 -0.114360 0.096015 255 80 40
0.303346 -0.111773 -0.013434 255 80 40
0.305750 -0.110542 -0.011392 255 80 40
0.304405 -0.111475 0.049000 255 80 40
0.300993 -0.105746 0.088629 255 80 40
0.297994 -0.107789 0.093739 255 80 40
0.305245 -0.103647 -0.010515 255 80 40
0.302564 -0.099431 -0.000598 255 80 40
0.302487 -0.102125 0.081198 255 80 40
0.299305 -0.102752 0.086179 255 80 40
0.307865 -0.095380 -0.008097 255 80 40
0.302181 -0.095635 -0.002744 255 80 40
0.298456 -0.087795 0.066818 255 80 40
0.307509 -0.088676 -0.006820 255 80 40
0.309188 -0.087983 -0.004615 255 80 40
0.302207 -0.084647 0.016448 255 80 40
0.304943 -0.083855 0.022692 255 80 40
0.307290 -0.085525 0.027831 255 80 40
0.304201 -0.082689 0.054380 255 80 40
0.300739 -0.083651 0.062250 255 80 40
0.298652 -0.085592 0.066995 255 80 40
0.301011 -0.079478 0.088241 255 80 40
0.309951 -0.079285 -0.001723 255 80 40
0.302542 -0.079890 0.008161 255 80 40
0.303786 -0.078379 0.016176 255 80 40
0.305925 -0.080831 0.019998 255 80 40
0.303804 -0.075791 0.046236 255 80 40
0.302450 -0.077816 0.052998 255 80 40
0.299703 -0.079232 0.058782 255 80 40
0.305967 -0.076129 0.077658 255 80 40
0.304238 -0.074759 0.089219 255 80 40
0.300330 -0.075806 0.090794 255 80 40
0.301790 -0.071743 0.039322 255 80 40
0.301578 -0.072109 0.043899 255 80 40
0.305534 -0.066297 0.080265 255 80 40
0.302958 -0.067814 0.087048 255 80 40
0.300905 -0.069830 0.090438 255 80 40
0.275683 -0.587762 -0.007384 255 80 40
0.276277 -0.580995 -0.012893 255 80 40
0.278243 -0.582111 -0.009024 255 80 40
0.275944 -0.575408 -0.013449 255 80 40
0.279653 -0.574465 -0.008930 255 80 40
0.280977 -0.566504 -0.009787 255 80 40
0.279548 -0.566445 -0.003107 255 80 40
0.278956 -0.561458 0.039914 255 80 40
0.276864 -0.562337 0.043590 255 80 40
0.281960 -0.558438 -0.007981 255 80 40
0.282193 -0.559448 -0.000142 255 80 40
0.279366 -0.556426 0.006931 255 80 40
0.276935 -0.553982 0.011440 255 80 40
0.279216 -0.554895 0.033524 255 80 40
0.279005 -0.558597 0.037445 255 80 40
0.278607 -0.556619 0.044442 255 80 40
0.279917 -0.552232 -0.007313 255 80 40
0.282173 -0.549392 -0.002533 255 80 40
0.283681 -0.547450 0.003598 255 80 40
0.279412 -0.552470 0.015647 255 80 40
0.279837 -0.551525 0.022030 255 80 40
0.280040 -0.552121 0.028702 255 80 40
0.278132 -0.550135 0.048267 255 80 40
0.279585 -0.546152 0.052281 255 80 40
0.279819 -0.543520 -0.000243 255 80 40
0.281271 -0.541355 0.005060 255 80 40
0.284440 -0.541761 0.011372 255 80 40
0.276195 -0.539660 0.047338 255 80 40
0.279662 -0.539996 0.053874 255 80 40
0.280152 -0.535643 0.008527 255 80 40
0.282701 -0.533233 0.013541 255 80 40
0.277384 -0.529995 0.040270 255 80 40
0.278653 -0.531941 0.046053 255 80 40
0.280540 -0.532711 0.052826 255 80 40
0.281787 -0.525805 0.015081 255 80 40
0.284881 -0.523599 0.018890 255 80 40
0.277711 -0.521323 0.032754 255 80 40
0.279983 -0.523577 0.038493 255 80 40
0.282013 -0.525672 0.045541 255 80 40
0.283661 -0.527295 0.051384 255 80 40
0.280910 -0.517364 0.014990 255 80 40
0.284616 -0.518758 0.018949 255 80 40
0.280385 -0.515206 0.031026 255 80 40
0.283120 -0.516922 0.037723 255 80 40
0.284700 -0.519024 0.043178 255 80 40
0.281314 -0.509150 0.015317 255 80 40
0.283787 -0.508832 0.020177 255 80 40
0.282920 -0.508839 0.029086 255 80 40
0.284915 -0.511529 0.035706 255 80 40
0.282849 -0.501418 0.015360 255 80 40
0.283146 -0.501963 0.020794 255 80 40
0.285932 -0.501789 0.027725 255 80 40
0.283447 -0.493573 0.013708 255 80 40
0.284991 -0.493208 0.020182 255 80 40
0.287147 -0.497376 0.026275 255 80 40
0.284129 -0.485152 0.012818 255 80 40
0.285900 -0.486289 0.019496 255 80 40
0.282102 -0.475884 0.007644 255 80 40
0.284858 -0.478456 0.012521 255 80 40
0.287586 -0.478553 0.019354 255 80 40
0.282956 -0.467606 0.007377 255 80 40
0.286141 -0.470122 0.012397 255 80 40
0.288639 -0.469458 0.018233 255 80 40
0.282769 -0.464414 0.006901 255 80 40
0.286323 -0.461747 0.011651 255 80 40
0.289450 -0.460836 0.018430 255 80 40
0.284412 -0.452557 0.005952 255 80 40
0.287239 -0.453132 0.011469 255 80 40
0.288732 -0.453715 0.017931 255 80 40
0.287850 -0.446507 0.006329 255 80 40
0.288946 -0.446110 0.010171 255 80 40
0.288364 -0.445072 0.017419 255 80 40
0.287776 -0.438138 0.005207 255 80 40
0.288681 -0.437265 0.011192 255 80 40
0.289662 -0.439317 0.016896 255 80 40
0.294579 -0.329547 0.123111 255 80 40
0.290711 -0.327984 0.128343 255 80 40
0.289533 -0.325991 0.131762 255 80 40
0.290033 -0.322178 0.134099 255 80 40
0.295027 -0.318319 0.006360 255 80 40
0.290859 -0.312854 0.135417 255 80 40
0.289378 -0.309958 0.139636 255 80 40
0.294731 -0.306901 0.127127 255 80 40
0.291757 -0.304973 0.142228 255 80 40
0.287721 -0.305406 0.146251 255 80 40
0.296748 -0.300865 0.008315 255 80 40
0.299923 -0.301221 0.011560 255 80 40
0.288925 -0.300821 0.143000 255 80 40
0.298706 -0.294324 0.007310 255 80 40
0.300624 -0.295693 0.010802 255 80 40
0.293964 -0.290558 0.142896 255 80 40
0.292616 -0.287582 0.148322 255 80 40
0.298228 -0.289030 0.006409 255 80 40
0.293302 -0.281831 0.149046 255 80 40
0.300673 -0.276375 0.008878 255 80 40
0.302481 -0.276062 0.011040 255 80 40
0.296589 -0.277275 0.143081 255 80 40
0.298889 -0.270747 0.008069 255 80 40
0.301590 -0.270692 0.010984 255 80 40
0.295804 -0.262925 0.142058 255 80 40
0.292586 -0.261885 0.147550 255 80 40
0.299876 -0.263208 0.006902 255 80 40
0.300669 -0.263142 0.009946 255 80 40
0.297689 -0.260951 0.143733 255 80 40
0.294899 -0.257207 0.147814 255 80 40
0.298795 -0.246938 0.143595 255 80 40
0.294535 -0.250212 0.147309 255 80 40
0.300869 -0.245293 0.006626 255 80 40
0.303219 -0.244809 0.010151 255 80 40
0.298017 -0.244366 0.141348 255 80 40
0.302607 -0.237267 0.005811 255 80 40
0.303248 -0.237808 0.010507 255 80 40
0.300837 -0.232120 0.004890 255 80 40
0.303575 -0.233386 0.008802 255 80 40
0.297145 -0.225342 0.141786 255 80 40
0.297154 -0.224194 0.145281 255 80 40
0.304002 -0.219059 0.010146 255 80 40
0.299460 -0.218850 0.148728 255 80 40
0.294429 -0.215551 0.152290 255 80 40
0.304321 -0.213516 0.010618 255 80 40
0.297129 -0.210781 0.148614 255 80 40
0.297010 -0.213010 0.151190 255 80 40
0.305021 -0.206697 0.012241 255 80 40
0.303360 -0.195659 -0.007125 255 80 40
0.309523 -0.195034 0.009887 255 80 40
0.304752 -0.189988 -0.010947 255 80 40
0.308519 -0.191464 -0.007157 255 80 40
0.305671 -0.191964 0.005075 255 80 40
0.307472 -0.190647 0.010029 255 80 40
0.298563 -0.181962 0.140309 255 80 40
0.296625 -0.181993 0.142434 255 80 40
0.305097 -0.184430 -0.011195 255 80 40
0.307600 -0.182048 -0.006677 255 80 40
0.308364 -0.180969 0.001010 255 80 40
0.306135 -0.184280 0.008941 255 80 40
0.301273 -0.178081 0.138951 255 80 40
0.297609 -0.177557 0.142652 255 80 40
0.305215 -0.176694 -0.010770 255 80 40
0.308245 -0.175020 -0.007329 255 80 40
0.301849 -0.170757 0.138224 255 80 40
0.298091 -0.171759 0.142148 255 80 40
0.307622 -0.167678 -0.006640 255 80 40
0.309970 -0.164333 0.004158 255 80 40
0.311144 -0.164512 0.008041 255 80 40
0.308243 -0.159233 -0.006861 255 80 40
0.305450 -0.159519 0.002883 255 80 40
0.308400 -0.158746 0.007752 255 80 40
0.309661 -0.151346 -0.008556 255 80 40
0.305989 -0.153685 0.005706 255 80 40
0.302577 -0.144640 0.113668 255 80 40
0.309808 -0.143381 -0.008593 255 80 40
0.309949 -0.141088 0.003841 255 80 40
0.310691 -0.141342 0.005049 255 80 40
0.308463 -0.140574 0.107894 255 80 40
0.304150 -0.138167 0.113062 255 80 40
0.301211 -0.138460 0.116488 255 80 40
0.310682 -0.135555 -0.007454 255 80 40
0.307498 -0.137761 0.003418 255 80 40
0.307075 -0.130102 0.105469 255 80 40
0.303851 -0.131866 0.110430 255 80 40
0.311889 -0.126897 -0.006773 255 80 40
0.311755 -0.119759 -0.007350 255 80 40
0.308861 -0.113979 0.049950 255 80 40
0.310357 -0.113527 0.081849 255 80 40
0.305938 -0.113699 0.088012 255 80 40
0.312044 -0.111543 -0.006677 255 80 40
0.315619 -0.108958 -0.003724 255 80 40
0.309119 -0.112210 0.049634 255 80 40
0.309161 -0.106631 0.080195 255 80 40
0.306438 -0.108932 0.085565 255 80 40
0.311714 -0.103015 -0.006571 255 80 40
0.315721 -0.102572 -0.002807 255 80 40
0.312119 -0.098723 0.063814 255 80 40
0.309758 -0.101295 0.072182 255 80 40
0.307436 -0.102474 0.077695 255 80 40
0.312252 -0.096244 -0.006928 255 80 40
0.314040 -0.095223 -0.002956 255 80 40
0.313599 -0.090771 0.041611 255 80 40
0.313352 -0.092675 0.047170 255 80 40
0.313119 -0.096261 0.056036 255 80 40
0.312738 -0.088942 -0.006025 255 80 40
0.313459 -0.087430 -0.002474 255 80 40
0.317191 -0.086735 0.004385 255 80 40
0.310565 -0.083756 0.023962 255 80 40
0.312184 -0.086719 0.030975 255 80 40
0.312867 -0.088871 0.036468 255 80 40
0.306548 -0.080031 0.084448 255 80 40
0.314072 -0.079142 0.000276 255 80 40
0.314596 -0.078017 0.006136 255 80 40
0.317122 -0.076280 0.012222 255 80 40
0.312584 -0.077417 0.074186 255 80 40
0.310363 -0.076986 0.077568 255 80 40
0.310343 -0.076588 0.086033 255 80 40
0.314756 -0.074604 0.001876 255 80 40
0.314912 -0.071722 0.006040 255 80 40
0.316776 -0.070603 0.013742 255 80 40
0.311266 -0.067067 0.079647 255 80 40
0.310191 -0.069387 0.085004 255 80 40
0.317802 -0.065320 0.015183 255 80 40
0.284493 -0.564595 -0.005077 255 80 40
0.284945 -0.563792 -0.002839 255 80 40
0.284740 -0.561457 -0.005725 255 80 40
0.286293 -0.559182 -0.000307 255 80 40
0.286615 -0.556916 0.007459 255 80 40
0.287624 -0.554777 0.012351 255 80 40
0.287158 -0.554761 0.033912 255 80 40
0.285729 -0.557073 0.039706 255 80 40
0.284216 -0.554902 0.044404 255 80 40
0.285693 -0.552699 0.001776 255 80 40
0.287542 -0.551254 0.006894 255 80 40
0.289006 -0.550970 0.015116 255 80 40
0.289340 -0.550855 0.023651 255 80 40
0.288380 -0.550638 0.031431 255 80 40
0.288699 -0.550053 0.039912 255 80 40
0.286533 -0.549240 0.046664 255 80 40
0.285149 -0.545799 0.053046 255 80 40
0.285060 -0.545165 0.009810 255 80 40
0.286969 -0.543146 0.015236 255 80 40
0.289059 -0.541469 0.022814 255 80 40
0.288832 -0.541131 0.031102 255 80 40
0.288812 -0.540983 0.038297 255 80 40
0.288336 -0.541225 0.046389 255 80 40
0.286599 -0.540078 0.053854 255 80 40
0.285978 -0.535551 0.016562 255 80 40
0.289248 -0.534378 0.022336 255 80 40
0.291144 -0.533924 0.031128 255 80 40
0.290866 -0.535292 0.038650 255 80 40
0.290551 -0.535202 0.046517 255 80 40
0.288064 -0.532867 0.055667 255 80 40
0.288339 -0.526082 0.022138 255 80 40
0.292219 -0.525351 0.028500 255 80 40
0.285763 -0.522069 0.048444 255 80 40
0.287759 -0.524926 0.054453 255 80 40
0.291247 -0.523907 0.058703 255 80 40
0.288350 -0.517529 0.023181 255 80 40
0.292296 -0.517071 0.028231 255 80 40
0.285590 -0.514513 0.040652 255 80 40
0.287192 -0.516341 0.046208 255 80 40
0.291034 -0.516655 0.054857 255 80 40
0.292121 -0.518497 0.058292 255 80 40
0.289596 -0.509615 0.023820 255 80 40
0.292691 -0.509009 0.027462 255 80 40
0.287214 -0.508510 0.038082 255 80 40
0.289096 -0.509052 0.045137 255 80 40
0.291746 -0.509157 0.053286 255 80 40
0.290152 -0.501628 0.022894 255 80 40
0.291017 -0.501570 0.028829 255 80 40
0.289948 -0.501326 0.037646 255 80 40
0.291721 -0.500685 0.045095 255 80 40
0.292998 -0.502262 0.052842 255 80 40
0.290946 -0.492913 0.021026 255 80 40
0.291450 -0.493537 0.027502 255 80 40
0.292588 -0.493265 0.037248 255 80 40
0.294024 -0.493521 0.045001 255 80 40
0.289471 -0.483961 0.016318 255 80 40
0.291722 -0.486272 0.021628 255 80 40
0.292249 -0.485100 0.028857 255 80 40
0.294388 -0.486318 0.035370 255 80 40
0.295264 -0.487127 0.042496 255 80 40
0.290231 -0.477321 0.015729 255 80 40
0.293551 -0.477436 0.021145 255 80 40
0.293500 -0.477768 0.027882 255 80 40
0.296275 -0.479287 0.033930 255 80 40
0.290851 -0.471624 0.015372 255 80 40
0.293659 -0.469425 0.020253 255 80 40
0.295176 -0.470014 0.027674 255 80 40
0.292697 -0.460487 0.015054 255 80 40
0.293891 -0.462756 0.020189 255 80 40
0.295912 -0.461701 0.027358 255 80 40
0.292776 -0.454471 0.013641 255 80 40
0.294924 -0.455015 0.019699 255 80 40
0.296028 -0.454304 0.027650 255 80 40
0.298280 -0.451577 0.032040 255 80 40
0.295141 -0.446682 0.013193 255 80 40
0.296353 -0.447621 0.019365 255 80 40
0.296093 -0.446551 0.027153 255 80 40
0.294677 -0.438958 0.012189 255 80 40
0.296129 -0.438333 0.018987 255 80 40
0.297943 -0.439808 0.025180 255 80 40
0.301388 -0.327583 0.114038 255 80 40
0.300425 -0.328347 0.119865 255 80 40
0.296726 -0.328046 0.125468 255 80 40
0.303658 -0.322867 0.106813 255 80 40
0.301186 -0.325345 0.111326 255 80 40
0.298614 -0.325644 0.115796 255 80 40
0.298558 -0.323004 0.126968 255 80 40
0.296351 -0.310438 0.133022 255 80 40
0.306019 -0.308425 0.017207 255 80 40
0.307613 -0.309162 0.020595 255 80 40
0.303250 -0.303656 0.121927 255 80 40
0.299291 -0.307426 0.126782 255 80 40
0.300430 -0.306486 0.134284 255 80 40
0.296497 -0.306101 0.139328 255 80 40
0.302437 -0.298678 0.009985 255 80 40
0.306183 -0.302362 0.015286 255 80 40
0.307877 -0.303757 0.019429 255 80 40
0.302814 -0.301384 0.122213 255 80 40
0.301771 -0.300347 0.123425 255 80 40
0.300976 -0.299222 0.134596 255 80 40
0.303785 -0.294084 0.009436 255 80 40
0.306553 -0.295722 0.012713 255 80 40
0.302165 -0.288998 0.135651 255 80 40
0.300101 -0.288542 0.140285 255 80 40
0.296848 -0.286975 0.145809 255 80 40
0.303980 -0.290172 0.009358 255 80 40
0.304904 -0.290333 0.010231 255 80 40
0.301688 -0.282187 0.142590 255 80 40
0.297662 -0.281805 0.146320 255 80 40
0.308011 -0.278445 0.014631 255 80 40
0.311006 -0.278009 0.019923 255 80 40
0.302615 -0.276478 0.140542 255 80 40
0.307744 -0.270527 0.013526 255 80 40
0.310223 -0.272898 0.018473 255 80 40
0.299262 -0.262059 0.139562 255 80 40
0.306574 -0.264488 0.011402 255 80 40
0.304260 -0.259617 0.134709 255 80 40
0.301844 -0.258415 0.140764 255 80 40
0.308521 -0.251567 0.012796 255 80 40
0.312354 -0.252066 0.017598 255 80 40
0.303650 -0.250305 0.140692 255 80 40
0.299443 -0.251883 0.144794 255 80 40
0.309259 -0.246465 0.014183 255 80 40
0.311583 -0.246215 0.018788 255 80 40
0.307302 -0.241960 0.135945 255 80 40
0.304028 -0.243894 0.138328 255 80 40
0.309403 -0.239256 0.013398 255 80 40
0.311683 -0.240129 0.017851 255 80 40
0.307870 -0.233816 0.012725 255 80 40
0.309246 -0.224595 0.134278 255 80 40
0.305884 -0.223884 0.138503 255 80 40
0.302434 -0.222083 0.144652 255 80 40
0.311501 -0.220292 0.015274 255 80 40
0.314065 -0.221012 0.018093 255 80 40
0.307605 -0.219305 0.142688 255 80 40
0.304782 -0.218209 0.145550 255 80 40
0.310034 -0.214512 0.013859 255 80 40
0.313172 -0.214494 0.017659 255 80 40
0.308517 -0.211528 0.141939 255 80 40
0.304572 -0.211885 0.145727 255 80 40
0.309166 -0.208891 0.014193 255 80 40
0.313435 -0.209677 0.017843 255 80 40
0.312717 -0.195305 0.013137 255 80 40
0.315973 -0.196671 0.017431 255 80 40
0.313689 -0.189390 -0.003487 255 80 40
0.315177 -0.187837 -0.000173 255 80 40
0.312614 -0.191438 0.012413 255 80 40
0.313739 -0.191665 0.016028 255 80 40
0.314187 -0.184199 -0.004949 255 80 40
0.315193 -0.183216 0.000414 255 80 40
0.312319 -0.184621 0.012405 255 80 40
0.315240 -0.185135 0.015710 255 80 40
0.312441 -0.176923 0.124613 255 80 40
0.309284 -0.177589 0.131147 255 80 40
0.306526 -0.175020 0.134281 255 80 40
0.315515 -0.175700 -0.004549 255 80 40
0.316753 -0.175415 0.002717 255 80 40
0.310088 -0.170036 0.130477 255 80 40
0.306448 -0.172229 0.134241 255 80 40
0.314603 -0.166720 -0.003087 255 80 40
0.314113 -0.165870 0.011864 255 80 40
0.317278 -0.165956 0.017114 255 80 40
0.312652 -0.165115 0.123355 255 80 40
0.309442 -0.165572 0.128804 255 80 40
0.313639 -0.158140 -0.003176 255 80 40
0.316494 -0.160470 -0.000968 255 80 40
0.314419 -0.161098 0.012123 255 80 40
0.317329 -0.161479 0.017214 255 80 40
0.316055 -0.151347 -0.003628 255 80 40
0.318647 -0.153289 -0.000573 255 80 40
0.319181 -0.147753 0.015281 255 80 40
0.309940 -0.143877 0.104417 255 80 40
0.316930 -0.145090 -0.004510 255 80 40
0.320145 -0.143190 -0.001898 255 80 40
0.316624 -0.145390 0.012766 255 80 40
0.319234 -0.144975 0.017695 255 80 40
0.317327 -0.142051 0.091910 255 80 40
0.314876 -0.140192 0.097417 255 80 40
0.310796 -0.139950 0.104830 255 80 40
0.316458 -0.137363 -0.003812 255 80 40
0.319809 -0.134882 -0.001092 255 80 40
0.316781 -0.129327 0.082144 255 80 40
0.315118 -0.130310 0.088976 255 80 40
0.313275 -0.131905 0.096812 255 80 40
0.311385 -0.131859 0.103194 255 80 40
0.316909 -0.125770 -0.003798 255 80 40
0.320387 -0.127686 -0.000662 255 80 40
0.319977 -0.124833 0.043012 255 80 40
0.320357 -0.123785 0.046248 255 80 40
0.318711 -0.128527 0.079564 255 80 40
0.316701 -0.119734 -0.004518 255 80 40
0.320348 -0.119733 -0.000450 255 80 40
0.318623 -0.116149 0.049882 255 80 40
0.314297 -0.113200 0.073505 255 80 40
0.320045 -0.111797 -0.000459 255 80 40
0.323400 -0.108825 0.004273 255 80 40
0.319428 -0.109871 0.050451 255 80 40
0.319982 -0.108940 0.058415 255 80 40
0.318729 -0.109001 0.063602 255 80 40
0.315186 -0.108714 0.072278 255 80 40
0.313005 -0.110657 0.077430 255 80 40
0.320259 -0.104033 0.001187 255 80 40
0.323012 -0.101209 0.005170 255 80 40
0.321984 -0.102202 0.042620 255 80 40
0.320974 -0.101421 0.049806 255 80 40
0.318967 -0.100958 0.055747 255 80 40
0.316724 -0.101991 0.063074 255 80 40
0.315079 -0.103933 0.069720 255 80 40
0.318940 -0.096408 0.001911 255 80 40
0.322393 -0.096022 0.005871 255 80 40
0.317012 -0.090992 0.033147 255 80 40
0.318051 -0.093094 0.040241 255 80 40
0.317645 -0.095118 0.047727 255 80 40
0.315985 -0.095837 0.052933 255 80 40
0.320949 -0.087034 0.000748 255 80 40
0.322393 -0.087770 0.007289 255 80 40
0.324076 -0.087251 0.014061 255 80 40
0.324498 -0.083565 0.019535 255 80 40
0.321267 -0.082133 0.001007 255 80 40
0.320772 -0.079193 0.007250 255 80 40
0.320550 -0.078853 0.015464 255 80 40
0.322586 -0.078216 0.022905 255 80 40
0.324065 -0.075941 0.029401 255 80 40
0.319312 -0.079108 0.072790 255 80 40
0.317749 -0.078095 0.078795 255 80 40
0.318881 -0.073875 0.084873 255 80 40
0.320011 -0.074131 0.007089 255 80 40
0.321716 -0.071210 0.014735 255 80 40
0.321895 -0.069721 0.022826 255 80 40
0.324222 -0.070267 0.031375 255 80 40
0.325520 -0.066700 0.035613 255 80 40
0.320302 -0.067761 0.073713 255 80 40
0.319598 -0.068703 0.078561 255 80 40
0.316947 -0.070667 0.083180 255 80 40
0.320470 -0.065906 0.016002 255 80 40
0.321378 -0.064752 0.021847 255 80 40
0.323544 -0.062986 0.029922 255 80 40
0.291967 -0.550822 0.022629 255 80 40
0.292911 -0.530844 0.033607 255 80 40
0.293908 -0.530371 0.038868 255 80 40
0.293520 -0.531140 0.047455 255 80 40
0.293075 -0.531067 0.054166 255 80 40
0.293667 -0.526386 0.032311 255 80 40
0.294785 -0.526705 0.037718 255 80 40
0.296204 -0.525710 0.046575 255 80 40
0.296121 -0.525909 0.054987 255 80 40
0.295441 -0.523566 0.061467 255 80 40
0.294701 -0.517252 0.032908 255 80 40
0.295885 -0.517281 0.038185 255 80 40
0.297092 -0.517490 0.044950 255 80 40
0.298994 -0.518645 0.053686 255 80 40
0.295893 -0.518229 0.062512 255 80 40
0.297081 -0.516378 0.070238 255 80 40
0.299189 -0.514207 0.076842 255 80 40
0.295400 -0.509559 0.031961 255 80 40
0.296993 -0.509197 0.036748 255 80 40
0.298131 -0.509859 0.046386 255 80 40
0.299663 -0.509721 0.054207 255 80 40
0.294911 -0.509033 0.061486 255 80 40
0.296420 -0.508998 0.070062 255 80 40
0.296807 -0.508048 0.078098 255 80 40
0.298718 -0.506298 0.082528 255 80 40
0.296778 -0.501101 0.031533 255 80 40
0.298992 -0.502151 0.037683 255 80 40
0.299815 -0.502071 0.045940 255 80 40
0.300015 -0.502946 0.053337 255 80 40
0.295998 -0.500422 0.061611 255 80 40
0.297279 -0.501011 0.069400 255 80 40
0.296617 -0.500881 0.077090 255 80 40
0.299226 -0.499527 0.082826 255 80 40
0.297676 -0.494784 0.030390 255 80 40
0.301446 -0.494258 0.037312 255 80 40
0.299698 -0.494543 0.045200 255 80 40
0.295871 -0.492993 0.053454 255 80 40
0.297596 -0.492988 0.061029 255 80 40
0.298612 -0.492988 0.069479 255 80 40
0.298485 -0.492385 0.077940 255 80 40
0.299899 -0.494068 0.082068 255 80 40
0.300137 -0.484835 0.029592 255 80 40
0.301366 -0.485683 0.035744 255 80 40
0.296432 -0.485264 0.044783 255 80 40
0.298161 -0.485653 0.053247 255 80 40
0.299632 -0.485196 0.061002 255 80 40
0.300197 -0.485718 0.068300 255 80 40
0.300482 -0.486342 0.076387 255 80 40
0.297408 -0.475218 0.023397 255 80 40
0.301429 -0.478177 0.028591 255 80 40
0.297728 -0.478157 0.037505 255 80 40
0.299337 -0.477545 0.044885 255 80 40
0.300892 -0.477403 0.053476 255 80 40
0.301769 -0.477480 0.060515 255 80 40
0.302216 -0.478438 0.068075 255 80 40
0.302018 -0.480061 0.073199 255 80 40
0.298465 -0.469404 0.022813 255 80 40
0.301554 -0.471079 0.027908 255 80 40
0.299043 -0.470092 0.036368 255 80 40
0.301387 -0.468725 0.044448 255 80 40
0.302480 -0.469903 0.051697 255 80 40
0.303160 -0.472035 0.058681 255 80 40
0.300093 -0.462948 0.022933 255 80 40
0.303969 -0.463233 0.026390 255 80 40
0.299767 -0.462632 0.036106 255 80 40
0.302271 -0.461428 0.044307 255 80 40
0.303706 -0.462500 0.050607 255 80 40
0.301966 -0.453595 0.021900 255 80 40
0.304144 -0.455983 0.026369 255 80 40
0.300149 -0.452725 0.035880 255 80 40
0.303711 -0.454284 0.043391 255 80 40
0.304808 -0.457500 0.048488 255 80 40
0.302790 -0.446636 0.020569 255 80 40
0.305264 -0.444049 0.028042 255 80 40
0.301933 -0.446658 0.034637 255 80 40
0.305064 -0.450045 0.041880 255 80 40
0.301286 -0.440519 0.021456 255 80 40
0.302637 -0.440676 0.026526 255 80 40
0.303971 -0.442189 0.032109 255 80 40
0.305325 -0.327846 0.111746 255 80 40
0.305258 -0.328174 0.115889 255 80 40
0.314291 -0.323267 0.050124 255 80 40
0.312195 -0.323740 0.057513 255 80 40
0.310943 -0.324860 0.064303 255 80 40
0.308616 -0.323399 0.070179 255 80 40
0.310215 -0.322048 0.097200 255 80 40
0.308775 -0.323630 0.103419 255 80 40
0.307323 -0.324368 0.110721 255 80 40
0.305582 -0.324313 0.119686 255 80 40
0.313708 -0.315441 0.032246 255 80 40
0.314213 -0.317830 0.038808 255 80 40
0.314683 -0.318490 0.047234 255 80 40
0.313501 -0.318727 0.054876 255 80 40
0.312537 -0.319401 0.063718 255 80 40
0.310712 -0.319906 0.070176 255 80 40
0.312289 -0.317151 0.090230 255 80 40
0.311125 -0.316346 0.095059 255 80 40
0.309433 -0.317590 0.103453 255 80 40
0.308999 -0.318297 0.111702 255 80 40
0.312073 -0.310106 0.023583 255 80 40
0.313760 -0.311759 0.031049 255 80 40
0.314781 -0.312867 0.038010 255 80 40
0.313102 -0.312433 0.092359 255 80 40
0.306421 -0.303690 0.122135 255 80 40
0.305511 -0.304515 0.126298 255 80 40
0.304187 -0.305097 0.130962 255 80 40
0.310829 -0.302679 0.017573 255 80 40
0.313553 -0.303003 0.022829 255 80 40
0.314769 -0.304643 0.029330 255 80 40
0.310348 -0.299125 0.119783 255 80 40
0.308603 -0.299584 0.126796 255 80 40
0.305250 -0.299310 0.131586 255 80 40
0.311460 -0.296570 0.016866 255 80 40
0.312567 -0.297881 0.019242 255 80 40
0.312418 -0.292721 0.113154 255 80 40
0.311876 -0.293291 0.116999 255 80 40
0.309706 -0.292572 0.126049 255 80 40
0.306185 -0.287452 0.134454 255 80 40
0.315067 -0.284931 0.022139 255 80 40
0.316904 -0.285617 0.029509 255 80 40
0.312314 -0.284886 0.128233 255 80 40
0.309576 -0.282889 0.134580 255 80 40
0.306177 -0.281330 0.138859 255 80 40
0.312672 -0.279487 0.016810 255 80 40
0.314477 -0.279150 0.021410 255 80 40
0.317955 -0.278713 0.029604 255 80 40
0.310748 -0.275546 0.134321 255 80 40
0.314109 -0.270702 0.017058 255 80 40
0.315638 -0.272501 0.020974 255 80 40
0.311105 -0.256050 0.127561 255 80 40
0.309012 -0.256792 0.132409 255 80 40
0.317162 -0.253686 0.022282 255 80 40
0.319796 -0.255448 0.027961 255 80 40
0.314490 -0.253051 0.125627 255 80 40
0.310881 -0.251289 0.133257 255 80 40
0.307930 -0.249019 0.137004 255 80 40
0.314332 -0.244289 0.016396 255 80 40
0.316831 -0.246927 0.020278 255 80 40
0.319600 -0.247355 0.026629 255 80 40
0.316300 -0.245186 0.128991 255 80 40
0.312897 -0.242592 0.132173 255 80 40
0.316541 -0.240210 0.019686 255 80 40
0.313006 -0.238593 0.129992 255 80 40
0.321610 -0.228475 0.023369 255 80 40
0.321956 -0.227775 0.025112 255 80 40
0.314394 -0.223327 0.127232 255 80 40
0.311631 -0.223721 0.132820 255 80 40
0.309977 -0.223062 0.136954 255 80 40
0.319132 -0.223330 0.021662 255 80 40
0.321822 -0.221781 0.025868 255 80 40
0.317098 -0.222877 0.126781 255 80 40
0.316040 -0.219924 0.133070 255 80 40
0.312082 -0.218598 0.138726 255 80 40
0.318418 -0.215232 0.021066 255 80 40
0.321425 -0.217340 0.024422 255 80 40
0.316981 -0.210079 0.133388 255 80 40
0.313897 -0.212562 0.138635 255 80 40
0.320167 -0.198110 0.021301 255 80 40
0.322410 -0.199030 0.026251 255 80 40
0.320156 -0.191197 0.019610 255 80 40
0.322561 -0.193050 0.025089 255 80 40
0.320064 -0.181475 -0.001701 255 80 40
0.322295 -0.182808 0.001711 255 80 40
0.318979 -0.186613 0.018729 255 80 40
0.315354 -0.176214 0.122476 255 80 40
0.314023 -0.175642 0.127246 255 80 40
0.320875 -0.176351 -0.001858 255 80 40
0.324478 -0.175888 0.002035 255 80 40
0.325941 -0.172916 0.007422 255 80 40
0.325631 -0.173301 0.019951 255 80 40
0.324562 -0.174939 0.027088 255 80 40
0.325403 -0.172621 0.030620 255 80 40
0.320523 -0.172892 0.116865 255 80 40
0.317789 -0.170721 0.122295 255 80 40
0.314575 -0.172348 0.126946 255 80 40
0.323126 -0.168092 0.000723 255 80 40
0.323597 -0.167502 0.011627 255 80 40
0.322893 -0.168168 0.018409 255 80 40
0.323947 -0.167195 0.022595 255 80 40
0.321183 -0.162878 0.108202 255 80 40
0.320191 -0.163293 0.115077 255 80 40
0.317171 -0.164336 0.120958 255 80 40
0.323820 -0.159753 0.003439 255 80 40
0.326324 -0.160183 0.010760 255 80 40
0.319834 -0.161491 0.019494 255 80 40
0.323987 -0.151667 0.003671 255 80 40
0.327471 -0.152245 0.007309 255 80 40
0.325227 -0.149597 0.020501 255 80 40
0.325953 -0.151527 0.024675 255 80 40
0.325754 -0.144178 0.003025 255 80 40
0.328054 -0.144232 0.006694 255 80 40
0.325292 -0.143542 0.020465 255 80 40
0.325095 -0.143912 0.024803 255 80 40
0.326872 -0.145169 0.032293 255 80 40
0.326030 -0.138536 0.067405 255 80 40
0.324559 -0.139155 0.073584 255 80 40
0.322155 -0.140623 0.080963 255 80 40
0.319634 -0.140269 0.087792 255 80 40
0.325166 -0.135547 0.002863 255 80 40
0.329219 -0.135486 0.006882 255 80 40
0.325988 -0.131405 0.043235 255 80 40
0.327152 -0.132745 0.049394 255 80 40
0.327548 -0.135028 0.056070 255 80 40
0.326914 -0.134834 0.066673 255 80 40
0.325257 -0.133447 0.072481 255 80 40
0.321908 -0.132209 0.080397 255 80 40
0.319250 -0.134135 0.087555 255 80 40
0.325749 -0.127704 0.003186 255 80 40
0.328928 -0.128163 0.007125 255 80 40
0.325467 -0.125224 0.035816 255 80 40
0.326384 -0.127452 0.041155 255 80 40
0.326749 -0.126379 0.048667 255 80 40
0.326110 -0.125701 0.056469 255 80 40
0.325440 -0.127250 0.064334 255 80 40
0.322783 -0.128241 0.072773 255 80 40
0.325640 -0.120612 0.002903 255 80 40
0.328330 -0.119916 0.006493 255 80 40
0.325370 -0.120390 0.040423 255 80 40
0.323982 -0.119342 0.047993 255 80 40
0.325137 -0.110998 0.003608 255 80 40
0.328269 -0.112340 0.007970 255 80 40
0.331695 -0.108562 0.013379 255 80 40
0.326597 -0.112695 0.048753 255 80 40
0.327909 -0.103773 0.008572 255 80 40
0.330607 -0.102696 0.013148 255 80 40
0.322218 -0.105586 0.048321 255 80 40
0.326250 -0.097365 0.009161 255 80 40
0.329926 -0.095319 0.015028 255 80 40
0.329472 -0.086734 0.007199 255 80 40
0.329162 -0.088761 0.015006 255 80 40
0.328827 -0.086789 0.023215 255 80 40
0.330705 -0.086318 0.032458 255 80 40
0.330715 -0.084131 0.039070 255 80 40
0.326057 -0.083493 0.002852 255 80 40
0.329879 -0.082593 0.007148 255 80 40
0.328306 -0.080055 0.014589 255 80 40
0.329494 -0.082064 0.024798 255 80 40
0.328400 -0.080472 0.031446 255 80 40
0.328871 -0.078521 0.039346 255 80 40
0.330986 -0.078263 0.044323 255 80 40
0.327522 -0.080077 0.071801 255 80 40
0.326639 -0.079057 0.079803 255 80 40
0.326189 -0.076436 0.084511 255 80 40
0.326248 -0.070406 0.026501 255 80 40
0.326155 -0.070327 0.032372 255 80 40
0.328718 -0.069955 0.038760 255 80 40
0.330987 -0.073822 0.043403 255 80 40
0.328461 -0.069555 0.072580 255 80 40
0.327403 -0.070741 0.078358 255 80 40
0.327063 -0.065722 0.032123 255 80 40
0.328131 -0.065560 0.037841 255 80 40
0.301025 -0.515397 0.062048 255 80 40
0.301093 -0.515893 0.070390 255 80 40
0.301344 -0.513845 0.076726 255 80 40
0.301751 -0.509682 0.061444 255 80 40
0.303176 -0.509676 0.070325 255 80 40
0.303440 -0.509446 0.077721 255 80 40
0.301281 -0.506586 0.082740 255 80 40
0.302267 -0.500733 0.056280 255 80 40
0.303733 -0.500917 0.061717 255 80 40
0.305533 -0.500583 0.069368 255 80 40
0.306822 -0.500984 0.078691 255 80 40
0.303258 -0.500414 0.083130 255 80 40
0.303662 -0.492249 0.040871 255 80 40
0.304007 -0.493364 0.046003 255 80 40
0.305400 -0.493162 0.054320 255 80 40
0.307096 -0.493217 0.061788 255 80 40
0.308403 -0.493762 0.069318 255 80 40
0.307815 -0.492162 0.078824 255 80 40
0.303657 -0.494959 0.082643 255 80 40
0.305708 -0.485937 0.038342 255 80 40
0.308070 -0.487031 0.045336 255 80 40
0.309429 -0.487774 0.053184 255 80 40
0.310014 -0.488933 0.061530 255 80 40
0.306392 -0.485476 0.078823 255 80 40
0.305005 -0.476695 0.031880 255 80 40
0.307501 -0.478752 0.035702 255 80 40
0.311112 -0.481532 0.042837 255 80 40
0.306440 -0.474570 0.069812 255 80 40
0.306539 -0.478057 0.074421 255 80 40
0.306820 -0.469975 0.030944 255 80 40
0.309796 -0.471674 0.034929 255 80 40
0.305266 -0.468140 0.060705 255 80 40
0.307228 -0.471242 0.067462 255 80 40
0.309557 -0.462231 0.030500 255 80 40
0.312633 -0.463871 0.033639 255 80 40
0.307571 -0.460583 0.054604 255 80 40
0.309269 -0.463084 0.059629 255 80 40
0.310076 -0.454826 0.028538 255 80 40
0.312985 -0.452003 0.036391 255 80 40
0.310402 -0.452790 0.045371 255 80 40
0.309973 -0.456539 0.051621 255 80 40
0.309433 -0.447506 0.029147 255 80 40
0.309751 -0.447419 0.036158 255 80 40
0.308046 -0.449595 0.042683 255 80 40
0.317391 -0.323009 0.050103 255 80 40
0.316372 -0.323412 0.055911 255 80 40
0.316264 -0.324536 0.063301 255 80 40
0.315192 -0.322068 0.096186 255 80 40
0.313875 -0.322912 0.105047 255 80 40
0.312477 -0.322335 0.111187 255 80 40
0.316346 -0.317247 0.034569 255 80 40
0.318420 -0.317764 0.040112 255 80 40
0.319140 -0.318135 0.047935 255 80 40
0.318170 -0.318556 0.055556 255 80 40
0.316616 -0.319645 0.062713 255 80 40
0.317355 -0.319699 0.068345 255 80 40
0.319133 -0.315001 0.081892 255 80 40
0.317005 -0.317176 0.088308 255 80 40
0.316115 -0.317396 0.095754 255 80 40
0.314550 -0.317192 0.103085 255 80 40
0.318340 -0.310906 0.032430 255 80 40
0.319740 -0.311130 0.039024 255 80 40
0.320135 -0.313206 0.046325 255 80 40
0.322828 -0.314116 0.052012 255 80 40
0.320825 -0.306608 0.064267 255 80 40
0.320745 -0.308377 0.071152 255 80 40
0.320027 -0.309731 0.078460 255 80 40
0.317888 -0.309388 0.087432 255 80 40
0.317499 -0.311489 0.095305 255 80 40
0.317637 -0.302783 0.025984 255 80 40
0.319177 -0.305056 0.030998 255 80 40
0.320164 -0.306265 0.035745 255 80 40
0.321882 -0.299765 0.048589 255 80 40
0.320918 -0.301547 0.056216 255 80 40
0.320737 -0.302931 0.063043 255 80 40
0.320329 -0.302595 0.070860 255 80 40
0.320561 -0.302679 0.078183 255 80 40
0.321788 -0.305037 0.083699 255 80 40
0.314601 -0.297060 0.118485 255 80 40
0.319427 -0.291460 0.032855 255 80 40
0.321492 -0.294108 0.039794 255 80 40
0.322468 -0.294782 0.047012 255 80 40
0.321478 -0.295427 0.053702 255 80 40
0.321507 -0.296012 0.063620 255 80 40
0.322289 -0.296535 0.068739 255 80 40
0.319586 -0.289281 0.106341 255 80 40
0.317155 -0.291207 0.111428 255 80 40
0.314951 -0.291309 0.118009 255 80 40
0.319459 -0.285973 0.025743 255 80 40
0.322448 -0.287639 0.031437 255 80 40
0.324303 -0.287124 0.038152 255 80 40
0.323137 -0.287208 0.046288 255 80 40
0.323793 -0.289411 0.054500 255 80 40
0.321860 -0.283214 0.096359 255 80 40
0.320818 -0.285258 0.103880 255 80 40
0.319006 -0.285483 0.110026 255 80 40
0.316177 -0.284648 0.118160 255 80 40
0.315436 -0.282443 0.126427 255 80 40
0.314297 -0.280480 0.130487 255 80 40
0.320127 -0.280029 0.024419 255 80 40
0.322373 -0.279282 0.030138 255 80 40
0.323662 -0.280888 0.036067 255 80 40
0.322655 -0.276844 0.093677 255 80 40
0.319209 -0.279156 0.102256 255 80 40
0.321212 -0.279553 0.119003 255 80 40
0.318684 -0.276085 0.126628 255 80 40
0.314722 -0.276033 0.130888 255 80 40
0.320710 -0.274596 0.025150 255 80 40
0.321632 -0.274482 0.027761 255 80 40
0.318520 -0.270598 0.126965 255 80 40
0.323355 -0.259757 0.032521 255 80 40
0.325889 -0.261471 0.038383 255 80 40
0.325919 -0.261929 0.045580 255 80 40
0.326625 -0.263876 0.051213 255 80 40
0.323991 -0.254463 0.029897 255 80 40
0.324895 -0.255210 0.037095 255 80 40
0.325969 -0.257875 0.044183 255 80 40
0.320636 -0.249075 0.118597 255 80 40
0.317986 -0.250323 0.123902 255 80 40
0.322462 -0.246553 0.024402 255 80 40
0.325073 -0.247674 0.028839 255 80 40
0.327133 -0.249122 0.036569 255 80 40
0.324458 -0.245486 0.110837 255 80 40
0.323598 -0.244330 0.117618 255 80 40
0.319942 -0.243369 0.125131 255 80 40
0.322917 -0.243172 0.024382 255 80 40
0.323677 -0.242960 0.026425 255 80 40
0.329107 -0.235538 0.033205 255 80 40
0.323955 -0.236851 0.118525 255 80 40
0.319922 -0.237278 0.124219 255 80 40
0.326802 -0.230817 0.029553 255 80 40
0.328812 -0.232426 0.035069 255 80 40
0.324872 -0.231768 0.116383 255 80 40
0.324937 -0.223293 0.023957 255 80 40
0.327162 -0.223631 0.028613 255 80 40
0.329235 -0.226358 0.033873 255 80 40
0.325298 -0.218351 0.117290 255 80 40
0.323001 -0.219238 0.124154 255 80 40
0.319448 -0.218667 0.130258 255 80 40
0.324256 -0.217422 0.022980 255 80 40
0.327497 -0.217406 0.027184 255 80 40
0.324972 -0.212343 0.125052 255 80 40
0.320988 -0.211719 0.131663 255 80 40
0.328531 -0.204457 0.030431 255 80 40
0.329716 -0.206698 0.035166 255 80 40
0.326381 -0.203467 0.117489 255 80 40
0.323336 -0.206281 0.124009 255 80 40
0.327083 -0.199923 0.028287 255 80 40
0.329158 -0.199107 0.034423 255 80 40
0.328696 -0.193924 0.028581 255 80 40
0.331253 -0.194565 0.032534 255 80 40
0.329103 -0.180354 0.029586 255 80 40
0.331712 -0.181336 0.033476 255 80 40
0.332015 -0.182848 0.044518 255 80 40
0.332353 -0.181767 0.048390 255 80 40
0.329185 -0.175204 0.004466 255 80 40
0.330289 -0.173503 0.007620 255 80 40
0.328257 -0.172543 0.022185 255 80 40
0.330434 -0.175528 0.027577 255 80 40
0.329943 -0.175431 0.033665 255 80 40
0.331729 -0.175491 0.043527 255 80 40
0.332911 -0.178007 0.048611 255 80 40
0.331324 -0.169892 0.091201 255 80 40
0.329356 -0.170746 0.099919 255 80 40
0.325991 -0.171394 0.107558 255 80 40
0.323351 -0.171783 0.112967 255 80 40
0.331944 -0.168471 0.004701 255 80 40
0.331698 -0.167720 0.010798 255 80 40
0.327494 -0.170019 0.021025 255 80 40
0.329938 -0.168404 0.027113 255 80 40
0.330795 -0.169647 0.034908 255 80 40
0.332364 -0.170970 0.039727 255 80 40
0.332315 -0.165732 0.078586 255 80 40
0.329967 -0.164619 0.100239 255 80 40
0.327022 -0.163770 0.106535 255 80 40
0.323960 -0.166672 0.112614 255 80 40
0.330466 -0.162850 0.005756 255 80 40
0.332274 -0.160158 0.010455 255 80 40
0.333571 -0.159785 0.017528 255 80 40
0.329379 -0.155835 0.029864 255 80 40
0.330820 -0.157235 0.035525 255 80 40
0.331967 -0.157795 0.042937 255 80 40
0.332266 -0.157867 0.050220 255 80 40
0.330536 -0.157382 0.056036 255 80 40
0.331487 -0.156993 0.065767 255 80 40
0.332487 -0.154502 0.072174 255 80 40
0.332321 -0.155878 0.081629 255 80 40
0.331139 -0.157741 0.089882 255 80 40
0.329322 -0.159305 0.097233 255 80 40
0.325392 -0.159954 0.103862 255 80 40
0.332483 -0.151844 0.010841 255 80 40
0.333946 -0.151923 0.017193 255 80 40
0.329477 -0.151937 0.028106 255 80 40
0.331516 -0.152246 0.034482 255 80 40
0.331738 -0.150105 0.042365 255 80 40
0.330998 -0.151072 0.048971 255 80 40
0.331914 -0.152853 0.058171 255 80 40
0.332385 -0.153441 0.066429 255 80 40
0.333496 -0.154153 0.072372 255 80 40
0.332991 -0.143923 0.010678 255 80 40
0.336142 -0.144134 0.015200 255 80 40
0.329228 -0.145103 0.026748 255 80 40
0.330044 -0.145626 0.034185 255 80 40
0.331032 -0.146661 0.038593 255 80 40
0.333089 -0.135831 0.010085 255 80 40
0.336112 -0.137221 0.014979 255 80 40
0.328133 -0.132282 0.056902 255 80 40
0.327605 -0.135144 0.062906 255 80 40
0.333502 -0.128540 0.010364 255 80 40
0.336612 -0.127198 0.014984 255 80 40
0.327976 -0.130105 0.060130 255 80 40
0.333563 -0.120719 0.011182 255 80 40
0.336545 -0.119188 0.016386 255 80 40
0.332246 -0.115366 0.043811 255 80 40
0.331272 -0.115074 0.046199 255 80 40
0.332993 -0.112618 0.011759 255 80 40
0.335844 -0.112221 0.016106 255 80 40
0.338751 -0.115457 0.021477 255 80 40
0.338160 -0.112965 0.034519 255 80 40
0.335025 -0.112570 0.041152 255 80 40
0.331735 -0.113032 0.045800 255 80 40
0.332473 -0.106478 0.011938 255 80 40
0.334999 -0.104691 0.017046 255 80 40
0.337762 -0.102332 0.021662 255 80 40
0.334148 -0.096754 0.018009 255 80 40
0.336344 -0.095786 0.023219 255 80 40
0.335766 -0.093959 0.030544 255 80 40
0.337054 -0.093261 0.050834 255 80 40
0.336859 -0.087130 0.008390 255 80 40
0.337223 -0.087774 0.015944 255 80 40
0.336743 -0.087961 0.024697 255 80 40
0.335576 -0.088109 0.031834 255 80 40
0.336478 -0.088685 0.038823 255 80 40
0.335390 -0.086439 0.048686 255 80 40
0.337758 -0.088902 0.052166 255 80 40
0.335717 -0.082386 0.081108 255 80 40
0.336291 -0.083002 0.086001 255 80 40
0.337685 -0.084069 0.008719 255 80 40
0.333403 -0.081412 0.047712 255 80 40
0.333657 -0.080876 0.074041 255 80 40
0.333415 -0.078844 0.080544 255 80 40
0.333929 -0.078684 0.085923 255 80 40
0.335654 -0.071275 0.072304 255 80 40
0.335560 -0.072479 0.078598 255 80 40
0.310144 -0.491242 0.072122 255 80 40
0.310384 -0.491800 0.075686 255 80 40
0.311987 -0.483706 0.048870 255 80 40
0.312827 -0.484149 0.053759 255 80 40
0.313392 -0.485054 0.061775 255 80 40
0.313249 -0.485397 0.070019 255 80 40
0.311599 -0.487143 0.075451 255 80 40
0.315185 -0.478118 0.046053 255 80 40
0.317217 -0.479059 0.053495 255 80 40
0.317680 -0.479340 0.062997 255 80 40
0.314678 -0.477939 0.069362 255 80 40
0.311432 -0.480906 0.074031 255 80 40
0.314765 -0.470435 0.039522 255 80 40
0.318447 -0.471081 0.044721 255 80 40
0.319158 -0.468528 0.054316 255 80 40
0.317193 -0.470635 0.061065 255 80 40
0.313271 -0.471688 0.066668 255 80 40
0.314068 -0.459626 0.032394 255 80 40
0.316666 -0.462422 0.036978 255 80 40
0.318075 -0.462937 0.044817 255 80 40
0.316344 -0.463382 0.052861 255 80 40
0.313652 -0.464807 0.059619 255 80 40
0.314569 -0.456978 0.032152 255 80 40
0.315436 -0.456517 0.036210 255 80 40
0.315179 -0.457122 0.043669 255 80 40
0.313953 -0.458276 0.049898 255 80 40
0.323264 -0.315073 0.081329 255 80 40
0.322730 -0.315934 0.087517 255 80 40
0.321670 -0.315487 0.093285 255 80 40
0.324615 -0.307536 0.066255 255 80 40
0.324719 -0.309362 0.072422 255 80 40
0.324882 -0.309710 0.078466 255 80 40
0.324635 -0.311711 0.086427 255 80 40
0.321800 -0.312215 0.095185 255 80 40
0.325438 -0.301473 0.055099 255 80 40
0.325830 -0.302360 0.063647 255 80 40
0.325742 -0.302490 0.071407 255 80 40
0.325089 -0.304234 0.078550 255 80 40
0.325799 -0.292183 0.041584 255 80 40
0.326538 -0.294707 0.047726 255 80 40
0.326740 -0.294675 0.055536 255 80 40
0.326483 -0.295769 0.062454 255 80 40
0.324322 -0.297925 0.068925 255 80 40
0.322809 -0.290291 0.109970 255 80 40
0.326900 -0.286073 0.041756 255 80 40
0.327100 -0.287036 0.046685 255 80 40
0.327391 -0.288838 0.052766 255 80 40
0.327724 -0.282164 0.090213 255 80 40
0.327433 -0.283345 0.095418 255 80 40
0.325944 -0.285550 0.102756 255 80 40
0.324026 -0.287838 0.109115 255 80 40
0.326409 -0.281782 0.039075 255 80 40
0.329219 -0.275411 0.071943 255 80 40
0.328616 -0.276855 0.079583 255 80 40
0.327783 -0.278717 0.086216 255 80 40
0.328173 -0.278019 0.094298 255 80 40
0.325466 -0.278030 0.100763 255 80 40
0.329086 -0.275005 0.110962 255 80 40
0.324721 -0.275819 0.118860 255 80 40
0.322790 -0.274202 0.122561 255 80 40
0.329399 -0.268252 0.055175 255 80 40
0.330331 -0.270692 0.063032 255 80 40
0.328976 -0.270038 0.070327 255 80 40
0.328378 -0.271345 0.078376 255 80 40
0.327408 -0.272827 0.085232 255 80 40
0.331002 -0.272763 0.091270 255 80 40
0.330641 -0.271937 0.103670 255 80 40
0.331046 -0.269245 0.112945 255 80 40
0.327391 -0.269577 0.118065 255 80 40
0.323538 -0.270239 0.122668 255 80 40
0.329633 -0.261430 0.040022 255 80 40
0.331074 -0.263148 0.047287 255 80 40
0.330470 -0.263366 0.054384 255 80 40
0.330682 -0.263931 0.061221 255 80 40
0.327467 -0.265596 0.069619 255 80 40
0.330355 -0.255613 0.039095 255 80 40
0.332383 -0.255764 0.045952 255 80 40
0.332705 -0.257560 0.053259 255 80 40
0.330397 -0.249884 0.037025 255 80 40
0.334339 -0.247329 0.046824 255 80 40
0.335441 -0.245342 0.051960 255 80 40
0.328602 -0.242624 0.104108 255 80 40
0.327187 -0.243159 0.109390 255 80 40
0.326250 -0.243383 0.115890 255 80 40
0.331945 -0.237694 0.038082 255 80 40
0.333531 -0.239482 0.045480 255 80 40
0.335605 -0.239592 0.051082 255 80 40
0.333662 -0.238962 0.095629 255 80 40
0.332216 -0.238882 0.101185 255 80 40
0.330699 -0.236354 0.109603 255 80 40
0.326870 -0.236505 0.116934 255 80 40
0.332851 -0.230536 0.032286 255 80 40
0.333239 -0.231508 0.037101 255 80 40
0.334862 -0.231906 0.043661 255 80 40
0.334946 -0.227875 0.085656 255 80 40
0.334221 -0.226144 0.091258 255 80 40
0.333148 -0.230390 0.102156 255 80 40
0.330306 -0.230623 0.109118 255 80 40
0.330315 -0.231157 0.113605 255 80 40
0.332197 -0.223679 0.030787 255 80 40
0.334083 -0.225718 0.036141 255 80 40
0.334632 -0.225822 0.088818 255 80 40
0.334983 -0.224676 0.090976 255 80 40
0.334580 -0.225273 0.099874 255 80 40
0.327818 -0.216715 0.112933 255 80 40
0.333426 -0.212147 0.036937 255 80 40
0.336520 -0.214639 0.044434 255 80 40
0.337042 -0.213816 0.052492 255 80 40
0.338075 -0.213210 0.057165 255 80 40
0.336185 -0.210225 0.094957 255 80 40
0.334839 -0.211549 0.102025 255 80 40
0.331912 -0.213506 0.109258 255 80 40
0.329911 -0.212395 0.116421 255 80 40
0.327716 -0.212054 0.121424 255 80 40
0.334015 -0.208811 0.037623 255 80 40
0.335086 -0.207549 0.043952 255 80 40
0.337114 -0.208386 0.050736 255 80 40
0.336478 -0.209637 0.093370 255 80 40
0.336402 -0.203847 0.103847 255 80 40
0.334474 -0.205606 0.109086 255 80 40
0.330889 -0.204609 0.115380 255 80 40
0.328642 -0.205755 0.121196 255 80 40
0.334640 -0.199552 0.035901 255 80 40
0.336623 -0.202152 0.043724 255 80 40
0.338479 -0.195497 0.062093 255 80 40
0.337314 -0.195405 0.068701 255 80 40
0.336675 -0.196292 0.075788 255 80 40
0.335524 -0.196267 0.085791 255 80 40
0.335547 -0.195541 0.089989 255 80 40
0.335394 -0.196218 0.100043 255 80 40
0.333760 -0.199255 0.107034 255 80 40
0.330968 -0.200773 0.112442 255 80 40
0.335702 -0.187778 0.045569 255 80 40
0.336850 -0.189416 0.051464 255 80 40
0.336204 -0.190696 0.060411 255 80 40
0.336590 -0.191449 0.067962 255 80 40
0.336838 -0.191147 0.076368 255 80 40
0.337166 -0.191655 0.084541 255 80 40
0.336830 -0.192918 0.091008 255 80 40
0.333815 -0.182156 0.036747 255 80 40
0.336301 -0.183422 0.043449 255 80 40
0.336342 -0.183492 0.051477 255 80 40
0.336758 -0.182664 0.060038 255 80 40
0.338481 -0.183142 0.065938 255 80 40
0.338492 -0.186036 0.073580 255 80 40
0.334629 -0.175926 0.035947 255 80 40
0.336717 -0.175439 0.043224 255 80 40
0.337535 -0.176814 0.050777 255 80 40
0.339212 -0.178164 0.057212 255 80 40
0.332149 -0.169677 0.092214 255 80 40
0.337778 -0.166834 0.010147 255 80 40
0.334172 -0.171371 0.040476 255 80 40
0.335177 -0.163008 0.059852 255 80 40
0.335573 -0.164083 0.066275 255 80 40
0.335164 -0.165217 0.075009 255 80 40
0.335147 -0.165795 0.083256 255 80 40
0.334076 -0.165173 0.089793 255 80 40
0.332227 -0.166397 0.095753 255 80 40
0.340798 -0.160555 0.012487 255 80 40
0.339651 -0.159370 0.017324 255 80 40
0.334807 -0.157845 0.053199 255 80 40
0.335619 -0.158392 0.058090 255 80 40
0.336485 -0.157673 0.066427 255 80 40
0.336147 -0.158450 0.075247 255 80 40
0.334815 -0.158563 0.082801 255 80 40
0.333529 -0.159979 0.090076 255 80 40
0.337809 -0.153589 0.013684 255 80 40
0.339605 -0.151979 0.017884 255 80 40
0.341026 -0.150864 0.024896 255 80 40
0.335090 -0.153542 0.051704 255 80 40
0.335142 -0.152512 0.057847 255 80 40
0.335139 -0.153473 0.065156 255 80 40
0.334015 -0.154132 0.072423 255 80 40
0.340397 -0.144099 0.019336 255 80 40
0.340885 -0.144971 0.025077 255 80 40
0.343714 -0.144767 0.031351 255 80 40
0.340017 -0.136263 0.017756 255 80 40
0.343795 -0.136422 0.025672 255 80 40
0.344400 -0.138934 0.030959 255 80 40
0.340648 -0.129116 0.018096 255 80 40
0.344614 -0.129235 0.024818 255 80 40
0.340532 -0.120558 0.018591 255 80 40
0.343454 -0.119562 0.024798 255 80 40
0.345680 -0.117811 0.029648 255 80 40
0.339846 -0.114087 0.019985 255 80 40
0.342332 -0.112402 0.025754 255 80 40
0.343060 -0.112118 0.032551 255 80 40
0.338765 -0.111415 0.037787 255 80 40
0.341887 -0.104656 0.026944 255 80 40
0.343531 -0.102972 0.032063 255 80 40
0.344786 -0.104555 0.043365 255 80 40
0.344136 -0.102976 0.047884 255 80 40
0.343975 -0.101364 0.056607 255 80 40
0.342186 -0.102830 0.072604 255 80 40
0.342830 -0.102533 0.079915 255 80 40
0.343015 -0.101391 0.089704 255 80 40
0.342561 -0.095752 0.027322 255 80 40
0.343877 -0.094916 0.032901 255 80 40
0.342796 -0.094741 0.040669 255 80 40
0.340940 -0.098561 0.048408 255 80 40
0.340305 -0.095991 0.053961 255 80 40
0.339784 -0.095041 0.073933 255 80 40
0.340283 -0.094467 0.080949 255 80 40
0.342249 -0.094499 0.086744 255 80 40
0.344584 -0.089150 0.009228 255 80 40
0.345287 -0.088425 0.016173 255 80 40
0.344201 -0.090440 0.023700 255 80 40
0.340907 -0.091585 0.030038 255 80 40
0.341311 -0.088282 0.078444 255 80 40
0.341219 -0.085996 0.088099 255 80 40
0.345216 -0.082885 0.092902 255 80 40
0.344963 -0.083669 0.010493 255 80 40
0.347462 -0.084304 0.014676 255 80 40
0.343156 -0.075403 0.081628 255 80 40
0.342796 -0.079313 0.088489 255 80 40
0.344348 -0.073098 0.071916 255 80 40
0.342768 -0.073770 0.077382 255 80 40
0.320471 -0.475363 0.053422 255 80 40
0.319613 -0.477393 0.061255 255 80 40
0.320512 -0.473128 0.049111 255 80 40
0.320600 -0.472093 0.054170 255 80 40
0.320103 -0.474403 0.059707 255 80 40
0.333845 -0.275832 0.073458 255 80 40
0.333793 -0.276594 0.078994 255 80 40
0.333257 -0.277584 0.086935 255 80 40
0.332230 -0.278205 0.091820 255 80 40
0.332318 -0.273576 0.104457 255 80 40
0.333739 -0.273969 0.109691 255 80 40
0.334982 -0.269293 0.063644 255 80 40
0.334886 -0.271914 0.069574 255 80 40
0.334966 -0.270991 0.078386 255 80 40
0.337378 -0.269162 0.087725 255 80 40
0.338695 -0.269110 0.095815 255 80 40
0.337015 -0.270368 0.103562 255 80 40
0.335197 -0.269327 0.109950 255 80 40
0.332996 -0.270877 0.115569 255 80 40
0.335050 -0.263135 0.057082 255 80 40
0.335493 -0.264132 0.062214 255 80 40
0.336693 -0.263788 0.069433 255 80 40
0.339161 -0.262787 0.080923 255 80 40
0.339731 -0.265116 0.086942 255 80 40
0.340613 -0.262614 0.095260 255 80 40
0.337550 -0.263088 0.102954 255 80 40
0.335085 -0.263761 0.108958 255 80 40
0.340166 -0.251824 0.056829 255 80 40
0.340149 -0.253582 0.063294 255 80 40
0.338750 -0.253992 0.071929 255 80 40
0.339183 -0.255105 0.079082 255 80 40
0.340157 -0.254177 0.083722 255 80 40
0.340978 -0.257001 0.093807 255 80 40
0.338166 -0.244671 0.048186 255 80 40
0.339098 -0.247590 0.053948 255 80 40
0.339894 -0.246833 0.061275 255 80 40
0.340368 -0.247764 0.069262 255 80 40
0.341150 -0.250571 0.077776 255 80 40
0.340547 -0.240280 0.048502 255 80 40
0.340476 -0.239670 0.053842 255 80 40
0.341731 -0.241809 0.060123 255 80 40
0.339290 -0.235158 0.087226 255 80 40
0.337881 -0.236044 0.093953 255 80 40
0.335480 -0.237504 0.101913 255 80 40
0.338801 -0.229060 0.040007 255 80 40
0.339178 -0.232380 0.045435 255 80 40
0.339931 -0.235154 0.051428 255 80 40
0.340316 -0.228011 0.071177 255 80 40
0.340878 -0.229593 0.077734 255 80 40
0.340751 -0.230658 0.085211 255 80 40
0.338844 -0.230203 0.093488 255 80 40
0.337270 -0.229492 0.101033 255 80 40
0.339052 -0.220126 0.054948 255 80 40
0.341383 -0.222279 0.062252 255 80 40
0.341375 -0.223157 0.068947 255 80 40
0.341586 -0.223226 0.077423 255 80 40
0.340733 -0.222878 0.084677 255 80 40
0.339518 -0.223670 0.091870 255 80 40
0.335837 -0.225657 0.097416 255 80 40
0.339963 -0.213832 0.047001 255 80 40
0.341249 -0.216668 0.051997 255 80 40
0.342719 -0.215239 0.061182 255 80 40
0.342257 -0.216060 0.068565 255 80 40
0.341968 -0.217417 0.076419 255 80 40
0.336415 -0.210540 0.099892 255 80 40
0.340415 -0.208899 0.046222 255 80 40
0.342173 -0.207840 0.053108 255 80 40
0.342182 -0.209295 0.057501 255 80 40
0.339767 -0.202803 0.077529 255 80 40
0.340042 -0.204337 0.085900 255 80 40
0.338918 -0.206472 0.093750 255 80 40
0.338101 -0.205721 0.099611 255 80 40
0.336880 -0.203664 0.105789 255 80 40
0.340272 -0.202930 0.045850 255 80 40
0.340962 -0.197412 0.068239 255 80 40
0.341736 -0.198884 0.076478 255 80 40
0.341760 -0.198094 0.084080 255 80 40
0.340403 -0.197672 0.092859 255 80 40
0.338759 -0.199151 0.099808 255 80 40
0.337410 -0.200262 0.105075 255 80 40
0.340652 -0.188721 0.055174 255 80 40
0.341531 -0.190585 0.060785 255 80 40
0.342721 -0.191991 0.068604 255 80 40
0.342331 -0.190510 0.076356 255 80 40
0.340838 -0.190489 0.083889 255 80 40
0.340104 -0.192837 0.090921 255 80 40
0.340727 -0.184847 0.054403 255 80 40
0.341455 -0.182444 0.059918 255 80 40
0.342161 -0.184329 0.067297 255 80 40
0.340983 -0.185641 0.075358 255 80 40
0.345098 -0.160080 0.014294 255 80 40
0.346393 -0.159405 0.016933 255 80 40
0.348349 -0.153946 0.020001 255 80 40
0.348941 -0.151909 0.024879 255 80 40
0.345854 -0.146592 0.021560 255 80 40
0.349842 -0.145479 0.026425 255 80 40
0.347624 -0.144264 0.033618 255 80 40
0.350471 -0.141147 0.038932 255 80 40
0.347668 -0.137688 0.027383 255 80 40
0.348576 -0.136099 0.033536 255 80 40
0.350282 -0.136668 0.041401 255 80 40
0.346672 -0.129045 0.027358 255 80 40
0.349265 -0.128918 0.033834 255 80 40
0.351185 -0.129326 0.042320 255 80 40
0.352539 -0.128464 0.046959 255 80 40
0.347452 -0.120978 0.029135 255 80 40
0.349047 -0.120266 0.032809 255 80 40
0.351337 -0.119401 0.040668 255 80 40
0.352316 -0.118427 0.053266 255 80 40
0.352605 -0.117204 0.058484 255 80 40
0.347114 -0.111271 0.028923 255 80 40
0.349137 -0.113603 0.033191 255 80 40
0.350670 -0.112990 0.041914 255 80 40
0.348716 -0.111259 0.049544 255 80 40
0.349264 -0.111713 0.057951 255 80 40
0.349334 -0.111324 0.065891 255 80 40
0.349775 -0.109616 0.072865 255 80 40
0.351042 -0.107453 0.080525 255 80 40
0.349308 -0.108356 0.089828 255 80 40
0.348824 -0.108596 0.097710 255 80 40
0.350118 -0.108452 0.102820 255 80 40
0.349908 -0.105390 0.034873 255 80 40
0.353806 -0.105086 0.039196 255 80 40
0.346757 -0.107067 0.049478 255 80 40
0.346756 -0.105803 0.057581 255 80 40
0.345795 -0.106774 0.066124 255 80 40
0.345644 -0.106229 0.074360 255 80 40
0.348026 -0.106160 0.081860 255 80 40
0.345510 -0.104221 0.090211 255 80 40
0.348785 -0.102254 0.096815 255 80 40
0.351611 -0.095605 0.034046 255 80 40
0.351148 -0.097529 0.040509 255 80 40
0.348376 -0.099326 0.045574 255 80 40
0.349453 -0.093941 0.089748 255 80 40
0.351350 -0.094886 0.096951 255 80 40
0.352510 -0.091776 0.101270 255 80 40
0.350617 -0.087025 0.011010 255 80 40
0.352971 -0.089056 0.016431 255 80 40
0.352210 -0.089259 0.025103 255 80 40
0.352009 -0.091990 0.030178 255 80 40
0.349697 -0.087115 0.090990 255 80 40
0.350410 -0.086992 0.094239 255 80 40
0.352302 -0.083209 0.015487 255 80 40
0.355995 -0.083356 0.022851 255 80 40
0.352236 -0.076300 0.074369 255 80 40
0.351173 -0.077153 0.080918 255 80 40
0.350536 -0.079473 0.087750 255 80 40
0.349053 -0.082101 0.092819 255 80 40
0.348870 -0.074369 0.072665 255 80 40
0.340891 -0.267165 0.090675 255 80 40
0.342126 -0.268360 0.095132 255 80 40
0.340962 -0.268022 0.102196 255 80 40
0.344040 -0.260540 0.073218 255 80 40
0.344408 -0.261227 0.079452 255 80 40
0.343956 -0.263097 0.087574 255 80 40
0.343517 -0.261855 0.094099 255 80 40
0.342636 -0.264780 0.100332 255 80 40
0.343902 -0.254009 0.064971 255 80 40
0.344645 -0.254786 0.070847 255 80 40
0.345676 -0.255138 0.078964 255 80 40
0.344912 -0.255626 0.086337 255 80 40
0.345123 -0.257640 0.091869 255 80 40
0.344175 -0.244258 0.058076 255 80 40
0.344697 -0.247797 0.063489 255 80 40
0.345316 -0.248058 0.070551 255 80 40
0.345779 -0.250338 0.076571 255 80 40
0.344523 -0.240998 0.057072 255 80 40
0.345141 -0.241040 0.059983 255 80 40
0.345176 -0.220667 0.072012 255 80 40
0.345043 -0.220688 0.075495 255 80 40
0.345615 -0.217057 0.069833 255 80 40
0.345246 -0.218491 0.075805 255 80 40
0.352245 -0.153023 0.021656 255 80 40
0.353953 -0.151076 0.026736 255 80 40
0.354822 -0.147922 0.027662 255 80 40
0.356811 -0.145072 0.034755 255 80 40
0.357472 -0.142717 0.040830 255 80 40
0.355632 -0.138456 0.035183 255 80 40
0.356939 -0.136417 0.041258 255 80 40
0.356274 -0.135172 0.049734 255 80 40
0.358929 -0.133156 0.055508 255 80 40
0.353427 -0.130611 0.037610 255 80 40
0.357485 -0.129131 0.043253 255 80 40
0.355623 -0.128187 0.048977 255 80 40
0.357153 -0.128630 0.057978 255 80 40
0.358529 -0.126731 0.065958 255 80 40
0.359348 -0.125429 0.070903 255 80 40
0.355348 -0.120654 0.042951 255 80 40
0.358756 -0.120726 0.047957 255 80 40
0.353917 -0.120334 0.057828 255 80 40
0.355908 -0.119222 0.066199 255 80 40
0.358837 -0.119889 0.072569 255 80 40
0.358273 -0.118396 0.101713 255 80 40
0.355508 -0.116628 0.105068 255 80 40
0.357275 -0.112398 0.043055 255 80 40
0.360586 -0.115216 0.048673 255 80 40
0.354329 -0.115242 0.067774 255 80 40
0.356156 -0.112667 0.074074 255 80 40
0.357529 -0.109661 0.079261 255 80 40
0.353215 -0.112901 0.096883 255 80 40
0.355116 -0.110727 0.105143 255 80 40
0.358050 -0.105523 0.041704 255 80 40
0.357487 -0.104361 0.081996 255 80 40
0.356033 -0.102983 0.089049 255 80 40
0.355938 -0.099882 0.098554 255 80 40
0.356297 -0.104038 0.103042 255 80 40
0.357606 -0.094531 0.036271 255 80 40
0.358763 -0.096516 0.040657 255 80 40
0.361697 -0.097607 0.048124 255 80 40
0.359816 -0.099026 0.083798 255 80 40
0.357629 -0.096802 0.089314 255 80 40
0.357244 -0.094424 0.097435 255 80 40
0.357309 -0.093215 0.103193 255 80 40
0.357485 -0.088741 0.018398 255 80 40
0.360119 -0.088072 0.024452 255 80 40
0.360110 -0.090039 0.033499 255 80 40
0.362000 -0.091889 0.039208 255 80 40
0.360704 -0.084240 0.083732 255 80 40
0.357930 -0.084232 0.089647 255 80 40
0.357900 -0.087002 0.097006 255 80 40
0.357998 -0.089948 0.103016 255 80 40
0.358810 -0.084737 0.019553 255 80 40
0.360552 -0.083168 0.025209 255 80 40
0.363477 -0.083734 0.031500 255 80 40
0.356531 -0.080107 0.081705 255 80 40
0.356434 -0.082089 0.087891 255 80 40
0.361489 -0.142548 0.038940 255 80 40
0.361656 -0.143011 0.044583 255 80 40
0.364284 -0.142266 0.050412 255 80 40
0.362884 -0.137893 0.043310 255 80 40
0.365041 -0.138217 0.051229 255 80 40
0.364513 -0.134531 0.058050 255 80 40
0.365300 -0.133731 0.067146 255 80 40
0.366284 -0.133035 0.071662 255 80 40
0.364463 -0.128684 0.049422 255 80 40
0.360653 -0.131811 0.061554 255 80 40
0.361072 -0.130638 0.067763 255 80 40
0.363284 -0.128044 0.073865 255 80 40
0.363965 -0.120859 0.052579 255 80 40
0.366149 -0.118482 0.055326 255 80 40
0.364060 -0.121368 0.075585 255 80 40
0.361710 -0.119109 0.078953 255 80 40
0.359243 -0.118464 0.101881 255 80 40
0.361177 -0.117179 0.105402 255 80 40
0.363990 -0.112590 0.051016 255 80 40
0.367070 -0.113447 0.057776 255 80 40
0.367002 -0.111930 0.075367 255 80 40
0.364652 -0.111022 0.081219 255 80 40
0.362603 -0.111645 0.104879 255 80 40
0.364753 -0.105189 0.045106 255 80 40
0.368688 -0.106115 0.049750 255 80 40
0.368060 -0.107495 0.057610 255 80 40
0.367963 -0.104006 0.066907 255 80 40
0.368402 -0.105346 0.077300 255 80 40
0.365856 -0.104148 0.080925 255 80 40
0.362133 -0.104114 0.099987 255 80 40
0.362190 -0.104778 0.102291 255 80 40
0.366531 -0.097883 0.043835 255 80 40
0.367052 -0.097204 0.048135 255 80 40
0.369364 -0.099526 0.054741 255 80 40
0.364419 -0.098836 0.079408 255 80 40
0.367361 -0.092930 0.090737 255 80 40
0.364992 -0.093475 0.097782 255 80 40
0.363668 -0.093712 0.102693 255 80 40
0.366629 -0.087710 0.034567 255 80 40
0.367522 -0.090191 0.041118 255 80 40
0.368823 -0.088765 0.049195 255 80 40
0.370314 -0.086570 0.055398 255 80 40
0.368989 -0.086504 0.083806 255 80 40
0.365936 -0.085341 0.090173 255 80 40
0.365412 -0.087891 0.098493 255 80 40
0.362895 -0.090114 0.102642 255 80 40
0.367686 -0.083702 0.033992 255 80 40
0.370529 -0.083401 0.040411 255 80 40
0.371005 -0.084269 0.047435 255 80 40
0.371158 -0.084562 0.056179 255 80 40
0.370202 -0.082359 0.065706 255 80 40
0.368581 -0.082673 0.074258 255 80 40
0.367022 -0.083673 0.080459 255 80 40
0.362925 -0.083436 0.086033 255 80 40
0.369766 -0.137033 0.054600 255 80 40
0.370617 -0.135838 0.059101 255 80 40
0.371479 -0.134645 0.066857 255 80 40
0.371788 -0.129713 0.053272 255 80 40
0.375105 -0.132729 0.059427 255 80 40
0.371863 -0.128777 0.067607 255 80 40
0.368063 -0.127876 0.071422 255 80 40
0.373812 -0.124604 0.054485 255 80 40
0.373449 -0.121076 0.056999 255 80 40
0.372598 -0.121683 0.067035 255 80 40
0.368604 -0.121221 0.071196 255 80 40
0.373733 -0.115319 0.059280 255 80 40
0.374442 -0.112797 0.066073 255 80 40
0.371558 -0.112077 0.073050 255 80 40
0.371965 -0.104029 0.051479 255 80 40
0.375591 -0.104703 0.057010 255 80 40
0.373823 -0.106192 0.067040 255 80 40
0.371909 -0.105384 0.074119 255 80 40
0.369791 -0.105893 0.079714 255 80 40
0.374217 -0.098253 0.050424 255 80 40
0.375294 -0.098324 0.057438 255 80 40
0.376370 -0.094503 0.065055 255 80 40
0.376916 -0.093298 0.073570 255 80 40
0.375240 -0.092913 0.084067 255 80 40
0.373668 -0.093356 0.089715 255 80 40
0.373306 -0.093820 0.097030 255 80 40
0.368816 -0.093407 0.101737 255 80 40
0.373390 -0.088456 0.044541 255 80 40
0.375590 -0.090289 0.048699 255 80 40
0.378583 -0.090330 0.054779 255 80 40
0.373665 -0.092765 0.064880 255 80 40
0.374565 -0.092314 0.073727 255 80 40
0.373771 -0.088947 0.081894 255 80 40
0.373877 -0.086432 0.089686 255 80 40
0.373534 -0.089052 0.097487 255 80 40
0.369493 -0.090876 0.101968 255 80 40
0.373824 -0.083611 0.042098 255 80 40
0.375047 -0.082114 0.050397 255 80 40
0.376727 -0.081963 0.057318 255 80 40
0.375271 -0.081401 0.066294 255 80 40
0.375251 -0.083042 0.074207 255 80 40
0.372281 -0.084144 0.078946 255 80 40
0.376366 -0.134091 0.060845 255 80 40
0.376422 -0.134387 0.066368 255 80 40
0.378677 -0.127937 0.054927 255 80 40
0.378030 -0.128910 0.059670 255 80 40
0.378679 -0.129053 0.064328 255 80 40
0.380048 -0.123366 0.054874 255 80 40
0.379156 -0.122726 0.059521 255 80 40
0.378782 -0.121324 0.065033 255 80 40
0.378872 -0.114339 0.061126 255 80 40
0.378315 -0.113623 0.065433 255 80 40
0.380427 -0.095257 0.060255 255 80 40
0.380798 -0.094869 0.066800 255 80 40
0.380353 -0.094139 0.074646 255 80 40
0.381450 -0.093518 0.081435 255 80 40
0.378526 -0.093377 0.090008 255 80 40
0.380580 -0.089898 0.059163 255 80 40
0.383661 -0.090005 0.066447 255 80 40
0.385096 -0.088748 0.073461 255 80 40
0.382130 -0.087348 0.083263 255 80 40
0.381867 -0.089649 0.089845 255 80 40
0.378560 -0.090714 0.095078 255 80 40
0.380243 -0.082403 0.061358 255 80 40
0.381557 -0.083997 0.066255 255 80 40
0.380954 -0.084405 0.073342 255 80 40
0.386768 -0.090607 0.075498 255 80 40
0.387484 -0.090471 0.081949 255 80 40
