ply
format ascii 1.0
element vertex 18696
property float x
property float y
property float z
property uchar red
property uchar green
property uchar blue
end_header
-0.211357 -0.134833 -0.098095 30 30 33
-0.202901 -0.143111 -0.085358 57 56 60
-0.206056 -0.134879 -0.094462 70 69 72
-0.202865 -0.134674 -0.087075 83 82 86
-0.208518 -0.126936 -0.095567 40 40 44
-0.202873 -0.127096 -0.085939 60 60 62
-0.192341 -0.241422 -0.031277 126 126 126
-0.192196 -0.238601 -0.031256 118 118 118
-0.193936 -0.235360 -0.027121 136 138 140
-0.192481 -0.224882 -0.023424 166 166 170
-0.195671 -0.142781 -0.085093 72 72 75
-0.196070 -0.143287 -0.077315 80 80 84
-0.194324 -0.134523 -0.086209 94 95 98
-0.194548 -0.134095 -0.076833 101 100 104
-0.194829 -0.127804 -0.085144 69 70 74
-0.195079 -0.126204 -0.075541 58 58 62
-0.187280 -0.242112 -0.030636 132 134 132
-0.183640 -0.244502 -0.027084 144 144 145
-0.186580 -0.238417 -0.030661 104 105 106
-0.185125 -0.234178 -0.027031 146 147 149
-0.184881 -0.225175 -0.022619 166 166 170
-0.187525 -0.225909 -0.019891 165 166 169
-0.184138 -0.214998 -0.022319 171 171 174
-0.181677 -0.217454 -0.019658 170 170 174
-0.182977 -0.205940 -0.021001 170 171 174
-0.182673 -0.203205 -0.019199 171 172 175
-0.183041 -0.194593 -0.025487 158 159 160
-0.183131 -0.185665 -0.027364 144 144 145
-0.185152 -0.146412 -0.084265 50 52 54
-0.185749 -0.133726 -0.084857 62 62 65
-0.186029 -0.133055 -0.076233 86 88 90
-0.185521 -0.124059 -0.084431 68 69 72
-0.182977 -0.124035 -0.076425 80 80 84
-0.186517 -0.125277 -0.064370 51 50 54
-0.185777 -0.115450 -0.084043 66 66 70
-0.182657 -0.115308 -0.076740 69 70 74
-0.174198 -0.253811 -0.022194 159 162 164
-0.171692 -0.254876 -0.019098 160 162 165
-0.175252 -0.245104 -0.026071 144 146 146
-0.174888 -0.234828 -0.025713 132 134 136
-0.175654 -0.225767 -0.021216 164 166 168
-0.173470 -0.223149 -0.019015 166 166 170
-0.176718 -0.213362 -0.021125 171 172 174
-0.172613 -0.215911 -0.018798 169 170 173
-0.176749 -0.204216 -0.021221 170 170 174
-0.172627 -0.206411 -0.019190 169 170 173
-0.175156 -0.194976 -0.024461 160 162 162
-0.170934 -0.198559 -0.019787 176 178 180
-0.175003 -0.184805 -0.026238 146 146 148
-0.171923 -0.180448 -0.019355 176 176 179
-0.174409 -0.176672 -0.020793 176 176 179
-0.173361 -0.174771 -0.018873 176 176 180
-0.171376 -0.167809 -0.020302 180 179 182
-0.172857 -0.166139 -0.018696 181 180 184
-0.171624 -0.144255 -0.045690 114 114 116
-0.172141 -0.134699 -0.046150 110 110 112
-0.177900 -0.114826 -0.072673 80 82 86
-0.174835 -0.115233 -0.064987 80 80 84
-0.172593 -0.116320 -0.056795 65 64 68
-0.164439 -0.263795 -0.022348 156 158 160
-0.163364 -0.261416 -0.019072 157 158 162
-0.166072 -0.254749 -0.021717 157 158 161
-0.164417 -0.254942 -0.018100 156 158 160
-0.165903 -0.244588 -0.023887 140 140 140
-0.162111 -0.248606 -0.018840 162 164 165
-0.166028 -0.235066 -0.024224 132 134 136
-0.165722 -0.231610 -0.019004 158 161 164
-0.167141 -0.226622 -0.020865 162 164 166
-0.165420 -0.225707 -0.018619 162 164 166
-0.166450 -0.213929 -0.018395 168 168 172
-0.167027 -0.201149 -0.020379 172 174 176
-0.164878 -0.205490 -0.017799 167 168 170
-0.165999 -0.195104 -0.022796 158 159 159
-0.163589 -0.197613 -0.019188 168 169 169
-0.166099 -0.185427 -0.023783 140 140 142
-0.163222 -0.181477 -0.018697 172 172 174
-0.165004 -0.174762 -0.017933 174 174 176
-0.166777 -0.166223 -0.020250 128 128 130
-0.165552 -0.166344 -0.018009 122 123 124
-0.164503 -0.152812 -0.034200 94 94 97
-0.160346 -0.156092 -0.028604 97 96 100
-0.163521 -0.143573 -0.035196 118 118 120
-0.167541 -0.132481 -0.042918 117 118 119
-0.164062 -0.135533 -0.036078 114 114 116
-0.163610 -0.123627 -0.034972 44 44 47
-0.160965 -0.124831 -0.029037 66 66 68
-0.168978 -0.113581 -0.061413 65 66 70
-0.166798 -0.114309 -0.053760 52 52 56
-0.164616 -0.115801 -0.045349 62 62 66
-0.161991 -0.117745 -0.036955 68 68 72
-0.158806 -0.266078 -0.020568 154 156 158
-0.154520 -0.263761 -0.016868 154 155 158
-0.155732 -0.254994 -0.016173 154 156 157
-0.155085 -0.246030 -0.015620 145 147 147
-0.154484 -0.234745 -0.015741 135 137 138
-0.156166 -0.224989 -0.014775 162 163 166
-0.155730 -0.214728 -0.014697 164 166 168
-0.156387 -0.205587 -0.014397 166 168 170
-0.154737 -0.195663 -0.015205 154 155 156
-0.154909 -0.184443 -0.015245 152 152 154
-0.156331 -0.175235 -0.014780 167 167 168
-0.152971 -0.162848 -0.023017 61 62 64
-0.156294 -0.166580 -0.015105 50 51 52
-0.150949 -0.165942 -0.008861 48 48 50
-0.157056 -0.155285 -0.042154 80 82 84
-0.153654 -0.155630 -0.035754 78 79 82
-0.155338 -0.154265 -0.024376 117 117 120
-0.151725 -0.155862 -0.016345 100 100 104
-0.157097 -0.122943 -0.024392 44 44 46
-0.153520 -0.123191 -0.018493 64 66 68
-0.157312 -0.113300 -0.042950 34 34 40
-0.155379 -0.114512 -0.034762 46 47 52
-0.153569 -0.117027 -0.025124 47 48 52
-0.155810 -0.115532 -0.013210 106 106 108
-0.151947 -0.115922 -0.007823 102 103 105
-0.145141 -0.285275 -0.023957 78 80 82
-0.143282 -0.274485 -0.013977 110 114 112
-0.141184 -0.272167 -0.008789 118 121 120
-0.147574 -0.265948 -0.012137 152 154 155
-0.142686 -0.264626 -0.007335 148 152 152
-0.148920 -0.256645 -0.011241 151 152 154
-0.143538 -0.254844 -0.005917 150 152 152
-0.144039 -0.245227 -0.005065 135 136 136
-0.144081 -0.235081 -0.004929 130 132 133
-0.144832 -0.225041 -0.004080 161 162 164
-0.144685 -0.214827 -0.004101 164 166 167
-0.144798 -0.205186 -0.004048 164 166 166
-0.142783 -0.193824 -0.014799 138 140 140
-0.143186 -0.194786 -0.006046 126 128 127
-0.142858 -0.185578 -0.013971 134 136 138
-0.143449 -0.184481 -0.006050 144 145 145
-0.141846 -0.175788 -0.013982 140 140 140
-0.143589 -0.175291 -0.005158 128 128 130
-0.146254 -0.164930 -0.023352 50 50 52
-0.144071 -0.165130 -0.014126 74 75 76
-0.143890 -0.164909 -0.004162 68 67 69
-0.145700 -0.157400 -0.025057 80 84 84
-0.148506 -0.157303 -0.014372 124 125 127
-0.147061 -0.113831 -0.032654 38 38 44
-0.144830 -0.113690 -0.024800 42 42 48
-0.144369 -0.113740 -0.013832 67 68 72
-0.144170 -0.113595 -0.003647 104 106 108
-0.141993 -0.108024 -0.020641 86 86 90
-0.143181 -0.104555 -0.015902 125 126 128
-0.144407 -0.105063 -0.004868 120 120 122
-0.142393 -0.097550 -0.013335 106 106 106
-0.143128 -0.095215 -0.005429 110 108 111
-0.143103 -0.083841 -0.013398 86 86 88
-0.143678 -0.086704 -0.006891 104 102 106
-0.142516 -0.076876 -0.013638 84 84 86
-0.141982 -0.073832 -0.007836 111 109 114
-0.131517 -0.333117 -0.071851 116 117 118
-0.131824 -0.326922 -0.071414 52 53 55
-0.134556 -0.324368 -0.065844 78 80 84
-0.131862 -0.319559 -0.061538 62 66 72
-0.133359 -0.318702 -0.056070 80 82 88
-0.133787 -0.292158 -0.032661 112 114 116
-0.133252 -0.295775 -0.027254 100 100 103
-0.134596 -0.287264 -0.032740 92 94 97
-0.135643 -0.282951 -0.026801 108 110 114
-0.138133 -0.283265 -0.016059 58 60 60
-0.133967 -0.275714 -0.022376 118 121 126
-0.136678 -0.273963 -0.015976 44 45 48
-0.137157 -0.272757 -0.007859 92 94 94
-0.131932 -0.264998 -0.021954 149 150 156
-0.133960 -0.265388 -0.015540 48 48 52
-0.135964 -0.264493 -0.005277 82 85 86
-0.131873 -0.256642 -0.021671 151 152 156
-0.133111 -0.254857 -0.015844 48 48 52
-0.135928 -0.255295 -0.003761 74 76 77
-0.134265 -0.254523 0.000603 112 114 114
-0.130747 -0.247221 -0.020764 118 118 120
-0.131974 -0.245647 -0.015611 52 53 56
-0.133791 -0.246237 -0.004797 56 56 59
-0.134263 -0.244758 0.001716 98 100 100
-0.130094 -0.231099 -0.020520 123 124 130
-0.131000 -0.234687 -0.013207 34 34 38
-0.132091 -0.234312 -0.006918 49 50 53
-0.133975 -0.234401 0.002359 98 100 100
-0.130532 -0.225674 -0.021157 82 84 88
-0.130836 -0.226496 -0.015523 52 53 57
-0.134032 -0.223698 -0.003839 100 102 103
-0.135670 -0.226147 0.001685 108 110 110
-0.135783 -0.215052 -0.003772 116 118 119
-0.136889 -0.205407 -0.004331 120 122 122
-0.134916 -0.192438 -0.022556 120 120 124
-0.135446 -0.195061 -0.015160 96 98 100
-0.138449 -0.197047 -0.005854 107 109 108
-0.134780 -0.186742 -0.023660 103 104 107
-0.134959 -0.184314 -0.015529 110 113 116
-0.138545 -0.183239 -0.006213 102 102 102
-0.136951 -0.175121 -0.014542 135 136 138
-0.138289 -0.174891 -0.005496 110 110 111
-0.136143 -0.163444 -0.022181 33 35 39
-0.135848 -0.167152 -0.015460 38 38 40
-0.138459 -0.167789 -0.003491 113 113 115
-0.133542 -0.155086 -0.026122 30 34 38
-0.134944 -0.112196 -0.016884 110 110 116
-0.137661 -0.107379 -0.020200 152 153 156
-0.135250 -0.104495 -0.017588 125 125 128
-0.135458 -0.097305 -0.013200 102 100 102
-0.134563 -0.093469 -0.007576 110 108 110
-0.136390 -0.084249 -0.012273 76 75 75
-0.132747 -0.087280 -0.008956 102 101 101
-0.136605 -0.076706 -0.012531 92 92 94
-0.135045 -0.072424 -0.007807 110 110 112
-0.134805 -0.065179 -0.006244 108 106 110
-0.132564 -0.057511 -0.003812 107 107 111
-0.123413 -0.372818 -0.164851 69 65 66
-0.125824 -0.371239 -0.156979 68 65 65
-0.125737 -0.370911 -0.147745 64 64 63
-0.124566 -0.369028 -0.162199 67 64 64
-0.126859 -0.368491 -0.155382 66 64 64
-0.126503 -0.367051 -0.145323 66 65 64
-0.124055 -0.364706 -0.135413 65 62 64
-0.121171 -0.363910 -0.127375 61 58 60
-0.125815 -0.342900 -0.070587 130 131 131
-0.122447 -0.342562 -0.068177 142 144 145
-0.127849 -0.334322 -0.071179 100 100 100
-0.122966 -0.335265 -0.068276 136 136 138
-0.127684 -0.326614 -0.071518 55 56 58
-0.124149 -0.323855 -0.067581 72 74 78
-0.125471 -0.319015 -0.062657 48 51 56
-0.125001 -0.317241 -0.055132 139 141 147
-0.124559 -0.315317 -0.045271 164 166 173
-0.123109 -0.313238 -0.036368 155 157 163
-0.124178 -0.303728 -0.027299 126 127 132
-0.125073 -0.293245 -0.033140 104 106 108
-0.125496 -0.297457 -0.028465 106 108 112
-0.125200 -0.286930 -0.033735 88 91 93
-0.125249 -0.282080 -0.027556 102 104 110
-0.125246 -0.274809 -0.024740 111 114 120
-0.125084 -0.265146 -0.024235 119 120 127
-0.124805 -0.255058 -0.022651 128 129 136
-0.124446 -0.245049 -0.023665 98 98 102
-0.128177 -0.242321 -0.017476 78 79 82
-0.124126 -0.234712 -0.023497 124 124 131
-0.128540 -0.236079 -0.016453 72 72 77
-0.128943 -0.233335 -0.005281 30 32 36
-0.124681 -0.225432 -0.022292 142 142 149
-0.128797 -0.223894 -0.015786 74 75 80
-0.128409 -0.224270 -0.006113 31 34 38
-0.124452 -0.214987 -0.021428 144 144 152
-0.128118 -0.215031 -0.015724 65 66 70
-0.127100 -0.214408 -0.005874 32 34 40
-0.124271 -0.204792 -0.021678 136 136 142
-0.127125 -0.205140 -0.016093 60 60 66
-0.125724 -0.205133 -0.005587 30 31 36
-0.124288 -0.194837 -0.023834 136 136 141
-0.127029 -0.195566 -0.015189 38 38 43
-0.125247 -0.196592 -0.006397 31 32 37
-0.124287 -0.185144 -0.025361 114 114 118
-0.125507 -0.184347 -0.014901 41 42 46
-0.123562 -0.184371 -0.005776 31 32 37
-0.121916 -0.177465 -0.021571 152 152 156
-0.123868 -0.175191 -0.015339 48 48 52
-0.122640 -0.175916 -0.006699 33 34 39
-0.124964 -0.165899 -0.014240 46 47 52
-0.121822 -0.166603 -0.007693 32 34 38
-0.123701 -0.156348 -0.022059 23 25 28
-0.122454 -0.156270 -0.015627 35 36 40
-0.124199 -0.146153 -0.014837 30 34 37
-0.123795 -0.137519 -0.014448 34 38 42
-0.124069 -0.122805 -0.026428 50 55 62
-0.124610 -0.117234 -0.024796 68 72 80
-0.126391 -0.112695 -0.014766 144 144 148
-0.126548 -0.104702 -0.015268 119 119 122
-0.127447 -0.098461 -0.012429 102 100 102
-0.125638 -0.094600 -0.005913 108 104 106
-0.125754 -0.084798 -0.005583 104 102 102
-0.126337 -0.074663 -0.005046 102 99 102
-0.126350 -0.065322 -0.005346 90 88 92
-0.126136 -0.056414 -0.002819 114 116 120
-0.124263 -0.053014 0.001268 112 114 118
-0.125199 -0.045230 -0.000504 122 125 128
-0.123758 -0.044913 0.001251 123 126 129
-0.122599 -0.037388 0.002530 116 120 124
-0.113760 -0.380880 -0.185986 76 74 74
-0.113197 -0.384260 -0.110810 58 54 56
-0.111129 -0.384015 -0.105981 57 54 54
-0.113798 -0.377927 -0.182936 72 69 68
-0.116906 -0.376237 -0.175989 72 70 69
-0.111231 -0.374682 -0.105284 55 54 55
-0.110395 -0.372109 -0.084330 67 66 68
-0.115566 -0.362555 -0.115088 56 54 56
-0.111219 -0.364177 -0.105968 56 54 56
-0.110917 -0.364011 -0.084821 60 59 60
-0.110178 -0.362030 -0.078306 53 51 54
-0.118536 -0.358913 -0.121438 58 56 58
-0.115404 -0.357171 -0.113592 56 52 54
-0.111713 -0.355248 -0.104720 55 52 54
-0.111275 -0.354470 -0.084261 60 58 60
-0.110860 -0.354784 -0.078175 52 52 53
-0.111080 -0.344674 -0.105290 52 50 52
-0.111397 -0.344965 -0.084504 59 57 59
-0.110802 -0.344829 -0.077785 52 49 52
-0.113757 -0.343894 -0.064477 152 154 155
-0.110545 -0.337182 -0.103717 44 42 43
-0.111524 -0.335279 -0.084112 50 50 52
-0.110743 -0.334747 -0.077039 48 45 50
-0.114486 -0.334856 -0.064641 148 148 150
-0.111223 -0.328300 -0.083611 38 38 42
-0.110776 -0.327933 -0.077242 40 40 44
-0.114547 -0.325434 -0.063889 102 104 106
-0.111309 -0.320463 -0.059560 80 85 88
-0.114935 -0.317769 -0.055230 114 118 122
-0.115052 -0.314423 -0.044907 164 166 173
-0.114925 -0.312033 -0.034819 158 159 166
-0.115226 -0.310539 -0.028778 154 154 162
-0.114819 -0.304912 -0.025374 146 146 153
-0.114871 -0.292576 -0.033262 116 116 118
-0.114671 -0.297357 -0.027271 135 135 140
-0.115135 -0.287453 -0.032784 86 88 92
-0.114651 -0.282337 -0.027327 122 125 131
-0.115119 -0.274937 -0.025120 120 122 127
-0.114916 -0.264876 -0.024665 117 118 124
-0.115231 -0.254890 -0.023818 112 114 120
-0.114613 -0.241490 -0.031862 72 72 74
-0.115666 -0.245991 -0.026889 97 98 102
-0.115145 -0.237346 -0.032180 60 62 66
-0.116140 -0.233593 -0.026684 114 116 122
-0.114767 -0.224830 -0.022866 132 132 142
-0.115158 -0.214996 -0.022762 142 141 152
-0.115111 -0.205030 -0.023157 144 144 154
-0.113649 -0.190862 -0.030482 128 128 132
-0.115204 -0.195647 -0.025326 146 146 152
-0.114748 -0.187110 -0.031073 96 96 100
-0.115677 -0.182767 -0.026852 156 156 165
-0.114945 -0.175258 -0.022575 164 164 172
-0.119349 -0.173374 -0.004434 32 32 37
-0.114535 -0.164945 -0.022579 167 166 176
-0.118388 -0.166755 -0.004882 31 32 36
-0.113694 -0.155967 -0.021469 152 152 159
-0.117061 -0.154071 -0.016638 52 52 56
-0.113978 -0.143087 -0.025652 85 84 88
-0.115103 -0.145511 -0.015672 50 48 53
-0.114486 -0.144425 -0.006612 33 35 40
-0.114090 -0.135306 -0.025695 82 82 87
-0.114524 -0.133721 -0.015885 47 48 53
-0.113160 -0.136361 -0.006378 36 38 44
-0.111978 -0.126915 -0.021775 131 132 137
-0.113531 -0.125684 -0.015853 84 85 90
-0.111928 -0.125641 -0.007359 49 50 55
-0.113771 -0.116535 -0.022344 114 119 128
-0.114416 -0.114494 -0.015621 111 114 121
-0.112855 -0.115383 -0.006482 90 93 96
-0.113028 -0.107513 -0.015927 107 111 117
-0.115407 -0.104016 -0.004306 105 105 108
-0.118249 -0.097527 -0.002253 102 102 102
-0.114654 -0.095658 0.004556 110 108 108
-0.114821 -0.084626 0.004731 111 106 108
-0.114253 -0.075028 0.004238 106 102 103
-0.113193 -0.065187 0.003078 108 106 108
-0.115202 -0.054328 0.003970 84 88 90
-0.115331 -0.044584 0.003149 114 118 122
-0.115651 -0.036913 0.004585 101 106 109
-0.113290 -0.034521 0.012105 106 108 113
-0.112985 0.315905 -0.014312 132 132 134
-0.111609 0.315073 -0.007566 78 77 80
-0.115740 0.325729 -0.012193 90 92 96
-0.107586 -0.382459 -0.193905 71 68 68
-0.109157 -0.382644 -0.101613 56 54 56
-0.106852 -0.382865 -0.095207 54 53 54
-0.107286 -0.379542 -0.192253 64 62 62
-0.109499 -0.375477 -0.101407 54 52 53
-0.107211 -0.374624 -0.093744 52 52 52
-0.108087 -0.373113 -0.087173 92 92 94
-0.109227 -0.366097 -0.102300 56 54 54
-0.107284 -0.365112 -0.093775 60 60 60
-0.108020 -0.364803 -0.087423 82 82 84
-0.108111 -0.354567 -0.093506 53 53 53
-0.108617 -0.355815 -0.087576 90 90 90
-0.109184 -0.354803 -0.073106 48 46 48
-0.108294 -0.353595 -0.067164 122 124 124
-0.109481 -0.345007 -0.101961 52 50 52
-0.107144 -0.345580 -0.093595 50 49 51
-0.107868 -0.344384 -0.087710 88 87 88
-0.109163 -0.345445 -0.072568 46 45 46
-0.108710 -0.345062 -0.066362 139 140 140
-0.108910 -0.335280 -0.101681 42 40 42
-0.106520 -0.334388 -0.093656 42 41 42
-0.107824 -0.334944 -0.087333 69 68 70
-0.109277 -0.334946 -0.072796 44 42 46
-0.108617 -0.335466 -0.066243 134 136 136
-0.103104 -0.329260 -0.091734 50 49 51
-0.105760 -0.326746 -0.085073 44 44 48
-0.106394 -0.323725 -0.075060 37 38 44
-0.107349 -0.324217 -0.064950 74 76 81
-0.108244 -0.320460 -0.059443 78 83 88
-0.101900 -0.319571 -0.062714 16 18 24
-0.105102 -0.318169 -0.054941 80 82 89
-0.104905 -0.315079 -0.045123 165 166 174
-0.104593 -0.311754 -0.034612 159 160 168
-0.103577 -0.307204 -0.030326 157 158 166
-0.104991 -0.304858 -0.026151 153 154 161
-0.105213 -0.292901 -0.032879 124 124 127
-0.105776 -0.297402 -0.026318 146 146 152
-0.104956 -0.287381 -0.033176 96 98 102
-0.105225 -0.282496 -0.026605 137 140 147
-0.104992 -0.275125 -0.023289 130 134 139
-0.104664 -0.264903 -0.023100 126 130 136
-0.105087 -0.255086 -0.023416 122 124 131
-0.105109 -0.241583 -0.030977 85 86 88
-0.104810 -0.246534 -0.026041 120 122 126
-0.104752 -0.237229 -0.031551 68 70 75
-0.105169 -0.232422 -0.026965 122 124 130
-0.105145 -0.225096 -0.023911 122 123 130
-0.104787 -0.214985 -0.023890 130 130 139
-0.104668 -0.205059 -0.023211 136 136 146
-0.106625 -0.191077 -0.030782 117 117 122
-0.104889 -0.195856 -0.026435 135 135 142
-0.104859 -0.187136 -0.031391 92 92 96
-0.104982 -0.182252 -0.027003 144 144 153
-0.104503 -0.174941 -0.022103 154 154 165
-0.105208 -0.164882 -0.023275 162 162 173
-0.104888 -0.155165 -0.021567 163 162 173
-0.105882 -0.154491 -0.019770 156 156 162
-0.104550 -0.145767 -0.026292 130 130 134
-0.104394 -0.137882 -0.030425 87 88 91
-0.105087 -0.134267 -0.026167 122 123 128
-0.104936 -0.130335 -0.016887 86 88 94
-0.108876 -0.132957 -0.002776 38 40 44
-0.106603 -0.133270 0.004126 31 34 38
-0.104568 -0.125352 -0.021247 142 143 151
-0.105367 -0.122843 -0.018444 115 116 122
-0.107752 -0.124423 -0.003923 32 32 37
-0.103901 -0.123670 0.004194 31 32 37
-0.100829 -0.123234 0.011569 32 34 38
-0.103815 -0.117430 -0.021040 132 134 142
-0.104614 -0.115860 -0.017336 113 116 123
-0.105680 -0.114691 -0.004156 54 55 61
-0.102989 -0.115399 0.003997 47 48 53
-0.103754 -0.106566 -0.013979 72 75 80
-0.105360 -0.104389 -0.005257 78 80 86
-0.104837 -0.105360 0.004687 76 77 80
-0.103069 -0.102733 0.014163 96 96 97
-0.101127 -0.097330 -0.006240 104 107 119
-0.106113 -0.095621 0.015674 106 102 103
-0.101519 -0.095788 0.022105 110 105 106
-0.105416 -0.084743 0.015967 106 101 101
-0.104490 -0.074953 0.014812 98 96 94
-0.103734 -0.064913 0.013751 105 104 105
-0.103664 -0.055315 0.013515 106 106 108
-0.107623 -0.044531 0.007441 112 112 116
-0.102588 -0.044958 0.012684 109 108 112
-0.108307 -0.038224 0.008028 98 100 105
-0.105382 -0.036832 0.014785 101 104 108
-0.103160 -0.036372 0.023338 108 110 116
-0.102864 0.156552 -0.024044 164 164 166
-0.103586 0.163460 -0.024284 156 156 160
-0.104373 0.187092 -0.014986 194 195 200
-0.103416 0.194687 -0.014998 202 201 206
-0.104495 0.206305 -0.030333 170 170 174
-0.103057 0.207156 -0.026103 177 177 178
-0.100935 0.200368 -0.017172 205 203 206
-0.102883 0.214056 -0.024124 166 167 170
-0.102704 0.235546 -0.017328 198 197 204
-0.103343 0.242223 -0.015728 106 106 110
-0.105174 0.305120 -0.014732 69 68 72
-0.105318 0.305598 -0.005947 40 38 44
-0.105077 0.315949 -0.015693 162 162 164
-0.106452 0.315135 -0.006997 90 88 92
-0.103035 0.326446 -0.016099 182 182 186
-0.103735 0.336466 -0.020503 168 168 173
-0.102252 0.333228 -0.017390 159 158 162
-0.105414 0.344764 -0.021369 186 186 190
-0.104271 0.354688 -0.024703 114 114 117
-0.104044 0.351196 -0.018889 126 126 128
-0.105006 0.365940 -0.026892 114 114 140
-0.103643 0.374230 -0.024510 106 112 182
-0.103871 0.374188 -0.016511 88 89 139
-0.101923 0.381563 -0.023733 103 112 190
-0.098263 -0.326430 -0.083638 56 56 58
-0.096159 -0.323292 -0.075441 48 48 52
-0.095106 -0.320775 -0.067985 26 27 34
-0.096089 -0.318990 -0.063752 45 47 55
-0.095356 -0.317451 -0.054940 109 111 118
-0.095513 -0.315018 -0.044965 171 173 181
-0.095130 -0.311906 -0.034553 162 163 172
-0.095688 -0.310390 -0.029542 161 162 168
-0.095151 -0.304795 -0.026796 156 157 164
-0.095163 -0.292115 -0.032095 129 130 132
-0.094289 -0.296694 -0.026716 144 144 149
-0.094966 -0.287322 -0.032311 102 104 107
-0.094738 -0.282241 -0.027064 144 147 154
-0.095325 -0.274941 -0.024117 140 143 150
-0.094996 -0.265140 -0.023262 136 139 146
-0.095109 -0.254915 -0.023219 130 134 142
-0.095178 -0.241277 -0.031152 105 105 109
-0.095017 -0.246156 -0.025759 124 126 131
-0.095179 -0.237177 -0.031612 82 82 88
-0.094717 -0.232372 -0.027028 130 132 140
-0.094960 -0.225087 -0.023124 132 132 142
-0.094941 -0.214928 -0.023698 136 136 144
-0.095165 -0.205031 -0.023370 138 138 146
-0.095215 -0.190733 -0.030732 115 114 120
-0.095037 -0.195680 -0.025848 137 138 144
-0.095222 -0.187181 -0.031104 92 92 98
-0.094862 -0.182486 -0.027156 143 144 152
-0.095018 -0.175081 -0.022764 146 146 155
-0.094967 -0.164949 -0.022379 150 148 160
-0.093828 -0.153870 -0.022496 145 146 156
-0.094685 -0.145788 -0.025052 136 138 143
-0.094951 -0.137834 -0.030562 98 99 103
-0.094882 -0.134404 -0.026425 120 122 129
-0.094427 -0.125208 -0.022044 145 146 157
-0.096959 -0.125716 -0.019638 145 147 156
-0.098146 -0.122435 0.014534 32 32 37
-0.094802 -0.114963 -0.021079 141 141 151
-0.095700 -0.114600 -0.018527 139 139 150
-0.097930 -0.113747 0.007279 51 52 57
-0.094880 -0.115002 0.014906 51 53 57
-0.092357 -0.113840 0.022470 35 36 40
-0.094224 -0.106806 -0.020789 129 129 137
-0.095111 -0.104681 -0.016816 113 113 120
-0.095715 -0.103509 -0.006728 72 74 80
-0.096022 -0.104529 0.004120 59 61 68
-0.094215 -0.106516 0.014787 72 73 78
-0.094554 -0.104673 0.025042 84 82 84
-0.091737 -0.102474 0.032492 119 116 117
-0.092528 -0.098447 -0.012602 111 109 118
-0.093077 -0.095807 -0.005423 109 109 121
-0.094645 -0.094274 0.003725 98 104 118
-0.091325 -0.098183 0.011734 99 103 116
-0.097354 -0.095243 0.027045 118 113 114
-0.092536 -0.095569 0.033255 132 126 127
-0.094530 -0.085931 -0.004510 103 107 125
-0.092355 -0.084803 0.003549 110 114 134
-0.096771 -0.084939 0.026442 112 108 108
-0.091780 -0.085759 0.032536 119 114 116
-0.091069 -0.077006 0.004056 122 122 142
-0.095518 -0.074815 0.025318 94 91 90
-0.091041 -0.075841 0.031216 96 92 93
-0.094643 -0.064897 0.025077 114 112 114
-0.098701 -0.053367 0.017939 108 106 108
-0.094093 -0.055454 0.023877 114 112 116
-0.098241 -0.046008 0.017398 110 108 112
-0.093217 -0.044039 0.024252 107 106 110
-0.096560 -0.038241 0.025115 104 106 110
-0.093498 -0.038185 0.033185 110 112 118
-0.092497 0.095940 -0.006456 126 124 130
-0.093892 0.105391 -0.007487 124 122 127
-0.091999 0.113613 -0.006299 124 124 129
-0.094367 0.127078 -0.014298 166 169 172
-0.093111 0.122635 -0.006754 158 158 162
-0.093789 0.134522 -0.016024 174 176 180
-0.094181 0.156753 -0.025261 161 161 163
-0.093996 0.163600 -0.024570 164 164 168
-0.093303 0.167867 -0.017872 190 192 197
-0.093179 0.175644 -0.017438 195 195 202
-0.094146 0.186101 -0.015423 202 202 207
-0.093994 0.194962 -0.020335 195 195 204
-0.094683 0.195153 -0.016522 200 200 206
-0.094805 0.206222 -0.025074 172 174 175
-0.093879 0.201705 -0.016581 201 197 203
-0.094984 0.214231 -0.024082 176 176 181
-0.095408 0.218668 -0.018456 201 201 207
-0.093689 0.224032 -0.020852 196 196 206
-0.094796 0.225106 -0.017721 200 199 206
-0.092244 0.234715 -0.020719 198 198 207
-0.094681 0.235021 -0.017451 197 197 204
-0.094428 0.242823 -0.016036 122 121 125
-0.093354 0.245991 -0.008531 51 50 56
-0.095762 0.304712 -0.017027 66 68 71
-0.094992 0.316259 -0.016653 159 162 164
-0.095048 0.325768 -0.016335 177 177 181
-0.095016 0.334259 -0.017781 189 188 194
-0.094785 0.345665 -0.016992 161 160 165
-0.095419 0.355571 -0.024543 112 111 116
-0.093876 0.351202 -0.018532 124 124 128
-0.094816 0.365402 -0.026370 128 128 146
-0.095207 0.375320 -0.026206 118 122 177
-0.097538 0.377943 -0.013421 110 116 170
-0.095628 0.375526 -0.005409 60 62 100
-0.094065 0.381506 -0.025715 114 118 180
-0.095456 0.382821 -0.015380 116 118 158
-0.087261 -0.321102 -0.063368 56 55 60
-0.085872 -0.318154 -0.054422 71 72 78
-0.085224 -0.315562 -0.045071 154 156 164
-0.085092 -0.312364 -0.034547 163 164 174
-0.084778 -0.310334 -0.028752 160 161 171
-0.085063 -0.304754 -0.025266 156 158 166
-0.085352 -0.292073 -0.032280 130 132 134
-0.085358 -0.296806 -0.026734 149 150 156
-0.085046 -0.287408 -0.032349 102 104 106
-0.084888 -0.282577 -0.027507 148 150 156
-0.084783 -0.275010 -0.023961 145 148 156
-0.085060 -0.264960 -0.022789 142 144 152
-0.084994 -0.255080 -0.022619 138 140 148
-0.085120 -0.241125 -0.031137 110 110 114
-0.084943 -0.246104 -0.025543 129 132 137
-0.084969 -0.237514 -0.031606 84 84 90
-0.085049 -0.232520 -0.027075 139 140 149
-0.084900 -0.224978 -0.022849 138 138 147
-0.085154 -0.215015 -0.023041 141 141 151
-0.085260 -0.205072 -0.022952 144 144 154
-0.084558 -0.191027 -0.030937 122 122 126
-0.085214 -0.195737 -0.025577 146 145 154
-0.085127 -0.187647 -0.031258 97 98 102
-0.084882 -0.182797 -0.026347 133 134 143
-0.085097 -0.175024 -0.022729 150 150 162
-0.084961 -0.165060 -0.022042 154 154 166
-0.084464 -0.154302 -0.022317 138 139 149
-0.084872 -0.145953 -0.025511 130 131 139
-0.084801 -0.137147 -0.031010 90 92 98
-0.085298 -0.133630 -0.026779 124 126 136
-0.084798 -0.125018 -0.022381 141 141 154
-0.084726 -0.114936 -0.021975 139 139 152
-0.088081 -0.113965 -0.019468 140 140 153
-0.089508 -0.111614 0.018599 66 67 72
-0.086878 -0.112542 0.026112 54 55 60
-0.083091 -0.111603 0.033252 66 67 69
-0.084558 -0.106096 -0.021494 125 126 134
-0.086786 -0.102503 -0.018160 107 106 113
-0.087469 -0.104806 0.018149 80 82 89
-0.085120 -0.106687 0.025850 74 76 80
-0.084011 -0.106591 0.034361 90 89 91
-0.082042 -0.104866 0.042745 120 116 117
-0.082396 -0.099036 -0.020922 90 90 96
-0.085535 -0.097849 -0.013592 107 106 116
-0.085615 -0.092859 -0.007265 112 109 120
-0.087825 -0.093729 0.004316 115 116 131
-0.085554 -0.093998 0.015556 116 118 136
-0.081683 -0.095063 0.022631 117 118 135
-0.088253 -0.094607 0.038088 136 130 130
-0.081743 -0.094416 0.043694 123 118 119
-0.084491 -0.086256 -0.005708 110 107 119
-0.085925 -0.084633 0.005981 117 116 134
-0.084756 -0.085149 0.014070 116 115 134
-0.081546 -0.085311 0.022443 107 106 122
-0.087508 -0.084575 0.037124 125 120 121
-0.082194 -0.084961 0.042857 127 120 121
-0.083584 -0.074450 -0.004727 95 93 107
-0.084796 -0.074464 0.005072 107 106 128
-0.083041 -0.075173 0.013336 113 111 133
-0.080610 -0.073621 0.020880 96 94 116
-0.086362 -0.074684 0.036293 102 98 98
-0.081631 -0.075236 0.041708 110 106 105
-0.083942 -0.068478 -0.002284 105 105 128
-0.083349 -0.066116 0.003997 128 128 158
-0.083055 -0.065129 0.014322 122 122 146
-0.083517 -0.065257 0.023259 122 121 135
-0.085396 -0.064914 0.036083 134 130 134
-0.080939 -0.066402 0.041166 142 137 138
-0.084159 -0.055123 0.035437 125 124 128
-0.089143 -0.046495 0.028796 110 110 112
-0.084830 -0.044273 0.035502 100 100 102
-0.081897 -0.041409 0.043210 112 114 119
-0.088289 -0.039320 0.036586 109 112 116
-0.085814 -0.039228 0.043820 119 124 130
-0.083611 0.084743 0.002333 152 158 170
-0.085310 0.095672 -0.006806 121 120 126
-0.084845 0.104135 -0.007640 124 123 130
-0.085780 0.115605 -0.006611 121 121 125
-0.084811 0.128010 -0.013327 168 171 176
-0.084786 0.123093 -0.006193 156 158 161
-0.085923 0.133975 -0.016598 172 174 180
-0.084448 0.133731 -0.005605 175 178 180
-0.081615 0.133177 0.004553 142 144 148
-0.084694 0.145354 -0.016076 180 182 186
-0.084755 0.156418 -0.025019 163 163 165
-0.084507 0.153565 -0.016600 184 185 186
-0.084853 0.163893 -0.024143 165 166 169
-0.084975 0.168411 -0.017771 193 193 198
-0.085110 0.173653 -0.020281 185 185 194
-0.084830 0.174760 -0.016822 194 194 201
-0.084268 0.185441 -0.014906 204 203 210
-0.085483 0.184812 -0.008801 208 207 212
-0.084598 0.195199 -0.016032 204 202 208
-0.084082 0.207706 -0.030371 173 174 176
-0.084937 0.205811 -0.025227 171 171 174
-0.085518 0.201878 -0.016685 204 201 206
-0.085036 0.214526 -0.024209 177 177 183
-0.085499 0.218494 -0.018294 204 203 209
-0.084651 0.222479 -0.020658 204 203 210
-0.084903 0.224989 -0.017853 202 201 208
-0.088680 0.234166 -0.020465 200 199 209
-0.084822 0.234629 -0.017852 200 199 207
-0.084955 0.243849 -0.015469 119 119 123
-0.086952 0.246415 -0.007938 47 46 52
-0.084794 0.304484 -0.016126 65 65 70
-0.085220 0.316125 -0.017352 116 120 126
-0.084840 0.325911 -0.015344 171 173 177
-0.084193 0.336692 -0.020252 195 194 200
-0.085153 0.335082 -0.017430 190 188 193
-0.086230 0.343151 -0.020282 188 187 191
-0.083780 0.343256 -0.017728 191 190 195
-0.085549 0.356395 -0.023296 114 114 116
-0.084755 0.351762 -0.018143 112 111 114
-0.085192 0.365094 -0.025008 127 127 138
-0.085055 0.374970 -0.024468 142 144 165
-0.085180 0.382409 -0.024572 156 154 174
-0.076262 -0.316390 -0.042973 98 100 106
-0.074934 -0.313769 -0.034511 140 142 149
-0.074373 -0.311263 -0.027808 164 165 174
-0.074811 -0.304834 -0.024417 158 160 168
-0.075117 -0.291490 -0.031720 137 138 141
-0.074657 -0.296455 -0.025736 146 147 154
-0.074859 -0.287430 -0.032114 102 104 109
-0.075026 -0.282470 -0.027387 148 152 158
-0.074908 -0.275041 -0.023481 147 150 157
-0.075119 -0.264831 -0.022909 144 147 154
-0.075101 -0.255036 -0.022169 139 142 150
-0.074551 -0.241147 -0.030887 115 116 120
-0.074969 -0.245956 -0.025170 133 135 140
-0.074971 -0.237333 -0.031365 88 90 95
-0.074737 -0.232540 -0.026426 140 142 152
-0.075036 -0.224961 -0.022977 144 144 155
-0.074869 -0.214970 -0.022028 146 146 158
-0.074808 -0.204953 -0.022110 148 146 158
-0.076947 -0.190659 -0.030827 126 126 130
-0.074698 -0.195449 -0.025566 147 146 156
-0.074666 -0.187323 -0.030942 95 96 100
-0.073836 -0.182328 -0.026015 143 145 154
-0.074264 -0.175287 -0.023533 149 151 161
-0.073462 -0.163969 -0.023379 144 146 157
-0.074326 -0.154864 -0.023327 140 142 152
-0.073168 -0.143170 -0.031183 102 104 111
-0.074837 -0.146082 -0.026405 128 129 138
-0.074635 -0.137381 -0.031054 91 92 99
-0.074655 -0.133592 -0.026541 130 131 144
-0.074257 -0.125984 -0.022954 136 137 150
-0.074954 -0.114984 -0.022690 136 135 149
-0.074896 -0.105898 -0.022255 122 123 132
-0.076551 -0.102340 -0.018583 100 101 108
-0.076904 -0.104946 0.036500 100 101 107
-0.075034 -0.104533 0.045626 128 126 127
-0.073830 -0.104148 0.050816 127 123 119
-0.074862 -0.098823 -0.021360 90 90 100
-0.074742 -0.095006 -0.013420 107 106 119
-0.077192 -0.093031 -0.009189 109 108 121
-0.078547 -0.093882 0.027626 119 120 135
-0.074475 -0.094934 0.035630 120 120 133
-0.074844 -0.094517 0.045503 123 118 119
-0.071712 -0.096954 0.050514 128 120 118
-0.072879 -0.086558 -0.010992 107 106 120
-0.076904 -0.085001 -0.007755 109 107 120
-0.077582 -0.084706 0.026586 111 108 126
-0.073069 -0.085165 0.035167 132 129 144
-0.074646 -0.085479 0.045743 107 103 103
-0.072583 -0.078493 -0.010504 106 104 112
-0.075626 -0.075310 -0.006197 95 93 103
-0.076888 -0.075900 0.003870 98 97 112
-0.076664 -0.074945 0.025589 123 121 141
-0.072145 -0.075103 0.034700 112 109 125
-0.074073 -0.074946 0.045750 103 99 98
-0.074838 -0.067087 -0.003019 120 121 142
-0.076415 -0.064111 0.003372 126 128 155
-0.076995 -0.062987 0.016169 131 129 156
-0.075593 -0.064941 0.025367 122 121 138
-0.071479 -0.065487 0.033635 115 112 127
-0.073369 -0.065969 0.045540 115 111 112
-0.075048 -0.054825 0.003233 134 134 165
-0.076273 -0.055922 0.015953 161 159 179
-0.072902 -0.056457 0.023765 138 135 153
-0.071923 -0.058597 0.032566 115 113 126
-0.073808 -0.055039 0.045697 120 118 122
-0.072986 -0.047696 0.006359 122 123 148
-0.072065 -0.046812 0.013736 106 106 130
-0.074707 -0.045848 0.046274 96 98 102
-0.073655 -0.042467 0.053708 122 127 134
-0.074739 0.085713 0.003623 146 152 164
-0.075520 0.095715 -0.005055 119 119 124
-0.075396 0.104862 -0.005910 126 126 130
-0.075646 0.114531 -0.005189 130 130 134
-0.077438 0.127450 -0.013273 166 168 174
-0.075175 0.124505 -0.005236 155 156 160
-0.075312 0.137234 -0.014250 186 187 190
-0.073877 0.134566 -0.005668 170 172 176
-0.074591 0.136165 0.004305 133 135 138
-0.072744 0.134476 0.013424 124 125 128
-0.074255 0.144228 -0.020947 165 168 175
-0.076863 0.143348 -0.014674 187 188 192
-0.075774 0.141532 -0.006277 193 194 196
-0.074653 0.156247 -0.025467 156 157 160
-0.074452 0.153251 -0.017363 182 183 185
-0.075032 0.164290 -0.024455 167 169 173
-0.076215 0.168210 -0.018023 195 195 200
-0.073053 0.176558 -0.020710 194 194 205
-0.074919 0.175731 -0.015910 202 202 208
-0.074898 0.184796 -0.015807 206 205 212
-0.073707 0.194924 -0.020878 194 195 205
-0.075638 0.194198 -0.017075 204 203 210
-0.076270 0.207774 -0.030213 170 170 172
-0.075140 0.205635 -0.025560 174 173 176
-0.074152 0.202016 -0.017749 204 201 206
-0.075010 0.214596 -0.024145 177 177 182
-0.074327 0.218561 -0.019045 206 207 212
-0.077302 0.222733 -0.020676 206 206 213
-0.075013 0.225058 -0.018328 202 202 209
-0.074961 0.234986 -0.017242 201 200 208
-0.075007 0.244066 -0.015811 124 124 128
-0.077034 0.276828 0.016026 32 28 36
-0.077345 0.281381 0.018007 33 30 38
-0.075356 0.283581 0.021206 30 27 36
-0.075459 0.304752 -0.017030 72 72 78
-0.072712 0.312857 -0.021412 76 75 80
-0.074650 0.316335 -0.016863 112 114 121
-0.074950 0.325810 -0.014888 152 153 158
-0.075043 0.334998 -0.017056 187 186 190
-0.074859 0.344626 -0.017408 189 189 192
-0.077100 0.358186 -0.021627 96 95 98
-0.074041 0.353416 -0.016819 139 139 142
-0.075038 0.365228 -0.022147 132 133 138
-0.072254 0.365206 -0.019703 95 94 98
-0.076532 0.375610 -0.021549 170 169 178
-0.076956 0.381963 -0.023102 182 181 188
-0.065551 -0.314768 -0.032777 119 120 124
-0.064439 -0.311711 -0.026910 162 165 172
-0.065368 -0.304998 -0.024849 159 161 170
-0.065000 -0.291456 -0.031595 138 139 142
-0.065058 -0.296336 -0.025934 148 150 155
-0.065035 -0.287212 -0.031952 110 113 118
-0.065020 -0.282290 -0.026745 152 155 162
-0.065231 -0.275053 -0.023281 150 152 160
-0.065214 -0.265050 -0.023096 147 150 158
-0.065010 -0.255267 -0.021985 144 146 154
-0.064682 -0.241055 -0.031032 118 118 124
-0.065036 -0.245917 -0.024987 134 136 142
-0.065024 -0.237312 -0.031511 92 92 99
-0.065060 -0.232260 -0.026803 146 147 158
-0.064930 -0.225131 -0.022248 146 147 158
-0.065115 -0.214974 -0.022220 150 150 162
-0.064860 -0.205190 -0.022210 151 151 162
-0.065076 -0.190866 -0.030572 135 134 140
-0.065046 -0.195745 -0.025127 150 150 160
-0.064353 -0.187390 -0.030968 110 112 119
-0.064763 -0.182651 -0.026812 147 149 160
-0.064921 -0.175218 -0.023474 153 154 167
-0.065051 -0.164399 -0.022905 149 151 163
-0.065058 -0.155004 -0.023622 146 148 160
-0.064863 -0.142998 -0.031644 110 112 118
-0.064803 -0.146705 -0.026277 136 137 146
-0.065082 -0.136818 -0.031625 101 101 109
-0.065237 -0.132964 -0.026450 135 137 150
-0.064800 -0.125327 -0.022851 134 135 149
-0.067227 -0.126065 -0.019413 116 118 132
-0.065038 -0.115096 -0.023524 132 133 145
-0.064778 -0.105596 -0.023287 119 118 129
-0.064682 -0.098539 -0.021797 92 92 106
-0.064749 -0.095016 -0.014300 104 104 121
-0.069223 -0.094715 0.046789 170 164 170
-0.063783 -0.085721 -0.012036 104 103 120
-0.063814 -0.083266 -0.009102 100 100 114
-0.069574 -0.083529 0.039459 129 123 142
-0.068800 -0.084364 0.045190 127 121 130
-0.064716 -0.077053 -0.011146 96 95 106
-0.064682 -0.074432 -0.006783 89 90 103
-0.069328 -0.074506 0.038420 143 138 156
-0.068379 -0.074968 0.046739 126 122 127
-0.067676 -0.076739 0.050348 132 128 130
-0.065041 -0.066766 -0.002070 124 128 152
-0.066451 -0.062901 0.000642 126 129 153
-0.068919 -0.064080 0.037369 110 107 119
-0.067632 -0.064204 0.046058 122 118 122
-0.065209 -0.054568 0.001796 125 128 151
-0.068475 -0.054233 0.026750 115 115 133
-0.067090 -0.055785 0.035074 93 92 108
-0.065384 -0.056129 0.046651 90 88 94
-0.063656 -0.053072 0.051656 84 85 87
-0.067296 -0.047974 0.006542 122 125 146
-0.065812 -0.044881 0.015294 103 106 125
-0.065744 -0.045081 0.024869 110 111 132
-0.063923 -0.045895 0.034522 112 114 132
-0.064459 -0.047072 0.046811 94 97 105
-0.064212 -0.045492 0.053718 109 114 120
-0.064304 -0.043143 0.064539 124 129 137
-0.062982 0.067320 0.004356 126 136 158
-0.063518 0.074754 0.002429 130 139 160
-0.064570 0.084890 0.006129 141 147 161
-0.068418 0.097050 -0.001559 116 118 122
-0.064471 0.094353 0.004201 110 110 116
-0.060648 0.092270 0.010531 122 124 131
-0.068409 0.104564 -0.001426 120 121 126
-0.063565 0.105104 0.003747 98 100 106
-0.067589 0.112802 -0.002559 110 109 117
-0.064273 0.116293 0.005902 99 99 105
-0.060444 0.115186 0.011020 112 112 118
-0.063471 0.127352 -0.021703 134 138 151
-0.064831 0.124093 -0.015640 103 104 116
-0.064931 0.126461 -0.004865 106 107 116
-0.065011 0.125903 0.005562 150 152 157
-0.062445 0.128646 0.011212 72 75 80
-0.062772 0.133018 -0.021289 140 144 158
-0.066532 0.134286 -0.003795 148 149 154
-0.064326 0.134325 0.005136 96 97 101
-0.065238 0.135253 0.013322 117 119 121
-0.063940 0.147002 -0.016835 141 142 150
-0.065325 0.155863 -0.025851 153 154 158
-0.064843 0.151801 -0.017366 168 168 172
-0.064991 0.164369 -0.024638 169 170 176
-0.063515 0.169018 -0.016735 205 206 211
-0.066069 0.175177 -0.020482 192 192 204
-0.064263 0.175627 -0.015845 204 203 210
-0.064667 0.173305 -0.008317 202 202 208
-0.065452 0.188069 -0.020605 200 200 212
-0.064209 0.184556 -0.015383 206 205 213
-0.065890 0.193681 -0.020735 199 200 210
-0.064038 0.195464 -0.016631 204 203 211
-0.064955 0.205922 -0.025123 175 175 177
-0.064497 0.202980 -0.017222 200 198 204
-0.064339 0.213874 -0.023381 187 186 191
-0.063473 0.216026 -0.018762 186 186 191
-0.064839 0.224647 -0.017602 203 202 209
-0.065007 0.235354 -0.016817 201 201 208
-0.064720 0.244329 -0.015043 126 125 129
-0.064398 0.247617 -0.007297 66 65 70
-0.062554 0.251068 -0.012271 58 56 62
-0.062642 0.251949 -0.007864 66 67 73
-0.063007 0.284763 0.027755 38 36 40
-0.065771 0.304973 -0.016873 100 100 104
-0.066495 0.313662 -0.021190 108 108 113
-0.065190 0.316498 -0.018057 132 133 138
-0.065022 0.326001 -0.014885 150 151 156
-0.065083 0.335273 -0.016715 180 181 184
-0.064891 0.345084 -0.016984 186 185 189
-0.063966 0.355925 -0.021288 138 138 141
-0.064546 0.352633 -0.017071 149 149 152
-0.066216 0.367063 -0.021044 157 156 160
-0.064424 0.367064 -0.018038 171 170 172
-0.065700 0.372505 -0.020926 196 194 198
-0.063305 0.375647 -0.017620 190 188 192
-0.059225 -0.315402 -0.031221 118 118 122
-0.054876 -0.312139 -0.024741 160 162 170
-0.054862 -0.304919 -0.023216 160 162 171
-0.055095 -0.291384 -0.031486 140 142 146
-0.054853 -0.296308 -0.025556 149 151 156
-0.055024 -0.287496 -0.031625 102 104 108
-0.054907 -0.282550 -0.026852 150 152 160
-0.054932 -0.275035 -0.022328 150 153 160
-0.054770 -0.265040 -0.022245 148 150 158
-0.054934 -0.254844 -0.022060 144 146 156
-0.055621 -0.241187 -0.031154 119 120 126
-0.055017 -0.246265 -0.024869 137 140 146
-0.055084 -0.237149 -0.031585 90 91 98
-0.054877 -0.232328 -0.026337 146 149 159
-0.055000 -0.224829 -0.022076 148 148 160
-0.055252 -0.214985 -0.022635 152 152 164
-0.055105 -0.204807 -0.022542 153 153 166
-0.053070 -0.191472 -0.031538 133 135 140
-0.054316 -0.194037 -0.026266 148 149 158
-0.053534 -0.187618 -0.031052 113 114 120
-0.054787 -0.182981 -0.026741 152 153 164
-0.054577 -0.174237 -0.023844 151 153 164
-0.054967 -0.164932 -0.022768 150 152 165
-0.057025 -0.163038 -0.019592 138 141 150
-0.055094 -0.154892 -0.023223 149 152 163
-0.055309 -0.142460 -0.030918 116 117 124
-0.054604 -0.146484 -0.026541 135 137 148
-0.054869 -0.137231 -0.031275 99 100 108
-0.054955 -0.132907 -0.026701 136 139 153
-0.055104 -0.125234 -0.023614 137 139 154
-0.055112 -0.115018 -0.024689 136 136 150
-0.055050 -0.105437 -0.024174 118 118 129
-0.052974 -0.105683 -0.014573 106 108 126
-0.055049 -0.098434 -0.021988 91 91 104
-0.055091 -0.094189 -0.015875 103 102 122
-0.054812 -0.085417 -0.013498 102 100 122
-0.055273 -0.077011 -0.012035 94 93 112
-0.054997 -0.074098 -0.005538 100 102 126
-0.055186 -0.066640 -0.001202 124 129 165
-0.052722 -0.062499 0.000688 122 128 164
-0.055217 -0.055600 0.003647 120 124 152
-0.054691 -0.053182 0.014510 114 117 135
-0.052561 -0.053155 0.023466 86 89 104
-0.054268 -0.048131 0.013948 182 184 194
-0.056456 -0.045951 0.025712 113 116 132
-0.055419 -0.044514 0.034864 110 116 132
-0.056377 -0.045584 0.046004 110 114 128
-0.056107 -0.045185 0.054683 118 124 134
-0.055530 -0.044141 0.065607 122 129 137
-0.054184 -0.042141 0.073879 124 130 138
-0.054038 -0.037010 0.077122 126 130 139
-0.052348 -0.024520 0.073404 118 124 133
-0.057560 0.068023 0.007075 124 134 156
-0.053787 0.066047 0.014366 114 123 147
-0.056888 0.074715 0.006627 81 88 108
-0.051923 0.074527 0.011674 77 84 110
-0.058200 0.083203 0.008410 42 47 70
-0.054682 0.086228 0.014263 85 91 108
-0.058593 0.096660 0.008894 76 78 84
-0.054350 0.093789 0.014461 85 88 100
-0.050832 0.095598 0.020929 102 107 122
-0.055646 0.105411 0.005700 88 88 98
-0.054506 0.106883 0.015803 64 65 74
-0.050852 0.107333 0.021201 75 76 86
-0.054234 0.116472 -0.014284 108 110 126
-0.054260 0.114815 -0.006081 58 58 74
-0.054548 0.114566 0.004989 77 77 88
-0.056154 0.114657 0.015077 82 82 91
-0.051029 0.113824 0.021265 76 76 86
-0.054400 0.126346 -0.021136 134 138 153
-0.053067 0.126002 -0.015713 164 166 174
-0.055912 0.125017 -0.004485 37 38 50
-0.056236 0.125757 0.006400 56 56 66
-0.054499 0.126775 0.014769 52 52 59
-0.050935 0.126728 0.021165 40 40 55
-0.055133 0.133274 -0.021858 142 144 160
-0.054035 0.136031 -0.017116 159 160 169
-0.056265 0.132639 -0.003561 42 44 53
-0.056007 0.133332 0.006358 61 64 71
-0.055983 0.134384 0.015519 83 84 87
-0.051350 0.135753 0.021243 52 54 57
-0.053182 0.144864 -0.021822 168 170 182
-0.055492 0.145065 -0.017426 183 184 191
-0.054241 0.146255 -0.005130 38 39 44
-0.054816 0.155551 -0.025788 152 152 157
-0.054181 0.154518 -0.016544 156 157 161
-0.053115 0.156038 -0.005216 45 46 49
-0.053624 0.157312 0.004198 98 98 101
-0.053971 0.164979 -0.023062 154 155 162
-0.055281 0.167808 -0.017646 183 185 191
-0.056926 0.163949 -0.005824 112 113 116
-0.057005 0.161735 0.001391 130 131 135
-0.056135 0.173905 -0.020820 192 192 204
-0.054878 0.174577 -0.016564 206 206 214
-0.055684 0.185537 -0.020807 200 200 212
-0.055186 0.185064 -0.016530 208 207 215
-0.054726 0.194804 -0.020592 202 202 212
-0.055277 0.194839 -0.016892 205 205 213
-0.055074 0.205702 -0.024779 175 175 178
-0.056000 0.202927 -0.016977 198 196 202
-0.053828 0.214807 -0.022902 169 168 172
-0.055821 0.216544 -0.018626 196 195 200
-0.052203 0.221567 -0.020832 209 210 216
-0.054584 0.224861 -0.016961 202 201 208
-0.054583 0.234351 -0.016148 200 197 206
-0.055241 0.244339 -0.015741 131 131 135
-0.053681 0.251690 -0.012243 60 61 65
-0.053855 0.252814 -0.007782 64 66 71
-0.058426 0.284028 0.029068 36 34 42
-0.055641 0.284008 0.033759 44 41 47
-0.056029 0.304691 -0.015709 104 104 106
-0.054565 0.316813 -0.018067 174 173 176
-0.054747 0.325895 -0.014791 166 165 169
-0.054877 0.335107 -0.015881 174 174 177
-0.054682 0.345118 -0.016262 178 177 180
-0.054405 0.357183 -0.021790 149 149 150
-0.055144 0.353940 -0.016898 140 139 141
-0.054144 0.363411 -0.022785 146 146 146
-0.055057 0.368187 -0.015375 142 140 144
-0.055009 0.375053 -0.015103 191 190 194
-0.054999 0.380503 -0.015243 197 196 198
-0.044254 -0.312070 -0.023374 164 166 174
-0.044718 -0.305032 -0.023367 162 164 174
-0.045505 -0.291270 -0.031430 140 142 146
-0.044805 -0.296064 -0.025385 150 152 158
-0.044802 -0.287185 -0.031659 108 111 116
-0.045471 -0.282432 -0.027028 148 150 158
-0.045156 -0.274900 -0.022895 150 154 160
-0.045050 -0.264995 -0.023024 148 151 158
-0.045055 -0.255107 -0.022475 144 146 155
-0.045187 -0.240792 -0.031097 118 120 126
-0.044886 -0.245833 -0.025295 137 140 146
-0.045025 -0.237074 -0.031870 92 94 100
-0.045350 -0.232146 -0.027054 146 150 160
-0.045201 -0.225097 -0.022902 148 150 162
-0.044907 -0.214869 -0.022172 153 154 166
-0.045014 -0.204981 -0.022162 155 155 168
-0.044636 -0.191722 -0.031439 141 143 149
-0.044966 -0.195483 -0.025043 154 154 164
-0.045285 -0.187611 -0.030919 114 117 123
-0.044240 -0.182171 -0.027018 152 154 166
-0.045168 -0.174992 -0.024631 154 155 168
-0.044961 -0.165051 -0.023122 152 154 166
-0.043963 -0.153801 -0.024035 134 136 151
-0.045019 -0.142587 -0.031415 123 124 132
-0.044665 -0.146265 -0.026406 132 134 148
-0.044965 -0.136947 -0.031224 100 101 111
-0.044149 -0.134172 -0.025969 141 144 162
-0.045092 -0.125063 -0.024395 140 142 160
-0.044903 -0.115255 -0.024179 134 136 153
-0.045167 -0.105486 -0.024579 117 119 131
-0.044747 -0.104525 -0.016563 106 108 130
-0.045261 -0.098465 -0.021687 92 90 106
-0.045031 -0.094203 -0.015600 108 106 128
-0.045130 -0.085346 -0.013658 104 102 124
-0.043245 -0.081181 -0.009344 95 94 118
-0.045636 -0.077379 -0.011748 84 82 102
-0.044949 -0.075031 -0.004499 118 121 156
-0.042976 -0.072027 0.002017 149 154 200
-0.047959 -0.067301 -0.000309 132 138 181
-0.044278 -0.064334 0.001257 138 142 186
-0.042482 -0.063267 0.013205 74 77 111
-0.046624 -0.057785 0.005781 109 112 145
-0.044229 -0.055383 0.014289 113 114 140
-0.045278 -0.055338 0.024898 116 116 129
-0.044407 -0.055752 0.034505 80 80 92
-0.043001 -0.054892 0.044586 98 102 114
-0.045774 -0.048817 0.025677 166 167 180
-0.048203 -0.047605 0.036477 104 108 120
-0.045543 -0.046936 0.045152 100 106 121
-0.045092 -0.046798 0.054915 120 127 141
-0.045415 -0.046932 0.065402 124 130 141
-0.044541 -0.043488 0.075140 120 128 136
-0.044532 -0.034655 0.076082 116 124 132
-0.044679 -0.026349 0.075731 113 120 130
-0.043498 -0.026354 0.083206 112 120 128
-0.048203 0.067807 0.017796 110 117 142
-0.044480 0.066578 0.025141 108 116 144
-0.040857 0.076286 0.004560 142 150 208
-0.047206 0.075067 0.015882 71 76 103
-0.042158 0.074772 0.022187 79 84 111
-0.041018 0.083552 0.004613 83 84 148
-0.048042 0.085920 0.017935 71 74 92
-0.043857 0.086594 0.024023 69 74 97
-0.042391 0.097638 -0.004541 96 96 122
-0.041220 0.096653 0.003605 108 116 158
-0.048821 0.093626 0.018984 28 30 40
-0.044449 0.094914 0.025372 63 67 84
-0.041173 0.098105 0.030953 136 141 166
-0.043654 0.105431 -0.005069 104 104 131
-0.044238 0.104787 0.004685 110 112 136
-0.044224 0.105843 0.015000 84 86 102
-0.045350 0.106208 0.026531 71 70 82
-0.041651 0.105010 0.031774 135 137 150
-0.044798 0.115614 -0.014993 108 110 132
-0.043255 0.114160 -0.005351 130 132 152
-0.045826 0.115372 0.005109 83 83 99
-0.044206 0.114892 0.015300 38 38 58
-0.044352 0.115110 0.026365 66 65 79
-0.041402 0.113693 0.031346 54 52 64
-0.045755 0.124537 -0.021423 135 140 155
-0.044867 0.125590 -0.017301 167 169 180
-0.047108 0.124151 0.006993 46 48 59
-0.045842 0.124765 0.015721 38 40 53
-0.043991 0.124361 0.025323 42 42 56
-0.040529 0.122531 0.030895 42 43 55
-0.045189 0.136105 -0.021479 151 154 168
-0.043691 0.136358 -0.016026 183 184 192
-0.040871 0.138857 -0.003642 228 228 232
-0.043564 0.135971 0.004790 132 135 142
-0.044437 0.135490 0.015156 100 102 108
-0.044897 0.135259 0.023925 109 112 116
-0.045246 0.145418 -0.022315 170 174 186
-0.044031 0.144653 -0.016564 206 206 214
-0.043487 0.144867 -0.006128 192 192 198
-0.045229 0.143893 0.003820 119 121 125
-0.046388 0.142313 0.012832 90 92 95
-0.043659 0.156952 -0.023599 178 177 183
-0.045060 0.154091 -0.016866 211 210 217
-0.048840 0.151355 -0.008278 140 141 145
-0.044987 0.164979 -0.023742 162 163 170
-0.045827 0.168701 -0.018023 215 216 219
-0.042432 0.171735 -0.020717 207 208 217
-0.044779 0.174946 -0.016341 209 209 217
-0.044941 0.185070 -0.016920 209 209 217
-0.045363 0.197362 -0.020474 204 204 212
-0.044920 0.195354 -0.016712 208 206 215
-0.043044 0.207151 -0.030470 172 173 175
-0.044837 0.205762 -0.025011 175 175 177
-0.045468 0.202618 -0.017664 202 201 207
-0.045388 0.214702 -0.023170 170 169 173
-0.044031 0.216703 -0.018389 197 196 198
-0.047051 0.222444 -0.021078 211 212 218
-0.044964 0.225297 -0.016831 204 203 210
-0.044568 0.234499 -0.016186 201 199 207
-0.042742 0.245704 -0.022102 134 134 143
-0.044386 0.245071 -0.014797 124 122 129
-0.044976 0.245619 -0.009006 88 86 92
-0.044722 0.251867 -0.012054 72 71 77
-0.043227 0.254224 -0.007271 70 70 75
-0.042442 0.258753 0.026709 31 28 32
-0.042628 0.263817 0.025521 30 27 33
-0.044476 0.262520 0.031541 50 48 52
-0.043349 0.276683 0.015657 32 30 36
-0.041323 0.272991 0.020946 32 30 36
-0.042336 0.283122 0.015727 28 26 31
-0.045222 0.283857 0.025459 28 26 32
-0.047662 0.285376 0.031158 35 34 40
-0.044745 0.316365 -0.016689 186 186 189
-0.045338 0.326342 -0.014511 187 187 189
-0.045081 0.335105 -0.015055 182 182 184
-0.045079 0.345037 -0.016065 175 174 176
-0.045134 0.356662 -0.023344 163 163 164
-0.045399 0.354247 -0.016717 141 140 142
-0.044401 0.363140 -0.022969 131 132 131
-0.043786 0.365979 -0.016900 156 156 157
-0.044805 0.374414 -0.014297 178 178 182
-0.043208 0.374409 -0.008727 105 104 108
-0.042036 0.380746 -0.014943 204 203 204
-0.034783 -0.312214 -0.025493 166 168 175
-0.034973 -0.305016 -0.024178 162 165 174
-0.034219 -0.291124 -0.031156 142 144 147
-0.035058 -0.295882 -0.026040 150 153 160
-0.034833 -0.287597 -0.031494 102 104 109
-0.034935 -0.282561 -0.026939 154 157 164
-0.035156 -0.275056 -0.022985 151 154 163
-0.035020 -0.264884 -0.022598 147 150 158
-0.035223 -0.254982 -0.022724 142 146 155
-0.034920 -0.240722 -0.030644 122 124 128
-0.035006 -0.245737 -0.025348 137 140 146
-0.034917 -0.237301 -0.031261 90 94 99
-0.034911 -0.232494 -0.026634 144 148 158
-0.034820 -0.225035 -0.022425 148 152 162
-0.034994 -0.215107 -0.022453 154 156 169
-0.034767 -0.204959 -0.021591 157 158 171
-0.035233 -0.191890 -0.032799 139 141 147
-0.035098 -0.195374 -0.025140 157 157 168
-0.034168 -0.187825 -0.031402 124 128 134
-0.034636 -0.183295 -0.026966 144 146 157
-0.034656 -0.174973 -0.023473 157 158 172
-0.034983 -0.164906 -0.023571 156 156 171
-0.035074 -0.154965 -0.023438 153 155 170
-0.034325 -0.143507 -0.031422 123 126 137
-0.035344 -0.145981 -0.027041 137 140 153
-0.034991 -0.136693 -0.031561 105 106 118
-0.034872 -0.133365 -0.026284 138 142 161
-0.033939 -0.125970 -0.023696 135 138 159
-0.035018 -0.115361 -0.024198 136 137 156
-0.035279 -0.105349 -0.024542 117 117 133
-0.034905 -0.103502 -0.016136 106 108 134
-0.034681 -0.098762 -0.021569 86 84 101
-0.035050 -0.094489 -0.014598 112 111 134
-0.035385 -0.085878 -0.012774 109 107 130
-0.034286 -0.081604 -0.008367 90 91 118
-0.037138 -0.078102 -0.011601 67 68 90
-0.034943 -0.076366 -0.003892 152 158 201
-0.034666 -0.072547 0.001655 170 179 232
-0.035230 -0.064639 0.001635 154 161 212
-0.036335 -0.063917 0.016314 141 141 170
-0.033496 -0.063394 0.024049 134 134 165
-0.037323 -0.063412 0.036871 143 144 169
-0.034640 -0.062559 0.046300 159 158 170
-0.032124 -0.061999 0.053324 120 120 128
-0.032557 -0.057083 0.004603 197 201 230
-0.035738 -0.057654 0.015715 164 162 182
-0.034670 -0.055524 0.025395 144 142 169
-0.034974 -0.055058 0.034842 230 226 235
-0.035964 -0.056256 0.045328 162 162 171
-0.034008 -0.055645 0.056016 99 103 114
-0.032049 -0.052108 0.064381 118 125 137
-0.031104 -0.051151 0.072631 111 120 128
-0.035133 -0.049238 0.045507 136 138 164
-0.037845 -0.048812 0.055762 116 123 138
-0.035873 -0.048859 0.065718 126 132 146
-0.035045 -0.045115 0.076004 121 126 138
-0.034331 -0.045756 0.084065 105 112 116
-0.035168 -0.034659 0.075204 115 122 132
-0.037070 -0.029152 0.077147 114 120 130
-0.035051 -0.027589 0.084796 114 120 130
-0.033392 -0.026452 0.093126 114 121 130
-0.038015 0.068969 0.027559 96 108 142
-0.035398 0.066585 0.034702 120 132 162
-0.032481 0.065451 0.042330 139 149 176
-0.033221 0.066368 0.073998 152 166 174
-0.035621 0.075122 0.002577 155 167 232
-0.036001 0.075104 0.014537 166 186 224
-0.034327 0.076003 0.025979 148 160 189
-0.032610 0.074908 0.032669 94 96 123
-0.036842 0.084440 0.002339 132 140 210
-0.037105 0.085449 0.015424 56 57 123
-0.036946 0.086643 0.026833 37 41 73
-0.033903 0.083976 0.032070 46 49 76
-0.034741 0.095602 -0.003472 122 126 159
-0.036033 0.094656 0.003948 159 164 205
-0.035333 0.096052 0.014972 108 113 157
-0.036532 0.095266 0.026700 67 72 104
-0.035429 0.097259 0.033025 96 100 128
-0.035825 0.103649 -0.007001 117 118 144
-0.038508 0.103560 0.006434 152 154 184
-0.036873 0.103926 0.015939 156 164 194
-0.034778 0.104932 0.025840 149 156 179
-0.035823 0.104529 0.033257 168 172 194
-0.033410 0.116702 -0.013344 122 123 146
-0.035008 0.113429 -0.007390 128 128 151
-0.034212 0.116895 0.007440 193 196 208
-0.034899 0.114659 0.016894 152 156 168
-0.035303 0.114957 0.025718 112 114 128
-0.037406 0.113096 0.031959 66 66 81
-0.034653 0.125014 -0.022126 132 137 158
-0.035368 0.125206 -0.017773 150 152 167
-0.034307 0.125839 -0.004478 194 194 204
-0.035325 0.124599 0.007162 166 169 174
-0.035219 0.124404 0.015939 150 153 160
-0.035444 0.123648 0.026303 116 119 128
-0.034718 0.123314 0.032302 116 118 127
-0.034409 0.135313 -0.021997 168 171 187
-0.034663 0.135181 -0.015360 186 187 196
-0.036191 0.134576 -0.006581 215 216 222
-0.037570 0.133327 0.004311 218 220 224
-0.037423 0.132719 0.014469 170 174 178
-0.037973 0.132534 0.024496 126 128 133
-0.038083 0.132596 0.032357 135 136 142
-0.034417 0.145760 -0.021758 188 190 202
-0.035531 0.145003 -0.016341 210 210 218
-0.035613 0.156680 -0.023754 177 176 184
-0.035398 0.153242 -0.017660 215 213 221
-0.035182 0.165420 -0.023867 169 170 179
-0.035043 0.167060 -0.019040 213 213 220
-0.033545 0.172997 -0.021021 213 214 222
-0.035703 0.174830 -0.017172 217 217 223
-0.034139 0.183234 -0.021288 202 202 215
-0.035197 0.185357 -0.016545 215 214 222
-0.033104 0.194632 -0.021011 204 205 215
-0.035985 0.195026 -0.016841 208 207 215
-0.036251 0.207327 -0.030610 172 172 174
-0.035097 0.205180 -0.025056 176 177 180
-0.035394 0.202921 -0.017085 203 202 206
-0.034508 0.215367 -0.023362 161 160 166
-0.036171 0.217142 -0.018625 199 198 201
-0.033045 0.223859 -0.021207 213 212 220
-0.035577 0.224034 -0.017289 206 205 211
-0.034231 0.235263 -0.021189 208 206 216
-0.036295 0.234924 -0.017338 204 202 212
-0.033974 0.245068 -0.021768 157 155 164
-0.035981 0.245124 -0.017067 134 131 141
-0.034390 0.252228 -0.021410 92 91 99
-0.035138 0.253131 -0.014486 104 102 112
-0.035412 0.255051 -0.006339 66 64 74
-0.032971 0.253058 0.002386 42 42 50
-0.035543 0.258604 0.026539 22 18 24
-0.036193 0.264406 0.025046 36 33 40
-0.035408 0.277024 0.016349 30 29 32
-0.035976 0.272934 0.022247 35 32 38
-0.036034 0.283632 0.015983 29 28 31
-0.033201 0.285719 0.021834 34 32 34
-0.034651 0.291338 0.016164 25 24 27
-0.033022 0.307398 -0.023461 106 106 108
-0.034312 0.304820 -0.016818 60 60 64
-0.033675 0.312617 -0.023053 126 126 129
-0.035120 0.316691 -0.017221 190 190 193
-0.034370 0.326152 -0.014602 194 194 197
-0.035052 0.335061 -0.015056 195 195 199
-0.034924 0.345086 -0.015237 177 177 179
-0.034597 0.357635 -0.022671 169 168 169
-0.035173 0.352513 -0.017492 146 146 148
-0.035401 0.363508 -0.022909 130 130 130
-0.034540 0.365830 -0.016684 193 192 195
-0.034373 0.374369 -0.012934 153 152 156
-0.033657 0.373920 -0.009125 113 112 116
-0.033779 0.381878 -0.014976 172 170 172
-0.024681 -0.312111 -0.023794 168 170 178
-0.024889 -0.304924 -0.023032 163 166 174
-0.025229 -0.291541 -0.031943 147 149 154
-0.024995 -0.296402 -0.024656 152 154 160
-0.024939 -0.287120 -0.032309 108 110 114
-0.025126 -0.282170 -0.026663 154 156 166
-0.025064 -0.274981 -0.022595 151 155 163
-0.025189 -0.265159 -0.022564 148 151 160
-0.024908 -0.255040 -0.022364 143 146 156
-0.025340 -0.241051 -0.031375 126 126 132
-0.025250 -0.246029 -0.024638 138 140 148
-0.025016 -0.237494 -0.031836 92 94 101
-0.025071 -0.232538 -0.026762 143 146 158
-0.025054 -0.225045 -0.022975 148 152 164
-0.024851 -0.215029 -0.021913 156 157 171
-0.025027 -0.204984 -0.021876 160 160 174
-0.024355 -0.193180 -0.033035 133 135 141
-0.025097 -0.196332 -0.026530 132 133 142
-0.024904 -0.187585 -0.031425 124 126 134
-0.025154 -0.182635 -0.026915 157 160 172
-0.024995 -0.174874 -0.023796 158 160 174
-0.025030 -0.165059 -0.024110 157 159 174
-0.024906 -0.154859 -0.023295 156 158 172
-0.025227 -0.143518 -0.031655 126 129 142
-0.025152 -0.145393 -0.026822 142 144 160
-0.023857 -0.137564 -0.031548 111 114 127
-0.024974 -0.133014 -0.026458 138 142 162
-0.024899 -0.125399 -0.023732 137 140 162
-0.024855 -0.115269 -0.024222 138 140 160
-0.024392 -0.114282 -0.016859 112 118 144
-0.024957 -0.105667 -0.023677 119 119 137
-0.023350 -0.102493 -0.016814 104 104 126
-0.024993 -0.105123 -0.008572 106 111 142
-0.026011 -0.099099 -0.021558 84 84 100
-0.024206 -0.096055 -0.012756 117 116 140
-0.024659 -0.092655 -0.008639 114 113 139
-0.026719 -0.087242 -0.011087 111 109 134
-0.023101 -0.084423 -0.006600 120 119 145
-0.024679 -0.076623 -0.002327 176 182 221
-0.025151 -0.072555 0.001290 177 187 236
-0.024475 -0.067910 -0.000345 166 178 232
-0.025148 -0.064312 0.001021 178 189 244
-0.026770 -0.063516 0.017652 249 249 253
-0.026142 -0.063700 0.025490 201 200 221
-0.028308 -0.062209 0.048591 222 222 247
-0.028074 -0.061194 0.054982 175 173 187
-0.024935 -0.055149 0.003493 172 181 234
-0.026553 -0.053543 0.015301 214 213 242
-0.025094 -0.055821 0.026353 199 196 226
-0.024974 -0.053164 0.032976 161 158 198
-0.026054 -0.053154 0.045823 218 216 234
-0.025808 -0.055828 0.056170 162 161 180
-0.024955 -0.054849 0.064655 118 122 136
-0.024093 -0.051467 0.073752 124 132 141
-0.022630 -0.050297 0.081713 111 120 126
-0.024770 -0.049096 0.036818 156 158 192
-0.024025 -0.049120 0.043271 171 170 206
-0.025275 -0.047199 0.077998 114 121 131
-0.022108 -0.045374 0.081631 113 121 129
-0.025342 -0.034797 0.076577 116 122 135
-0.024488 -0.032780 0.084402 115 121 134
-0.023534 -0.031229 0.094067 115 120 132
-0.028694 -0.029735 0.087973 114 120 130
-0.026868 -0.028741 0.094151 115 122 132
-0.023506 -0.027206 0.104976 114 122 130
-0.027173 0.066449 0.044312 130 153 187
-0.022877 0.067085 0.056247 128 142 171
-0.024735 0.066698 0.076599 152 162 170
-0.022864 0.064003 0.082080 150 162 171
-0.024658 0.074825 0.002334 174 191 247
-0.027533 0.073255 0.027083 181 206 248
-0.027205 0.073522 0.034331 161 169 205
-0.024459 0.074434 0.054757 178 184 195
-0.024503 0.085913 -0.001380 128 146 214
-0.025220 0.095003 -0.003254 146 152 192
-0.024331 0.106154 -0.012459 116 118 152
-0.023994 0.103507 -0.007406 118 117 144
-0.025654 0.104641 0.027240 130 130 152
-0.024639 0.107172 0.035793 175 180 189
-0.022775 0.108333 0.043853 187 194 199
-0.021606 0.108363 0.056659 186 194 200
-0.023650 0.117724 -0.020861 120 124 144
-0.025184 0.115686 -0.014130 129 131 156
-0.026413 0.113386 -0.008478 137 137 161
-0.021478 0.118953 0.003929 212 213 220
-0.026380 0.116253 0.026208 202 206 212
-0.026730 0.115903 0.035802 192 198 202
-0.025642 0.113583 0.043837 188 194 200
-0.024248 0.113011 0.053084 188 194 200
-0.025167 0.125061 -0.023458 142 146 168
-0.024616 0.127040 -0.014357 171 172 184
-0.024486 0.126199 -0.006266 192 194 202
-0.026447 0.123174 0.003504 222 222 229
-0.029208 0.121032 0.034585 196 200 204
-0.025427 0.134480 -0.022768 175 178 194
-0.026188 0.134383 -0.016236 194 194 205
-0.023802 0.145711 -0.022627 191 192 207
-0.023859 0.146010 -0.016780 217 215 225
-0.023063 0.156882 -0.030878 144 145 155
-0.025221 0.156282 -0.024761 164 165 173
-0.023959 0.153033 -0.017818 210 209 217
-0.022998 0.160503 -0.030494 161 162 174
-0.025011 0.165425 -0.023994 170 170 181
-0.024798 0.166947 -0.019558 215 215 222
-0.025774 0.172562 -0.021313 213 213 222
-0.024887 0.174640 -0.016405 223 223 229
-0.025244 0.184967 -0.021234 210 210 220
-0.025677 0.185298 -0.016576 216 215 223
-0.026435 0.194522 -0.021216 204 204 216
-0.024619 0.195060 -0.016013 214 212 219
-0.024659 0.205594 -0.025362 178 178 181
-0.024801 0.203109 -0.017753 204 203 207
-0.024785 0.215354 -0.023707 166 165 170
-0.025316 0.215243 -0.019215 195 193 198
-0.024178 0.223793 -0.021298 192 193 198
-0.026030 0.225719 -0.018409 210 208 216
-0.024666 0.235757 -0.021005 214 213 222
-0.024368 0.234701 -0.018880 208 206 216
-0.024610 0.244341 -0.022042 170 169 177
-0.025063 0.245292 -0.017322 127 124 134
-0.024799 0.254543 -0.023941 118 117 126
-0.024964 0.255174 -0.013926 113 111 122
-0.024382 0.255910 -0.005181 50 49 60
-0.024189 0.256185 0.003169 44 42 53
-0.022792 0.256361 0.011869 42 42 53
-0.026808 0.274783 0.020993 37 35 40
-0.024146 0.285644 0.025856 39 37 41
-0.022830 0.291031 0.024453 30 28 35
-0.024130 0.306810 -0.024285 138 137 138
-0.024640 0.303228 -0.017312 88 88 92
-0.024943 0.312905 -0.023531 161 161 163
-0.023622 0.318083 -0.015006 158 158 161
-0.024852 0.325598 -0.014711 200 198 203
-0.024866 0.334743 -0.014650 200 198 204
-0.024950 0.344823 -0.014810 191 190 195
-0.025152 0.357007 -0.023577 160 160 162
-0.024711 0.352863 -0.017309 173 171 173
-0.024371 0.364068 -0.022549 120 120 121
-0.024914 0.367025 -0.016316 181 180 183
-0.025181 0.373445 -0.012917 151 150 153
-0.022854 0.373776 -0.009116 162 160 165
-0.025466 0.382072 -0.015099 138 132 136
-0.015161 -0.312200 -0.024044 164 165 172
-0.015258 -0.304876 -0.023414 163 166 175
-0.014851 -0.291348 -0.031483 148 150 154
-0.015121 -0.296284 -0.025449 154 156 162
-0.014796 -0.287257 -0.032010 108 111 114
-0.014952 -0.282259 -0.027039 154 156 166
-0.015036 -0.275078 -0.022834 152 154 164
-0.014867 -0.265063 -0.022474 147 150 160
-0.015075 -0.254896 -0.022968 142 145 156
-0.014818 -0.240763 -0.030599 123 126 132
-0.014816 -0.245691 -0.024861 137 140 148
-0.015088 -0.237151 -0.031226 96 98 104
-0.014905 -0.232489 -0.026701 141 144 155
-0.014908 -0.225009 -0.023041 150 152 166
-0.014996 -0.215066 -0.022133 158 158 173
-0.013965 -0.203345 -0.024583 165 167 178
-0.015199 -0.192834 -0.032303 143 144 151
-0.014291 -0.197084 -0.026979 154 157 165
-0.015045 -0.187706 -0.031619 126 129 138
-0.014894 -0.182851 -0.026892 152 154 167
-0.014937 -0.175037 -0.024267 159 160 176
-0.014871 -0.164991 -0.024135 160 160 177
-0.014966 -0.154857 -0.023746 158 160 176
-0.015233 -0.143911 -0.031706 118 121 138
-0.015314 -0.145732 -0.026431 142 145 162
-0.016107 -0.137421 -0.031426 112 114 129
-0.014907 -0.133225 -0.026410 143 146 170
-0.014714 -0.125152 -0.023561 141 143 169
-0.014437 -0.115714 -0.023233 135 137 163
-0.015023 -0.106511 -0.022237 121 122 139
-0.015190 -0.103527 -0.016117 105 108 133
-0.014591 -0.099463 -0.020574 82 83 99
-0.014977 -0.095689 -0.012697 122 122 145
-0.013260 -0.093462 -0.008031 112 115 142
-0.016695 -0.088716 -0.010550 119 117 139
-0.014712 -0.084377 -0.006009 142 144 163
-0.014319 -0.076810 -0.001490 180 185 212
-0.014184 -0.073771 0.002257 161 168 201
-0.015437 -0.063786 -0.000587 144 157 203
-0.014662 -0.066528 0.002611 181 190 224
-0.012817 -0.065524 0.025773 194 201 206
-0.013303 -0.065463 0.035396 186 195 200
-0.014052 -0.065578 0.044456 186 194 198
-0.013259 -0.063683 0.055230 162 170 180
-0.012317 -0.061829 0.062867 140 146 160
-0.015087 -0.054995 0.003450 200 208 243
-0.014173 -0.051151 0.014673 245 246 251
-0.014963 -0.051315 0.025046 242 242 248
-0.015212 -0.051794 0.034999 237 238 247
-0.013539 -0.054301 0.045362 199 205 214
-0.013039 -0.054233 0.054315 172 179 192
-0.015936 -0.054618 0.065917 140 146 161
-0.014963 -0.052663 0.075249 132 139 151
-0.012099 -0.051032 0.080862 116 124 136
-0.019157 -0.049785 0.046223 179 180 210
-0.015915 -0.048122 0.077291 118 126 139
-0.014836 -0.045449 0.083818 115 123 133
-0.015051 -0.033508 0.084758 116 124 136
-0.014696 -0.031865 0.094901 116 122 134
-0.015768 -0.027804 0.106407 116 124 134
-0.013740 -0.027456 0.113649 117 124 134
-0.015062 0.067759 0.076904 152 162 173
-0.014709 0.064299 0.083395 154 164 174
-0.014981 0.075381 0.002390 180 200 247
-0.014309 0.074968 0.065295 174 180 188
-0.011743 0.071196 0.074491 156 166 176
-0.014927 0.085081 -0.000990 160 178 229
-0.016190 0.085967 0.000554 147 161 219
-0.015200 0.095352 -0.002156 154 164 202
-0.013686 0.094893 0.001588 206 211 232
-0.015327 0.094431 0.043137 163 160 177
-0.011916 0.096495 0.053932 190 194 200
-0.015340 0.105807 -0.013696 118 121 161
-0.015079 0.102820 -0.006474 120 122 145
-0.013183 0.105273 0.004115 200 199 210
-0.011707 0.107614 0.014713 218 219 225
-0.013165 0.107197 0.022534 208 209 216
-0.014614 0.102177 0.044572 196 200 206
-0.018572 0.102512 0.052534 187 194 198
-0.018651 0.105809 0.064579 186 194 199
-0.014381 0.115376 -0.014925 146 148 174
-0.013641 0.116443 -0.004182 182 181 192
-0.014344 0.114122 0.003717 202 202 209
-0.016399 0.112578 0.013467 222 224 230
-0.015243 0.125337 -0.023341 155 159 182
-0.014167 0.125998 -0.014390 197 196 208
-0.014991 0.123702 -0.006548 200 200 208
-0.013639 0.134422 -0.022993 188 189 211
-0.015827 0.134510 -0.016785 213 212 224
-0.015898 0.145336 -0.022570 193 195 211
-0.015872 0.146057 -0.017584 218 217 227
-0.015781 0.156979 -0.031221 156 158 169
-0.014957 0.155971 -0.023512 175 175 184
-0.016220 0.152385 -0.018109 212 210 220
-0.013430 0.161087 -0.030607 168 169 187
-0.015032 0.165818 -0.024462 176 175 187
-0.017257 0.169747 -0.018594 226 226 233
-0.014701 0.172311 -0.021454 209 209 219
-0.014172 0.174644 -0.017197 220 220 228
-0.013861 0.185535 -0.021267 211 210 222
-0.014983 0.185353 -0.016359 218 217 226
-0.013079 0.193994 -0.021023 211 212 221
-0.015315 0.194750 -0.016460 215 214 221
-0.015116 0.205139 -0.025084 181 181 185
-0.015784 0.202866 -0.017527 207 205 210
-0.015096 0.215541 -0.023856 170 169 175
-0.015651 0.215377 -0.019445 214 212 216
-0.013800 0.223440 -0.021342 199 198 204
-0.013827 0.223538 -0.018623 222 221 225
-0.014665 0.235913 -0.021588 212 211 218
-0.016075 0.232838 -0.018445 210 208 215
-0.015167 0.243400 -0.022711 195 194 203
-0.015003 0.246513 -0.015722 120 118 130
-0.015041 0.254797 -0.024998 138 137 146
-0.014460 0.256039 -0.013264 94 93 102
-0.016039 0.257670 -0.006377 57 56 63
-0.017599 0.258337 0.004159 40 40 48
-0.016429 0.257917 0.014249 39 39 50
-0.013151 0.258223 0.024552 62 61 72
-0.011077 0.259218 0.031325 60 58 69
-0.012104 0.264569 -0.011983 87 87 96
-0.014078 0.263013 -0.004978 49 48 55
-0.014639 0.263848 0.003145 39 39 45
-0.012959 0.263608 0.014838 36 36 43
-0.012399 0.263395 0.024024 45 44 53
-0.010938 0.262969 0.031551 42 40 50
-0.011323 0.274410 -0.011991 58 56 64
-0.013035 0.274790 -0.004199 49 48 53
-0.013585 0.275033 0.004404 38 38 45
-0.011919 0.275493 0.013779 36 36 43
-0.012416 0.273036 0.023720 43 42 51
-0.012069 0.286465 -0.012375 60 58 66
-0.013984 0.285952 -0.004938 48 46 52
-0.014318 0.284592 0.004329 39 38 45
-0.011795 0.285035 0.013505 39 39 45
-0.017119 0.285645 0.027323 39 37 42
-0.012877 0.295812 -0.013644 65 64 70
-0.015151 0.293650 -0.005296 47 46 51
-0.015139 0.294178 0.004492 41 41 47
-0.013132 0.292786 0.013234 41 40 47
-0.017547 0.291376 0.024957 34 32 40
-0.014917 0.306047 -0.024252 173 172 173
-0.013625 0.302620 -0.016696 84 83 87
-0.015899 0.302849 -0.005240 54 52 57
-0.016534 0.302426 0.003417 46 44 50
-0.013617 0.312860 -0.022705 150 150 151
-0.014715 0.317013 -0.016369 185 184 186
-0.014835 0.324892 -0.014450 201 200 205
-0.015148 0.335028 -0.014961 201 200 206
-0.015138 0.345241 -0.015323 197 197 200
-0.015196 0.356741 -0.023727 160 160 162
-0.015130 0.352536 -0.017077 187 185 187
-0.015011 0.363945 -0.023106 125 125 127
-0.015146 0.367694 -0.016215 181 181 184
-0.014426 0.373574 -0.012640 154 152 156
-0.016855 0.374281 -0.009422 142 140 144
-0.014644 0.381927 -0.015071 87 82 88
-0.004990 -0.312158 -0.023257 162 164 172
-0.005004 -0.305106 -0.023031 165 168 176
-0.004977 -0.291332 -0.031858 152 153 159
-0.004964 -0.296192 -0.025434 154 156 162
-0.005124 -0.287183 -0.032099 112 112 118
-0.005001 -0.282281 -0.027535 154 156 166
-0.004898 -0.275078 -0.023314 150 154 162
-0.004912 -0.265004 -0.022718 146 148 159
-0.005054 -0.255139 -0.022958 140 144 156
-0.006076 -0.240879 -0.030722 125 128 133
-0.004773 -0.245597 -0.024793 137 140 149
-0.005039 -0.237316 -0.031316 98 100 106
-0.004942 -0.232370 -0.026660 139 143 153
-0.005071 -0.224920 -0.023732 152 154 167
-0.005057 -0.215078 -0.022966 158 159 174
-0.004262 -0.203184 -0.025512 167 169 178
-0.004502 -0.192940 -0.032591 146 147 154
-0.005654 -0.197412 -0.026525 172 174 182
-0.004736 -0.187599 -0.031794 130 131 140
-0.005277 -0.182598 -0.026882 156 158 172
-0.004761 -0.174878 -0.024066 161 164 179
-0.004833 -0.165025 -0.023926 163 163 180
-0.004896 -0.150433 -0.032357 94 100 132
-0.005223 -0.154707 -0.024472 162 163 180
-0.005047 -0.143253 -0.031654 132 134 152
-0.005162 -0.145278 -0.027383 147 150 170
-0.005007 -0.136895 -0.031760 111 112 128
-0.005003 -0.133086 -0.026852 147 149 176
-0.005033 -0.125006 -0.023514 145 148 177
-0.005011 -0.115638 -0.023440 141 142 171
-0.003429 -0.111680 -0.018801 116 122 152
-0.005300 -0.106782 -0.022405 126 128 146
-0.003978 -0.103141 -0.016346 110 113 142
-0.006189 -0.099451 -0.020860 84 84 102
-0.003961 -0.095834 -0.012351 124 125 156
-0.006554 -0.092220 -0.008542 115 117 148
-0.002825 -0.088047 -0.010473 116 117 140
-0.004136 -0.084833 -0.005421 150 158 180
-0.004434 -0.076508 -0.001233 231 237 243
-0.005403 -0.074202 0.001597 210 217 226
-0.004513 -0.075282 0.015961 124 134 157
-0.005266 -0.074922 0.026118 136 148 165
-0.004152 -0.074688 0.034684 152 162 176
-0.003311 -0.075319 0.042903 164 172 186
-0.003453 -0.068214 -0.001097 209 213 223
-0.004025 -0.066064 0.003348 217 222 231
-0.004190 -0.064537 0.015600 182 186 196
-0.006000 -0.063466 0.024012 162 169 180
-0.005848 -0.063700 0.034527 164 173 180
-0.004058 -0.063863 0.044727 176 184 189
-0.004104 -0.064275 0.054894 194 200 206
-0.004142 -0.063322 0.065859 175 180 187
-0.002363 -0.061771 0.070909 144 150 160
-0.005055 -0.055635 0.003010 243 247 252
-0.003639 -0.054568 0.016110 216 219 225
-0.003173 -0.055097 0.025376 194 200 206
-0.003571 -0.055015 0.034981 192 198 204
-0.003597 -0.055198 0.044489 195 201 206
-0.004772 -0.054269 0.054916 212 217 220
-0.004621 -0.054597 0.065048 180 185 194
-0.004413 -0.054268 0.075540 142 148 160
-0.003645 -0.051688 0.081434 133 141 153
-0.000749 -0.045414 0.056927 127 140 148
-0.000571 -0.045590 0.062727 127 140 148
-0.004494 -0.045588 0.084667 121 129 141
-0.004592 -0.034039 0.084191 123 130 143
-0.004348 -0.033386 0.094685 118 126 137
-0.003970 -0.035002 0.104919 114 122 132
-0.003771 -0.035113 0.113599 107 118 124
-0.002992 -0.035349 0.124863 110 120 125
-0.001495 -0.035756 0.132047 86 97 101
-0.003194 -0.029262 0.098144 122 129 141
-0.003517 -0.027760 0.102910 120 130 140
-0.004530 -0.026315 0.114125 121 130 140
-0.003000 -0.022892 0.124707 122 132 140
-0.002792 0.047780 0.083502 144 158 170
-0.003398 0.057434 0.082682 144 157 170
-0.002054 0.067457 0.046786 170 190 206
-0.001851 0.068244 0.053048 156 192 208
-0.004206 0.067520 0.078049 156 168 179
-0.003683 0.063969 0.081625 155 167 178
-0.002746 0.076560 -0.001330 205 244 252
-0.006154 0.075644 0.002311 193 230 250
-0.002127 0.075968 0.047234 191 196 206
-0.004291 0.074229 0.067605 172 184 196
-0.004478 0.072483 0.074996 160 170 185
-0.001873 0.075106 0.084237 171 179 186
-0.004445 0.085969 -0.000703 200 232 252
-0.004650 0.085257 0.001684 216 238 253
-0.002510 0.087364 0.026156 214 214 223
-0.002492 0.085875 0.035516 192 195 205
-0.002107 0.084993 0.043750 198 201 210
-0.002260 0.086604 0.057017 211 213 217
-0.002673 0.085224 0.063993 200 201 208
-0.003686 0.082794 0.072966 143 146 155
-0.004800 0.095478 -0.002916 190 203 224
-0.003244 0.095083 0.003389 212 221 236
-0.002109 0.096175 0.014737 204 202 210
-0.002881 0.095961 0.024889 206 206 214
-0.003489 0.095509 0.035093 212 212 220
-0.004117 0.095924 0.045558 214 216 222
-0.004559 0.092424 0.055234 198 200 206
-0.004799 0.105783 -0.012735 122 127 172
-0.006296 0.102807 -0.007115 135 136 154
-0.004378 0.103929 0.003798 222 220 227
-0.006579 0.102854 0.014186 212 211 220
-0.007681 0.102320 0.023926 215 216 224
-0.007907 0.101886 0.035079 226 226 232
-0.004696 0.115827 -0.014054 153 155 180
-0.004719 0.115595 -0.004618 193 191 203
-0.005875 0.111070 0.001187 192 190 200
-0.004757 0.125384 -0.023553 156 161 187
-0.005836 0.126038 -0.014457 207 206 218
-0.004960 0.123471 -0.007215 212 210 220
-0.004129 0.135922 -0.023370 192 193 217
-0.005204 0.135358 -0.016218 232 230 240
-0.003982 0.143602 -0.022671 198 199 218
-0.004325 0.146093 -0.017576 223 221 232
-0.004294 0.156872 -0.030604 156 158 170
-0.005050 0.156337 -0.023526 181 180 190
-0.004500 0.152704 -0.018294 215 214 223
-0.004432 0.162484 -0.030310 152 153 169
-0.004817 0.165730 -0.024893 178 178 194
-0.007027 0.164945 -0.019600 218 217 225
-0.004511 0.172794 -0.022006 211 211 222
-0.006081 0.175360 -0.017373 221 220 228
-0.006167 0.184900 -0.021246 211 211 223
-0.004627 0.184958 -0.016635 219 218 227
-0.006159 0.194095 -0.021189 210 212 221
-0.004780 0.194773 -0.016806 218 216 224
-0.003579 0.207554 -0.030364 177 177 181
-0.004476 0.206127 -0.023689 188 187 190
-0.004091 0.202968 -0.017937 208 206 211
-0.005001 0.215445 -0.023790 173 172 179
-0.004836 0.216518 -0.019231 215 214 220
-0.006236 0.223354 -0.021280 204 204 210
-0.004181 0.223616 -0.018974 224 223 228
-0.005198 0.235684 -0.021681 214 213 220
-0.003788 0.231840 -0.019516 213 212 219
-0.004855 0.243599 -0.023230 204 202 211
-0.005203 0.247101 -0.014929 188 187 198
-0.004993 0.254299 -0.025026 158 156 163
-0.004831 0.256230 -0.012793 170 169 177
-0.007211 0.255973 -0.009330 102 99 107
-0.005507 0.259064 0.027574 56 54 64
-0.006102 0.258524 0.033894 48 46 56
-0.003887 0.263735 -0.013308 132 130 138
-0.007253 0.265661 -0.007487 68 67 74
-0.006207 0.264886 0.003051 54 53 58
-0.007202 0.265654 0.016193 37 36 43
-0.006540 0.263955 0.025451 48 47 55
-0.005202 0.262469 0.032524 49 48 57
-0.004268 0.275459 -0.013382 103 102 109
-0.005991 0.276180 -0.005789 68 68 72
-0.006385 0.273727 0.005142 55 54 59
-0.009219 0.272929 0.016271 36 35 42
-0.008250 0.274177 0.024446 43 43 49
-0.004601 0.285066 -0.014849 112 112 119
-0.006647 0.283893 -0.006300 71 70 74
-0.007372 0.283360 0.001668 56 54 58
-0.009735 0.283520 0.017423 40 40 46
-0.008858 0.282570 0.023983 38 38 44
-0.004071 0.296058 -0.014259 122 121 124
-0.006483 0.293006 -0.008234 78 78 82
-0.004987 0.306279 -0.023988 174 174 175
-0.004110 0.302069 -0.015933 129 127 129
-0.004474 0.313656 -0.023073 146 145 147
-0.005181 0.317473 -0.017191 207 206 208
-0.005015 0.324911 -0.015185 204 203 207
-0.004935 0.334834 -0.015319 204 204 209
-0.004916 0.344834 -0.015038 201 199 203
-0.003487 0.357754 -0.022795 162 160 160
-0.005277 0.352537 -0.017322 190 190 192
-0.004714 0.363946 -0.022930 129 129 130
-0.005014 0.367615 -0.016890 180 180 183
-0.005024 0.374331 -0.013521 164 164 166
-0.004977 0.378313 -0.008677 162 160 162
-0.004208 0.382361 -0.015211 102 101 104
-0.002007 0.380108 -0.007992 110 109 110
0.005180 -0.312434 -0.023528 158 158 166
0.005176 -0.305028 -0.022586 165 168 176
0.004892 -0.291108 -0.031670 152 152 158
0.005126 -0.295951 -0.024349 154 156 163
0.004617 -0.287462 -0.031709 108 110 114
0.005549 -0.282598 -0.026970 150 153 162
0.004959 -0.274824 -0.023273 151 154 164
0.004963 -0.264959 -0.022923 147 152 161
0.005025 -0.254901 -0.022536 142 146 157
0.005710 -0.240606 -0.030755 128 128 136
0.004960 -0.245545 -0.024588 139 142 150
0.004798 -0.237316 -0.031436 97 98 106
0.004865 -0.232377 -0.027100 144 147 159
0.004971 -0.225089 -0.023518 152 155 170
0.005052 -0.214990 -0.022922 160 162 176
0.005181 -0.203787 -0.024965 166 168 178
0.004837 -0.192995 -0.032635 145 146 152
0.005363 -0.197494 -0.026496 168 170 179
0.004724 -0.187225 -0.031923 130 132 142
0.004972 -0.182291 -0.027286 162 163 178
0.005086 -0.174986 -0.024588 164 165 182
0.004793 -0.165023 -0.024505 165 165 183
0.006549 -0.150405 -0.032263 98 106 147
0.004962 -0.154909 -0.024372 164 165 182
0.005466 -0.143329 -0.032203 134 136 154
0.004724 -0.145858 -0.027321 153 155 176
0.004517 -0.137924 -0.031281 117 120 143
0.004981 -0.132842 -0.026953 151 154 180
0.004859 -0.125084 -0.023760 152 154 182
0.004649 -0.115787 -0.023137 147 149 178
0.004356 -0.112740 -0.019210 120 125 154
0.005599 -0.106569 -0.022273 130 131 150
0.004832 -0.102413 -0.017089 106 108 139
0.002992 -0.099622 -0.020153 78 80 100
0.005175 -0.095173 -0.012622 137 137 175
0.004164 -0.091665 -0.009789 133 134 173
0.006090 -0.085609 -0.010915 134 135 170
0.003213 -0.083478 -0.008154 148 152 178
0.008488 -0.077146 -0.010726 124 130 156
0.005103 -0.074978 -0.005146 194 200 213
0.002878 -0.073139 0.001910 204 213 226
0.008386 -0.068143 -0.012828 123 132 147
0.006952 -0.065536 -0.003673 196 202 211
0.004619 -0.064347 0.003098 183 190 200
0.003927 -0.063144 0.014216 132 142 161
0.003936 -0.063426 0.023215 128 141 159
0.002238 -0.062775 0.046898 144 156 167
0.003449 -0.062732 0.055280 147 157 167
0.004180 -0.061775 0.063897 139 150 158
0.007104 -0.057333 -0.002676 181 191 195
0.006787 -0.056109 0.004679 172 179 189
0.005767 -0.054527 0.015471 174 180 191
0.004604 -0.052756 0.024582 160 168 178
0.004499 -0.053459 0.035626 151 160 172
0.004216 -0.053435 0.044818 153 163 173
0.005360 -0.055445 0.055479 155 164 173
0.006167 -0.056168 0.064191 149 159 166
0.003703 -0.052904 0.075439 148 156 165
0.003537 -0.052878 0.081520 141 150 159
0.007190 -0.047351 -0.003242 101 117 124
0.007093 -0.048228 0.004431 116 132 140
0.007867 -0.048560 0.017320 150 159 172
0.008376 -0.048539 0.026748 144 155 165
0.007921 -0.047880 0.035218 145 156 166
0.007613 -0.047407 0.044714 145 156 166
0.007101 -0.046288 0.054834 145 156 164
0.007327 -0.046704 0.065468 130 140 147
0.006926 -0.046674 0.075899 142 152 160
0.004821 -0.044835 0.083707 138 148 158
0.007246 -0.037396 0.066058 132 144 152
0.007499 -0.034818 0.075981 131 142 150
0.006173 -0.035159 0.084864 130 142 149
0.006146 -0.032710 0.093604 127 139 147
0.003884 -0.031897 0.105123 115 124 134
0.003587 -0.032323 0.113754 114 124 132
0.004074 -0.032939 0.126329 116 128 133
0.005028 -0.033349 0.134572 99 112 114
0.008588 -0.023720 -0.001583 92 108 112
0.007383 -0.022877 0.004251 108 125 132
0.008634 -0.023452 0.012444 106 124 130
0.009307 -0.029217 0.077118 130 140 148
0.005341 -0.029210 0.085446 128 136 148
0.005262 -0.029065 0.097067 125 133 144
0.006417 -0.027927 0.104240 126 135 145
0.006060 -0.025892 0.114817 125 134 143
0.005007 -0.025261 0.122927 125 134 142
0.004560 -0.026572 0.134826 118 130 135
0.008738 -0.017503 -0.001782 98 116 120
0.008105 -0.016667 0.004627 102 121 128
0.009271 -0.017165 0.011934 78 98 103
0.008319 -0.018535 0.117637 132 142 149
0.006143 -0.016555 0.124855 132 142 150
0.007174 -0.014048 0.133810 134 146 151
0.009486 -0.007735 0.006692 112 132 138
0.006828 0.046867 0.076859 151 166 176
0.005064 0.045471 0.083656 148 164 174
0.006376 0.044790 0.094010 142 156 167
0.009259 0.059062 0.045327 162 172 188
0.009284 0.058855 0.054714 162 174 190
0.008777 0.058145 0.066588 165 175 186
0.006790 0.055816 0.075268 165 177 188
0.005498 0.056638 0.082446 160 172 182
0.007739 0.069123 0.017808 157 181 197
0.006653 0.067259 0.025604 159 174 194
0.006187 0.065188 0.035556 161 172 190
0.004955 0.063926 0.044764 160 172 190
0.004862 0.064128 0.055059 162 175 190
0.006726 0.064649 0.066774 155 165 177
0.004255 0.064631 0.074655 164 176 188
0.002274 0.063040 0.081234 159 171 183
0.007094 0.066318 0.094473 186 192 200
0.004869 0.076936 -0.003731 205 245 251
0.007097 0.075750 0.006590 194 214 224
0.007522 0.075212 0.015306 174 191 206
0.007298 0.076400 0.025744 186 188 200
0.006184 0.075895 0.035403 184 188 200
0.005299 0.075136 0.044661 184 188 198
0.004856 0.074646 0.056085 184 189 199
0.004087 0.073581 0.066287 178 185 196
0.004237 0.074109 0.074576 182 188 197
0.004622 0.072992 0.083685 183 189 196
0.005886 0.072082 0.092285 186 192 200
0.006944 0.086427 -0.002534 209 220 229
0.004597 0.085823 0.003416 203 219 231
0.005254 0.084780 0.015068 198 196 208
0.003648 0.084069 0.024563 199 199 210
0.003207 0.083057 0.034487 197 198 208
0.002383 0.082982 0.046536 194 195 204
0.002698 0.082661 0.055926 200 202 209
0.001754 0.081796 0.063829 210 212 219
0.001946 0.081218 0.072819 192 195 202
0.007561 0.097005 -0.011726 143 147 183
0.005711 0.093932 -0.004654 184 188 201
0.004876 0.094986 0.003290 232 231 236
0.001396 0.091517 0.013411 202 198 210
0.000576 0.091529 0.022842 204 202 212
0.001113 0.091665 0.044609 204 204 212
0.005465 0.103474 -0.012581 149 154 196
0.005297 0.104679 -0.005357 166 164 181
0.003079 0.102575 0.002465 229 228 233
0.006843 0.118492 -0.021373 145 148 164
0.004386 0.115704 -0.013783 161 163 190
0.005053 0.114620 -0.006593 188 185 205
0.006394 0.126558 -0.022727 184 187 209
0.004673 0.125639 -0.014526 208 206 218
0.005675 0.121979 -0.008262 213 211 222
0.004784 0.135440 -0.023871 196 197 224
0.005160 0.134918 -0.016250 234 232 242
0.005549 0.144450 -0.023476 202 202 224
0.004479 0.145358 -0.016883 232 230 240
0.005154 0.156401 -0.031289 152 154 168
0.004947 0.155678 -0.023981 180 179 190
0.004855 0.153153 -0.017762 222 220 229
0.004767 0.162896 -0.030617 153 155 172
0.004958 0.165887 -0.025449 185 186 203
0.005671 0.173547 -0.022259 209 209 221
0.005660 0.176055 -0.017602 224 223 230
0.005893 0.184248 -0.021738 214 215 228
0.005057 0.185280 -0.017067 222 220 229
0.006379 0.194622 -0.021704 213 214 226
0.005036 0.195320 -0.017530 219 218 225
0.002678 0.207804 -0.030368 178 177 182
0.005672 0.207017 -0.023311 190 190 194
0.004420 0.203060 -0.018205 208 207 211
0.002999 0.210735 -0.030221 184 184 191
0.005098 0.215513 -0.024534 175 174 180
0.002992 0.213644 -0.019690 205 203 208
0.005034 0.223294 -0.021592 207 207 214
0.004920 0.224928 -0.019246 222 222 226
0.005279 0.235964 -0.022029 215 214 221
0.003874 0.231727 -0.019434 214 213 219
0.005556 0.244563 -0.024422 202 202 210
0.004485 0.247753 -0.016279 210 210 221
0.009646 0.257314 -0.032229 91 93 102
0.007385 0.253755 -0.025826 170 171 179
0.005045 0.256475 -0.013708 213 214 220
0.009757 0.261302 -0.032190 82 86 94
0.008320 0.262228 -0.026897 112 114 121
0.005159 0.264436 -0.013966 210 210 216
0.002241 0.265268 -0.009463 196 194 198
0.009920 0.277336 -0.020866 219 219 224
0.005582 0.274348 -0.014442 209 208 214
0.005655 0.286353 -0.020352 190 190 196
0.005972 0.285209 -0.015291 212 211 216
0.004983 0.294719 -0.015751 206 204 208
0.005590 0.307287 -0.022733 189 188 189
0.005020 0.302703 -0.015773 197 193 195
0.005221 0.314108 -0.023217 162 161 163
0.005043 0.318250 -0.017301 218 218 219
0.004949 0.324872 -0.015663 207 207 210
0.004998 0.334870 -0.015554 208 206 211
0.004970 0.344913 -0.015128 203 201 206
0.005056 0.356577 -0.023707 186 186 187
0.004853 0.352709 -0.017536 195 194 197
0.005011 0.363844 -0.023043 145 145 147
0.004738 0.368274 -0.016865 173 172 176
0.004840 0.374099 -0.014458 169 169 173
0.003797 0.377877 -0.006432 122 122 124
0.004448 0.382134 -0.014086 115 113 116
0.006589 0.381462 -0.007427 112 110 112
0.015098 -0.312572 -0.024089 154 155 162
0.015023 -0.304939 -0.023126 166 169 177
0.015169 -0.291165 -0.031635 152 154 158
0.014893 -0.296052 -0.024818 158 160 166
0.015077 -0.287359 -0.032077 110 112 115
0.014594 -0.282360 -0.027176 154 157 165
0.014835 -0.274963 -0.023660 152 155 165
0.015089 -0.264962 -0.022979 148 151 162
0.014967 -0.255033 -0.022574 143 146 158
0.014610 -0.240833 -0.030983 134 134 142
0.015114 -0.245771 -0.025016 141 144 154
0.014832 -0.237149 -0.031584 96 96 105
0.014948 -0.232310 -0.026710 146 149 162
0.015020 -0.225048 -0.023344 154 157 172
0.015447 -0.214048 -0.023779 168 170 181
0.015238 -0.204337 -0.024246 166 168 178
0.015500 -0.193073 -0.032262 146 149 155
0.015762 -0.197405 -0.026507 170 172 182
0.015373 -0.187431 -0.031642 130 132 140
0.015211 -0.182357 -0.027434 164 165 181
0.014904 -0.175150 -0.025149 166 166 184
0.014883 -0.164968 -0.024718 167 166 186
0.014986 -0.155058 -0.024324 165 166 186
0.014781 -0.143216 -0.032054 136 138 159
0.015718 -0.145863 -0.027331 157 160 181
0.015025 -0.137180 -0.031824 125 126 145
0.014984 -0.132632 -0.026930 155 157 183
0.014998 -0.124974 -0.024154 159 160 187
0.014997 -0.115716 -0.023906 153 155 182
0.014633 -0.111523 -0.019029 124 128 156
0.015093 -0.106818 -0.022106 135 136 155
0.014569 -0.102464 -0.017129 103 105 134
0.015532 -0.099239 -0.020516 82 82 106
0.015053 -0.094994 -0.013111 144 146 186
0.014947 -0.084935 -0.011250 157 158 203
0.015052 -0.084002 -0.009550 150 154 195
0.015642 -0.075106 -0.011570 154 156 187
0.012778 -0.073354 -0.009036 139 143 168
0.016713 -0.066148 -0.011664 148 150 166
0.013228 -0.064262 -0.007367 159 166 180
0.010186 -0.063999 0.005135 178 188 200
0.017066 -0.058023 -0.011311 127 134 146
0.015830 -0.055977 -0.004744 150 159 170
0.013576 -0.053671 0.005218 140 148 161
0.012100 -0.052327 0.014190 140 149 163
0.011767 -0.051760 0.022686 138 149 161
0.011118 -0.052383 0.055970 132 146 156
0.011167 -0.052091 0.066087 124 137 144
0.012490 -0.052434 0.073004 130 143 152
0.015538 -0.046045 -0.002576 114 128 136
0.016951 -0.047227 0.006525 135 146 156
0.015234 -0.046966 0.014584 139 149 159
0.014632 -0.044169 0.025918 136 147 157
0.013950 -0.043594 0.035334 138 148 157
0.013100 -0.042998 0.044958 134 143 151
0.012977 -0.043434 0.054965 140 150 158
0.012930 -0.044443 0.064884 139 152 158
0.012935 -0.045272 0.073735 141 155 161
0.012626 -0.042469 0.084354 136 150 157
0.014572 -0.043704 0.094610 124 138 146
0.015500 -0.036973 -0.002244 106 124 131
0.017801 -0.035090 0.003540 102 122 128
0.013825 -0.032720 0.016209 102 122 130
0.017616 -0.037540 0.026559 137 149 159
0.017629 -0.037141 0.035045 150 161 170
0.017082 -0.036192 0.045223 122 131 138
0.016435 -0.035603 0.054461 129 138 144
0.016146 -0.034769 0.064628 134 143 151
0.014586 -0.034919 0.074637 140 152 160
0.013499 -0.035343 0.084090 138 152 158
0.014491 -0.033501 0.095492 129 142 148
0.017218 -0.035083 0.105290 112 128 132
0.012802 -0.022530 -0.001870 102 118 124
0.017331 -0.024318 0.004424 105 123 130
0.014623 -0.024051 0.015688 111 132 138
0.016328 -0.023964 0.023967 118 136 144
0.017404 -0.024453 0.034895 141 155 164
0.018470 -0.025876 0.045523 106 115 122
0.018782 -0.026602 0.055501 123 133 139
0.018018 -0.026357 0.066394 122 133 140
0.016326 -0.026568 0.075615 138 149 156
0.016713 -0.025955 0.084694 136 149 156
0.016053 -0.026502 0.096015 136 148 155
0.015525 -0.024624 0.103836 135 148 154
0.014352 -0.023906 0.113853 128 141 146
0.014893 -0.025267 0.125028 128 141 146
0.016733 -0.026264 0.132923 114 128 130
0.013963 -0.016007 -0.002837 106 123 128
0.015705 -0.015918 0.002176 98 116 120
0.014057 -0.015487 0.015696 97 120 126
0.016694 -0.015470 0.023926 108 129 136
0.018605 -0.016015 0.033035 122 138 146
0.019261 -0.018910 0.044829 88 98 105
0.018958 -0.017843 0.065285 93 101 106
0.018952 -0.018681 0.076430 142 152 161
0.018164 -0.017728 0.085069 142 153 160
0.018029 -0.017536 0.095296 140 152 157
0.018403 -0.017338 0.104901 139 152 155
0.016245 -0.016130 0.114946 135 150 152
0.015623 -0.014614 0.124213 136 150 155
0.015780 -0.013758 0.133556 137 150 155
0.016699 -0.014916 0.144186 140 154 156
0.012795 -0.004108 0.004854 97 116 120
0.012556 -0.004804 0.014340 106 126 134
0.016676 -0.005067 0.024327 108 127 133
0.019512 -0.006566 0.031492 123 140 146
0.018965 -0.009500 0.117652 144 156 160
0.019051 -0.009455 0.126224 144 156 160
0.017439 -0.009227 0.135750 141 156 160
0.016667 -0.007208 0.143761 144 158 160
0.014690 0.004093 0.005699 94 114 120
0.015656 0.005572 0.014371 112 133 138
0.017038 0.005455 0.024064 116 134 139
0.018553 0.005519 0.033095 118 137 144
0.016544 0.015775 0.006782 93 112 116
0.015976 0.015072 0.014129 106 126 131
0.017654 0.014795 0.023228 124 142 146
0.019192 0.011119 0.030874 115 136 143
0.017354 0.022964 0.006729 86 104 106
0.017043 0.025415 0.014410 104 124 128
0.018564 0.024704 0.022936 124 142 146
0.019696 0.029610 0.105712 156 172 181
0.019179 0.032421 0.016240 107 126 130
0.018934 0.038766 0.066020 159 172 182
0.017251 0.037657 0.075211 156 172 180
0.016178 0.036219 0.085205 155 171 179
0.016488 0.034672 0.094845 155 170 180
0.016099 0.033738 0.103790 154 170 178
0.019357 0.036648 0.135178 162 174 183
0.018066 0.048369 0.046326 164 174 188
0.017554 0.046862 0.055294 162 175 186
0.017671 0.046607 0.066691 165 176 187
0.014913 0.045994 0.074361 163 175 185
0.013843 0.043552 0.085329 160 174 183
0.014544 0.044813 0.095285 162 174 183
0.014632 0.045733 0.103640 146 158 167
0.018841 0.057572 0.016255 152 163 175
0.017966 0.056851 0.025291 162 171 183
0.015457 0.055623 0.035237 162 172 187
0.016717 0.056898 0.045171 174 181 193
0.014569 0.055067 0.055441 166 177 189
0.014770 0.055706 0.065512 176 183 194
0.014855 0.054706 0.073889 179 185 195
0.016933 0.056650 0.085467 187 190 199
0.016962 0.057392 0.095790 186 192 199
0.016803 0.055916 0.104648 184 190 197
0.016214 0.055224 0.114003 179 187 194
0.017198 0.053277 0.122889 173 181 188
0.016411 0.064975 0.007060 157 167 181
0.016803 0.065609 0.015676 164 171 182
0.015878 0.064626 0.024458 168 174 186
0.014684 0.064601 0.034191 176 180 193
0.015034 0.064449 0.043601 182 184 196
0.014286 0.064156 0.055458 182 185 196
0.013410 0.064020 0.064732 178 182 192
0.014662 0.064489 0.074343 194 195 202
0.014414 0.064835 0.085210 192 196 203
0.014301 0.064275 0.095204 190 195 202
0.014069 0.062569 0.104230 186 192 200
0.017282 0.077245 -0.011585 102 108 128
0.016162 0.076404 -0.004579 164 170 182
0.015056 0.074860 0.005367 171 176 192
0.014105 0.074112 0.014478 177 180 192
0.013376 0.073368 0.024537 186 186 198
0.012027 0.072615 0.034270 190 190 201
0.011580 0.071750 0.044152 191 192 202
0.011284 0.071216 0.055486 188 190 200
0.010824 0.070823 0.062953 179 182 191
0.016025 0.085427 -0.013025 146 156 192
0.013584 0.084669 -0.006290 172 174 188
0.012404 0.082891 0.003503 185 184 196
0.014943 0.094392 -0.013423 163 172 219
0.014243 0.094876 -0.006764 174 172 192
0.011049 0.094723 0.001160 240 240 244
0.015440 0.105459 -0.013280 170 174 225
0.014941 0.105063 -0.005707 196 192 210
0.014018 0.118091 -0.021260 146 148 164
0.016118 0.114788 -0.014313 169 170 199
0.015027 0.114722 -0.006098 203 198 216
0.015609 0.126048 -0.022634 189 192 216
0.015915 0.125411 -0.014879 211 211 222
0.014468 0.122983 -0.007829 214 211 224
0.015524 0.135395 -0.024415 202 203 231
0.014746 0.134933 -0.016033 237 235 243
0.014958 0.144996 -0.024205 205 206 229
0.014218 0.146381 -0.017117 234 232 242
0.014731 0.156498 -0.031663 154 156 172
0.015406 0.155203 -0.023900 187 187 198
0.013817 0.152738 -0.018100 225 224 232
0.015458 0.162614 -0.030809 180 182 200
0.014872 0.166232 -0.025760 191 191 209
0.014999 0.173434 -0.022592 211 211 224
0.015155 0.175086 -0.018255 226 226 234
0.015081 0.185057 -0.021968 216 216 230
0.014987 0.185057 -0.017277 224 222 232
0.014776 0.194925 -0.021912 215 216 227
0.014833 0.194850 -0.017920 222 221 230
0.015566 0.206852 -0.023334 194 191 196
0.014869 0.203061 -0.017679 211 209 213
0.015120 0.215404 -0.024938 180 179 187
0.015541 0.224207 -0.021760 211 212 219
0.014827 0.225261 -0.018887 222 222 227
0.014993 0.235191 -0.022609 216 216 223
0.014907 0.231516 -0.019502 213 212 218
0.014857 0.244850 -0.025711 206 206 213
0.014583 0.255703 -0.033571 140 140 146
0.012932 0.255087 -0.026125 188 188 195
0.011189 0.255914 -0.016006 222 222 229
0.015001 0.264739 -0.031901 128 127 132
0.013602 0.265505 -0.026041 160 159 164
0.012056 0.264912 -0.015864 222 222 228
0.015369 0.270811 -0.030663 106 105 112
0.015448 0.274660 -0.025426 162 162 166
0.012433 0.274466 -0.016503 222 222 226
0.015845 0.285057 -0.023936 182 182 184
0.012366 0.283872 -0.017280 222 222 226
0.016789 0.292887 -0.021800 188 188 190
0.014462 0.296448 -0.017133 220 220 223
0.015117 0.307034 -0.023405 186 186 186
0.014825 0.301669 -0.016972 211 210 212
0.015113 0.314019 -0.023791 167 166 169
0.014755 0.318353 -0.017411 220 220 222
0.015167 0.324786 -0.015917 209 209 213
0.014891 0.335048 -0.015590 209 207 213
0.015088 0.344973 -0.015326 204 203 208
0.015008 0.356878 -0.023606 190 190 192
0.015467 0.352888 -0.017629 196 195 197
0.014948 0.363844 -0.022946 144 144 146
0.015285 0.367572 -0.016989 185 186 189
0.015157 0.374910 -0.013856 175 175 178
0.012323 0.378310 -0.009178 190 189 192
0.015864 0.382179 -0.014101 128 127 130
0.012747 0.381504 -0.007454 111 110 111
0.013350 0.394480 -0.035008 56 54 54
0.024948 -0.312567 -0.024294 154 155 164
0.025146 -0.304852 -0.023291 168 170 179
0.025066 -0.291269 -0.031793 159 161 166
0.024967 -0.296071 -0.025128 156 158 165
0.024992 -0.286923 -0.032447 112 114 119
0.024781 -0.281861 -0.027300 155 158 166
0.024910 -0.274981 -0.024015 154 156 166
0.024975 -0.265040 -0.023603 150 152 162
0.024760 -0.254957 -0.022898 144 147 158
0.024858 -0.240743 -0.030917 131 134 141
0.025064 -0.245647 -0.025304 142 145 154
0.024943 -0.236954 -0.031758 96 99 108
0.024724 -0.232013 -0.027282 152 155 168
0.026273 -0.223826 -0.024162 164 167 178
0.025058 -0.214975 -0.024375 169 171 183
0.025214 -0.204432 -0.024317 166 169 180
0.024927 -0.193174 -0.032545 151 152 161
0.025261 -0.197397 -0.026218 170 174 183
0.025155 -0.187143 -0.031944 134 136 146
0.025057 -0.181985 -0.027353 164 166 182
0.025040 -0.175001 -0.025159 167 168 186
0.025059 -0.165213 -0.024693 168 168 188
0.025094 -0.154898 -0.024521 166 168 188
0.024812 -0.143215 -0.032233 139 143 162
0.024371 -0.145739 -0.027091 162 164 186
0.025300 -0.137586 -0.031440 124 127 148
0.024937 -0.132622 -0.027392 160 161 188
0.024981 -0.124971 -0.024676 163 163 191
0.024906 -0.115455 -0.024411 158 158 186
0.026291 -0.111102 -0.019276 125 128 156
0.025102 -0.106825 -0.021950 137 139 158
0.025239 -0.102830 -0.016739 117 119 147
0.027061 -0.099528 -0.020341 80 82 104
0.025050 -0.094944 -0.014356 135 136 172
0.025244 -0.085164 -0.012758 157 159 200
0.021611 -0.083208 -0.009357 158 164 212
0.024792 -0.074890 -0.013284 181 182 210
0.022317 -0.075745 -0.009500 129 138 180
0.024723 -0.065089 -0.014467 138 137 159
0.021255 -0.061537 -0.009538 144 148 162
0.027049 -0.057203 -0.011662 126 129 144
0.024270 -0.053453 -0.006712 136 144 155
0.022074 -0.050630 0.001294 147 155 168
0.026165 -0.047417 -0.002753 137 145 156
0.025136 -0.044487 0.004587 145 154 164
0.022982 -0.041837 0.013017 148 156 166
0.020804 -0.040927 0.021258 147 157 168
0.027136 -0.037571 0.007071 140 150 158
0.027503 -0.035869 0.013939 144 156 164
0.023880 -0.034183 0.025477 139 152 160
0.022447 -0.033689 0.034916 154 163 173
0.021530 -0.032231 0.043303 122 130 140
0.020884 -0.031218 0.055087 130 138 144
0.020739 -0.032030 0.064716 125 135 140
0.021316 -0.032374 0.073133 146 158 166
0.022551 -0.023548 0.006390 113 129 135
0.027224 -0.024697 0.013489 127 143 150
0.026581 -0.026900 0.026548 138 153 160
0.024931 -0.025354 0.035790 143 157 165
0.023831 -0.024936 0.045188 131 140 148
0.022843 -0.024263 0.054994 120 127 134
0.022893 -0.024254 0.064833 116 125 130
0.022489 -0.023100 0.074273 122 132 138
0.023675 -0.023189 0.085153 136 149 155
0.024470 -0.024249 0.095691 143 158 164
0.024331 -0.022977 0.103729 143 159 164
0.023953 -0.022444 0.112992 147 166 172
0.022709 -0.023567 0.123997 138 154 158
0.020337 -0.023936 0.133840 118 133 134
0.023577 -0.015399 0.006467 110 127 134
0.026533 -0.015270 0.013003 106 124 130
0.024058 -0.015069 0.036618 134 150 158
0.026509 -0.015990 0.045838 147 161 168
0.026389 -0.015868 0.054906 110 118 124
0.025390 -0.015858 0.065052 116 121 127
0.025094 -0.015409 0.075233 118 126 132
0.025394 -0.014832 0.084935 132 142 148
0.026184 -0.014809 0.094568 143 155 161
0.025776 -0.014861 0.105681 146 161 166
0.025762 -0.013974 0.114376 142 159 164
0.024946 -0.012741 0.124284 139 157 160
0.022622 -0.012510 0.133934 134 149 154
0.025622 -0.003695 0.006448 122 137 142
0.027485 -0.004551 0.014481 129 144 151
0.024642 -0.003731 0.026119 138 154 161
0.024538 -0.004994 0.035489 140 157 163
0.026703 -0.005026 0.045194 143 157 163
0.028355 -0.006109 0.054162 130 142 148
0.028062 -0.006789 0.064311 114 121 127
0.027784 -0.006716 0.074953 123 129 135
0.028473 -0.007799 0.085247 135 143 148
0.028900 -0.008047 0.093516 130 139 142
0.027684 -0.008202 0.105375 149 161 167
0.028053 -0.007545 0.116610 149 165 170
0.027721 -0.005688 0.124397 149 165 170
0.026810 -0.005713 0.134066 146 163 167
0.025549 -0.006370 0.144332 144 161 163
0.026786 -0.007675 0.155212 147 163 166
0.026832 -0.004956 0.165143 152 166 170
0.028425 -0.001142 0.170411 155 170 172
0.023291 0.006559 -0.001657 122 134 138
0.023293 0.005596 0.006414 126 141 145
0.024169 0.005600 0.014208 132 146 152
0.023340 0.004398 0.024903 131 148 154
0.024606 0.004083 0.035806 137 154 160
0.026740 0.003572 0.044748 130 146 152
0.028366 0.003292 0.053825 109 123 128
0.026913 0.004341 0.063451 52 56 59
0.029314 0.005942 0.123787 154 173 179
0.028245 0.004818 0.135253 150 167 172
0.025771 0.001408 0.168506 159 173 177
0.027664 0.002767 0.172878 160 174 178
0.023907 0.014849 -0.001378 120 132 134
0.024042 0.015159 0.005795 124 138 142
0.025197 0.013566 0.014433 130 145 150
0.024854 0.013965 0.025447 140 157 161
0.025459 0.013740 0.034302 140 156 161
0.027399 0.014562 0.044863 133 148 153
0.028762 0.016104 0.054218 102 110 115
0.029365 0.015202 0.083847 132 142 146
0.029663 0.019372 0.103474 156 174 180
0.029247 0.017324 0.118471 155 172 181
0.028051 0.012932 0.135616 152 169 172
0.024290 0.023250 -0.001644 116 128 132
0.024591 0.025337 0.005481 123 137 140
0.025485 0.026745 0.013327 118 132 136
0.023894 0.025450 0.025459 144 158 163
0.024456 0.024669 0.035237 138 154 160
0.028733 0.026361 0.045171 152 166 173
0.028787 0.024928 0.055580 100 109 116
0.028984 0.025579 0.064420 118 130 137
0.027964 0.027465 0.075642 159 174 182
0.027113 0.026595 0.085091 158 174 182
0.025394 0.026162 0.095329 156 174 181
0.025633 0.025744 0.104710 156 173 181
0.026332 0.025697 0.114762 155 172 180
0.027350 0.027059 0.125242 159 174 182
0.027980 0.027120 0.135791 159 174 181
0.029376 0.028276 0.144364 162 174 181
0.024429 0.033329 0.006559 125 138 143
0.025380 0.033324 0.014451 128 141 145
0.026366 0.035089 0.025143 140 152 158
0.028004 0.036077 0.034754 127 136 143
0.028152 0.034998 0.044138 152 164 172
0.025466 0.035554 0.055233 161 174 183
0.023789 0.034427 0.064868 160 173 182
0.025083 0.034794 0.075125 162 175 184
0.024280 0.033816 0.084674 162 175 185
0.024864 0.034531 0.094214 171 180 189
0.024838 0.034014 0.105578 167 178 186
0.026705 0.036102 0.115271 170 180 188
0.028199 0.036947 0.125251 174 183 189
0.027905 0.036379 0.134681 174 184 190
0.027774 0.034697 0.142183 173 183 189
0.027870 0.036014 0.154580 176 185 192
0.026221 0.046191 0.007075 147 156 162
0.026905 0.046583 0.015709 158 167 174
0.025741 0.045727 0.025161 137 145 152
0.026540 0.045997 0.035807 151 157 166
0.026217 0.045570 0.044986 147 153 160
0.025460 0.045072 0.054571 152 158 166
0.026198 0.044859 0.064025 157 160 170
0.025636 0.045085 0.073964 179 184 194
0.026217 0.045922 0.085348 185 187 197
0.025387 0.045002 0.094901 184 187 196
0.024983 0.044953 0.105417 181 186 194
0.024456 0.044162 0.114453 179 187 194
0.024127 0.044023 0.125150 176 186 192
0.024588 0.043909 0.133302 176 183 191
0.027334 0.055024 -0.003575 157 164 169
0.025739 0.054678 0.005922 155 163 171
0.026191 0.055761 0.015499 163 171 178
0.025171 0.054923 0.024746 165 171 180
0.023814 0.053686 0.033735 172 178 188
0.023822 0.053668 0.043774 174 178 187
0.024362 0.054070 0.054827 186 187 198
0.023468 0.053268 0.064385 187 188 198
0.023645 0.054295 0.074971 194 192 202
0.022787 0.052892 0.084262 192 191 200
0.021961 0.053513 0.095439 190 192 200
0.021758 0.052667 0.104318 186 193 199
0.021306 0.052350 0.113983 186 192 198
0.021068 0.050852 0.125594 171 179 185
0.021888 0.050784 0.132917 168 172 180
0.028242 0.068617 -0.012012 99 100 115
0.027118 0.067358 -0.002978 163 166 174
0.025563 0.065561 0.005496 170 174 184
0.023623 0.063331 0.013745 172 176 187
0.023320 0.063048 0.024268 182 183 194
0.021806 0.061834 0.033839 184 185 195
0.021774 0.061188 0.042814 193 190 202
0.025886 0.076198 -0.013672 138 139 161
0.024056 0.074126 -0.005856 155 158 168
0.023033 0.072494 0.003311 179 178 189
0.021490 0.071227 0.012402 174 177 190
0.026745 0.084413 -0.020409 195 208 246
0.025329 0.085800 -0.014104 139 144 173
0.022863 0.083425 -0.008174 135 136 145
0.025364 0.093054 -0.014041 174 182 220
0.024622 0.095992 -0.007722 200 196 217
0.024589 0.105498 -0.014863 164 168 216
0.024702 0.104914 -0.007110 201 197 215
0.024676 0.117747 -0.020828 151 154 171
0.024038 0.113999 -0.014841 169 170 195
0.025039 0.114622 -0.007280 195 192 205
0.023642 0.125839 -0.022849 193 195 221
0.025052 0.125523 -0.014908 214 213 224
0.025185 0.122578 -0.008273 213 212 222
0.023794 0.135867 -0.025104 206 207 236
0.025038 0.134211 -0.016526 238 237 246
0.024858 0.145615 -0.024871 212 213 235
0.024844 0.145357 -0.016941 236 235 244
0.025168 0.156268 -0.031848 157 158 174
0.025261 0.155979 -0.022629 214 212 222
0.024851 0.153221 -0.017974 226 225 234
0.025370 0.162965 -0.030949 170 173 191
0.024914 0.166247 -0.026194 195 195 213
0.024908 0.173269 -0.022987 212 212 226
0.025051 0.176112 -0.017445 231 230 236
0.025421 0.184916 -0.022323 219 218 231
0.024142 0.185449 -0.017489 226 225 234
0.024735 0.195450 -0.021833 216 218 228
0.025203 0.194644 -0.017942 224 224 232
0.025071 0.207758 -0.030599 180 181 184
0.023996 0.206322 -0.023253 193 193 198
0.024549 0.202689 -0.018468 214 212 220
0.025737 0.210874 -0.030382 203 204 210
0.025058 0.215793 -0.024865 182 182 189
0.025183 0.216380 -0.019797 220 221 227
0.024995 0.224057 -0.021949 210 211 218
0.024969 0.224959 -0.019107 226 226 230
0.024385 0.235685 -0.022058 218 218 225
0.027301 0.232789 -0.019145 222 220 226
0.025118 0.244892 -0.024178 218 218 225
0.024665 0.256678 -0.033008 172 171 175
0.025264 0.253295 -0.026504 214 214 220
0.024047 0.264157 -0.031741 153 152 154
0.025123 0.265849 -0.027144 200 199 202
0.025125 0.274724 -0.024265 202 202 206
0.024614 0.285094 -0.022505 213 213 219
0.028860 0.285171 -0.019063 202 200 206
0.023670 0.292767 -0.021163 210 210 214
0.025453 0.296678 -0.017929 206 205 209
0.024398 0.307217 -0.023600 186 186 186
0.024178 0.301942 -0.017211 198 197 200
0.025050 0.314279 -0.023798 173 172 173
0.025040 0.318521 -0.018017 224 223 226
0.025216 0.324729 -0.015508 212 211 217
0.024931 0.334897 -0.015453 211 210 216
0.025097 0.344890 -0.015540 207 206 212
0.024951 0.356732 -0.024112 190 190 192
0.024963 0.352570 -0.017544 199 198 201
0.024995 0.364111 -0.022931 148 147 149
0.025068 0.367785 -0.016816 196 196 201
0.024864 0.374932 -0.014251 188 188 192
0.025145 0.383029 -0.014502 121 119 123
0.024017 0.392095 -0.020572 61 58 62
0.025361 0.390657 -0.018600 60 58 60
0.035215 -0.312471 -0.023177 156 158 165
0.035176 -0.305099 -0.023655 168 170 180
0.034891 -0.291274 -0.031986 158 159 165
0.034921 -0.296083 -0.025383 158 160 168
0.034898 -0.287104 -0.032621 114 116 122
0.035027 -0.282050 -0.027426 159 162 172
0.034891 -0.275015 -0.023682 156 158 168
0.035074 -0.264949 -0.023212 151 154 164
0.034958 -0.255015 -0.022822 146 149 160
0.034981 -0.240936 -0.031084 132 136 142
0.034957 -0.245822 -0.024928 146 148 158
0.035000 -0.236902 -0.031856 100 103 110
0.036178 -0.231726 -0.027865 158 161 171
0.035082 -0.224718 -0.025360 166 169 179
0.035911 -0.214152 -0.025444 167 169 180
0.035329 -0.204558 -0.024376 167 170 180
0.034747 -0.192797 -0.032845 155 156 166
0.034867 -0.197515 -0.025812 173 176 185
0.034513 -0.187312 -0.032268 133 135 146
0.035153 -0.182273 -0.027773 166 169 185
0.034910 -0.175044 -0.025655 168 169 188
0.035086 -0.165006 -0.024733 170 170 189
0.035137 -0.150575 -0.032371 130 142 186
0.034919 -0.154919 -0.025103 168 170 190
0.035151 -0.143486 -0.032630 146 150 169
0.034535 -0.147435 -0.026942 178 179 202
0.034923 -0.137476 -0.031563 126 129 149
0.034790 -0.132623 -0.027658 161 163 187
0.034980 -0.125127 -0.025268 166 168 193
0.034991 -0.115743 -0.024668 162 162 189
0.034640 -0.106758 -0.022380 143 144 164
0.035606 -0.102297 -0.017864 110 112 139
0.035780 -0.094486 -0.020837 115 116 137
0.035107 -0.094987 -0.015851 164 163 193
0.037971 -0.086883 -0.021126 123 124 143
0.034495 -0.084890 -0.017002 166 166 193
0.035084 -0.075234 -0.013815 170 169 199
0.035267 -0.064732 -0.013749 161 159 189
0.035299 -0.055180 -0.012772 138 139 156
0.031583 -0.051534 -0.008681 119 123 132
0.037316 -0.047405 -0.011730 131 136 143
0.034441 -0.044313 -0.005656 146 153 161
0.031700 -0.041456 0.001894 148 155 165
0.038110 -0.037693 -0.002445 152 160 168
0.035435 -0.035305 0.005133 150 158 167
0.032936 -0.032693 0.013331 150 159 167
0.030821 -0.031069 0.021183 151 161 166
0.038988 -0.027792 0.007815 152 159 166
0.035863 -0.025489 0.015756 149 159 166
0.034434 -0.023515 0.022334 155 165 172
0.031019 -0.021848 0.032342 158 168 177
0.036345 -0.016381 0.016878 141 152 160
0.037277 -0.015986 0.022857 158 169 175
0.033371 -0.015145 0.034342 160 168 178
0.031247 -0.015075 0.047126 152 168 176
0.031049 -0.014101 0.054386 112 122 129
0.031099 -0.012738 0.066868 120 124 129
0.031517 -0.011980 0.074403 118 122 129
0.030851 -0.011617 0.083138 103 118 120
0.030938 -0.012633 0.096068 154 170 174
0.030746 -0.012014 0.106699 144 160 165
0.030690 -0.010888 0.112796 147 164 169
0.030587 -0.003933 0.009002 130 142 146
0.033893 -0.005149 0.016900 133 146 153
0.036729 -0.005336 0.023057 148 160 167
0.033066 -0.008889 0.031985 160 172 179
0.030280 -0.005699 0.046671 154 168 175
0.031126 -0.003130 0.057350 122 134 140
0.032227 -0.004057 0.065266 115 121 126
0.032810 -0.004421 0.075541 133 134 141
0.032632 -0.003461 0.085132 126 135 142
0.032605 -0.004068 0.094982 150 161 167
0.033190 -0.004627 0.105274 154 166 173
0.032514 -0.003693 0.114234 152 167 172
0.031529 -0.002026 0.123322 152 168 173
0.031935 -0.002256 0.134167 150 166 169
0.032270 -0.003344 0.144967 150 167 170
0.032627 -0.003695 0.155339 151 166 170
0.032539 -0.003189 0.164819 150 166 170
0.031925 0.005825 0.007875 136 148 152
0.033512 0.004180 0.017011 130 144 151
0.036902 0.004708 0.023653 137 150 156
0.031526 0.007271 0.036322 147 162 167
0.031361 0.007605 0.046620 131 146 150
0.032018 0.005906 0.056016 104 116 120
0.033873 0.005680 0.065292 104 108 112
0.034914 0.005840 0.074550 114 116 121
0.034878 0.005025 0.085505 148 159 165
0.035121 0.004842 0.095051 157 169 176
0.035698 0.004820 0.105142 159 172 177
0.035068 0.004992 0.115210 156 170 176
0.033285 0.004285 0.123740 155 171 176
0.034248 0.004898 0.134861 154 169 174
0.035627 0.004962 0.145164 156 172 175
0.035781 0.005060 0.155057 156 172 175
0.035391 0.004686 0.165377 155 170 175
0.033384 0.005735 0.173388 158 172 176
0.032543 0.014970 0.006921 130 140 145
0.035565 0.014976 0.016282 128 141 146
0.036484 0.015710 0.025024 150 162 167
0.034694 0.016523 0.034727 165 177 183
0.032418 0.015460 0.046360 144 157 162
0.033100 0.015381 0.055447 132 143 148
0.034468 0.015107 0.065416 113 119 124
0.034965 0.014744 0.075301 137 141 147
0.035056 0.014861 0.085140 136 147 152
0.035595 0.014830 0.095331 165 175 183
0.035891 0.014883 0.105141 164 175 182
0.035529 0.014663 0.115301 162 174 180
0.034957 0.014924 0.124694 160 174 181
0.035243 0.014797 0.135125 159 174 179
0.034637 0.015535 0.144624 158 174 177
0.036458 0.014851 0.155319 160 176 180
0.035649 0.014835 0.165201 160 175 180
0.034778 0.013547 0.173138 162 174 180
0.033074 0.024810 0.007438 134 144 148
0.037099 0.024974 0.015994 145 156 161
0.036685 0.025965 0.024010 158 169 174
0.034972 0.025544 0.035455 145 154 160
0.033153 0.025396 0.045488 142 152 158
0.033132 0.025100 0.055312 131 139 146
0.033386 0.024594 0.064870 109 116 121
0.033879 0.024243 0.075083 135 141 148
0.033646 0.023716 0.084456 143 152 157
0.035043 0.024537 0.095118 156 163 169
0.034152 0.023245 0.105664 166 177 183
0.034049 0.023577 0.115146 166 177 184
0.033790 0.024074 0.123920 166 177 185
0.033960 0.024618 0.135090 166 178 184
0.033366 0.023711 0.144288 165 178 183
0.034280 0.024478 0.155161 166 180 186
0.033879 0.023722 0.164089 165 178 184
0.037763 0.036525 0.006006 166 172 177
0.036839 0.035949 0.016064 150 161 166
0.035251 0.034577 0.024746 160 168 174
0.033269 0.033991 0.034746 144 150 156
0.032303 0.033754 0.045017 162 169 176
0.032696 0.034015 0.054983 140 143 150
0.032493 0.033732 0.064238 143 147 152
0.033380 0.034513 0.075357 153 155 161
0.033737 0.034001 0.084887 170 172 180
0.033293 0.033865 0.094879 182 185 194
0.033218 0.033160 0.104682 182 185 194
0.032625 0.032793 0.114121 178 183 192
0.031371 0.032263 0.124719 173 182 189
0.031041 0.031947 0.133274 170 181 187
0.031126 0.032724 0.144511 176 185 192
0.036331 0.046754 -0.002415 164 171 176
0.037077 0.046459 0.006096 170 174 181
0.034712 0.044481 0.015340 159 168 175
0.034265 0.043907 0.022847 164 172 181
0.031543 0.042373 0.034420 158 163 169
0.030792 0.042568 0.045325 169 172 180
0.030906 0.043621 0.055839 161 164 170
0.031296 0.042409 0.064821 169 171 179
0.031470 0.041949 0.073767 186 187 197
0.031683 0.042197 0.085148 192 192 200
0.031282 0.041285 0.092492 191 190 199
0.038848 0.058279 -0.011992 166 170 173
0.036741 0.056236 -0.003298 170 174 180
0.035377 0.054743 0.005134 173 176 183
0.033671 0.053884 0.013924 173 176 184
0.032165 0.052143 0.022654 168 172 182
0.036322 0.066338 -0.013666 130 130 144
0.034999 0.064503 -0.005317 171 174 181
0.032885 0.062670 0.003320 173 174 182
0.031944 0.061566 0.011839 171 173 184
0.036578 0.076726 -0.021043 154 156 199
0.033885 0.073984 -0.016170 163 161 194
0.034325 0.074107 -0.006814 161 161 170
0.035237 0.082742 -0.021219 178 178 219
0.033638 0.086987 -0.013884 153 152 178
0.035851 0.084659 -0.007848 181 178 188
0.037595 0.098279 -0.021420 156 158 193
0.034372 0.093594 -0.013354 181 179 201
0.034041 0.095632 -0.008100 198 193 210
0.036855 0.104379 -0.022140 156 160 212
0.035929 0.105872 -0.013828 190 188 207
0.032485 0.103134 -0.008469 199 195 211
0.035827 0.116974 -0.021643 153 156 172
0.035589 0.112863 -0.012278 193 191 208
0.034292 0.115809 -0.008038 200 197 210
0.035491 0.125726 -0.023778 199 202 225
0.034174 0.124852 -0.014852 215 215 225
0.034955 0.122307 -0.008281 207 204 216
0.035278 0.135011 -0.022890 226 226 240
0.034210 0.135104 -0.016827 241 240 247
0.035385 0.145502 -0.025190 215 216 239
0.036253 0.144718 -0.017828 242 241 247
0.035239 0.156629 -0.031876 155 156 173
0.035121 0.156390 -0.022911 215 214 223
0.035067 0.153700 -0.018299 227 225 234
0.035008 0.163738 -0.030959 165 166 188
0.035026 0.166208 -0.026338 199 201 217
0.035035 0.173510 -0.023258 215 216 228
0.034081 0.176762 -0.017667 233 231 238
0.034641 0.184522 -0.022961 220 220 233
0.036195 0.186312 -0.017482 227 226 235
0.034164 0.196549 -0.022287 217 218 228
0.035401 0.194504 -0.017569 226 224 232
0.034357 0.206095 -0.023165 194 193 197
0.034908 0.202707 -0.018280 216 215 221
0.035051 0.213047 -0.030440 182 182 188
0.035007 0.215374 -0.025330 185 184 191
0.034115 0.222561 -0.021980 207 208 217
0.035472 0.225361 -0.018026 225 225 230
0.034308 0.236025 -0.021587 226 225 234
0.035225 0.233050 -0.018112 224 221 226
0.034008 0.245038 -0.022429 218 218 224
0.037659 0.245477 -0.018830 212 211 216
0.034428 0.257466 -0.031810 187 188 190
0.034394 0.253809 -0.024058 198 198 201
0.037405 0.252905 -0.019005 204 203 207
0.032784 0.263912 -0.030966 149 148 151
0.035170 0.265941 -0.025193 182 182 186
0.034562 0.273731 -0.022180 203 203 208
0.036929 0.277818 -0.018847 214 213 218
0.032626 0.283734 -0.020554 218 218 225
0.036135 0.285760 -0.017676 210 210 216
0.032497 0.292107 -0.020422 218 218 225
0.035270 0.295015 -0.016167 207 207 212
0.034940 0.307155 -0.023444 189 188 190
0.034923 0.301645 -0.016649 200 200 202
0.035101 0.314285 -0.023754 174 174 176
0.034862 0.318557 -0.018142 227 227 230
0.034926 0.324970 -0.016208 215 215 219
0.034934 0.334786 -0.015631 215 213 220
0.034957 0.344910 -0.016038 210 209 215
0.034947 0.356374 -0.023752 192 192 194
0.034942 0.352368 -0.017468 202 201 205
0.035451 0.364268 -0.023105 153 152 155
0.034852 0.367673 -0.017288 192 192 197
0.035193 0.374661 -0.014887 196 196 200
0.034910 0.382749 -0.015357 157 155 158
0.032650 0.395021 -0.034013 57 55 58
0.034515 0.390287 -0.017953 61 58 61
0.044755 -0.312518 -0.024282 148 150 158
0.044797 -0.304995 -0.024095 169 171 180
0.045255 -0.290886 -0.031351 160 162 168
0.045163 -0.295871 -0.025077 160 162 170
0.045231 -0.286884 -0.032381 116 118 124
0.044743 -0.281855 -0.026961 158 162 170
0.044986 -0.274982 -0.023464 158 160 170
0.044909 -0.264995 -0.023197 152 154 166
0.044926 -0.254896 -0.022794 148 150 162
0.045690 -0.241164 -0.032919 155 157 161
0.044862 -0.245741 -0.025497 148 149 159
0.045580 -0.237021 -0.032389 123 125 130
0.045010 -0.231992 -0.027731 160 163 173
0.045099 -0.225050 -0.025564 168 170 181
0.044832 -0.214031 -0.025111 168 171 180
0.044867 -0.204860 -0.025219 167 170 180
0.045331 -0.193093 -0.032489 155 156 165
0.045099 -0.197418 -0.026520 174 177 186
0.044934 -0.187253 -0.032172 134 136 147
0.044987 -0.182140 -0.027639 166 169 184
0.044971 -0.175092 -0.025811 170 172 188
0.045018 -0.165003 -0.024912 171 171 189
0.046502 -0.150789 -0.033866 110 120 160
0.045027 -0.154837 -0.025036 170 172 191
0.044515 -0.143535 -0.032734 150 154 173
0.045118 -0.147476 -0.026795 178 180 202
0.045348 -0.137294 -0.031554 130 133 152
0.044682 -0.132398 -0.027731 165 168 191
0.044963 -0.125106 -0.025604 168 171 194
0.045114 -0.115346 -0.024566 166 168 192
0.047002 -0.110775 -0.019517 133 136 158
0.045101 -0.106809 -0.022514 150 150 169
0.044871 -0.102422 -0.017649 108 110 132
0.043374 -0.095073 -0.020553 121 122 145
0.045116 -0.095367 -0.016825 156 158 188
0.043273 -0.085152 -0.020822 123 122 144
0.045845 -0.085225 -0.018083 157 157 181
0.045316 -0.078064 -0.020428 142 139 162
0.044901 -0.074761 -0.015567 144 144 166
0.044847 -0.065165 -0.014652 149 148 171
0.044945 -0.054763 -0.014154 145 144 160
0.045210 -0.045092 -0.013327 142 143 153
0.041481 -0.041953 -0.008770 154 159 164
0.047139 -0.036556 -0.012065 148 153 156
0.043497 -0.034147 -0.005898 159 166 170
0.041102 -0.031882 0.002085 158 167 172
0.049215 -0.026566 -0.012046 160 168 172
0.046837 -0.025578 -0.004011 161 169 173
0.042938 -0.024203 0.004022 156 165 170
0.041472 -0.022579 0.013177 150 159 164
0.040296 -0.020350 0.020321 158 167 176
0.049582 -0.019092 -0.010992 166 174 176
0.048251 -0.015650 -0.002824 152 161 165
0.045697 -0.015052 0.005264 158 166 171
0.042407 -0.014261 0.014187 145 154 158
0.040839 -0.013132 0.022011 163 173 178
0.049325 -0.008027 -0.001003 150 157 162
0.047698 -0.005437 0.005835 159 166 171
0.044271 -0.004936 0.014903 143 152 156
0.042376 -0.004179 0.022851 163 172 176
0.049768 0.004174 -0.000792 111 117 122
0.048131 0.004792 0.006199 154 161 166
0.045588 0.004964 0.015353 146 153 157
0.043705 0.004552 0.023915 165 173 178
0.049641 0.015770 -0.000977 123 131 136
0.048033 0.015154 0.006203 155 161 166
0.045361 0.014788 0.015146 147 155 159
0.043239 0.014664 0.024722 160 169 175
0.040986 0.016143 0.030836 164 176 182
0.040174 0.016130 0.106060 176 180 188
0.049043 0.024960 -0.001649 168 174 180
0.047261 0.025993 0.006298 156 162 167
0.044259 0.024840 0.014132 155 161 166
0.043266 0.024341 0.024649 161 167 173
0.040167 0.020890 0.105376 185 188 195
0.048187 0.036334 -0.002765 170 175 179
0.045204 0.035332 0.005413 165 169 175
0.042867 0.033386 0.012887 164 170 175
0.042546 0.033817 0.024832 170 175 180
0.048314 0.047299 -0.011632 159 162 166
0.046407 0.045598 -0.003971 174 177 183
0.043152 0.043649 0.003673 171 175 181
0.041706 0.042937 0.012522 162 167 173
0.047939 0.056973 -0.021783 164 163 169
0.046768 0.055137 -0.013185 155 155 159
0.043824 0.054195 -0.006074 175 177 183
0.041813 0.052633 0.002680 175 175 182
0.046297 0.065951 -0.022348 166 164 174
0.044388 0.063328 -0.015470 164 161 168
0.044061 0.064148 -0.007557 170 169 175
0.045652 0.074958 -0.023043 155 154 177
0.044025 0.074831 -0.015895 162 158 183
0.045185 0.074984 -0.006554 174 171 176
0.045034 0.084831 -0.023348 158 156 193
0.043896 0.085866 -0.016440 162 160 189
0.045742 0.085884 -0.007687 182 178 188
0.044735 0.096293 -0.023420 154 154 190
0.044395 0.095219 -0.014760 167 165 183
0.044425 0.093417 -0.007896 182 178 186
0.044265 0.103675 -0.023267 160 161 198
0.044933 0.105797 -0.015954 177 175 192
0.045627 0.117486 -0.021405 158 158 178
0.045561 0.114335 -0.014780 187 186 201
0.042379 0.116750 -0.008823 202 200 210
0.044964 0.124999 -0.023988 201 203 224
0.044569 0.125255 -0.013745 226 226 231
0.045463 0.121868 -0.009045 201 200 207
0.044970 0.134692 -0.023354 230 229 242
0.045875 0.136408 -0.017309 243 243 249
0.044746 0.145603 -0.025401 217 218 240
0.046038 0.143739 -0.018208 243 243 249
0.045207 0.156225 -0.032096 156 157 172
0.045961 0.154738 -0.024507 201 200 212
0.044843 0.153155 -0.018770 229 228 234
0.044900 0.163560 -0.031517 172 174 193
0.044846 0.166393 -0.026449 201 200 218
0.045219 0.173576 -0.023501 216 215 228
0.045128 0.175111 -0.018058 234 233 239
0.044902 0.184426 -0.022959 221 221 234
0.044432 0.185994 -0.017504 229 228 236
0.045482 0.196103 -0.022317 219 220 230
0.045079 0.195475 -0.017410 226 226 233
0.045236 0.205179 -0.023969 194 193 198
0.044762 0.202669 -0.018184 217 216 222
0.046409 0.211322 -0.030720 204 204 214
0.044872 0.215557 -0.024926 182 182 189
0.045023 0.214696 -0.019194 218 219 228
0.045067 0.223343 -0.021783 214 215 223
0.044863 0.225351 -0.017611 226 226 230
0.044481 0.233068 -0.021945 226 228 237
0.045255 0.234036 -0.016794 224 222 227
0.042617 0.246763 -0.021601 222 223 229
0.045528 0.244549 -0.017424 219 219 224
0.044814 0.254819 -0.024619 193 192 196
0.046109 0.252465 -0.018287 209 209 213
0.043727 0.261246 -0.030430 188 188 192
0.045025 0.265773 -0.024579 180 180 184
0.047129 0.264756 -0.019489 216 216 220
0.044027 0.271896 -0.021433 204 204 208
0.046151 0.275480 -0.017616 214 215 220
0.045302 0.284483 -0.016032 211 212 218
0.044251 0.294908 -0.015817 209 209 214
0.045003 0.307160 -0.023455 190 190 191
0.044329 0.302040 -0.018083 209 210 214
0.044825 0.314304 -0.023828 176 176 179
0.043744 0.318584 -0.018461 229 229 232
0.044871 0.324752 -0.016455 218 217 223
0.045148 0.334852 -0.015742 216 214 221
0.045248 0.344989 -0.015530 212 211 216
0.044944 0.356614 -0.023939 192 192 194
0.045324 0.352612 -0.017302 203 203 207
0.045005 0.364225 -0.023359 155 155 157
0.045211 0.367839 -0.017763 199 199 204
0.045056 0.374812 -0.015532 195 196 200
0.044579 0.387412 -0.022923 24 24 26
0.045068 0.382983 -0.015500 141 140 142
0.045890 0.392432 -0.024531 60 58 58
0.058558 -0.454451 -0.066728 54 50 45
0.054804 -0.312548 -0.024082 146 148 156
0.054864 -0.305053 -0.023387 170 172 182
0.055012 -0.291036 -0.031642 162 164 169
0.055023 -0.295919 -0.024824 161 164 170
0.055014 -0.287046 -0.032318 114 116 121
0.055149 -0.282066 -0.027030 162 164 172
0.054965 -0.274926 -0.023394 158 162 171
0.054979 -0.264955 -0.022603 152 156 166
0.055040 -0.254854 -0.022190 148 152 163
0.055216 -0.241885 -0.033081 156 158 162
0.054865 -0.245845 -0.025302 148 150 160
0.055222 -0.236686 -0.032538 127 129 135
0.054814 -0.231651 -0.027499 163 166 175
0.055015 -0.225064 -0.025644 169 171 182
0.055606 -0.214322 -0.024327 169 173 182
0.054849 -0.205120 -0.025008 169 172 182
0.054995 -0.193067 -0.033127 158 159 168
0.054924 -0.196802 -0.026471 181 183 193
0.055171 -0.186984 -0.032555 134 138 149
0.054649 -0.182024 -0.027878 170 173 186
0.055034 -0.174913 -0.025482 171 172 188
0.054920 -0.165083 -0.025231 173 174 190
0.054671 -0.150826 -0.033707 120 128 167
0.054906 -0.154812 -0.025036 172 174 192
0.054554 -0.143449 -0.032825 154 158 174
0.055339 -0.147439 -0.027065 184 186 207
0.054972 -0.137481 -0.031607 132 135 152
0.055154 -0.132408 -0.027666 167 171 190
0.054909 -0.125145 -0.025603 171 174 195
0.055140 -0.114952 -0.025092 169 170 191
0.055687 -0.105245 -0.023815 147 151 163
0.052743 -0.102434 -0.017676 112 114 134
0.057243 -0.093955 -0.032194 106 109 114
0.055788 -0.095541 -0.023519 137 140 150
0.053459 -0.095125 -0.017015 142 142 161
0.058617 -0.088858 -0.030458 140 144 149
0.057096 -0.085192 -0.024162 159 160 169
0.053352 -0.084957 -0.017303 147 147 165
0.057347 -0.074066 -0.022587 165 166 174
0.053731 -0.075237 -0.016772 149 148 166
0.057506 -0.065332 -0.022540 167 167 175
0.053261 -0.064751 -0.016694 148 147 161
0.057517 -0.054779 -0.022571 168 169 175
0.053229 -0.054919 -0.016774 146 145 157
0.057687 -0.043831 -0.032022 98 101 103
0.056754 -0.045266 -0.023624 164 164 167
0.053297 -0.045100 -0.016326 146 146 155
0.058695 -0.038496 -0.031411 124 126 128
0.057381 -0.035518 -0.023883 170 171 173
0.053457 -0.034889 -0.015408 152 154 156
0.050692 -0.031467 -0.008954 170 172 172
0.057892 -0.026270 -0.022846 168 171 173
0.054771 -0.025400 -0.014844 167 170 172
0.051849 -0.022902 -0.007955 169 174 178
0.058699 -0.016249 -0.022552 146 151 155
0.056905 -0.015704 -0.013802 169 174 176
0.053091 -0.013912 -0.006507 170 175 179
0.059498 -0.006303 -0.022473 143 147 150
0.058641 -0.005693 -0.013500 172 176 180
0.054970 -0.004829 -0.004486 166 172 176
0.051109 -0.002912 0.001686 139 146 151
0.058973 0.006688 -0.030802 60 65 69
0.058707 0.005299 -0.024960 106 113 116
0.058782 0.004256 -0.013173 169 175 178
0.055738 0.004813 -0.003893 162 170 172
0.051404 0.006337 0.001901 126 133 137
0.058611 0.015017 -0.024864 129 134 138
0.058195 0.015385 -0.013280 171 177 180
0.055627 0.015111 -0.003965 168 174 177
0.052074 0.014961 0.002749 165 170 175
0.057987 0.025192 -0.024055 143 146 150
0.057769 0.025672 -0.012995 175 179 183
0.054775 0.024635 -0.004881 172 178 181
0.051546 0.024762 0.002236 166 171 175
0.057028 0.035422 -0.024058 144 145 150
0.056722 0.036168 -0.012886 169 172 175
0.053351 0.034373 -0.006485 175 180 183
0.051151 0.032263 0.001756 165 167 172
0.055839 0.045277 -0.024284 154 154 158
0.055067 0.044901 -0.014648 155 157 159
0.052128 0.043248 -0.007406 176 179 183
0.057177 0.056084 -0.031801 87 89 94
0.056078 0.056137 -0.023734 163 162 164
0.054916 0.054095 -0.014875 162 160 161
0.052131 0.052575 -0.008937 165 166 170
0.058892 0.061544 -0.030736 108 109 114
0.057383 0.064972 -0.024077 159 159 163
0.057042 0.064841 -0.014358 182 179 181
0.054113 0.065241 -0.008156 168 165 167
0.057914 0.074405 -0.022348 176 175 182
0.057873 0.074627 -0.014652 186 183 186
0.054710 0.075001 -0.007486 177 174 178
0.056777 0.084651 -0.023555 162 162 171
0.056341 0.086022 -0.015142 175 172 181
0.054566 0.084873 -0.007456 178 174 178
0.057573 0.095049 -0.023092 169 169 176
0.055599 0.095512 -0.014378 182 179 188
0.055461 0.094079 -0.008932 180 176 181
0.057838 0.106528 -0.031561 88 88 92
0.057190 0.106721 -0.023771 160 159 166
0.055154 0.105283 -0.014587 188 186 195
0.057218 0.101868 -0.009838 182 179 184
0.059245 0.111750 -0.030934 88 88 92
0.057949 0.115273 -0.023163 167 167 172
0.055047 0.114204 -0.014456 196 194 202
0.054711 0.117078 -0.008627 199 197 202
0.056318 0.123540 -0.023437 195 197 212
0.054947 0.123835 -0.015436 214 213 220
0.053941 0.121942 -0.008936 200 198 203
0.054833 0.135186 -0.024494 231 230 243
0.053502 0.136568 -0.017417 244 244 248
0.055112 0.145976 -0.026379 218 218 236
0.053652 0.143515 -0.017932 244 244 248
0.054888 0.156200 -0.032363 160 162 175
0.055753 0.155101 -0.024470 187 186 196
0.055064 0.153466 -0.017914 230 228 234
0.055232 0.163546 -0.031935 177 179 196
0.054916 0.166268 -0.026528 199 200 215
0.055023 0.173810 -0.024126 216 216 228
0.055055 0.176131 -0.016543 230 230 234
0.055212 0.184371 -0.023151 223 223 235
0.054815 0.185615 -0.016654 231 230 236
0.053689 0.196504 -0.022565 218 219 230
0.056200 0.196218 -0.017346 226 227 233
0.055725 0.206362 -0.023214 193 191 196
0.055048 0.202863 -0.018254 217 216 222
0.053960 0.211537 -0.030787 194 194 202
0.055051 0.215586 -0.024942 187 188 195
0.055137 0.219118 -0.018858 242 242 248
0.054289 0.224035 -0.022002 214 214 222
0.055098 0.225268 -0.016793 227 227 231
0.056586 0.233036 -0.021774 227 229 239
0.055344 0.234087 -0.015051 224 222 228
0.056783 0.247164 -0.021646 222 224 231
0.054949 0.245121 -0.016467 220 219 225
0.054993 0.255486 -0.024006 193 193 196
0.055215 0.252809 -0.017471 209 208 212
0.054939 0.265661 -0.024244 180 180 184
0.056616 0.267343 -0.019401 216 215 218
0.054285 0.272665 -0.020871 200 202 207
0.054883 0.274657 -0.017093 216 218 222
0.054374 0.285035 -0.015914 212 214 219
0.055517 0.295199 -0.015758 212 212 217
0.055323 0.307011 -0.023527 193 192 193
0.054306 0.301843 -0.018507 212 212 217
0.054826 0.314425 -0.023880 180 180 183
0.054306 0.318726 -0.018843 231 231 235
0.055122 0.324707 -0.016493 220 219 225
0.054862 0.334929 -0.015735 217 216 223
0.055158 0.345092 -0.016185 213 213 218
0.055032 0.356627 -0.023692 196 196 198
0.055091 0.352569 -0.017616 206 204 210
0.054947 0.363990 -0.023191 158 158 161
0.055212 0.367921 -0.017331 200 199 204
0.055084 0.374697 -0.015095 197 196 201
0.054683 0.386350 -0.022441 56 55 57
0.054970 0.382342 -0.015807 176 175 177
0.055224 0.393832 -0.045257 67 66 67
0.055612 0.391650 -0.022977 105 100 102
0.069195 -0.483775 -0.050929 120 118 112
0.068440 -0.483475 -0.047708 36 35 32
0.067350 -0.474512 -0.050854 92 91 84
0.066576 -0.476790 -0.048566 30 28 24
0.065961 -0.464467 -0.052001 60 58 54
0.061273 -0.452708 -0.062109 48 44 40
0.066377 -0.455025 -0.052926 118 114 106
0.061790 -0.448375 -0.061832 62 54 50
0.067302 -0.445002 -0.053874 124 120 113
0.068268 -0.435610 -0.053991 100 96 92
0.067906 -0.432708 -0.048686 64 59 54
0.068899 -0.425760 -0.053186 84 80 77
0.068912 -0.424949 -0.047989 40 36 32
0.069331 -0.418213 -0.052450 94 93 88
0.069221 -0.415020 -0.047858 68 64 62
0.069429 -0.322873 -0.044906 54 54 58
0.069184 -0.319203 -0.042656 55 55 58
0.065047 -0.312460 -0.024394 141 142 150
0.064980 -0.304944 -0.023498 172 174 183
0.064692 -0.290845 -0.031476 166 166 173
0.064943 -0.295801 -0.024861 163 165 172
0.064952 -0.286978 -0.032169 116 118 124
0.064860 -0.282038 -0.027194 160 164 174
0.065106 -0.274998 -0.023393 160 163 173
0.065101 -0.265013 -0.022719 154 158 167
0.066298 -0.253481 -0.025287 164 166 175
0.064883 -0.242373 -0.032790 155 156 161
0.065481 -0.246827 -0.026537 165 167 173
0.065070 -0.236565 -0.032778 128 131 137
0.064883 -0.231568 -0.028039 163 166 177
0.064976 -0.225059 -0.025829 171 173 184
0.064906 -0.214662 -0.024782 171 174 182
0.064982 -0.205247 -0.025225 170 173 182
0.064755 -0.192932 -0.033217 160 162 170
0.065203 -0.196805 -0.026083 184 185 194
0.065195 -0.186701 -0.032358 138 140 150
0.064889 -0.181772 -0.027786 172 175 188
0.065088 -0.175205 -0.025751 174 176 190
0.064930 -0.165007 -0.024933 176 177 192
0.063138 -0.150798 -0.033096 131 140 181
0.064888 -0.154844 -0.025173 176 178 193
0.064581 -0.143541 -0.032617 160 165 180
0.065409 -0.147531 -0.027172 184 186 204
0.065222 -0.137279 -0.031622 137 140 154
0.064319 -0.132870 -0.027798 152 156 173
0.064650 -0.125468 -0.026070 173 177 194
0.064580 -0.114730 -0.026358 172 176 192
0.066974 -0.103126 -0.032079 146 148 156
0.064819 -0.105119 -0.025426 164 167 176
0.066216 -0.094598 -0.033534 138 141 145
0.063596 -0.096696 -0.026018 172 173 175
0.065867 -0.087104 -0.031324 117 118 123
0.064044 -0.083475 -0.027652 151 153 159
0.069097 -0.075310 -0.030291 174 175 184
0.064849 -0.075176 -0.025970 173 175 181
0.069365 -0.063690 -0.030685 178 180 190
0.064888 -0.064969 -0.026193 175 177 184
0.067965 -0.052950 -0.030757 150 153 160
0.064716 -0.055107 -0.026286 179 180 186
0.066109 -0.044700 -0.032886 138 140 144
0.063097 -0.047362 -0.026849 158 159 161
0.066618 -0.036363 -0.031482 128 130 135
0.063945 -0.033565 -0.027522 146 148 153
0.068531 -0.024619 -0.030858 165 170 180
0.065032 -0.025300 -0.026077 180 182 187
0.060770 -0.023808 -0.017914 223 219 218
0.064661 -0.014836 -0.025376 174 175 180
0.060588 -0.014255 -0.017601 190 190 191
0.067489 -0.003336 -0.030919 116 118 124
0.064742 -0.005050 -0.025261 161 163 166
0.061041 -0.004096 -0.016542 173 176 178
0.060574 -0.002273 -0.008159 184 184 186
0.065600 0.006260 -0.032071 94 96 97
0.064148 0.003350 -0.025664 124 125 128
0.061571 0.003767 -0.016169 175 178 181
0.061063 0.005947 -0.007777 177 180 183
0.066525 0.013678 -0.031338 122 123 128
0.064587 0.015871 -0.027064 119 120 123
0.062006 0.014318 -0.015885 175 178 181
0.061008 0.014325 -0.008012 179 182 185
0.068080 0.025607 -0.031142 162 163 174
0.065593 0.024653 -0.025581 165 167 172
0.062821 0.024628 -0.015820 182 183 186
0.060991 0.024185 -0.007933 192 194 198
0.067109 0.035693 -0.031428 166 167 178
0.065018 0.034646 -0.025152 170 171 178
0.062017 0.035137 -0.016064 184 185 187
0.060760 0.031569 -0.008727 194 197 201
0.066219 0.045063 -0.032653 158 158 163
0.064040 0.045071 -0.024941 172 172 177
0.060948 0.044565 -0.018055 180 180 182
0.066049 0.056683 -0.033405 111 112 115
0.064523 0.054021 -0.024342 161 161 164
0.060904 0.053156 -0.018087 182 182 182
0.065350 0.064489 -0.033720 129 131 139
0.063127 0.066646 -0.026899 136 137 141
0.060140 0.061315 -0.019287 186 185 186
0.065847 0.075039 -0.034373 168 168 184
0.063706 0.074635 -0.025210 174 175 180
0.060874 0.075539 -0.018561 185 184 186
0.066382 0.084713 -0.033960 169 170 187
0.064006 0.085308 -0.024532 177 178 184
0.060661 0.085154 -0.017819 183 182 184
0.066977 0.094664 -0.032490 172 172 186
0.064351 0.095077 -0.024354 188 188 192
0.060824 0.095147 -0.017612 183 181 182
0.065395 0.105480 -0.033792 127 128 134
0.063983 0.103596 -0.024771 151 149 151
0.060669 0.103475 -0.017996 192 189 191
0.065801 0.114464 -0.032808 145 147 159
0.063477 0.116643 -0.026594 152 153 158
0.060468 0.117597 -0.016174 202 201 203
0.066898 0.123373 -0.032066 182 184 213
0.064348 0.122770 -0.024674 196 197 207
0.063373 0.125120 -0.018276 226 225 227
0.065044 0.135021 -0.025072 230 230 242
0.065016 0.135067 -0.017421 240 240 244
0.064382 0.145804 -0.026795 221 221 238
0.065086 0.145014 -0.017413 240 240 245
0.065139 0.156216 -0.032735 160 161 174
0.064044 0.154776 -0.024654 196 195 206
0.064791 0.153425 -0.018166 230 230 234
0.064945 0.163910 -0.032137 180 182 200
0.065147 0.166501 -0.026894 201 201 215
0.065107 0.172105 -0.030566 194 192 208
0.064927 0.173507 -0.024303 215 215 226
0.065500 0.176496 -0.017697 236 236 239
0.065321 0.184921 -0.023349 224 224 235
0.064753 0.185633 -0.017029 233 232 237
0.065445 0.194477 -0.022639 222 223 233
0.064935 0.196048 -0.017332 228 228 234
0.065252 0.207635 -0.031072 180 180 186
0.063884 0.205513 -0.023851 190 190 195
0.064898 0.202707 -0.018139 217 217 222
0.065534 0.211319 -0.030691 192 193 202
0.064917 0.215671 -0.024779 188 188 194
0.063431 0.216233 -0.018803 233 234 237
0.065454 0.223425 -0.021949 214 214 221
0.064996 0.224970 -0.016696 228 228 232
0.067028 0.232772 -0.022031 229 231 240
0.064741 0.234487 -0.015439 225 224 229
0.062773 0.247357 -0.021571 222 225 232
0.065041 0.245009 -0.016513 222 221 226
0.064758 0.255661 -0.024015 190 189 193
0.065106 0.252827 -0.017312 211 210 214
0.065039 0.265785 -0.023811 177 178 181
0.064731 0.266721 -0.019152 227 227 229
0.064836 0.271304 -0.021094 186 188 193
0.064914 0.274852 -0.017056 218 219 224
0.064865 0.284961 -0.017368 223 225 230
0.064950 0.294925 -0.015589 215 216 220
0.065131 0.306948 -0.023270 193 192 194
0.065218 0.302452 -0.017580 210 208 212
0.064900 0.314276 -0.023836 182 182 185
0.065236 0.318668 -0.018678 235 235 240
0.065001 0.324768 -0.016283 222 220 227
0.064995 0.334795 -0.015331 220 218 225
0.065027 0.345164 -0.016172 215 215 221
0.065547 0.357781 -0.022850 192 191 194
0.064961 0.352454 -0.017525 208 206 210
0.065015 0.364270 -0.023299 166 164 168
0.063414 0.368140 -0.017797 206 205 210
0.065017 0.374433 -0.015357 198 198 203
0.066130 0.386381 -0.023231 64 64 64
0.065193 0.382742 -0.015769 170 169 171
0.065772 0.392707 -0.026097 100 96 96
0.077384 -0.522462 -0.047753 129 134 139
0.079116 -0.516993 -0.050716 132 137 144
0.077129 -0.514734 -0.046651 128 132 138
0.076804 -0.503596 -0.051920 170 171 166
0.075642 -0.506347 -0.046863 120 122 122
0.075532 -0.494571 -0.053151 165 164 158
0.071985 -0.494958 -0.046693 34 33 32
0.075043 -0.485009 -0.052612 190 188 179
0.070872 -0.487303 -0.045532 84 84 78
0.074971 -0.475119 -0.051685 208 205 194
0.075997 -0.464952 -0.051740 209 206 193
0.075161 -0.454869 -0.052098 211 207 196
0.075056 -0.444830 -0.054099 204 202 192
0.074841 -0.435054 -0.056834 191 189 184
0.074825 -0.424989 -0.055504 191 189 184
0.074798 -0.414939 -0.053852 188 186 182
0.070534 -0.416547 -0.045278 65 64 61
0.075844 -0.405919 -0.052615 146 152 160
0.072364 -0.403825 -0.047916 132 134 138
0.075597 -0.392458 -0.050675 146 153 163
0.074225 -0.394996 -0.047576 142 147 155
0.076068 -0.385113 -0.051190 144 151 161
0.072601 -0.384814 -0.046882 139 143 149
0.076749 -0.375814 -0.051135 142 148 158
0.073996 -0.373826 -0.047887 143 148 158
0.077678 -0.363415 -0.050671 146 150 163
0.074273 -0.365451 -0.048153 138 142 152
0.072613 -0.361880 -0.038510 38 39 40
0.077202 -0.356530 -0.050985 146 151 163
0.073674 -0.354729 -0.047642 142 146 154
0.072775 -0.354776 -0.038137 85 85 87
0.077914 -0.342708 -0.050723 147 152 163
0.073658 -0.345285 -0.047516 142 144 152
0.072519 -0.345854 -0.038189 63 62 62
0.077762 -0.337503 -0.050454 146 150 162
0.074064 -0.334668 -0.047657 141 144 152
0.071901 -0.333836 -0.037294 48 46 48
0.078208 -0.327824 -0.050520 146 152 162
0.074187 -0.324865 -0.047654 130 132 139
0.071417 -0.325890 -0.037855 17 17 20
0.075150 -0.318117 -0.044920 96 98 104
0.075657 -0.314579 -0.035058 116 118 125
0.073972 -0.311974 -0.026332 169 170 178
0.074969 -0.304910 -0.024006 172 174 184
0.074892 -0.291039 -0.031433 169 170 176
0.074949 -0.295816 -0.025239 164 166 173
0.075169 -0.286957 -0.032427 118 120 125
0.074864 -0.281974 -0.027308 164 166 176
0.074959 -0.274961 -0.024026 162 164 176
0.074848 -0.265043 -0.024062 156 159 170
0.075513 -0.254359 -0.025321 162 165 174
0.075686 -0.242510 -0.032832 159 159 164
0.075521 -0.247084 -0.026583 165 167 173
0.075128 -0.236532 -0.032683 129 131 139
0.074829 -0.231494 -0.027973 165 168 178
0.076075 -0.223914 -0.024854 168 172 182
0.075042 -0.214954 -0.024846 171 174 183
0.074935 -0.204847 -0.025159 170 173 183
0.074837 -0.192887 -0.032905 162 165 172
0.074730 -0.197504 -0.026292 178 180 189
0.074858 -0.186751 -0.032352 138 140 150
0.075018 -0.181855 -0.028142 174 178 188
0.075039 -0.175008 -0.025810 176 178 191
0.074981 -0.165034 -0.025065 180 182 193
0.075354 -0.150828 -0.033991 119 126 158
0.075183 -0.154892 -0.025208 180 182 195
0.075820 -0.143628 -0.033238 167 170 183
0.074651 -0.147577 -0.026873 187 190 205
0.075112 -0.137269 -0.031873 140 143 157
0.074908 -0.132414 -0.027772 169 173 188
0.075137 -0.125680 -0.026502 175 180 196
0.075023 -0.114965 -0.026141 168 172 185
0.074822 -0.103044 -0.032989 154 158 169
0.074723 -0.105575 -0.026878 169 173 185
0.075075 -0.094200 -0.033966 169 171 181
0.074888 -0.097103 -0.028169 195 195 206
0.074795 -0.086692 -0.032318 141 144 153
0.074737 -0.082054 -0.028691 159 163 176
0.075314 -0.074686 -0.032003 182 184 198
0.073869 -0.075659 -0.027655 176 179 191
0.075113 -0.065498 -0.032209 182 185 198
0.073946 -0.064792 -0.027875 178 181 193
0.074621 -0.053367 -0.031880 160 164 174
0.073762 -0.056162 -0.028526 179 181 192
0.075722 -0.044348 -0.033618 171 174 181
0.075285 -0.035972 -0.032271 145 147 155
0.073005 -0.032642 -0.029078 162 166 173
0.076603 -0.026138 -0.030628 178 180 187
0.074051 -0.025610 -0.028709 185 187 194
0.076937 -0.015408 -0.030565 181 184 193
0.074332 -0.014115 -0.028191 186 189 197
0.076570 -0.002311 -0.031114 160 161 165
0.074404 -0.005825 -0.027771 186 188 193
0.076175 0.004248 -0.032795 153 154 158
0.074850 0.004127 -0.026887 195 196 198
0.075267 0.015535 -0.031529 141 141 145
0.073385 0.016952 -0.029313 152 151 157
0.076027 0.023002 -0.031331 143 144 150
0.073981 0.024101 -0.027503 180 181 186
0.076102 0.035530 -0.031916 161 163 173
0.073786 0.035229 -0.026691 182 182 190
0.076140 0.045443 -0.032836 150 151 160
0.074771 0.045001 -0.025618 183 183 190
0.075399 0.055656 -0.035018 136 138 144
0.074675 0.053919 -0.025185 183 183 190
0.075703 0.065813 -0.034243 137 140 148
0.074745 0.066396 -0.028410 159 159 163
0.076090 0.073488 -0.034990 151 152 164
0.074933 0.074777 -0.025925 186 188 193
0.074523 0.084796 -0.037778 178 178 200
0.075130 0.084921 -0.023741 205 207 213
0.074900 0.095061 -0.035033 175 176 194
0.074773 0.094867 -0.023388 212 214 218
0.075447 0.106201 -0.033240 173 173 182
0.074747 0.104460 -0.023777 217 218 222
0.075682 0.116344 -0.033698 162 161 176
0.074279 0.116698 -0.027609 199 198 200
0.076891 0.121899 -0.031870 184 184 199
0.074965 0.124520 -0.025556 214 214 220
0.074549 0.127723 -0.018735 236 237 240
0.076200 0.133090 -0.032579 195 196 219
0.074804 0.135177 -0.025502 231 230 239
0.075148 0.134683 -0.017727 240 240 244
0.076287 0.145524 -0.026782 221 222 235
0.074995 0.144911 -0.017317 239 240 244
0.075119 0.155962 -0.032684 158 160 170
0.075213 0.155958 -0.023212 226 225 231
0.075087 0.153522 -0.017743 231 230 234
0.074988 0.164163 -0.032212 184 186 200
0.074740 0.166797 -0.026911 204 204 216
0.075176 0.173464 -0.024413 214 214 225
0.074832 0.176114 -0.017935 236 235 239
0.074559 0.185093 -0.023111 225 225 235
0.075686 0.185811 -0.017501 233 233 237
0.075593 0.193908 -0.022510 224 226 234
0.075602 0.194432 -0.017237 229 230 235
0.074479 0.205387 -0.023586 190 189 194
0.076257 0.202682 -0.017767 219 218 224
0.074980 0.215854 -0.024557 187 187 193
0.075412 0.212957 -0.019638 218 217 221
0.074445 0.222474 -0.021661 211 212 218
0.075560 0.225370 -0.016601 230 230 234
0.074681 0.235981 -0.021858 229 233 242
0.075719 0.234512 -0.014821 226 224 229
0.075652 0.244970 -0.021911 225 228 236
0.074742 0.245141 -0.016393 223 223 227
0.075055 0.255592 -0.024130 192 192 194
0.074890 0.252817 -0.017202 212 211 215
0.074750 0.265285 -0.023697 176 176 179
0.073660 0.268536 -0.018969 209 209 211
0.074727 0.272593 -0.021534 220 223 228
0.074996 0.274498 -0.017152 218 220 225
0.074879 0.285056 -0.017295 224 226 232
0.074447 0.295214 -0.015842 217 218 223
0.074902 0.307250 -0.023405 191 191 193
0.075442 0.301934 -0.018228 214 215 220
0.074876 0.314170 -0.024091 180 179 183
0.075122 0.318388 -0.018450 238 238 242
0.074906 0.324790 -0.016545 223 223 229
0.074988 0.335061 -0.015942 220 219 228
0.074962 0.344975 -0.016001 217 216 222
0.075044 0.356526 -0.024096 200 200 202
0.074936 0.352361 -0.017518 208 207 211
0.074802 0.364267 -0.023602 167 166 169
0.075657 0.368135 -0.018072 209 208 212
0.075095 0.374604 -0.015649 199 199 204
0.075674 0.385723 -0.022867 82 80 82
0.074990 0.382598 -0.016137 177 176 179
0.073291 0.395534 -0.031749 103 100 100
0.073234 0.392027 -0.026293 107 104 102
0.087073 -0.523565 -0.051653 136 142 150
0.083629 -0.524212 -0.048576 135 142 150
0.084678 -0.515193 -0.050779 136 141 149
0.085211 -0.513707 -0.048906 136 140 149
0.084761 -0.505182 -0.053046 172 174 170
0.081798 -0.509615 -0.049225 128 133 140
0.084826 -0.495045 -0.054639 179 178 172
0.085043 -0.484900 -0.053193 194 194 182
0.085035 -0.475126 -0.052366 208 204 193
0.084824 -0.465084 -0.053415 208 206 194
0.084879 -0.455132 -0.053693 210 206 195
0.085046 -0.444865 -0.055735 206 203 193
0.084960 -0.435030 -0.057611 192 190 184
0.084972 -0.425036 -0.055882 190 189 185
0.084936 -0.414842 -0.054611 186 186 182
0.085077 -0.405184 -0.053969 146 152 160
0.085946 -0.394769 -0.052260 146 153 163
0.085204 -0.384599 -0.051374 146 152 164
0.084762 -0.374949 -0.050797 147 152 164
0.085467 -0.374630 -0.049538 148 152 164
0.085008 -0.365245 -0.050716 150 155 166
0.084318 -0.363427 -0.049586 150 156 166
0.083509 -0.357427 -0.050897 149 154 165
0.085822 -0.353323 -0.048359 150 154 164
0.082673 -0.342192 -0.050594 147 152 164
0.085674 -0.345831 -0.048068 136 141 150
0.085357 -0.335352 -0.050553 146 150 163
0.084617 -0.334671 -0.049393 146 150 164
0.083703 -0.326063 -0.050810 144 148 160
0.084931 -0.322982 -0.049386 120 126 134
0.084840 -0.317697 -0.045744 91 96 104
0.084835 -0.313477 -0.034640 154 158 166
0.084884 -0.310967 -0.028001 178 180 188
0.084989 -0.304944 -0.023761 172 176 184
0.085252 -0.291030 -0.031520 172 174 181
0.085001 -0.295832 -0.024977 166 168 174
0.085124 -0.286925 -0.032683 122 122 128
0.084785 -0.281852 -0.027402 163 166 176
0.084957 -0.275054 -0.023888 162 166 176
0.085714 -0.263736 -0.024856 164 168 177
0.085145 -0.254997 -0.025212 163 166 174
0.084963 -0.242552 -0.032956 158 160 165
0.085731 -0.247097 -0.026881 168 169 176
0.085033 -0.236574 -0.032889 130 132 138
0.085250 -0.231553 -0.028116 164 167 177
0.085064 -0.224687 -0.026340 169 172 182
0.084923 -0.214901 -0.024938 172 175 184
0.084925 -0.205009 -0.025578 172 175 184
0.085222 -0.192848 -0.033244 166 167 176
0.085165 -0.196724 -0.026505 186 187 196
0.085177 -0.186811 -0.032367 139 142 150
0.084901 -0.181803 -0.027738 176 180 190
0.085010 -0.175106 -0.025666 178 182 193
0.084845 -0.164991 -0.025596 182 185 195
0.085720 -0.151031 -0.033563 138 142 169
0.084936 -0.154834 -0.025908 184 186 198
0.084657 -0.143728 -0.033258 169 172 184
0.084896 -0.147646 -0.027231 194 197 210
0.085236 -0.136969 -0.031780 145 149 159
0.085527 -0.132061 -0.028067 175 180 192
0.085037 -0.125600 -0.026888 180 185 197
0.084910 -0.115068 -0.026376 172 176 189
0.085157 -0.103046 -0.033220 165 170 182
0.085026 -0.105545 -0.027040 175 180 192
0.085002 -0.094218 -0.034060 175 177 188
0.084168 -0.097145 -0.028251 204 204 216
0.085140 -0.086431 -0.032507 147 149 161
0.084321 -0.081979 -0.028827 170 175 188
0.085654 -0.074335 -0.031582 204 205 219
0.084502 -0.075526 -0.027618 174 178 192
0.086506 -0.065899 -0.032244 206 207 219
0.084233 -0.065595 -0.027737 178 181 194
0.084892 -0.053130 -0.032691 163 166 176
0.084941 -0.055534 -0.028121 184 188 200
0.084909 -0.044481 -0.034263 178 179 187
0.085043 -0.035730 -0.032804 151 154 161
0.085817 -0.031691 -0.028815 158 162 169
0.084107 -0.026051 -0.030998 182 184 191
0.084539 -0.025696 -0.027949 183 186 194
0.085335 -0.015037 -0.031263 182 185 192
0.083647 -0.014820 -0.028619 188 190 198
0.085663 -0.004689 -0.031372 166 168 175
0.084250 -0.004893 -0.027960 193 196 201
0.085733 0.004789 -0.033340 161 162 167
0.083840 0.003734 -0.027551 203 205 210
0.085455 0.015719 -0.032251 147 148 153
0.084070 0.015177 -0.029352 173 174 178
0.086422 0.023311 -0.031603 145 145 152
0.084249 0.025115 -0.027281 199 201 203
0.085213 0.035003 -0.033065 162 162 174
0.084155 0.033981 -0.026023 194 195 200
0.084868 0.044490 -0.033143 151 152 163
0.085270 0.045365 -0.025666 186 188 195
0.084936 0.055045 -0.035053 138 140 151
0.084993 0.054317 -0.025640 185 187 194
0.084817 0.066273 -0.033830 141 143 152
0.083440 0.066296 -0.028794 175 175 182
0.084981 0.072613 -0.033356 142 143 155
0.084901 0.075061 -0.026038 189 193 201
0.084949 0.085110 -0.037469 180 180 201
0.085024 0.084963 -0.023151 209 211 218
0.084883 0.095004 -0.035846 176 176 194
0.084744 0.095045 -0.022676 217 219 226
0.085797 0.095194 -0.019656 220 223 227
0.084614 0.106284 -0.033727 175 176 188
0.085176 0.104545 -0.023067 220 221 226
0.083938 0.101615 -0.019691 217 219 224
0.085077 0.115276 -0.035148 184 185 202
0.085670 0.116769 -0.027530 213 212 216
0.083367 0.122697 -0.031967 187 188 200
0.084986 0.124195 -0.026011 214 214 219
0.086035 0.127486 -0.018544 238 238 242
0.084252 0.133205 -0.032549 194 196 216
0.085337 0.135363 -0.025521 230 230 238
0.084960 0.134958 -0.017875 240 240 244
0.084908 0.145977 -0.024968 228 229 238
0.084908 0.145135 -0.018121 240 240 244
0.084879 0.156210 -0.032874 162 164 174
0.084053 0.155570 -0.023269 224 222 228
0.085385 0.153550 -0.018250 232 230 234
0.085174 0.164129 -0.032053 182 185 196
0.084902 0.166729 -0.026878 200 201 211
0.085041 0.173769 -0.024348 211 213 221
0.083958 0.177075 -0.017629 239 239 242
0.085208 0.184253 -0.023199 225 226 236
0.085292 0.186178 -0.017090 226 225 232
0.085750 0.195116 -0.021620 222 223 231
0.084779 0.196079 -0.017061 222 223 229
0.084070 0.207664 -0.031614 174 176 180
0.084607 0.205431 -0.023299 196 196 199
0.085456 0.202426 -0.018148 212 211 216
0.083730 0.211231 -0.030464 198 198 206
0.085190 0.215713 -0.024348 183 182 188
0.086706 0.215302 -0.019084 218 216 220
0.083625 0.223622 -0.021711 215 215 222
0.084939 0.225050 -0.016293 230 230 233
0.083300 0.233053 -0.022127 228 232 241
0.085064 0.234755 -0.014405 226 224 229
0.085089 0.246197 -0.022025 224 228 235
0.085066 0.243355 -0.014586 223 222 226
0.089065 0.242518 -0.009893 218 216 219
0.085051 0.255818 -0.024291 193 193 194
0.085031 0.253037 -0.017217 212 211 215
0.084307 0.261174 -0.030167 207 208 210
0.084725 0.265688 -0.023648 174 176 179
0.085630 0.268475 -0.018713 216 217 220
0.083975 0.273699 -0.020563 199 201 205
0.084676 0.274271 -0.017322 218 219 224
0.085551 0.283139 -0.020273 229 234 240
0.084575 0.285014 -0.017575 225 227 233
0.085068 0.294960 -0.017341 221 223 228
0.085151 0.307289 -0.023396 193 193 196
0.085347 0.301908 -0.017895 214 215 220
0.085096 0.314204 -0.023922 182 182 186
0.084863 0.318446 -0.018322 238 238 242
0.084992 0.324655 -0.016897 224 224 230
0.084862 0.335098 -0.016399 222 221 229
0.084921 0.345048 -0.016308 217 217 223
0.084645 0.356611 -0.023463 202 202 205
0.084811 0.352444 -0.017519 208 206 211
0.084931 0.364361 -0.023311 166 166 168
0.085585 0.367341 -0.018153 212 211 215
0.084951 0.374657 -0.015964 201 201 205
0.085019 0.385389 -0.023495 112 109 112
0.084954 0.382241 -0.016459 199 198 201
0.084551 0.391771 -0.025949 90 87 88
0.095161 -0.525113 -0.053586 139 148 154
0.095836 -0.515214 -0.051727 140 149 156
0.092264 -0.512139 -0.048785 138 145 152
0.095033 -0.504818 -0.052506 160 165 164
0.095018 -0.494913 -0.054646 182 182 170
0.094908 -0.484922 -0.053629 196 194 184
0.095021 -0.474866 -0.052155 204 202 190
0.095010 -0.465052 -0.053551 208 206 194
0.094776 -0.455045 -0.054719 192 190 180
0.094890 -0.444932 -0.056128 206 204 194
0.094673 -0.435054 -0.058156 176 177 172
0.095115 -0.424950 -0.055996 184 184 180
0.094976 -0.415027 -0.055112 187 188 184
0.095025 -0.405030 -0.054161 150 156 166
0.095074 -0.395141 -0.052524 152 158 168
0.095002 -0.385069 -0.051917 152 158 168
0.095132 -0.376079 -0.051385 152 158 169
0.096849 -0.371538 -0.049433 153 158 170
0.094359 -0.364284 -0.050690 154 159 171
0.096198 -0.365692 -0.049525 154 160 172
0.095966 -0.354792 -0.051471 132 137 144
0.092320 -0.353376 -0.049128 144 148 154
0.097140 -0.344565 -0.051230 159 163 170
0.093162 -0.345395 -0.048618 159 162 168
0.094542 -0.335152 -0.051113 154 157 170
0.093634 -0.336730 -0.049733 157 161 173
0.093999 -0.325444 -0.050818 144 147 159
0.095747 -0.323366 -0.049414 134 138 148
0.095001 -0.317587 -0.046095 88 92 99
0.095064 -0.313140 -0.034755 166 170 177
0.093948 -0.310782 -0.028087 180 183 191
0.094895 -0.304860 -0.024217 173 176 184
0.094763 -0.291004 -0.031611 176 178 186
0.095126 -0.295917 -0.024574 166 169 176
0.094983 -0.286684 -0.032601 122 123 128
0.095135 -0.281784 -0.027290 162 166 176
0.096484 -0.273618 -0.025303 167 171 179
0.095398 -0.264579 -0.024502 165 169 177
0.094990 -0.255183 -0.025365 162 166 174
0.094965 -0.242480 -0.033259 156 159 164
0.095276 -0.247069 -0.026674 171 173 179
0.094997 -0.236474 -0.033643 131 134 140
0.095439 -0.231356 -0.028009 169 172 181
0.095138 -0.225022 -0.026286 170 173 182
0.095006 -0.214960 -0.025079 172 176 184
0.095042 -0.204947 -0.025082 173 176 185
0.094817 -0.192810 -0.033427 167 169 177
0.095198 -0.196789 -0.026819 188 189 198
0.095129 -0.186750 -0.032596 142 145 152
0.095252 -0.181779 -0.027876 178 181 191
0.094936 -0.175084 -0.025700 182 186 196
0.094939 -0.164902 -0.024973 187 190 199
0.094615 -0.151174 -0.034387 131 137 156
0.095044 -0.154832 -0.025428 188 192 201
0.095601 -0.143573 -0.033393 172 175 185
0.095582 -0.147365 -0.027430 202 204 215
0.095150 -0.136689 -0.031880 146 150 159
0.095110 -0.132057 -0.028246 181 186 197
0.095133 -0.125381 -0.026703 184 189 201
0.095137 -0.114990 -0.025896 178 182 193
0.094288 -0.103012 -0.033685 170 174 186
0.095127 -0.105629 -0.026546 180 185 195
0.094801 -0.094340 -0.034233 179 183 192
0.095087 -0.097187 -0.027909 211 212 221
0.094984 -0.086637 -0.032574 150 154 164
0.095850 -0.082412 -0.028512 170 175 187
0.094505 -0.076529 -0.031145 212 214 223
0.095923 -0.075353 -0.027692 182 185 197
0.094866 -0.064924 -0.033648 196 198 210
0.095012 -0.065000 -0.027285 187 191 202
0.095125 -0.053293 -0.032926 168 171 180
0.094876 -0.055481 -0.027808 191 195 204
0.094459 -0.044496 -0.034470 184 185 192
0.094822 -0.035656 -0.032924 159 161 168
0.096065 -0.033262 -0.029057 178 181 188
0.095519 -0.026068 -0.031385 183 185 191
0.094480 -0.025456 -0.028145 189 193 199
0.094976 -0.015032 -0.031891 186 189 196
0.094216 -0.014943 -0.028073 192 194 200
0.095070 -0.004284 -0.031699 165 168 174
0.095401 -0.004350 -0.028251 196 198 204
0.094378 0.004543 -0.033446 162 164 170
0.095518 0.004613 -0.026923 222 222 225
0.095015 0.015646 -0.032550 149 150 155
0.095945 0.013306 -0.029383 188 189 194
0.094464 0.023253 -0.031886 140 141 148
0.094155 0.026018 -0.027842 198 199 204
0.094798 0.034901 -0.033199 161 162 173
0.095931 0.036223 -0.026629 194 195 202
0.094881 0.044264 -0.033429 152 153 164
0.095158 0.045779 -0.026000 190 191 199
0.095052 0.055515 -0.035116 138 141 151
0.095102 0.053700 -0.025601 189 190 197
0.094859 0.066239 -0.033809 147 148 158
0.095334 0.065015 -0.028403 186 187 192
0.095004 0.072755 -0.033223 144 145 156
0.094978 0.075504 -0.025516 197 200 207
0.095084 0.085028 -0.036840 178 180 198
0.095024 0.084810 -0.023023 211 213 221
0.097096 0.088222 -0.019235 219 225 228
0.095027 0.095041 -0.034725 177 178 194
0.095134 0.095219 -0.022823 219 222 228
0.096264 0.094321 -0.019628 222 227 230
0.094678 0.106675 -0.033340 173 174 185
0.094954 0.104579 -0.023396 221 224 229
0.094962 0.115380 -0.034727 183 185 200
0.095184 0.116368 -0.027494 217 216 220
0.096546 0.123433 -0.032491 165 168 182
0.094555 0.124555 -0.025841 215 215 220
0.094826 0.127415 -0.018605 239 240 243
0.096707 0.133193 -0.032245 194 198 214
0.095253 0.133771 -0.024356 237 237 242
0.094947 0.135109 -0.018122 240 241 244
0.095859 0.145918 -0.026870 223 224 233
0.095039 0.144879 -0.017681 239 240 244
0.095020 0.156090 -0.032947 160 162 170
0.095218 0.155897 -0.023149 223 222 226
0.094937 0.153358 -0.018203 230 230 234
0.095286 0.164387 -0.031727 180 182 192
0.094725 0.166672 -0.027160 202 203 212
0.094813 0.173649 -0.024420 210 211 220
0.095946 0.176982 -0.017415 239 239 242
0.093728 0.184696 -0.023030 225 227 236
0.095118 0.185124 -0.016224 236 236 239
0.093942 0.193988 -0.022656 223 225 232
0.094947 0.196265 -0.016485 225 225 232
0.095283 0.204608 -0.024690 184 184 189
0.094242 0.203230 -0.017858 220 218 223
0.094951 0.215781 -0.024610 184 184 190
0.094833 0.215234 -0.019394 225 225 228
0.095177 0.221740 -0.021805 208 209 215
0.094943 0.224809 -0.015967 231 231 234
0.095308 0.235051 -0.014770 223 224 229
0.096200 0.235414 -0.009381 214 212 216
0.093385 0.246030 -0.021892 228 232 238
0.096118 0.243470 -0.014564 223 223 228
0.095413 0.242927 -0.009563 214 212 215
0.095413 0.255977 -0.023803 184 184 186
0.095352 0.253546 -0.016551 208 207 209
0.094939 0.265642 -0.023221 172 173 176
0.095438 0.268673 -0.018637 212 214 217
0.093161 0.272457 -0.020412 226 228 233
0.095235 0.275200 -0.018010 226 229 234
0.094987 0.285228 -0.017780 224 228 233
0.094920 0.295203 -0.017100 221 223 229
0.095254 0.307450 -0.023403 193 193 195
0.094965 0.302199 -0.017962 214 215 219
0.095078 0.314288 -0.024060 182 182 184
0.093828 0.318605 -0.018350 237 238 242
0.094998 0.324751 -0.016660 225 226 232
0.094980 0.334945 -0.016106 222 221 230
0.095055 0.345128 -0.015998 218 218 224
0.096421 0.357897 -0.022388 197 197 200
0.095007 0.352722 -0.017274 208 207 211
0.095158 0.364366 -0.023323 168 167 171
0.094757 0.367859 -0.018310 220 219 224
0.094873 0.374545 -0.016152 202 203 207
0.094906 0.385032 -0.023074 132 130 134
0.095303 0.382043 -0.016530 199 198 201
0.095875 0.395358 -0.031044 96 94 94
0.093044 0.392630 -0.027169 95 91 92
0.104548 -0.532996 -0.052693 136 146 151
0.104806 -0.525170 -0.052614 136 146 152
0.103879 -0.515343 -0.051156 139 148 154
0.105042 -0.504839 -0.052397 164 170 168
0.105042 -0.495177 -0.054655 184 185 174
0.105184 -0.484877 -0.052897 194 192 181
0.105115 -0.474958 -0.051815 206 204 193
0.104964 -0.465020 -0.053514 208 206 194
0.105046 -0.455025 -0.054173 210 207 196
0.104998 -0.444681 -0.054933 206 204 194
0.104998 -0.435111 -0.057686 196 192 186
0.105098 -0.424984 -0.055688 186 184 180
0.105059 -0.414818 -0.054734 181 182 178
0.104970 -0.404988 -0.053715 152 158 167
0.105059 -0.394763 -0.052069 152 159 170
0.105334 -0.393986 -0.049904 154 158 170
0.105046 -0.384878 -0.052245 154 160 172
0.105073 -0.375073 -0.051270 154 160 171
0.102886 -0.371433 -0.049740 154 160 172
0.105121 -0.365046 -0.051020 152 159 170
0.104243 -0.364976 -0.049638 154 159 172
0.104645 -0.354640 -0.051175 150 156 168
0.105898 -0.357322 -0.049564 154 158 170
0.104865 -0.345160 -0.051571 154 159 171
0.104985 -0.335559 -0.051194 152 156 170
0.106611 -0.326318 -0.050504 150 156 168
0.104552 -0.323642 -0.049122 137 142 152
0.105143 -0.317566 -0.045636 92 96 103
0.104798 -0.312960 -0.034710 166 170 178
0.105048 -0.310629 -0.028898 178 182 190
0.105013 -0.304900 -0.024832 174 178 186
0.105412 -0.290853 -0.031443 178 180 186
0.104930 -0.295763 -0.025484 166 170 176
0.105103 -0.287011 -0.032362 120 122 126
0.104944 -0.281963 -0.027249 162 167 175
0.105398 -0.274536 -0.025885 166 172 180
0.105011 -0.264923 -0.025306 165 171 178
0.105046 -0.254979 -0.025259 163 168 175
0.105834 -0.241933 -0.033256 156 158 161
0.104789 -0.246995 -0.026952 171 173 180
0.105671 -0.236397 -0.032965 136 139 144
0.105043 -0.231440 -0.027998 163 167 175
0.105182 -0.224871 -0.025945 170 174 182
0.104988 -0.215050 -0.025242 172 176 184
0.104971 -0.205217 -0.025354 173 177 186
0.103682 -0.192406 -0.033301 171 174 180
0.105065 -0.196274 -0.026742 188 190 198
0.105098 -0.186611 -0.032248 142 145 152
0.104860 -0.181815 -0.028192 182 186 194
0.104949 -0.175107 -0.025708 186 190 198
0.104913 -0.165100 -0.024913 192 194 204
0.105954 -0.151229 -0.034474 134 138 152
0.104996 -0.154927 -0.025488 194 197 206
0.104128 -0.143572 -0.033372 176 179 187
0.104858 -0.147520 -0.027612 206 209 217
0.104909 -0.136491 -0.031905 152 156 164
0.105108 -0.131952 -0.028548 186 190 200
0.104963 -0.125269 -0.026571 189 193 203
0.105002 -0.115136 -0.026068 182 186 196
0.105370 -0.102510 -0.032746 167 171 182
0.104968 -0.105192 -0.026840 184 189 198
0.104936 -0.095122 -0.034941 171 175 185
0.104565 -0.097878 -0.028160 205 206 215
0.105201 -0.086769 -0.032416 154 157 165
0.104656 -0.082295 -0.028497 174 178 188
0.104842 -0.074117 -0.031757 197 200 211
0.105164 -0.075599 -0.027370 186 189 200
0.104827 -0.065362 -0.032609 200 204 214
0.105945 -0.064253 -0.027551 189 192 203
0.104654 -0.053062 -0.032466 180 182 191
0.106107 -0.055907 -0.028012 191 195 204
0.104074 -0.044466 -0.033809 187 189 196
0.105140 -0.047621 -0.028539 219 221 226
0.105227 -0.035687 -0.032730 161 164 170
0.106739 -0.033587 -0.028861 180 184 190
0.104474 -0.026204 -0.031095 185 187 192
0.106609 -0.025186 -0.028399 190 192 200
0.104866 -0.014891 -0.032018 191 194 202
0.106367 -0.016502 -0.027672 196 199 206
0.105008 -0.004130 -0.031564 172 174 179
0.104360 -0.004051 -0.028116 198 201 206
0.105585 0.005141 -0.033491 166 168 172
0.104711 0.004459 -0.026635 226 226 228
0.104865 0.015598 -0.032485 152 154 159
0.104128 0.013431 -0.029103 192 193 198
0.104752 0.023484 -0.031524 139 141 148
0.106181 0.024057 -0.027691 206 208 213
0.104722 0.035027 -0.032315 161 163 174
0.106745 0.035075 -0.027546 192 194 201
0.105499 0.045296 -0.032391 153 155 165
0.104654 0.044940 -0.026181 194 196 203
0.104747 0.055371 -0.034562 140 142 152
0.105381 0.054101 -0.026213 193 195 201
0.104514 0.066472 -0.033309 137 138 148
0.106476 0.066086 -0.028647 175 176 181
0.103976 0.072530 -0.032778 143 145 154
0.104974 0.075052 -0.025600 195 197 203
0.104947 0.084973 -0.035675 178 180 197
0.105319 0.084672 -0.022981 214 217 223
0.106440 0.084796 -0.019602 222 226 230
0.105093 0.095033 -0.033578 176 178 192
0.105446 0.095057 -0.022655 221 224 231
0.104820 0.095452 -0.019477 225 230 234
0.106083 0.106610 -0.033034 179 181 192
0.104436 0.104750 -0.023082 223 225 230
0.104950 0.115240 -0.034290 183 185 198
0.104697 0.116536 -0.027384 214 213 217
0.103042 0.123703 -0.032071 167 168 183
0.105601 0.124575 -0.025591 214 215 220
0.103749 0.127153 -0.018425 240 242 244
0.103199 0.132887 -0.031938 194 198 214
0.106006 0.134064 -0.024076 236 237 241
0.104868 0.135154 -0.017924 240 242 245
0.104745 0.146281 -0.024871 228 230 238
0.104948 0.144721 -0.017837 238 240 244
0.104850 0.156206 -0.032754 160 161 169
0.104945 0.155457 -0.023164 224 224 228
0.105420 0.153480 -0.018346 230 230 234
0.104958 0.164165 -0.031745 179 181 191
0.104914 0.166556 -0.026928 203 205 213
0.104991 0.173711 -0.024327 209 209 218
0.105205 0.176746 -0.017891 240 240 243
0.105677 0.185534 -0.022809 222 224 233
0.105960 0.185912 -0.017310 232 234 238
0.105136 0.195481 -0.022565 223 225 232
0.105498 0.195208 -0.016756 230 232 236
0.104829 0.204196 -0.023775 184 185 190
0.105537 0.203819 -0.017502 214 214 218
0.104975 0.216001 -0.023918 179 178 184
0.105523 0.215490 -0.019307 225 224 228
0.104900 0.222361 -0.021751 206 207 213
0.104897 0.224946 -0.016225 230 230 233
0.109306 0.228308 -0.009231 220 220 223
0.104415 0.233733 -0.021910 228 234 242
0.104566 0.235342 -0.014311 222 224 228
0.104940 0.235914 -0.008598 215 216 220
0.105303 0.243663 -0.014200 217 216 221
0.106109 0.241794 -0.007496 199 199 203
0.105213 0.255327 -0.023950 192 192 196
0.104530 0.253345 -0.016498 209 208 212
0.104772 0.265041 -0.024574 193 195 198
0.104660 0.267575 -0.016728 215 217 218
0.105589 0.272327 -0.020856 224 226 230
0.103953 0.273716 -0.015388 219 222 225
0.104884 0.274346 -0.008384 188 187 190
0.105015 0.285355 -0.017556 225 229 234
0.106376 0.295569 -0.020174 220 224 230
0.104942 0.294935 -0.017276 221 223 229
0.105006 0.307326 -0.023116 194 194 197
0.104864 0.302092 -0.018112 214 215 220
0.105055 0.314585 -0.023930 184 185 188
0.105875 0.318675 -0.018455 239 240 243
0.104933 0.324751 -0.016622 225 226 231
0.105005 0.334975 -0.016165 222 223 230
0.105109 0.345003 -0.016266 217 219 225
0.105125 0.356372 -0.023708 200 202 205
0.105192 0.352314 -0.017550 209 210 216
0.104705 0.363963 -0.023266 170 171 173
0.105352 0.367904 -0.018208 208 209 213
0.105029 0.374563 -0.016014 202 203 208
0.104804 0.385082 -0.022875 129 127 130
0.104906 0.382359 -0.017087 199 199 202
0.106754 0.392555 -0.026499 103 98 99
0.107488 0.414667 -0.044601 72 70 69
0.116827 -0.533511 -0.051107 137 146 153
0.114846 -0.532009 -0.049424 136 146 152
0.115984 -0.525167 -0.050791 138 146 153
0.115358 -0.524821 -0.049191 137 146 153
0.115588 -0.514797 -0.051286 138 148 155
0.116821 -0.516309 -0.049306 138 146 154
0.114905 -0.504890 -0.053394 160 166 166
0.114963 -0.494972 -0.054556 185 186 176
0.115169 -0.485493 -0.053239 184 184 172
0.114833 -0.474164 -0.051445 200 202 190
0.114853 -0.465040 -0.053111 206 206 195
0.115187 -0.454984 -0.053035 203 202 192
0.115122 -0.444776 -0.054392 203 200 192
0.114938 -0.435045 -0.058009 194 191 184
0.114984 -0.424935 -0.055817 198 194 188
0.114958 -0.415018 -0.054319 188 188 184
0.114867 -0.405091 -0.053722 150 158 168
0.114878 -0.395142 -0.052385 150 158 170
0.114797 -0.385596 -0.051455 154 160 173
0.115287 -0.374489 -0.051153 152 158 171
0.115215 -0.365380 -0.051640 154 161 174
0.115796 -0.364186 -0.049889 156 163 175
0.114952 -0.354649 -0.051309 156 162 174
0.115233 -0.345344 -0.051022 153 159 172
0.116235 -0.342803 -0.049506 154 160 172
0.115359 -0.334849 -0.051011 152 158 170
0.114856 -0.326319 -0.050888 149 154 166
0.113770 -0.322272 -0.049502 126 131 140
0.115108 -0.317556 -0.046074 86 91 98
0.114963 -0.313149 -0.034705 161 164 173
0.115250 -0.310785 -0.028435 180 184 194
0.114925 -0.304821 -0.024582 176 180 188
0.115909 -0.291167 -0.033229 186 189 193
0.115016 -0.295750 -0.025205 169 172 178
0.115586 -0.286369 -0.032534 138 141 144
0.114820 -0.281510 -0.028066 164 169 176
0.115259 -0.274906 -0.026028 168 175 182
0.115020 -0.265120 -0.025962 165 171 179
0.115003 -0.254976 -0.026041 163 168 175
0.115140 -0.242641 -0.033908 155 156 161
0.115204 -0.246957 -0.027011 170 172 178
0.114874 -0.236510 -0.033259 136 138 143
0.115155 -0.231429 -0.028347 165 170 176
0.114947 -0.225054 -0.026373 168 173 182
0.114968 -0.214949 -0.025436 172 176 185
0.114949 -0.205526 -0.025601 173 178 186
0.115468 -0.192508 -0.032915 172 174 180
0.114983 -0.196136 -0.026212 189 192 198
0.114947 -0.186415 -0.032386 145 148 154
0.114744 -0.181760 -0.028051 187 191 198
0.115082 -0.175018 -0.025772 190 194 203
0.114989 -0.165029 -0.025156 196 200 208
0.115536 -0.151378 -0.034286 138 142 154
0.114982 -0.154939 -0.025628 200 203 210
0.114935 -0.144177 -0.034034 166 170 178
0.115210 -0.147312 -0.027389 214 215 223
0.114908 -0.136586 -0.031984 153 157 165
0.114775 -0.131971 -0.028286 186 190 198
0.115016 -0.125157 -0.026512 193 199 207
0.115468 -0.114991 -0.026637 194 199 208
0.115415 -0.102763 -0.032093 171 177 185
0.115288 -0.104638 -0.026961 196 201 210
0.114927 -0.094846 -0.034706 174 178 187
0.115992 -0.097982 -0.027964 211 214 220
0.114854 -0.086644 -0.032274 156 159 166
0.115462 -0.082553 -0.028002 181 185 192
0.114522 -0.074341 -0.031456 202 207 216
0.115160 -0.075471 -0.026930 188 192 201
0.114136 -0.065161 -0.031906 204 210 218
0.115405 -0.064844 -0.027252 190 195 204
0.115001 -0.052689 -0.032186 176 179 187
0.114974 -0.055731 -0.027662 191 196 204
0.114902 -0.045522 -0.034751 176 179 186
0.114775 -0.035599 -0.032703 161 164 170
0.114417 -0.033586 -0.028932 184 189 195
0.114832 -0.026291 -0.030908 180 183 189
0.114718 -0.025685 -0.028656 199 202 208
0.114932 -0.014946 -0.031213 195 198 206
0.115113 -0.014931 -0.027960 204 206 212
0.114891 -0.004067 -0.031209 168 171 177
0.116404 -0.004283 -0.028307 198 199 205
0.114562 0.004549 -0.032860 168 170 175
0.116494 0.006122 -0.027813 202 202 206
0.114298 0.014587 -0.032340 155 156 161
0.115316 0.015139 -0.028131 182 184 191
0.114055 0.023148 -0.031088 146 149 153
0.115503 0.024739 -0.027804 192 194 201
0.113448 0.035629 -0.030971 162 165 176
0.115223 0.034216 -0.027198 189 191 200
0.113295 0.045242 -0.031797 153 155 166
0.115499 0.044979 -0.026255 192 194 200
0.114371 0.055783 -0.033636 137 140 149
0.116052 0.053472 -0.026127 189 191 196
0.114772 0.066443 -0.032463 135 137 145
0.115904 0.066315 -0.028576 182 182 189
0.115186 0.072933 -0.032284 136 138 145
0.115909 0.074508 -0.026235 189 191 198
0.114807 0.084982 -0.033894 178 182 196
0.116054 0.085850 -0.024228 207 210 218
0.117713 0.082549 -0.019496 228 232 236
0.114332 0.094909 -0.032798 181 182 196
0.115289 0.095199 -0.023988 214 216 224
0.116591 0.094515 -0.019268 228 234 236
0.113253 0.106760 -0.032384 178 180 190
0.115423 0.103860 -0.024348 215 217 223
0.114687 0.114969 -0.032742 180 182 195
0.115881 0.116699 -0.027420 204 205 211
0.113517 0.123230 -0.031615 185 190 208
0.115092 0.124462 -0.024964 213 215 219
0.115235 0.128038 -0.018849 239 240 243
0.116395 0.135296 -0.024972 223 227 234
0.114926 0.135522 -0.018290 239 242 245
0.115481 0.145414 -0.026236 221 224 233
0.115044 0.144763 -0.016801 238 240 244
0.114387 0.156248 -0.032381 156 160 166
0.115136 0.155312 -0.024242 199 199 204
0.115000 0.154003 -0.017763 228 228 232
0.114481 0.163506 -0.031307 180 182 190
0.115147 0.166458 -0.026438 196 197 205
0.114774 0.173304 -0.023937 206 208 216
0.115302 0.176227 -0.017495 239 241 242
0.114542 0.185944 -0.022302 223 228 235
0.115989 0.185894 -0.016883 226 230 235
0.114905 0.195693 -0.022023 221 224 230
0.115866 0.195214 -0.017434 219 222 227
0.115960 0.205650 -0.022273 196 196 200
0.114822 0.203677 -0.016946 214 212 216
0.113964 0.215674 -0.023274 177 177 183
0.116651 0.214994 -0.018736 218 218 221
0.114230 0.221837 -0.021953 194 196 200
0.114853 0.224513 -0.015577 229 230 233
0.115532 0.227695 -0.007941 224 224 229
0.115587 0.235874 -0.013621 216 217 222
0.115938 0.234850 -0.008159 221 222 225
0.115024 0.245339 -0.015294 219 221 225
0.115163 0.242959 -0.006545 208 208 210
0.118834 0.244776 0.001674 156 155 158
0.114466 0.256592 -0.023157 191 193 197
0.116018 0.252679 -0.016086 202 203 207
0.117507 0.257151 -0.006609 122 122 126
0.113702 0.263957 -0.022869 193 197 201
0.116684 0.267713 -0.015245 213 218 220
0.115838 0.264996 -0.006967 218 220 222
0.115704 0.274321 -0.015114 216 222 224
0.117592 0.272721 -0.007965 196 200 200
0.114842 0.284949 -0.016762 222 228 232
0.116771 0.285460 -0.006222 202 202 206
0.114656 0.295178 -0.016384 219 223 228
0.113365 0.307552 -0.022637 181 186 189
0.115280 0.302974 -0.017535 200 208 212
0.113605 0.313886 -0.022970 170 176 179
0.116359 0.317126 -0.018081 210 220 223
0.114634 0.324908 -0.016378 222 225 231
0.114968 0.334934 -0.015725 218 223 229
0.114911 0.344831 -0.015906 214 220 225
0.113603 0.356614 -0.022419 188 198 200
0.115787 0.353427 -0.017407 185 201 204
0.113339 0.363474 -0.022041 152 160 163
0.115511 0.366925 -0.017556 177 196 198
0.114760 0.374892 -0.015665 180 196 199
0.114733 0.386447 -0.022404 90 103 102
0.115382 0.382794 -0.016306 151 176 177
0.113218 0.396894 -0.033525 98 98 98
0.116189 0.394408 -0.024126 89 103 102
0.118526 0.392198 -0.018913 91 108 106
0.114120 0.405332 -0.033158 100 101 101
0.117838 0.404544 -0.026223 83 94 93
0.113152 0.415290 -0.042036 88 85 87
0.115566 0.414617 -0.034057 94 94 94
0.118707 0.412382 -0.027288 89 98 96
0.112956 0.425978 -0.042007 110 106 106
0.116075 0.422954 -0.035829 110 108 106
0.124471 -0.534053 -0.051585 137 146 153
0.124888 -0.526215 -0.050665 137 146 154
0.124958 -0.523150 -0.049218 136 146 154
0.125074 -0.514190 -0.051111 138 147 155
0.124219 -0.514944 -0.049162 138 146 154
0.124986 -0.504727 -0.052504 154 161 162
0.125003 -0.494923 -0.054156 186 187 182
0.125372 -0.484986 -0.053989 180 182 172
0.125379 -0.474711 -0.053415 194 196 185
0.124912 -0.464996 -0.055149 197 198 188
0.124395 -0.454958 -0.055669 198 199 190
0.124514 -0.444936 -0.056755 198 198 189
0.124985 -0.435159 -0.057980 182 184 178
0.124959 -0.424997 -0.055549 172 175 174
0.124909 -0.415091 -0.054377 166 170 172
0.124788 -0.405282 -0.052754 150 158 168
0.124730 -0.395230 -0.051311 152 160 170
0.124791 -0.384873 -0.051249 156 163 174
0.124710 -0.374525 -0.051950 154 161 172
0.125153 -0.365106 -0.051529 158 166 176
0.125756 -0.361611 -0.049859 157 164 176
0.124945 -0.355041 -0.051279 156 164 175
0.125138 -0.345009 -0.051222 150 158 169
0.122784 -0.344251 -0.049668 152 159 172
0.125320 -0.335298 -0.051169 151 158 170
0.123159 -0.335469 -0.049536 152 158 170
0.125439 -0.325412 -0.050670 146 153 164
0.123382 -0.322507 -0.049440 105 112 122
0.124909 -0.317218 -0.045942 87 92 99
0.125025 -0.312753 -0.034614 166 172 180
0.124458 -0.310568 -0.028606 180 185 192
0.124930 -0.305036 -0.024882 176 180 188
0.125319 -0.291822 -0.033506 185 188 192
0.124952 -0.295697 -0.025156 168 172 178
0.124985 -0.286124 -0.032885 140 143 146
0.123820 -0.281386 -0.028356 167 172 179
0.124732 -0.275039 -0.026165 170 176 184
0.125059 -0.265039 -0.025952 166 173 180
0.124947 -0.254910 -0.026252 163 169 176
0.124985 -0.242831 -0.033268 161 164 168
0.125275 -0.246848 -0.027183 168 171 177
0.125138 -0.236638 -0.032841 134 137 142
0.125026 -0.231755 -0.028341 162 168 174
0.124951 -0.225098 -0.026154 167 173 181
0.125125 -0.214866 -0.024912 170 175 184
0.125012 -0.204973 -0.024822 174 179 187
0.125421 -0.192566 -0.032997 171 174 179
0.124919 -0.196095 -0.026005 192 195 202
0.124827 -0.186722 -0.032497 145 149 155
0.125035 -0.181896 -0.028121 186 191 198
0.124972 -0.175086 -0.025574 192 198 206
0.125076 -0.165007 -0.024937 198 204 210
0.126230 -0.150972 -0.034395 90 96 104
0.124896 -0.154975 -0.025615 202 207 212
0.124854 -0.144100 -0.033722 164 168 175
0.125111 -0.147037 -0.027293 214 218 223
0.124774 -0.136709 -0.031740 150 155 159
0.124550 -0.132234 -0.028375 190 196 202
0.125062 -0.125173 -0.026525 194 201 208
0.125065 -0.115081 -0.026286 196 203 210
0.124209 -0.102728 -0.031868 176 182 189
0.125305 -0.105256 -0.027273 198 204 211
0.124959 -0.094531 -0.034447 175 180 188
0.125103 -0.097083 -0.027593 224 226 231
0.124887 -0.086525 -0.032173 154 158 165
0.126070 -0.082826 -0.028356 180 184 192
0.122823 -0.073985 -0.030730 203 208 216
0.125420 -0.075281 -0.027015 199 206 213
0.124992 -0.064990 -0.026618 192 197 206
0.123004 -0.052206 -0.031392 178 181 187
0.125084 -0.055108 -0.027040 194 199 205
0.124719 -0.045367 -0.033606 176 180 186
0.127335 -0.047783 -0.028433 186 190 194
0.124242 -0.035998 -0.032522 160 164 169
0.125671 -0.033851 -0.028246 183 188 194
0.124381 -0.026069 -0.030603 190 192 198
0.125987 -0.024995 -0.027696 202 207 212
0.123905 -0.014759 -0.030889 200 203 210
0.126525 -0.015538 -0.027427 203 207 212
0.123287 -0.004791 -0.030857 166 169 175
0.125786 -0.003943 -0.027367 201 204 209
0.123254 0.004375 -0.031486 161 164 168
0.126153 0.003730 -0.027312 182 183 187
0.124576 0.015081 -0.031986 142 144 147
0.123845 0.014651 -0.027921 181 183 187
0.122644 0.023547 -0.030762 147 150 154
0.125510 0.025271 -0.027473 197 202 206
0.121620 0.034505 -0.030415 152 160 170
0.125203 0.034906 -0.026760 193 199 205
0.122281 0.042883 -0.031135 146 153 164
0.124645 0.045647 -0.025192 186 194 200
0.123719 0.056803 -0.032522 126 134 144
0.125250 0.054769 -0.025732 156 171 178
0.123951 0.066062 -0.031827 137 142 150
0.125469 0.065824 -0.027301 162 172 180
0.123136 0.072673 -0.031624 131 138 145
0.124982 0.074807 -0.025361 182 191 200
0.125695 0.076896 -0.018166 208 210 216
0.121227 0.083970 -0.031361 178 182 197
0.124990 0.084738 -0.023869 201 209 218
0.126546 0.084725 -0.018671 212 214 221
0.121094 0.095902 -0.030642 190 194 208
0.124128 0.094485 -0.023522 199 211 220
0.127503 0.096564 -0.018906 212 220 228
0.121236 0.106110 -0.031355 144 148 159
0.124635 0.105529 -0.023479 173 191 200
0.127478 0.103080 -0.019181 181 208 214
0.121390 0.113401 -0.031321 171 176 188
0.124879 0.115555 -0.025879 165 182 192
0.128994 0.117758 -0.018263 60 154 170
0.123979 0.124030 -0.023575 192 207 215
0.127346 0.126008 -0.018177 183 213 220
0.122858 0.134511 -0.022592 201 220 227
0.126993 0.135153 -0.017678 186 216 223
0.123479 0.145066 -0.023508 190 212 222
0.126983 0.145084 -0.017402 164 203 209
0.123433 0.156646 -0.022420 179 196 202
0.127129 0.154122 -0.017864 140 191 198
0.120432 0.162977 -0.030374 173 178 186
0.123965 0.165443 -0.023722 153 176 185
0.128698 0.166104 -0.018139 117 175 183
0.122442 0.172570 -0.022133 188 201 209
0.125967 0.175140 -0.017217 153 200 207
0.122713 0.184385 -0.021799 208 217 228
0.125024 0.185186 -0.015790 191 213 220
0.121288 0.195222 -0.020919 214 221 228
0.124163 0.194870 -0.014809 214 221 226
0.128119 0.194718 -0.007953 202 208 212
0.121218 0.204657 -0.021278 193 198 202
0.124754 0.204076 -0.015312 192 196 201
0.127622 0.203728 -0.006902 153 164 171
0.122207 0.216028 -0.021961 161 165 170
0.125556 0.216477 -0.015908 173 187 192
0.128042 0.216943 -0.007883 177 188 193
0.126880 0.214899 0.013175 231 232 236
0.122016 0.222779 -0.021167 170 183 188
0.123678 0.223574 -0.014069 184 206 211
0.126266 0.225406 -0.006790 216 222 225
0.127262 0.224763 0.003793 231 233 238
0.123404 0.234090 -0.012085 179 197 202
0.125418 0.235577 -0.006451 180 200 204
0.127197 0.236345 0.003718 224 227 229
0.127193 0.233197 0.011090 222 224 226
0.121870 0.245237 -0.012897 215 219 223
0.126210 0.244879 -0.005045 184 201 204
0.127285 0.244093 0.002450 185 188 192
0.123823 0.255784 -0.013162 132 165 168
0.126719 0.254421 -0.006540 99 144 146
0.126462 0.255187 0.002318 170 175 178
0.120731 0.262281 -0.020785 142 174 180
0.123369 0.264583 -0.013553 115 158 161
0.123748 0.266131 -0.004688 205 212 213
0.126830 0.264500 0.003227 202 208 209
0.122924 0.276283 -0.012154 135 190 192
0.124677 0.274862 -0.005481 149 197 196
0.127929 0.275426 0.003551 197 206 208
0.123120 0.283763 -0.012551 110 184 185
0.124037 0.283583 -0.005483 140 196 196
0.125700 0.283032 0.002882 200 202 205
0.124293 0.294894 -0.013618 48 165 166
0.125929 0.295644 -0.007563 93 188 186
0.124722 0.305486 -0.013456 46 166 165
0.127251 0.302490 -0.008998 22 176 170
0.124547 0.315103 -0.013390 45 162 160
0.124239 0.325070 -0.012622 78 175 176
0.124250 0.335033 -0.013008 74 177 176
0.124110 0.345137 -0.013552 73 173 173
0.125187 0.355218 -0.014398 27 163 160
0.125134 0.365175 -0.014872 19 162 160
0.125070 0.374988 -0.014873 19 161 158
0.124981 0.384764 -0.015045 23 155 151
0.121943 0.397285 -0.021012 38 122 118
0.124970 0.394609 -0.016436 35 143 139
0.124485 0.405807 -0.021716 28 122 120
0.126083 0.403350 -0.016888 42 142 139
0.125086 0.417267 -0.032447 84 95 94
0.125706 0.412898 -0.024933 56 130 128
0.135896 -0.542971 -0.052549 138 148 153
0.135006 -0.535410 -0.051551 136 146 152
0.134749 -0.533061 -0.049610 136 146 152
0.135126 -0.524915 -0.050821 136 146 152
0.134740 -0.524721 -0.049336 136 146 152
0.134044 -0.515269 -0.051016 138 146 154
0.136027 -0.514401 -0.049307 138 146 154
0.134869 -0.504825 -0.051948 144 152 157
0.136448 -0.507414 -0.049758 135 144 152
0.134884 -0.495193 -0.054936 170 174 172
0.134974 -0.485014 -0.055575 166 170 169
0.134850 -0.475123 -0.056695 160 166 166
0.135075 -0.465133 -0.057576 178 182 180
0.135512 -0.455124 -0.057839 184 188 185
0.135186 -0.445017 -0.057297 190 192 188
0.135053 -0.434981 -0.056132 174 180 179
0.135052 -0.425043 -0.054594 145 155 164
0.135116 -0.415028 -0.052868 147 156 166
0.134985 -0.404928 -0.051875 151 160 170
0.135455 -0.395202 -0.051675 152 160 170
0.135041 -0.385078 -0.051604 154 162 172
0.135208 -0.374691 -0.051727 152 161 171
0.135038 -0.365024 -0.051903 156 165 174
0.134904 -0.355631 -0.051640 146 156 166
0.134976 -0.344176 -0.051545 147 156 167
0.135027 -0.334751 -0.051403 147 154 166
0.134454 -0.326650 -0.051188 144 151 162
0.134504 -0.322016 -0.049520 117 124 132
0.135162 -0.317507 -0.045986 84 90 98
0.135209 -0.313025 -0.034652 154 161 167
0.134874 -0.310714 -0.028532 176 182 188
0.136350 -0.303602 -0.025962 173 179 184
0.134624 -0.292257 -0.033165 181 184 188
0.135641 -0.296339 -0.026422 171 176 180
0.134904 -0.286321 -0.032970 139 142 145
0.135040 -0.281414 -0.028480 164 170 176
0.135167 -0.275060 -0.025771 169 177 184
0.135024 -0.265253 -0.025387 165 173 180
0.134991 -0.254952 -0.025566 161 168 175
0.134369 -0.242702 -0.032545 156 160 163
0.136024 -0.246485 -0.027545 144 149 154
0.134671 -0.236635 -0.032653 132 136 140
0.134850 -0.231775 -0.028118 158 164 170
0.134869 -0.224998 -0.025392 164 172 179
0.134846 -0.215175 -0.024621 166 175 182
0.134749 -0.204909 -0.024363 172 180 186
0.132957 -0.192136 -0.031964 175 178 184
0.135528 -0.196050 -0.025779 177 183 188
0.134020 -0.186856 -0.031936 144 148 153
0.135341 -0.182525 -0.027379 176 186 192
0.134806 -0.175004 -0.024718 192 200 207
0.134788 -0.165091 -0.024852 197 206 211
0.134688 -0.154921 -0.024715 200 208 213
0.133179 -0.143596 -0.032434 166 174 180
0.136097 -0.145758 -0.026496 172 192 197
0.133712 -0.137131 -0.031407 146 153 158
0.135188 -0.133006 -0.027555 175 187 191
0.134793 -0.125143 -0.025305 191 201 207
0.134785 -0.115085 -0.025278 191 203 208
0.139654 -0.114729 -0.019458 129 164 170
0.134712 -0.105043 -0.025839 195 204 210
0.139561 -0.106732 -0.019543 133 182 190
0.133386 -0.094129 -0.032568 166 175 182
0.135987 -0.096334 -0.026627 181 197 203
0.133467 -0.086883 -0.031682 150 157 164
0.135201 -0.083073 -0.027672 156 168 174
0.134615 -0.075187 -0.025893 197 206 212
0.139362 -0.073779 -0.019165 124 172 180
0.135091 -0.065295 -0.025946 198 207 215
0.139128 -0.064536 -0.018727 150 177 186
0.135360 -0.054730 -0.026066 201 209 214
0.139073 -0.055442 -0.018666 154 179 187
0.132631 -0.044790 -0.031939 174 180 185
0.135767 -0.045947 -0.026816 194 201 204
0.138767 -0.044622 -0.018351 107 143 148
0.133673 -0.035559 -0.031949 156 162 166
0.135018 -0.034497 -0.027423 160 170 176
0.138040 -0.032948 -0.017322 150 187 192
0.134714 -0.027947 -0.030732 124 146 149
0.133630 -0.025182 -0.025812 200 207 214
0.135999 -0.024818 -0.016911 170 186 196
0.132493 -0.012867 -0.030570 209 214 220
0.134044 -0.015045 -0.025628 199 207 212
0.135391 -0.015204 -0.017200 170 187 194
0.132846 -0.006514 -0.030297 204 210 216
0.133769 -0.004675 -0.025079 197 204 209
0.134820 -0.004929 -0.016274 170 182 188
0.134251 0.004705 -0.026142 187 197 199
0.133640 0.003957 -0.015182 156 159 162
0.137461 0.004693 -0.006526 168 171 176
0.132821 0.016270 -0.031469 127 131 133
0.135514 0.015104 -0.026621 134 160 162
0.133230 0.013735 -0.013714 132 146 154
0.136794 0.013135 -0.005310 132 138 140
0.134003 0.024975 -0.025015 175 197 201
0.133953 0.034897 -0.023615 148 185 189
0.138929 0.036380 -0.016419 118 176 176
0.139903 0.034044 -0.008516 97 146 148
0.133534 0.044983 -0.023424 135 179 184
0.138534 0.045480 -0.018292 66 148 152
0.133152 0.054564 -0.022970 126 176 183
0.136633 0.055923 -0.016443 59 141 147
0.133113 0.065088 -0.024126 72 135 143
0.136730 0.064721 -0.015685 43 136 143
0.132086 0.074170 -0.022733 132 176 186
0.135518 0.075729 -0.015064 85 161 170
0.136915 0.076653 -0.008085 61 143 154
0.131908 0.085019 -0.022030 128 183 191
0.134779 0.085224 -0.015238 108 172 179
0.137140 0.085858 -0.007790 95 164 173
0.131174 0.092899 -0.021246 158 197 205
0.133699 0.095134 -0.015291 145 188 196
0.137231 0.095452 -0.007377 102 163 172
0.138733 0.093953 0.002360 176 184 188
0.130862 0.106918 -0.020874 142 184 191
0.134069 0.105047 -0.014828 119 179 187
0.138268 0.104909 -0.008114 67 152 162
0.131087 0.114667 -0.021742 119 158 166
0.135033 0.114946 -0.014887 70 155 164
0.138719 0.115216 -0.008397 40 151 156
0.130615 0.121626 -0.020911 226 236 237
0.133533 0.124745 -0.015018 130 197 202
0.136446 0.125032 -0.006565 73 180 184
0.132474 0.135792 -0.013352 129 191 197
0.135948 0.135271 -0.006417 73 181 184
0.133056 0.145387 -0.012981 111 184 188
0.137245 0.144974 -0.007108 57 170 170
0.139001 0.144462 0.002669 92 168 172
0.133465 0.155002 -0.013290 75 170 175
0.137659 0.154555 -0.007947 27 165 167
0.133200 0.164534 -0.013925 46 150 157
0.136512 0.165175 -0.007093 58 174 176
0.133552 0.174956 -0.013562 58 163 170
0.135872 0.174175 -0.006004 60 170 173
0.136775 0.176706 0.002613 110 191 194
0.133004 0.184080 -0.012270 70 163 170
0.135549 0.186212 -0.006017 55 162 167
0.137754 0.185055 0.002472 101 188 190
0.131181 0.194406 -0.011170 102 166 175
0.135064 0.194573 -0.005330 65 161 166
0.136967 0.195283 0.003957 76 150 156
0.131406 0.204870 -0.011451 82 154 158
0.134472 0.204081 -0.004699 53 155 159
0.136502 0.206427 0.003458 50 144 146
0.135959 0.205763 0.015534 106 140 149
0.136435 0.205829 0.021015 116 135 144
0.131082 0.213478 -0.012155 86 157 161
0.132906 0.216083 -0.004158 85 158 160
0.136440 0.216739 0.003379 52 146 147
0.135270 0.216507 0.014206 128 178 180
0.136750 0.215567 0.023339 149 165 172
0.133095 0.224888 -0.003942 90 163 163
0.135980 0.224169 0.004493 82 169 169
0.136760 0.223439 0.013313 120 171 172
0.132603 0.234387 -0.003355 98 166 167
0.134695 0.236812 0.004696 83 168 170
0.136905 0.235088 0.013320 86 178 176
0.131472 0.245643 -0.001295 51 156 157
0.135241 0.244558 0.004597 48 151 151
0.137412 0.244414 0.012967 63 150 149
0.137702 0.248296 0.024864 114 163 164
0.132483 0.253524 -0.003645 46 142 141
0.134786 0.253044 0.004486 93 158 158
0.135429 0.254926 0.014782 128 167 168
0.136880 0.254820 0.023915 131 157 158
0.138779 0.253360 0.032016 111 138 138
0.134068 0.263478 -0.004329 75 169 169
0.133139 0.267019 0.006302 125 185 183
0.135767 0.265558 0.014388 123 173 172
0.137484 0.264478 0.023189 165 177 178
0.138708 0.264468 0.031535 154 154 156
0.137435 0.277293 -0.010852 8 158 157
0.133757 0.274856 -0.008345 10 158 157
0.131899 0.271863 0.005009 156 197 198
0.132724 0.272749 0.013875 158 182 183
0.137303 0.285825 -0.011722 7 158 157
0.134486 0.284012 -0.009241 10 160 159
0.135705 0.295755 -0.011551 7 158 157
0.134507 0.295806 -0.006266 20 172 169
0.135542 0.304802 -0.011831 8 159 158
0.134431 0.305971 -0.008104 12 178 172
0.135176 0.315284 -0.012316 8 159 158
0.134389 0.313089 -0.008732 12 178 172
0.136512 0.326269 -0.012116 9 165 162
0.136480 0.335080 -0.013104 9 166 162
0.134711 0.346544 -0.013795 8 165 161
0.134989 0.355287 -0.014399 8 165 161
0.134952 0.364992 -0.015533 8 166 161
0.135004 0.375034 -0.015692 8 162 158
0.134930 0.384720 -0.015297 8 161 157
0.137959 0.397823 -0.020603 8 158 158
0.133940 0.393688 -0.016087 7 162 158
0.135331 0.405407 -0.021904 10 160 160
0.132022 0.401564 -0.019293 9 162 161
0.135304 0.415899 -0.033268 82 98 98
0.134700 0.412126 -0.025573 48 134 132
0.145209 -0.543311 -0.052255 140 145 153
0.145232 -0.534863 -0.053208 124 131 136
0.145122 -0.525689 -0.053773 113 120 126
0.140930 -0.526256 -0.049475 134 143 150
0.144424 -0.513936 -0.050699 136 145 153
0.144810 -0.514104 -0.049126 136 145 152
0.144394 -0.504589 -0.051748 136 145 152
0.148241 -0.507772 -0.049249 135 145 152
0.145122 -0.494879 -0.053130 138 146 154
0.144946 -0.485109 -0.053074 138 146 155
0.145020 -0.474925 -0.053065 140 149 158
0.145097 -0.464993 -0.054674 140 148 156
0.144926 -0.455128 -0.055771 152 160 166
0.144958 -0.444915 -0.055417 164 170 173
0.144884 -0.435033 -0.054983 156 164 170
0.144915 -0.424896 -0.054198 146 156 165
0.145007 -0.414943 -0.052508 148 158 167
0.144942 -0.405451 -0.051688 149 160 169
0.145019 -0.394322 -0.051502 151 161 171
0.145525 -0.385335 -0.051991 148 158 167
0.144428 -0.374896 -0.051681 147 156 166
0.144987 -0.365080 -0.052014 136 144 150
0.144518 -0.355158 -0.052269 110 124 131
0.145557 -0.354380 -0.048945 96 108 116
0.145134 -0.344913 -0.051189 130 148 156
0.147238 -0.347205 -0.049355 128 146 154
0.143764 -0.335125 -0.050894 130 146 155
0.145557 -0.333506 -0.049129 126 144 152
0.143392 -0.326082 -0.050489 122 138 146
0.146406 -0.324252 -0.048575 116 132 140
0.144830 -0.317381 -0.045528 78 90 96
0.145094 -0.312861 -0.034636 156 162 170
0.144695 -0.310542 -0.028578 184 190 196
0.145186 -0.304448 -0.026106 172 179 183
0.144058 -0.292105 -0.032432 173 179 182
0.145169 -0.296465 -0.026631 168 175 178
0.144633 -0.286535 -0.032732 133 140 144
0.145427 -0.281710 -0.028162 159 169 174
0.144820 -0.275012 -0.025162 164 175 180
0.144453 -0.265198 -0.024825 160 171 178
0.144226 -0.255147 -0.024257 155 167 172
0.148890 -0.252781 -0.018517 136 168 172
0.141484 -0.241769 -0.031206 160 168 171
0.144022 -0.244743 -0.025441 147 157 162
0.147954 -0.244021 -0.018300 96 131 136
0.142034 -0.236709 -0.031685 124 130 135
0.145171 -0.234222 -0.025808 132 152 158
0.148674 -0.236184 -0.018077 30 114 116
0.143708 -0.225106 -0.023517 160 171 178
0.148249 -0.223205 -0.018200 116 160 165
0.143259 -0.215092 -0.022655 164 174 182
0.147851 -0.214919 -0.017266 115 161 165
0.143656 -0.205247 -0.022676 172 183 190
0.147048 -0.204970 -0.016596 109 160 164
0.140510 -0.190574 -0.030286 191 198 203
0.142882 -0.194518 -0.023191 162 180 183
0.147593 -0.195707 -0.017060 114 175 177
0.140918 -0.187327 -0.030872 144 152 157
0.143435 -0.184973 -0.024516 125 162 168
0.147656 -0.184485 -0.016025 24 139 141
0.143145 -0.175083 -0.022754 197 211 216
0.147438 -0.175086 -0.016836 56 154 158
0.142524 -0.165200 -0.022399 188 204 208
0.147505 -0.165290 -0.016675 49 151 153
0.143186 -0.155060 -0.022826 201 217 221
0.147510 -0.154392 -0.016858 65 168 170
0.142554 -0.143730 -0.023172 125 180 184
0.146978 -0.144925 -0.017388 51 162 162
0.142852 -0.135377 -0.023906 79 158 160
0.147476 -0.134876 -0.016311 6 149 150
0.142384 -0.125632 -0.022014 143 190 193
0.147426 -0.125375 -0.016975 12 151 154
0.143970 -0.114860 -0.023549 144 200 202
0.147688 -0.115145 -0.017046 12 154 157
0.149348 -0.117391 -0.009868 3 152 152
0.143168 -0.105719 -0.022956 124 190 194
0.147475 -0.104999 -0.016981 12 153 154
0.142821 -0.094052 -0.022945 75 165 169
0.147305 -0.095869 -0.017222 9 154 154
0.140519 -0.085638 -0.030281 118 149 152
0.143023 -0.085328 -0.023618 37 149 153
0.147616 -0.083824 -0.017413 5 153 154
0.143030 -0.075351 -0.023277 109 181 186
0.147325 -0.075318 -0.016887 10 151 154
0.148706 -0.072924 -0.009115 3 154 153
0.144016 -0.064902 -0.023989 94 181 184
0.146569 -0.065066 -0.017014 23 153 156
0.147859 -0.064594 -0.007902 4 154 153
0.143703 -0.055085 -0.024041 103 180 183
0.146496 -0.054826 -0.016570 29 153 157
0.147923 -0.055293 -0.007139 6 149 149
0.142684 -0.045543 -0.023073 130 185 188
0.146144 -0.045472 -0.016150 37 155 159
0.147236 -0.045505 -0.006780 12 141 145
0.144009 -0.034704 -0.024830 53 144 146
0.145871 -0.035801 -0.016300 19 135 137
0.145561 -0.035823 -0.004964 17 132 137
0.148575 -0.033272 0.001984 4 136 138
0.144245 -0.024946 -0.024221 60 157 159
0.146450 -0.025129 -0.016975 39 158 162
0.143122 -0.025637 -0.005677 60 134 140
0.147178 -0.025719 0.003033 33 138 144
0.144232 -0.015142 -0.023876 31 143 145
0.147110 -0.014499 -0.017718 30 149 151
0.142442 -0.015417 -0.002761 88 147 150
0.145397 -0.014311 0.004195 78 144 148
0.143106 -0.005281 -0.023428 56 149 151
0.146335 -0.004952 -0.016468 11 135 137
0.145032 -0.003567 0.005903 80 145 149
0.142322 0.004616 -0.022715 65 150 150
0.147299 0.005075 -0.016557 3 134 136
0.143334 0.005028 0.003133 124 160 163
0.141765 0.014708 -0.022806 31 129 132
0.146692 0.015181 -0.015170 2 133 135
0.141007 0.024041 -0.021342 64 148 151
0.145525 0.025121 -0.014968 4 131 132
0.146407 0.026915 -0.007837 10 133 132
0.140587 0.031411 -0.020873 70 152 154
0.142842 0.035260 -0.012930 24 134 136
0.146789 0.035592 -0.007632 20 134 136
0.145506 0.035578 0.003133 128 164 164
0.142779 0.044975 -0.013104 7 131 135
0.147027 0.044826 -0.007007 6 130 133
0.146217 0.045466 0.003797 38 122 126
0.148180 0.044182 0.013474 96 152 154
0.142160 0.054608 -0.012569 4 134 141
0.146396 0.054981 -0.007207 6 135 140
0.147946 0.052715 0.005583 24 120 124
0.141935 0.064853 -0.012189 4 138 146
0.146250 0.065210 -0.007016 6 138 144
0.142561 0.073986 -0.012013 5 144 148
0.146063 0.074729 -0.006696 7 142 148
0.141988 0.083018 -0.013087 6 144 148
0.144862 0.084014 -0.004890 8 145 152
0.148076 0.083275 0.003974 60 147 154
0.149052 0.085938 0.011711 94 160 168
0.144123 0.095001 -0.004372 13 153 157
0.144310 0.094419 0.005073 95 171 177
0.146374 0.096803 0.012287 90 154 158
0.144200 0.106211 -0.003904 46 145 150
0.144072 0.105193 0.003833 103 146 154
0.147890 0.104668 0.013808 120 162 166
0.141002 0.114902 -0.011035 29 157 162
0.144181 0.114242 -0.004786 31 147 150
0.145958 0.115286 0.004066 53 153 156
0.148652 0.115619 0.012727 61 155 159
0.144388 0.124746 -0.003509 16 160 162
0.147743 0.125849 0.002703 42 164 164
0.148134 0.127134 0.013733 18 170 170
0.143671 0.135017 -0.003867 15 162 165
0.146146 0.135005 0.002773 18 172 171
0.147152 0.134082 0.012783 22 172 170
0.144118 0.144878 -0.004327 34 156 158
0.145847 0.143743 0.003178 70 167 166
0.144980 0.145320 0.022760 152 184 184
0.145442 0.154345 -0.005740 12 148 153
0.148967 0.157276 0.002267 9 153 154
0.145040 0.155517 0.014167 92 190 188
0.142858 0.164443 -0.003842 11 158 159
0.147271 0.165056 0.002825 10 154 156
0.144396 0.165587 0.016341 90 191 188
0.146764 0.167162 0.023676 42 166 166
0.144100 0.175279 -0.004825 10 146 147
0.146601 0.173690 0.002680 10 144 144
0.143794 0.174959 0.014861 36 170 168
0.148078 0.177154 0.022251 10 162 161
0.143430 0.185792 -0.003869 11 145 148
0.145118 0.185926 0.004253 44 154 154
0.145471 0.184351 0.013744 32 163 162
0.143625 0.193828 -0.001994 12 142 146
0.145627 0.195392 0.004138 50 151 151
0.146291 0.196687 0.013446 113 167 168
0.147609 0.197298 0.022510 90 162 160
0.141464 0.202465 -0.001366 8 147 150
0.144568 0.204550 0.005170 32 147 145
0.144981 0.204948 0.015084 102 151 152
0.146808 0.205519 0.024583 103 153 154
0.148014 0.209272 0.030431 104 123 124
0.142694 0.214321 0.006134 18 151 149
0.144582 0.215609 0.015235 77 146 144
0.146560 0.215231 0.024959 125 156 159
0.148614 0.212688 0.032260 127 148 148
0.143012 0.225457 0.005319 85 161 160
0.143114 0.224970 0.015623 76 153 153
0.145882 0.224879 0.024679 103 154 151
0.148560 0.224141 0.032106 95 142 140
0.146899 0.223592 0.045747 168 182 184
0.149018 0.224307 0.053886 187 191 194
0.142538 0.234949 0.007305 43 150 148
0.142680 0.234946 0.016036 25 153 148
0.145627 0.233500 0.024287 58 142 139
0.147966 0.236713 0.034751 42 140 134
0.147943 0.236635 0.045153 109 145 143
0.148948 0.234334 0.052527 166 176 174
0.141788 0.244579 0.008281 78 158 161
0.143406 0.243471 0.014401 68 152 152
0.146156 0.244016 0.024375 93 155 156
0.146661 0.243552 0.033630 90 146 147
0.146952 0.247013 0.044637 138 166 165
0.148864 0.245785 0.050599 185 202 198
0.144525 0.253463 0.015519 118 160 159
0.144964 0.255085 0.025591 158 168 170
0.144766 0.254304 0.035136 158 163 166
0.147146 0.253313 0.043863 174 176 177
0.148949 0.253651 0.050760 200 208 207
0.146346 0.267427 -0.012983 5 154 151
0.143240 0.262840 0.015467 133 173 170
0.143996 0.262459 0.025484 179 188 188
0.145277 0.262862 0.034794 181 187 190
0.145402 0.275476 -0.013953 5 155 154
0.144978 0.284970 -0.014650 6 156 154
0.146406 0.296382 -0.013690 8 163 159
0.146266 0.304920 -0.013010 9 164 159
0.145299 0.315314 -0.013307 8 164 160
0.144787 0.324780 -0.013593 9 165 161
0.145044 0.335196 -0.014647 8 165 160
0.145270 0.345105 -0.015225 7 164 160
0.145102 0.355017 -0.015725 7 165 161
0.144980 0.364860 -0.016290 9 166 162
0.144984 0.375096 -0.016304 9 164 160
0.144694 0.384541 -0.015473 8 160 157
0.145310 0.397023 -0.021417 6 156 158
0.143821 0.393170 -0.016138 6 159 157
0.144926 0.404931 -0.023702 10 157 158
0.144570 0.414748 -0.033708 84 102 103
0.144601 0.411511 -0.027609 63 126 124
0.154986 -0.544612 -0.052250 136 144 150
0.155014 -0.535224 -0.051654 130 136 142
0.158616 -0.531705 -0.049859 136 143 150
0.154552 -0.525731 -0.051943 114 120 125
0.157551 -0.523041 -0.048911 134 142 149
0.155179 -0.514452 -0.050864 134 143 150
0.155226 -0.515210 -0.049138 135 144 151
0.155241 -0.504918 -0.051332 138 146 154
0.153319 -0.507151 -0.049353 136 145 152
0.154473 -0.494568 -0.052272 138 147 156
0.158298 -0.497177 -0.049502 142 150 158
0.154905 -0.485003 -0.053079 140 148 156
0.155064 -0.474943 -0.053316 136 146 153
0.154842 -0.465066 -0.054259 136 146 152
0.154285 -0.454987 -0.055002 139 149 156
0.154728 -0.444959 -0.053544 129 138 146
0.155136 -0.434940 -0.053414 134 146 154
0.155063 -0.424867 -0.053341 141 152 162
0.155037 -0.415042 -0.053142 143 155 164
0.154971 -0.405204 -0.051791 142 154 162
0.154421 -0.395243 -0.051188 136 152 160
0.154360 -0.385627 -0.051503 129 148 156
0.158277 -0.382144 -0.049387 122 146 152
0.153369 -0.374378 -0.051074 128 144 153
0.157084 -0.374438 -0.049002 120 146 153
0.152572 -0.366253 -0.051514 126 137 144
0.156969 -0.364378 -0.047299 98 132 138
0.150378 -0.359717 -0.050436 58 66 72
0.154153 -0.355137 -0.045505 80 106 111
0.153661 -0.345334 -0.045254 98 142 146
0.158533 -0.344276 -0.037162 20 128 125
0.152739 -0.335160 -0.044534 88 140 143
0.157731 -0.334588 -0.035623 7 126 122
0.151769 -0.325341 -0.043352 86 137 141
0.156220 -0.324900 -0.035076 14 124 122
0.159361 -0.324610 -0.028926 1 126 122
0.150990 -0.317959 -0.041864 60 88 95
0.154027 -0.315330 -0.034142 50 127 128
0.156851 -0.312475 -0.026379 38 144 138
0.154574 -0.305113 -0.024117 92 156 154
0.159004 -0.301684 -0.019208 2 132 124
0.150349 -0.291050 -0.030806 152 171 175
0.153930 -0.295126 -0.024201 90 150 149
0.158621 -0.295001 -0.018064 2 133 126
0.151309 -0.286876 -0.031156 89 118 122
0.154322 -0.284862 -0.025119 56 139 138
0.158429 -0.284867 -0.017548 2 134 126
0.152814 -0.275530 -0.022842 120 161 165
0.157657 -0.274398 -0.017193 22 135 132
0.152835 -0.265646 -0.022862 106 154 158
0.156204 -0.264496 -0.015789 34 136 134
0.158819 -0.262790 -0.008728 9 135 128
0.151608 -0.256823 -0.021772 104 152 158
0.154488 -0.255008 -0.014284 27 131 129
0.157680 -0.254448 -0.007275 6 128 123
0.150816 -0.242867 -0.021492 69 126 132
0.153418 -0.244766 -0.013695 17 125 126
0.157871 -0.244679 -0.007436 5 126 124
0.151165 -0.233680 -0.021526 91 153 157
0.153524 -0.234389 -0.014149 21 136 136
0.157122 -0.235031 -0.006903 4 131 128
0.151252 -0.226139 -0.021902 109 148 161
0.153745 -0.224864 -0.013988 27 138 139
0.157866 -0.224425 -0.006954 5 133 131
0.159328 -0.223927 0.001508 5 148 140
0.153609 -0.215375 -0.013441 18 132 133
0.157540 -0.214721 -0.007418 5 136 134
0.152888 -0.205856 -0.012871 12 134 135
0.156951 -0.204471 -0.007136 6 138 138
0.152077 -0.195000 -0.012893 11 133 135
0.156568 -0.194994 -0.006978 4 140 139
0.153424 -0.185186 -0.012015 5 146 145
0.156775 -0.184892 -0.007641 5 146 146
0.153531 -0.175073 -0.011991 6 152 151
0.156881 -0.175167 -0.007873 8 155 154
0.152980 -0.164915 -0.011876 8 158 158
0.156897 -0.164758 -0.008250 10 162 160
0.152967 -0.155770 -0.011861 7 158 158
0.157372 -0.155719 -0.008834 8 162 159
0.153175 -0.145371 -0.012303 6 158 158
0.157917 -0.145684 -0.008872 6 162 160
0.153506 -0.133664 -0.012498 6 158 158
0.158011 -0.135937 -0.008920 6 160 158
0.153464 -0.124854 -0.012695 7 159 159
0.156892 -0.125116 -0.008766 7 162 160
0.153117 -0.114598 -0.012843 6 158 159
0.156661 -0.115578 -0.008150 7 162 161
0.153511 -0.105754 -0.012958 5 158 158
0.155707 -0.105323 -0.008003 4 158 155
0.154158 -0.095538 -0.013462 6 160 159
0.156652 -0.094980 -0.007553 6 162 161
0.154254 -0.084514 -0.013967 5 159 158
0.155580 -0.085179 -0.005716 5 158 155
0.154263 -0.075638 -0.013234 6 158 158
0.156687 -0.075382 -0.007092 6 162 159
0.155051 -0.064956 -0.014046 8 157 157
0.156574 -0.065518 -0.006645 9 167 164
0.158004 -0.063541 0.002559 10 162 158
0.155167 -0.054842 -0.013817 8 156 157
0.152210 -0.055386 -0.002555 7 154 152
0.156545 -0.054875 0.004291 7 154 153
0.154951 -0.045183 -0.013376 9 153 153
0.155336 -0.044411 -0.006150 4 143 142
0.155214 -0.045325 0.004825 6 144 146
0.158758 -0.044008 0.012088 4 146 147
0.154675 -0.035270 -0.013674 5 146 146
0.157300 -0.035497 -0.007446 6 145 144
0.152873 -0.036431 0.006159 4 140 142
0.157320 -0.035432 0.012874 6 142 144
0.154447 -0.025119 -0.014656 3 141 141
0.158955 -0.025244 -0.009353 6 154 154
0.153240 -0.026347 0.013922 4 135 138
0.150213 -0.016302 -0.020072 2 128 132
0.154286 -0.014969 -0.014487 1 137 137
0.158853 -0.015521 -0.008704 2 138 137
0.156194 -0.016069 0.024902 3 132 136
0.152960 -0.005323 -0.013322 1 136 138
0.157703 -0.004115 -0.007234 0 136 137
0.155605 -0.000697 0.013837 6 128 128
0.151555 0.003987 -0.012057 3 136 137
0.156264 0.005316 -0.005634 6 139 140
0.154406 0.002806 0.013906 8 128 129
0.150807 0.013976 -0.010777 3 131 132
0.155532 0.015059 -0.005216 6 138 138
0.158282 0.011696 0.004662 10 144 144
0.150488 0.024165 -0.010664 4 131 132
0.155160 0.024934 -0.004457 5 138 137
0.153885 0.035561 -0.003418 8 133 135
0.157824 0.034682 0.001402 22 136 138
0.153577 0.044950 -0.003138 4 132 135
0.158294 0.045982 0.001799 6 131 132
0.153375 0.054956 -0.002865 4 138 138
0.157120 0.053927 0.002701 6 131 133
0.152895 0.064826 -0.002609 5 141 142
0.157610 0.064466 0.001554 6 140 139
0.157058 0.068465 0.047785 166 169 173
0.153661 0.074790 -0.003185 7 143 143
0.154926 0.075302 0.003742 12 138 142
0.154723 0.076063 0.014312 27 124 126
0.154040 0.085929 -0.001063 6 137 141
0.154819 0.085928 0.002546 24 130 134
0.152670 0.085210 0.014397 68 140 147
0.154699 0.086701 0.023919 96 146 151
0.156920 0.087718 0.035666 167 180 186
0.157816 0.086248 0.043334 158 182 188
0.154384 0.094058 -0.001059 6 139 141
0.157021 0.093794 0.002267 8 125 131
0.154203 0.093774 0.016835 14 126 135
0.156209 0.093703 0.026095 24 120 128
0.156871 0.092321 0.033423 92 144 148
0.152765 0.105767 -0.001247 63 162 163
0.157546 0.106384 0.003815 52 158 158
0.156571 0.107611 0.013556 55 148 147
0.155890 0.106936 0.023354 136 169 168
0.152841 0.114209 -0.001317 32 162 161
0.156261 0.114656 0.003366 16 162 160
0.156009 0.115621 0.013896 34 151 151
0.155339 0.115916 0.024832 58 156 157
0.158933 0.113717 0.033058 89 172 174
0.158206 0.116986 0.044061 90 172 172
0.151664 0.125518 -0.002435 18 152 156
0.153564 0.125080 0.003885 41 158 158
0.155382 0.124956 0.014612 54 160 159
0.156369 0.124326 0.023521 58 162 162
0.156175 0.123767 0.033103 82 157 158
0.155025 0.134790 0.004437 19 150 153
0.156468 0.136355 0.014709 106 177 174
0.157122 0.132611 0.023736 79 166 163
0.159461 0.132793 0.033622 150 162 160
0.152241 0.147070 -0.003924 104 160 164
0.154554 0.146582 0.004572 88 158 159
0.156263 0.144269 0.012784 103 167 167
0.156614 0.144290 0.024657 127 164 160
0.153597 0.153447 -0.003401 52 158 156
0.155136 0.153783 0.003700 47 154 154
0.156349 0.154752 0.013082 9 149 150
0.152646 0.165223 0.005739 10 141 144
0.154619 0.162780 0.014633 13 147 150
0.155013 0.163538 0.024461 36 144 148
0.153704 0.178078 -0.005076 41 104 106
0.154660 0.175482 0.004156 80 164 164
0.158211 0.175906 0.012880 88 166 167
0.153922 0.183168 -0.003462 20 95 96
0.155710 0.186508 0.003353 84 148 147
0.155291 0.185977 0.015530 94 179 173
0.154488 0.187093 0.024142 40 152 146
0.151080 0.190794 -0.000712 9 128 127
0.154271 0.194732 0.005772 109 159 157
0.156209 0.197103 0.013385 131 159 156
0.153714 0.195734 0.023586 59 140 138
0.153210 0.201770 0.007552 85 142 141
0.156007 0.204887 0.015696 167 169 167
0.154814 0.207053 0.024223 155 176 173
0.152079 0.207991 0.032124 153 164 162
0.154769 0.211802 0.018314 164 165 162
0.156865 0.214350 0.025204 188 179 176
0.154060 0.216070 0.033658 184 187 184
0.155092 0.215466 0.044939 104 126 123
0.156868 0.216409 0.053239 144 150 149
0.154020 0.223481 0.028835 134 156 154
0.154434 0.225352 0.035885 153 164 161
0.154941 0.226565 0.044970 123 149 147
0.154379 0.224952 0.056266 180 186 186
0.156754 0.225566 0.064118 196 196 196
0.153679 0.233868 0.026378 114 141 142
0.154912 0.233637 0.034939 158 177 174
0.156500 0.235455 0.044516 167 170 168
0.156320 0.233403 0.055666 188 188 186
0.158127 0.231924 0.063213 208 203 202
0.154453 0.246091 0.016162 164 163 164
0.153306 0.245447 0.026075 117 150 149
0.154899 0.243993 0.034703 159 172 172
0.156447 0.245457 0.044180 188 186 186
0.153171 0.246757 0.052971 210 208 206
0.153740 0.251449 0.015177 139 144 144
0.153790 0.253166 0.026199 160 163 163
0.154317 0.254016 0.034623 166 167 168
0.154132 0.252831 0.044958 193 194 196
0.151270 0.253439 0.050981 207 211 212
0.154604 0.267184 -0.014765 16 136 132
0.154692 0.263332 0.027189 172 182 182
0.154783 0.275108 -0.016611 5 152 150
0.154916 0.284980 -0.016794 6 154 150
0.154693 0.296284 -0.014533 8 162 158
0.154888 0.305161 -0.014596 8 162 158
0.154896 0.314923 -0.014791 8 163 159
0.155042 0.325067 -0.014985 10 165 161
0.154985 0.334974 -0.015850 7 164 159
0.154884 0.345110 -0.016470 7 165 160
0.155854 0.357259 -0.020442 7 162 158
0.154477 0.354577 -0.017014 7 166 161
0.154269 0.362113 -0.020466 8 162 158
0.154850 0.365097 -0.017253 9 166 161
0.155028 0.374992 -0.016397 9 164 160
0.155256 0.384712 -0.015408 7 160 157
0.155119 0.397027 -0.021476 6 155 156
0.156100 0.392417 -0.016062 7 160 158
0.154725 0.404770 -0.024231 12 153 154
0.157034 0.416332 -0.042161 100 102 104
0.154657 0.413710 -0.033970 84 104 104
0.152649 0.410976 -0.027695 74 120 118
0.169540 -0.551746 -0.081556 50 55 56
0.168823 -0.551860 -0.076344 76 81 84
0.168863 -0.552492 -0.064538 128 134 138
0.166344 -0.553562 -0.054663 136 141 146
0.169325 -0.548243 -0.082123 22 24 26
0.168406 -0.546684 -0.074884 88 94 98
0.168086 -0.545313 -0.064793 135 140 146
0.164926 -0.544741 -0.053178 136 143 150
0.168970 -0.537248 -0.062837 143 150 154
0.164776 -0.535027 -0.052632 137 144 150
0.163869 -0.536247 -0.049734 137 144 150
0.165621 -0.525221 -0.052627 136 144 151
0.163331 -0.524069 -0.049249 138 144 152
0.165586 -0.513833 -0.052176 138 146 154
0.162442 -0.517321 -0.049331 138 147 154
0.165400 -0.505017 -0.052780 137 145 152
0.164705 -0.494995 -0.052782 138 146 152
0.163265 -0.499085 -0.049500 140 147 155
0.164716 -0.484927 -0.053717 136 144 152
0.163966 -0.476619 -0.055747 100 106 110
0.165111 -0.434193 -0.052257 123 138 144
0.164827 -0.425265 -0.052520 123 142 150
0.164341 -0.415263 -0.052628 122 143 151
0.163509 -0.405216 -0.052057 120 144 152
0.168493 -0.404870 -0.048467 60 134 136
0.162230 -0.396598 -0.050840 118 144 152
0.166286 -0.394315 -0.047329 60 136 138
0.164372 -0.385229 -0.045360 64 138 139
0.168658 -0.382462 -0.038427 4 132 126
0.162752 -0.375472 -0.043616 50 136 138
0.167673 -0.374544 -0.036951 2 132 126
0.161608 -0.366333 -0.042149 36 132 132
0.166345 -0.364833 -0.034660 3 132 127
0.164094 -0.355204 -0.033349 6 130 127
0.168374 -0.353269 -0.028618 3 134 130
0.162009 -0.345592 -0.032490 2 130 126
0.166950 -0.344841 -0.027507 2 134 129
0.160776 -0.336514 -0.031115 2 130 126
0.165738 -0.334877 -0.026004 1 131 127
0.165190 -0.324908 -0.023956 0 129 125
0.163148 -0.314147 -0.021969 2 136 126
0.167470 -0.312233 -0.018515 1 137 128
0.161141 -0.307156 -0.020839 2 135 126
0.165830 -0.304675 -0.016951 3 137 128
0.165377 -0.294953 -0.015323 2 136 128
0.165024 -0.285211 -0.014006 3 136 128
0.163820 -0.276108 -0.012397 3 135 130
0.166904 -0.274556 -0.007589 4 138 129
0.163753 -0.266294 -0.011782 5 128 126
0.164101 -0.264897 -0.005658 8 140 134
0.163540 -0.254070 -0.006126 3 125 121
0.163420 -0.244484 -0.004709 3 122 118
0.165073 -0.235776 -0.004714 1 108 108
0.164969 -0.233953 0.003136 2 122 117
0.162707 -0.223552 -0.002495 6 129 128
0.163354 -0.224222 0.003819 7 131 127
0.164814 -0.223278 0.013587 14 140 132
0.162675 -0.214499 -0.004220 6 132 131
0.163731 -0.215100 0.004336 7 132 128
0.166734 -0.214421 0.013462 13 128 124
0.168260 -0.213579 0.023116 28 139 132
0.162769 -0.204703 -0.003709 5 138 136
0.164994 -0.205484 0.004263 9 130 126
0.167872 -0.205784 0.014558 15 127 123
0.169335 -0.205365 0.021442 22 130 127
0.163117 -0.194979 -0.004303 4 139 138
0.164729 -0.195279 0.004046 6 127 126
0.168357 -0.196081 0.013963 6 127 126
0.169763 -0.194873 0.020327 8 131 132
0.163880 -0.185520 -0.005085 6 142 141
0.165517 -0.186952 0.003130 6 130 129
0.163711 -0.173433 -0.005804 6 154 150
0.162320 -0.164823 -0.010424 8 157 151
0.164166 -0.164645 -0.006680 9 160 156
0.161904 -0.154180 -0.010512 0 150 146
0.164737 -0.154817 -0.007499 8 160 156
0.161387 -0.144536 -0.010526 5 156 153
0.165088 -0.145043 -0.007229 7 163 158
0.161363 -0.133424 -0.010680 8 160 158
0.165450 -0.134421 -0.007024 8 164 159
0.161972 -0.123779 -0.010531 6 158 156
0.165256 -0.125150 -0.007033 8 164 160
0.161987 -0.113656 -0.010631 7 162 160
0.165441 -0.115065 -0.006668 8 163 158
0.161856 -0.104600 -0.010991 6 162 159
0.165685 -0.105204 -0.006569 7 163 158
0.161403 -0.095351 -0.010665 7 161 160
0.164904 -0.095181 -0.006249 8 162 158
0.161302 -0.084753 -0.010560 6 160 158
0.164638 -0.085536 -0.005774 8 162 158
0.161176 -0.074322 -0.010515 8 161 157
0.165486 -0.075673 -0.006635 8 163 159
0.163853 -0.074000 0.004064 6 158 156
0.161319 -0.065809 -0.010419 6 159 157
0.165973 -0.065150 -0.008051 7 161 157
0.162533 -0.066373 0.006214 8 162 158
0.166140 -0.065027 0.013913 7 159 156
0.169341 -0.062712 0.021973 6 158 155
0.161512 -0.053932 -0.010705 6 157 155
0.166015 -0.055211 -0.008487 6 158 155
0.162787 -0.055545 0.014424 8 158 156
0.166673 -0.054518 0.022494 8 160 157
0.160924 -0.046968 -0.010740 7 153 153
0.165649 -0.044872 -0.007121 5 153 150
0.161798 -0.044630 0.015906 6 146 148
0.165315 -0.043157 0.023587 8 148 149
0.160302 -0.034029 -0.010550 3 138 138
0.165020 -0.035011 -0.006068 4 146 144
0.161644 -0.037550 0.017541 8 142 146
0.164881 -0.036139 0.024501 7 145 146
0.165364 -0.025064 -0.005197 5 142 142
0.165106 -0.014956 -0.003839 3 139 138
0.169116 -0.011811 0.000298 3 133 132
0.163323 -0.005509 -0.002463 2 138 139
0.167103 -0.004494 0.001629 2 130 130
0.162359 0.004686 -0.001072 6 141 141
0.166463 0.004381 0.001858 5 141 141
0.165362 0.004627 0.013095 6 128 124
0.162504 0.015088 -0.000986 7 139 138
0.165725 0.015018 0.002488 3 126 126
0.165899 0.013458 0.013402 4 126 122
0.161764 0.022784 -0.000860 5 136 135
0.165677 0.025304 0.002190 6 134 133
0.161300 0.034509 -0.000737 7 132 130
0.164857 0.035210 0.003292 11 136 134
0.164311 0.036869 0.014839 59 129 127
0.165959 0.037449 0.023123 96 145 142
0.164152 0.033945 0.037103 69 143 144
0.166531 0.036725 0.045247 80 144 144
0.166231 0.044596 -0.000921 8 137 134
0.163717 0.045237 0.004493 5 127 128
0.163638 0.045209 0.014565 13 107 106
0.165927 0.045623 0.024100 51 118 117
0.167160 0.045651 0.032971 139 162 158
0.163926 0.053410 0.005464 3 123 124
0.164937 0.053729 0.014907 6 103 103
0.167687 0.054714 0.024382 24 98 98
0.166061 0.056627 0.034446 58 122 123
0.164804 0.057812 0.044957 134 166 164
0.164081 0.057671 0.054936 164 176 174
0.162933 0.056735 0.066021 158 161 160
0.165505 0.057055 0.075113 160 161 160
0.166795 0.056889 0.082028 164 165 166
0.163529 0.065144 0.003215 10 127 126
0.167417 0.066861 0.013346 46 135 136
0.169203 0.061864 0.026350 158 182 178
0.165532 0.060687 0.037332 121 168 167
0.166216 0.061738 0.045772 146 172 169
0.166934 0.065131 0.055449 160 164 163
0.165800 0.065908 0.065097 152 154 154
0.165348 0.063334 0.074696 160 160 158
0.167060 0.063433 0.082973 171 170 172
0.163017 0.073939 -0.001235 6 126 124
0.162745 0.072457 0.003163 8 132 129
0.167552 0.073598 0.013357 11 116 114
0.165897 0.073647 0.064724 156 156 156
0.168431 0.075665 0.074035 166 164 164
0.169388 0.075682 0.080491 155 156 156
0.163215 0.087049 0.005230 6 122 120
0.165541 0.087263 0.014527 47 134 134
0.167273 0.088081 0.025319 84 156 158
0.167786 0.085767 0.034590 77 144 143
0.167859 0.084968 0.043979 146 169 168
0.163158 0.087693 0.055047 164 172 174
0.162128 0.096172 -0.000543 5 132 131
0.164238 0.094914 0.003271 5 129 130
0.164970 0.094814 0.014532 34 132 134
0.165154 0.095644 0.024332 38 138 140
0.166752 0.097016 0.034123 116 161 161
0.162212 0.095233 0.046079 163 174 174
0.164068 0.095508 0.054348 154 158 157
0.165225 0.092910 0.062719 172 174 179
0.163380 0.105454 0.005936 36 145 147
0.164820 0.106280 0.014563 66 150 148
0.166032 0.105555 0.024757 117 168 167
0.166800 0.105749 0.034061 138 173 171
0.166523 0.106101 0.044808 126 169 167
0.165879 0.103822 0.052678 150 167 166
0.167571 0.103653 0.064460 149 174 172
0.162947 0.111966 0.006182 16 151 150
0.163420 0.113373 0.014794 16 152 151
0.165178 0.112933 0.024910 59 154 151
0.164753 0.113269 0.034987 107 167 167
0.165561 0.114538 0.043988 122 168 167
0.166661 0.116293 0.053877 142 167 167
0.166265 0.114332 0.073586 109 163 164
0.164711 0.123918 0.025877 48 151 149
0.164329 0.123388 0.034192 106 173 170
0.165335 0.126934 0.045898 130 156 154
0.165483 0.124437 0.054034 118 153 150
0.162706 0.137817 0.016553 37 155 153
0.163201 0.136120 0.024546 60 156 153
0.165077 0.135471 0.035388 82 147 142
0.167793 0.134513 0.044192 131 160 158
0.163127 0.147415 0.007676 124 175 176
0.163844 0.145842 0.015243 56 161 160
0.163507 0.146325 0.024254 68 156 154
0.166491 0.145761 0.036388 106 155 153
0.167774 0.145591 0.042881 118 157 155
0.165710 0.155334 -0.003211 150 172 169
0.163406 0.153822 0.005847 143 176 172
0.163085 0.154260 0.015892 57 160 159
0.163466 0.152539 0.024592 44 148 147
0.165958 0.154081 0.035091 75 144 142
0.168706 0.154015 0.042404 94 140 137
0.164899 0.164108 0.015485 81 160 156
0.166864 0.163545 0.025728 75 152 150
0.168101 0.163104 0.033212 90 140 137
0.168155 0.167698 0.044482 168 179 178
0.163440 0.177049 0.005774 108 166 165
0.162072 0.175939 0.015330 87 164 160
0.164086 0.175256 0.025459 92 154 150
0.166977 0.174169 0.035625 132 151 149
0.167824 0.173090 0.042702 182 180 180
0.168476 0.175025 0.063888 171 173 170
0.162397 0.182557 -0.000488 103 114 113
0.164112 0.185936 0.004194 154 150 150
0.166988 0.185429 0.015965 140 165 160
0.164445 0.187105 0.025586 156 177 172
0.166355 0.185771 0.035632 156 166 161
0.167970 0.184068 0.043444 206 200 196
0.168072 0.186385 0.054340 176 168 162
0.163556 0.194004 0.007205 158 150 149
0.163993 0.194704 0.015084 194 184 182
0.165079 0.195279 0.023688 178 177 174
0.165830 0.195503 0.034757 211 200 196
0.167963 0.194701 0.043956 194 181 176
0.167732 0.193282 0.052931 182 172 168
0.166016 0.206433 0.006498 173 160 160
0.162052 0.206714 0.015622 181 169 168
0.162694 0.205595 0.024819 208 195 190
0.166750 0.205051 0.035076 205 192 188
0.168096 0.202704 0.042519 198 188 182
0.167335 0.214243 0.006119 173 161 160
0.165612 0.215866 0.016407 187 175 173
0.162951 0.216113 0.023707 196 184 179
0.164692 0.215381 0.032546 196 187 184
0.168557 0.221540 0.016940 180 167 165
0.166026 0.223622 0.025881 194 181 178
0.163272 0.225902 0.033730 195 183 179
0.163620 0.226714 0.046512 181 174 172
0.164495 0.226120 0.054460 199 195 193
0.161687 0.227185 0.063694 203 199 198
0.167863 0.232271 0.027584 192 182 178
0.166540 0.233661 0.034575 187 177 174
0.165532 0.235212 0.045288 175 167 166
0.166845 0.233968 0.053701 194 186 183
0.162308 0.232730 0.062849 210 205 204
0.165195 0.246213 0.026276 158 155 154
0.166753 0.244548 0.035530 175 169 167
0.166269 0.244535 0.044211 190 184 182
0.163028 0.251696 0.017321 134 135 134
0.163678 0.252028 0.025887 141 140 138
0.165572 0.254413 0.035675 173 174 172
0.167568 0.252954 0.041737 206 205 203
0.164139 0.267903 -0.015501 10 148 143
0.162723 0.262477 0.026041 159 174 172
0.164151 0.275765 -0.016974 5 153 148
0.165055 0.285021 -0.017361 6 154 150
0.165281 0.295995 -0.015160 8 162 157
0.164878 0.305117 -0.015616 8 162 158
0.164954 0.314987 -0.015694 7 162 157
0.164845 0.324690 -0.016144 8 163 159
0.166616 0.336895 -0.020312 5 156 154
0.164350 0.334984 -0.016825 7 163 159
0.166479 0.344234 -0.020375 6 159 156
0.164354 0.344505 -0.017393 7 164 160
0.164678 0.355985 -0.020649 8 160 157
0.165410 0.353878 -0.017709 9 166 161
0.164353 0.362594 -0.020351 8 162 158
0.165248 0.365775 -0.017576 9 166 163
0.165057 0.375056 -0.016761 9 165 162
0.164866 0.384788 -0.015820 7 161 157
0.165006 0.396956 -0.021484 6 154 156
0.163826 0.393093 -0.016177 7 159 158
0.164714 0.404374 -0.023637 14 151 152
0.166087 0.401716 -0.015072 6 162 159
0.164324 0.413165 -0.034612 85 104 102
0.175321 -0.562102 -0.064343 132 136 138
0.174992 -0.554042 -0.085328 57 61 60
0.174382 -0.554675 -0.075160 48 52 52
0.175007 -0.555376 -0.064037 102 106 104
0.172938 -0.549092 -0.084064 32 39 38
0.175636 -0.475086 -0.057654 29 35 36
0.178371 -0.464347 -0.053578 10 23 25
0.177022 -0.456579 -0.052247 14 32 30
0.178905 -0.453870 -0.048677 34 98 94
0.174854 -0.445831 -0.051009 60 89 86
0.176973 -0.443995 -0.047105 40 102 98
0.171423 -0.434117 -0.051474 40 54 54
0.176091 -0.435249 -0.046383 34 113 108
0.170924 -0.426336 -0.050742 55 78 83
0.175555 -0.425007 -0.045718 18 118 113
0.173888 -0.415515 -0.044454 25 130 128
0.178314 -0.413652 -0.038261 1 134 128
0.172484 -0.405269 -0.043581 12 131 128
0.177427 -0.404922 -0.036515 1 134 128
0.171396 -0.396280 -0.042374 3 132 126
0.175783 -0.394773 -0.035089 1 135 128
0.174114 -0.384953 -0.033493 0 136 128
0.178798 -0.383852 -0.028860 0 136 130
0.173156 -0.375578 -0.032513 0 134 128
0.177939 -0.374235 -0.028278 0 136 130
0.171351 -0.366887 -0.030889 2 136 130
0.175625 -0.364609 -0.027193 2 138 132
0.174882 -0.355064 -0.026147 2 137 131
0.174606 -0.345170 -0.023873 2 136 130
0.179156 -0.341428 -0.019052 0 136 128
0.172620 -0.335563 -0.021832 2 134 130
0.177400 -0.334592 -0.018188 2 135 130
0.171655 -0.327046 -0.020748 2 133 128
0.176165 -0.323479 -0.017200 4 141 132
0.175321 -0.314993 -0.016445 2 139 130
0.174888 -0.304897 -0.014663 2 138 130
0.174697 -0.295061 -0.013370 3 138 130
0.174139 -0.286334 -0.011311 5 139 131
0.176154 -0.283303 -0.008740 5 139 129
0.172649 -0.276922 -0.010944 2 128 124
0.175109 -0.276690 -0.005360 4 136 126
0.176347 -0.264971 -0.008475 0 126 122
0.174170 -0.243361 -0.007251 2 102 98
0.175033 -0.235072 -0.005285 0 101 98
0.176098 -0.227450 -0.001767 2 106 104
0.176171 -0.224307 0.002724 3 108 102
0.174375 -0.224162 0.024817 4 122 117
0.176047 -0.223016 0.032183 2 120 115
0.175539 -0.214099 0.012881 3 110 108
0.172230 -0.213273 0.026311 5 124 121
0.170870 -0.202731 -0.001069 6 142 138
0.173280 -0.203118 0.003690 10 132 126
0.173634 -0.205341 0.015116 21 119 117
0.171448 -0.204353 0.025100 27 132 128
0.173936 -0.203965 0.035226 43 142 137
0.175750 -0.202312 0.042756 90 168 159
0.172260 -0.194570 -0.004326 6 144 142
0.173178 -0.193786 0.005551 12 137 129
0.173586 -0.195527 0.016104 20 131 126
0.174890 -0.194171 0.024272 34 138 134
0.175255 -0.195483 0.034419 55 140 135
0.177940 -0.194718 0.045137 108 160 152
0.179675 -0.194110 0.051609 158 185 176
0.171847 -0.184596 -0.004179 5 141 137
0.174869 -0.185883 0.004690 11 132 124
0.176245 -0.186166 0.014572 33 142 134
0.175963 -0.186283 0.024620 37 136 133
0.177576 -0.186425 0.032969 54 138 134
0.179371 -0.188024 0.042716 134 174 166
0.172341 -0.173106 -0.006112 4 147 142
0.175218 -0.175764 0.004084 8 134 130
0.177328 -0.176316 0.014808 6 126 120
0.176687 -0.175771 0.024799 16 127 125
0.177187 -0.177430 0.032817 44 139 134
0.173308 -0.164633 -0.006633 6 155 148
0.175088 -0.164519 0.014788 5 156 150
0.176900 -0.167178 0.023183 7 140 139
0.177261 -0.153044 -0.010649 4 152 144
0.173045 -0.154057 -0.006045 5 155 149
0.175338 -0.155872 0.004631 8 158 155
0.177586 -0.146418 -0.010489 6 154 146
0.173750 -0.144037 -0.006267 9 164 158
0.178070 -0.134689 -0.010731 5 154 146
0.173958 -0.134422 -0.006439 8 164 157
0.177322 -0.124904 -0.011351 4 152 144
0.173663 -0.125299 -0.005722 8 165 157
0.177519 -0.114804 -0.011807 5 152 144
0.173971 -0.114971 -0.006813 10 168 161
0.177437 -0.105405 -0.013044 5 152 144
0.174193 -0.104971 -0.006509 11 168 162
0.177118 -0.096772 -0.011926 6 152 144
0.174296 -0.094980 -0.006003 12 168 163
0.174956 -0.094061 0.005160 6 162 155
0.174259 -0.085249 -0.005574 11 168 162
0.174204 -0.075935 -0.004735 11 166 162
0.174815 -0.075698 0.016114 9 162 156
0.175124 -0.064996 -0.005860 9 164 159
0.174843 -0.066607 0.024102 8 160 156
0.177506 -0.063906 0.032632 9 158 156
0.174969 -0.054880 -0.006913 7 161 156
0.177985 -0.055648 0.042244 8 161 157
0.175066 -0.044860 -0.005523 6 158 154
0.175008 -0.035157 -0.003634 5 151 147
0.175028 -0.024916 -0.004905 5 139 136
0.175029 -0.015820 -0.002464 5 138 135
0.175422 -0.012065 0.003332 5 130 128
0.174867 -0.007926 -0.000938 5 139 136
0.174836 -0.005998 0.004246 4 130 128
0.175703 -0.004569 0.014050 6 121 119
0.176769 -0.004518 0.022659 8 120 118
0.176320 0.006060 -0.001755 2 148 145
0.174078 0.003782 0.015716 4 127 124
0.175268 0.006014 0.024128 7 124 122
0.177199 0.006230 0.036104 32 127 122
0.178471 0.005889 0.044363 76 138 130
0.176145 0.015076 -0.002452 7 153 151
0.171780 0.017332 0.005662 3 122 120
0.176945 0.013028 0.026406 6 122 116
0.178620 0.014144 0.034985 20 113 110
0.177342 0.013410 0.053453 100 140 134
0.177271 0.024524 -0.001491 44 149 147
0.173060 0.024988 0.003958 39 138 136
0.172891 0.025094 0.014312 76 124 124
0.175282 0.025878 0.024432 78 116 116
0.175119 0.024824 0.035520 76 120 120
0.176812 0.035015 -0.003028 6 123 120
0.173932 0.034332 0.002730 7 131 130
0.171914 0.034889 0.013645 22 100 98
0.172462 0.036458 0.024183 98 139 134
0.177274 0.034962 0.056055 152 168 167
0.178718 0.036271 0.062953 158 162 159
0.175049 0.045403 -0.002109 4 117 114
0.173852 0.043662 0.002698 6 117 115
0.175879 0.043646 0.014882 50 109 105
0.176715 0.043596 0.024975 121 152 148
0.176606 0.047002 0.035604 160 172 169
0.176972 0.048324 0.045699 150 158 156
0.178596 0.047800 0.053277 163 166 165
0.177502 0.044533 0.064652 117 143 141
0.175455 0.054545 -0.001479 40 130 130
0.175078 0.054994 0.003643 53 127 128
0.177037 0.055817 0.014442 60 122 120
0.176140 0.054218 0.024816 82 134 131
0.176723 0.053682 0.035847 152 164 161
0.178320 0.052884 0.043481 162 164 161
0.175136 0.052717 0.051412 173 174 171
0.173763 0.054613 0.107289 179 180 183
0.176481 0.056702 0.115119 176 177 180
0.179030 0.057442 0.121842 175 176 179
0.174077 0.062928 -0.002050 2 130 128
0.175794 0.061526 0.002949 72 135 135
0.172438 0.065166 0.016477 51 130 127
0.173102 0.065827 0.024992 76 143 139
0.176238 0.066744 0.036263 104 146 141
0.174685 0.063956 0.043748 159 158 152
0.170849 0.067767 0.065244 158 162 158
0.173969 0.064681 0.095249 168 168 170
0.177396 0.076769 -0.004143 70 136 134
0.174012 0.075811 0.016269 63 124 120
0.175812 0.075040 0.025055 83 139 135
0.177938 0.075474 0.034020 133 161 157
0.175450 0.076673 0.044219 133 149 144
0.175060 0.076821 0.054337 160 166 164
0.171012 0.074643 0.076671 168 166 166
0.172211 0.077100 0.084324 166 164 164
0.174623 0.077132 0.095112 154 157 161
0.177290 0.075670 0.104433 163 168 174
0.176794 0.081554 -0.003581 72 140 138
0.176474 0.083152 0.004619 74 138 136
0.174993 0.084100 0.015498 60 133 131
0.176124 0.084935 0.025004 105 157 155
0.176330 0.084587 0.034240 135 164 162
0.174525 0.083694 0.044420 151 164 162
0.176978 0.085324 0.052992 150 164 161
0.175611 0.085829 0.089074 142 152 154
0.176726 0.084458 0.096168 177 180 180
0.178384 0.086239 0.105330 187 186 186
0.178886 0.087593 0.113274 197 196 196
0.172195 0.096539 0.006011 44 118 114
0.175811 0.096635 0.015591 122 156 150
0.177696 0.094917 0.024543 152 171 168
0.174058 0.093328 0.033621 123 152 150
0.173435 0.094436 0.043220 130 166 164
0.172639 0.095066 0.056139 142 163 160
0.174289 0.096783 0.064953 163 171 168
0.177183 0.093466 0.073541 170 174 171
0.176586 0.096279 0.086644 141 162 161
0.175393 0.095071 0.095358 168 173 177
0.177496 0.094427 0.103986 176 182 187
0.174071 0.104930 0.006792 33 130 125
0.175681 0.105241 0.014759 95 154 149
0.175517 0.104512 0.023673 121 157 154
0.174181 0.104130 0.033477 178 178 174
0.172306 0.106629 0.044490 163 179 176
0.173061 0.103147 0.054411 130 166 162
0.172537 0.101242 0.065356 152 171 168
0.172333 0.103577 0.072602 184 194 193
0.173777 0.104992 0.084907 157 171 170
0.174541 0.102032 0.092996 162 170 174
0.174327 0.101680 0.101899 109 164 164
0.176473 0.111213 0.016462 114 156 150
0.175519 0.112375 0.025832 108 155 150
0.174699 0.114239 0.035490 122 158 153
0.173748 0.112837 0.043915 143 172 170
0.172286 0.115327 0.054076 178 182 181
0.174219 0.118668 0.065014 162 178 176
0.174589 0.116843 0.078043 160 180 180
0.176090 0.116745 0.085558 188 190 190
0.177293 0.115154 0.094675 194 193 195
0.179060 0.115854 0.104260 167 186 184
0.172294 0.124716 0.027650 82 148 146
0.175753 0.124206 0.034525 140 161 158
0.173305 0.128150 0.045539 137 152 149
0.172146 0.127387 0.055451 162 182 176
0.175444 0.123355 0.064275 160 171 166
0.173778 0.124377 0.075954 176 182 182
0.174405 0.123764 0.085694 196 195 197
0.176987 0.126992 0.096342 118 158 159
0.178563 0.127233 0.104043 146 174 177
0.176822 0.134545 -0.004024 84 111 110
0.176206 0.135357 0.004792 164 166 165
0.173997 0.137327 0.016068 123 157 154
0.175398 0.137434 0.024730 160 168 164
0.175427 0.138159 0.032943 180 176 174
0.171382 0.134806 0.045234 178 183 181
0.173767 0.133301 0.053564 176 189 187
0.174523 0.137105 0.085954 175 182 184
0.174769 0.132876 0.096484 177 180 186
0.178214 0.135401 0.103878 175 172 174
0.175674 0.146026 -0.001288 73 112 111
0.176550 0.145921 0.003914 94 122 118
0.174060 0.146310 0.015890 110 142 139
0.175925 0.145815 0.025633 150 159 154
0.174707 0.144893 0.034795 163 164 161
0.175172 0.144763 0.042729 119 146 143
0.176599 0.146993 0.053495 150 148 149
0.176696 0.146461 0.065761 168 170 168
0.176143 0.147600 0.074128 173 173 171
0.176034 0.144372 0.095460 169 166 165
0.178484 0.142468 0.102838 174 168 168
0.175651 0.152685 0.005583 71 114 112
0.176433 0.153945 0.015493 87 127 123
0.176377 0.154097 0.024875 134 163 159
0.175897 0.153682 0.034280 122 159 156
0.172513 0.155175 0.045176 138 158 154
0.174968 0.154849 0.054923 126 154 149
0.176524 0.153205 0.063849 126 151 148
0.174639 0.155529 0.074631 148 167 169
0.174837 0.156240 0.083890 175 183 183
0.177084 0.154677 0.093517 191 188 184
0.175961 0.168356 0.004876 109 143 141
0.176182 0.166191 0.015576 116 157 154
0.178135 0.162963 0.024904 97 137 134
0.176353 0.165138 0.036462 152 164 163
0.174172 0.165212 0.043358 148 161 157
0.173856 0.165135 0.053470 177 171 170
0.174812 0.169207 0.065662 190 183 182
0.174981 0.166210 0.075839 185 179 178
0.175115 0.163916 0.083509 192 188 183
0.177941 0.165206 0.094130 208 198 194
0.176467 0.172350 0.004867 116 140 138
0.177457 0.173483 0.014251 172 166 167
0.176924 0.175708 0.026414 175 171 171
0.176465 0.173070 0.036071 169 164 162
0.174797 0.175218 0.044330 178 172 169
0.173417 0.176819 0.056409 202 194 190
0.174002 0.175558 0.065487 184 176 172
0.175064 0.174661 0.073584 203 194 191
0.175111 0.172380 0.083653 206 198 193
0.175385 0.185539 0.016808 172 164 162
0.176934 0.183575 0.024025 169 161 160
0.175985 0.185696 0.033290 170 162 160
0.173499 0.183778 0.045683 199 190 185
0.173602 0.184806 0.054804 207 197 191
0.173998 0.184784 0.063631 192 182 175
0.177776 0.183467 0.072716 196 184 178
0.173600 0.193453 0.024028 182 172 170
0.175631 0.192635 0.032226 196 184 182
0.171943 0.196776 0.047505 210 198 191
0.174929 0.195763 0.055586 201 190 184
0.172216 0.207076 0.004130 178 164 162
0.173183 0.205965 0.025740 188 175 174
0.174011 0.205219 0.034681 199 187 185
0.175077 0.205353 0.046248 194 182 175
0.177632 0.203692 0.054058 188 176 168
0.174157 0.216731 0.004032 174 162 160
0.174103 0.216185 0.013348 176 163 160
0.173148 0.217120 0.026592 212 200 194
0.176647 0.216304 0.034090 199 186 178
0.177406 0.214305 0.043945 182 169 159
0.176804 0.224147 0.005261 167 158 155
0.173288 0.224718 0.016145 181 168 165
0.174071 0.227068 0.025388 189 176 171
0.176411 0.225493 0.033422 186 175 167
0.175220 0.225030 0.043652 195 187 180
0.171984 0.227842 0.053814 190 182 178
0.177169 0.235838 -0.003979 138 138 134
0.175953 0.235466 0.005341 153 150 146
0.176789 0.234423 0.014938 174 168 165
0.175951 0.233344 0.027068 193 182 177
0.176111 0.234427 0.033296 192 182 176
0.172865 0.237010 0.047220 186 178 176
0.172051 0.235422 0.052195 191 185 182
0.174796 0.243119 0.014989 161 161 158
0.174584 0.244551 0.025170 161 159 158
0.176440 0.243222 0.034941 195 188 184
0.173406 0.243685 0.044734 193 186 184
0.172855 0.241470 0.051646 214 208 206
0.176043 0.251779 -0.013637 34 104 101
0.174822 0.251738 -0.005031 70 114 112
0.176425 0.254556 0.006039 116 144 137
0.176246 0.254375 0.016260 129 136 132
0.176722 0.254424 0.026425 146 148 144
0.176426 0.253215 0.035941 184 182 179
0.173458 0.253001 0.041953 214 210 208
0.177118 0.266426 -0.005085 88 186 180
0.177491 0.263997 0.004720 152 192 186
0.177279 0.261757 0.014028 160 164 159
0.173428 0.264444 0.025338 209 214 210
0.175631 0.276687 -0.017506 6 153 151
0.174643 0.285253 -0.017600 7 155 152
0.174913 0.295495 -0.015756 10 163 159
0.174871 0.304972 -0.016218 8 162 158
0.175018 0.314961 -0.016858 8 161 158
0.174517 0.324662 -0.016995 8 162 158
0.174716 0.335490 -0.020294 6 156 154
0.174402 0.334676 -0.017417 8 163 159
0.173935 0.346303 -0.020636 8 158 156
0.175808 0.343772 -0.017728 9 163 160
0.175344 0.354258 -0.020532 9 158 156
0.175771 0.355603 -0.017978 10 163 160
0.175025 0.365478 -0.017550 10 164 161
0.174988 0.374960 -0.016233 10 165 162
0.174967 0.384724 -0.015261 7 160 157
0.175992 0.397038 -0.021055 6 155 155
0.173441 0.392415 -0.016366 6 160 158
0.175086 0.404420 -0.023554 20 148 147
0.176290 0.415129 -0.041900 94 96 97
0.175214 0.412548 -0.035142 86 100 101
0.185425 -0.563426 -0.065416 140 145 148
0.183850 -0.554136 -0.084327 72 76 76
0.185712 -0.554889 -0.075107 60 66 64
0.184900 -0.556856 -0.065875 125 128 126
0.184534 -0.548029 -0.083455 34 40 36
0.187386 -0.544683 -0.076809 24 37 34
0.189148 -0.535520 -0.067022 14 36 34
0.186688 -0.493254 -0.052285 27 100 95
0.188973 -0.493550 -0.048682 10 102 97
0.185621 -0.486688 -0.051768 20 97 92
0.187743 -0.484143 -0.048446 8 107 100
0.183069 -0.476953 -0.051757 10 62 58
0.186558 -0.474715 -0.047632 6 109 102
0.181480 -0.465797 -0.050835 26 86 84
0.185898 -0.464663 -0.046530 7 122 116
0.185096 -0.454926 -0.044771 4 127 120
0.184135 -0.445548 -0.043032 2 128 121
0.188198 -0.442623 -0.038980 0 128 121
0.181993 -0.436037 -0.041886 1 130 122
0.186830 -0.434623 -0.038029 0 131 124
0.180768 -0.426478 -0.041234 2 132 125
0.185613 -0.424789 -0.035949 1 134 126
0.184642 -0.415054 -0.034006 1 134 128
0.182853 -0.405840 -0.031910 0 135 130
0.187290 -0.403819 -0.028225 2 139 132
0.185498 -0.394760 -0.026458 2 140 134
0.185140 -0.384914 -0.025504 2 140 134
0.184745 -0.375077 -0.023539 2 141 134
0.183904 -0.364986 -0.022281 2 140 134
0.188405 -0.363509 -0.019440 3 144 137
0.183070 -0.355440 -0.022013 0 139 132
0.187774 -0.354354 -0.018901 1 142 134
0.181308 -0.347345 -0.020947 1 136 130
0.185720 -0.344597 -0.017492 0 138 130
0.185054 -0.334994 -0.015313 2 139 132
0.185145 -0.324412 -0.014839 5 144 133
0.185034 -0.315022 -0.014069 2 140 131
0.184915 -0.305190 -0.012766 1 138 130
0.185628 -0.296283 -0.011181 3 140 131
0.185370 -0.293617 -0.009328 4 140 130
0.183657 -0.286150 -0.010614 0 132 126
0.186548 -0.283957 -0.008532 3 136 128
0.186047 -0.276062 -0.006153 1 130 123
0.185067 -0.265717 -0.008314 0 118 116
0.187366 -0.256907 -0.011301 2 99 98
0.184587 -0.244049 -0.007758 2 92 90
0.184500 -0.235722 -0.005210 0 92 90
0.187370 -0.231607 0.003245 1 92 90
0.182795 -0.227416 0.005620 2 100 97
0.184485 -0.226381 0.015121 2 100 97
0.185756 -0.225584 0.024123 2 100 97
0.187622 -0.214799 0.032854 101 154 140
0.186052 -0.211000 0.059277 14 108 100
0.186581 -0.206349 0.035855 103 160 150
0.186638 -0.204035 0.064275 56 120 115
0.188432 -0.203440 0.075861 107 136 132
0.187150 -0.196931 0.048134 107 156 148
0.185105 -0.193557 0.055378 144 172 167
0.185826 -0.194279 0.065773 111 157 156
0.188412 -0.193692 0.074179 160 181 178
0.189821 -0.197168 0.080713 162 177 173
0.181211 -0.182763 0.037121 88 146 140
0.182395 -0.183965 0.045902 141 174 168
0.184008 -0.184255 0.055877 160 185 180
0.185818 -0.184791 0.065470 172 181 179
0.188630 -0.185537 0.073745 191 190 186
0.184485 -0.174813 -0.004328 5 117 110
0.184993 -0.174547 0.004943 8 97 85
0.184702 -0.175083 0.015005 30 101 85
0.183200 -0.173988 0.025269 61 140 131
0.183918 -0.174949 0.035361 117 173 165
0.184599 -0.174309 0.046439 164 196 189
0.186362 -0.175588 0.054625 187 194 188
0.188019 -0.175902 0.064800 197 192 188
0.189507 -0.178504 0.070840 202 197 192
0.184793 -0.162558 -0.011803 2 136 128
0.183350 -0.163298 0.007107 4 120 114
0.184145 -0.164669 0.015570 15 106 98
0.184751 -0.166264 0.025011 66 136 126
0.184731 -0.165275 0.036708 116 178 169
0.186754 -0.166101 0.045434 166 192 185
0.188605 -0.167462 0.053270 192 198 191
0.185255 -0.154336 -0.012218 4 148 140
0.182554 -0.154366 -0.005684 2 139 132
0.183066 -0.152657 0.015894 34 145 139
0.185080 -0.154310 0.024958 84 164 158
0.186876 -0.156836 0.034218 148 192 185
0.188624 -0.158621 0.041804 190 208 202
0.184927 -0.144970 -0.013052 6 152 144
0.183086 -0.146893 -0.007848 8 158 151
0.184878 -0.144765 0.004675 21 162 158
0.186908 -0.147160 0.013421 46 145 138
0.185968 -0.134537 -0.012467 7 160 153
0.183598 -0.134387 -0.006147 14 176 168
0.185519 -0.124987 -0.012682 8 161 153
0.183360 -0.125104 -0.007652 13 176 170
0.185716 -0.115408 -0.013314 7 161 153
0.183897 -0.114459 -0.007855 14 176 171
0.186056 -0.104483 -0.014188 8 161 154
0.182720 -0.105647 -0.008212 14 177 170
0.186426 -0.095216 -0.014205 6 159 152
0.182970 -0.094610 -0.007342 11 172 165
0.189817 -0.085758 -0.020477 0 142 134
0.186391 -0.085240 -0.014711 6 157 150
0.183051 -0.083940 -0.008088 11 163 156
0.187285 -0.076331 -0.014008 6 157 150
0.183821 -0.075656 -0.008309 10 163 156
0.187493 -0.065340 -0.012873 8 158 152
0.182699 -0.065043 -0.007687 9 165 158
0.187201 -0.054727 -0.013077 7 158 152
0.182251 -0.055250 -0.007715 11 165 160
0.186933 -0.045394 -0.012842 6 156 150
0.182465 -0.044412 -0.007944 9 162 157
0.189088 -0.043781 0.003567 66 143 142
0.187625 -0.035185 -0.012127 8 166 161
0.182687 -0.035323 -0.006772 6 153 147
0.189061 -0.032586 0.081113 61 156 152
0.187514 -0.025677 -0.011346 6 157 150
0.182710 -0.024742 -0.007137 5 137 132
0.183552 -0.016645 -0.004101 5 133 128
0.181784 -0.013329 0.003004 6 132 128
0.186697 -0.011701 0.024917 80 137 137
0.188916 -0.011418 0.032932 84 132 133
0.185369 -0.005395 -0.002782 9 150 144
0.183206 -0.005061 0.005400 13 123 120
0.184698 -0.004062 0.015258 29 129 127
0.184552 -0.005759 0.024722 49 125 123
0.186244 -0.005641 0.034142 54 125 122
0.185559 -0.003291 0.044117 82 138 136
0.183168 0.005120 -0.003140 4 146 141
0.185811 0.001847 0.014706 9 127 122
0.187002 0.005972 0.025965 70 129 127
0.187913 0.005825 0.035288 108 141 139
0.185953 0.006359 0.045241 101 149 145
0.184915 0.006568 0.054584 101 141 136
0.186946 0.007739 0.064999 142 164 160
0.188854 0.007466 0.072490 138 153 152
0.189504 0.006854 0.105012 60 138 134
0.184548 0.015765 -0.006239 6 146 142
0.188443 0.015112 0.005000 70 139 141
0.184836 0.013204 0.027209 76 143 142
0.186350 0.013967 0.035175 80 129 128
0.186249 0.013496 0.045668 137 162 157
0.184851 0.014827 0.055500 147 163 159
0.186239 0.014852 0.064306 143 165 161
0.184811 0.016406 0.074169 140 150 144
0.186994 0.016548 0.082543 142 146 142
0.184570 0.024643 -0.003804 25 146 141
0.185110 0.025059 0.005527 106 153 154
0.186143 0.024933 0.013661 116 154 155
0.187773 0.026705 0.024286 91 138 136
0.185266 0.025962 0.034351 100 127 125
0.185080 0.024498 0.044265 114 147 143
0.185865 0.023432 0.055818 108 147 142
0.184636 0.024146 0.065153 89 144 140
0.185481 0.024825 0.074877 96 149 144
0.186194 0.025142 0.084450 128 152 146
0.187374 0.026314 0.094812 152 157 152
0.184628 0.035123 -0.005851 8 115 111
0.183800 0.034567 0.004873 12 104 100
0.185332 0.034608 0.014569 74 137 134
0.186791 0.034026 0.023050 101 144 143
0.183698 0.035499 0.055330 126 146 144
0.184122 0.036669 0.063387 131 150 149
0.186391 0.030609 0.088694 154 158 157
0.187368 0.031391 0.093067 146 152 148
0.188117 0.033230 0.104715 148 158 152
0.188951 0.036726 0.111271 107 150 145
0.185700 0.046200 -0.011449 7 114 110
0.185531 0.043926 -0.005850 6 100 96
0.184690 0.045764 0.004912 20 107 104
0.185652 0.045657 0.014777 73 141 139
0.185703 0.047148 0.025268 108 146 145
0.186235 0.045677 0.034873 130 156 157
0.184571 0.045407 0.044633 128 150 149
0.183030 0.045298 0.052699 148 163 162
0.183797 0.044954 0.067631 106 139 133
0.184334 0.043114 0.074921 102 130 127
0.185101 0.044918 0.083528 162 167 165
0.188605 0.042829 0.094369 166 170 170
0.188218 0.042309 0.117873 84 140 136
0.187917 0.046193 0.124580 120 148 146
0.182631 0.055128 -0.003344 44 124 122
0.185141 0.053965 0.005436 84 140 138
0.185651 0.053750 0.015068 102 147 146
0.184869 0.054120 0.024396 135 165 164
0.184281 0.055409 0.034128 160 163 161
0.181273 0.053721 0.042692 165 165 163
0.184323 0.054301 0.055298 182 194 189
0.185136 0.054090 0.063750 178 192 187
0.183469 0.056498 0.126571 177 180 179
0.187014 0.056521 0.134596 182 184 184
0.184652 0.065256 -0.005551 70 128 126
0.186030 0.063466 0.003921 68 113 110
0.183903 0.063383 0.016734 85 122 117
0.186949 0.063989 0.024869 155 163 158
0.186493 0.065275 0.033010 152 163 158
0.184776 0.064796 0.045581 152 160 158
0.186847 0.064157 0.053733 170 181 178
0.188898 0.068258 0.074663 171 178 176
0.183811 0.067241 0.105061 76 127 125
0.186312 0.065826 0.115532 140 155 156
0.183824 0.063616 0.126011 173 174 178
0.187132 0.063935 0.134308 181 182 185
0.189002 0.061242 0.140276 191 192 191
0.188883 0.077677 -0.011389 80 140 136
0.186371 0.077621 -0.005564 124 155 153
0.185855 0.077736 0.005678 131 151 147
0.185685 0.076299 0.014303 155 159 155
0.184609 0.075284 0.024867 159 162 159
0.184432 0.075118 0.035629 160 168 165
0.186663 0.076565 0.043804 126 144 142
0.186733 0.076265 0.056166 152 164 162
0.187944 0.075079 0.064463 163 166 166
0.183001 0.074330 0.106823 158 161 164
0.185816 0.076745 0.115108 173 174 176
0.186898 0.077406 0.125177 190 188 188
0.188170 0.076162 0.134365 190 186 189
0.188010 0.081982 -0.011312 45 93 91
0.186087 0.082378 -0.004925 82 126 123
0.186121 0.084711 0.004504 123 148 144
0.184853 0.088291 0.013738 162 160 156
0.181340 0.088185 0.026481 155 169 166
0.185123 0.083147 0.036439 157 169 167
0.184820 0.082717 0.046018 151 158 155
0.184598 0.082722 0.055506 147 151 149
0.186021 0.085876 0.062450 148 150 150
0.182417 0.085955 0.086122 142 164 160
0.182182 0.084869 0.107567 176 177 176
0.184043 0.084680 0.115332 186 184 182
0.186417 0.084871 0.123876 193 190 188
0.187408 0.082553 0.133473 210 202 199
0.187448 0.096306 0.007372 143 149 146
0.184121 0.097206 0.015834 142 166 161
0.183647 0.095372 0.023789 151 165 162
0.185601 0.094539 0.034035 128 144 140
0.184739 0.092749 0.042586 154 151 147
0.182410 0.094231 0.088078 52 144 142
0.181857 0.097379 0.097346 137 140 140
0.182089 0.094934 0.106459 161 160 164
0.184216 0.093107 0.113817 179 175 178
0.187053 0.095595 0.124829 186 186 186
0.184028 0.103138 0.007097 92 126 121
0.184679 0.103914 0.014657 119 150 144
0.185693 0.105448 0.022914 112 140 136
0.184245 0.103471 0.032502 163 156 150
0.184767 0.106028 0.054073 100 156 151
0.183046 0.106156 0.107722 194 192 194
0.184025 0.106269 0.115921 202 197 195
0.187733 0.105035 0.124709 206 199 197
0.189639 0.104776 0.130749 202 195 194
0.185988 0.113709 0.014406 182 184 176
0.182425 0.112631 0.024592 100 159 154
0.182099 0.116065 0.034047 98 146 141
0.185186 0.113273 0.043190 94 142 140
0.182146 0.113849 0.096709 170 179 178
0.183731 0.115273 0.105062 185 186 184
0.185171 0.114583 0.114583 204 204 202
0.187421 0.113510 0.123901 214 207 204
0.186240 0.127940 -0.012310 55 100 98
0.185478 0.126769 -0.004900 74 109 106
0.186724 0.126627 0.004323 113 147 143
0.188481 0.125385 0.012570 120 151 146
0.188847 0.124847 0.020489 79 122 118
0.183247 0.123586 0.038046 161 158 154
0.185240 0.121542 0.041443 162 158 154
0.181180 0.126205 0.098969 142 166 170
0.182621 0.125094 0.105647 174 183 188
0.185843 0.125294 0.114196 182 186 186
0.188590 0.125369 0.122740 208 202 198
0.186507 0.131258 -0.014307 7 76 74
0.184852 0.134959 -0.003097 48 84 84
0.185806 0.134466 0.005022 146 150 149
0.183421 0.133951 0.011687 162 162 162
0.185194 0.137146 0.035253 201 195 191
0.181389 0.130624 0.097626 196 193 190
0.181258 0.133010 0.107642 171 167 171
0.185341 0.135000 0.115063 185 179 179
0.188392 0.134131 0.121977 188 183 184
0.184585 0.145078 -0.000782 98 108 108
0.184417 0.143596 0.005721 108 131 129
0.184867 0.145189 0.015817 133 143 140
0.184831 0.144876 0.023871 174 169 165
0.183387 0.143299 0.036155 189 182 180
0.184233 0.142903 0.043224 170 165 162
0.181022 0.148234 0.054334 154 153 154
0.181371 0.145434 0.075695 186 184 182
0.183864 0.143970 0.083448 182 180 178
0.185621 0.146117 0.094958 144 174 176
0.182031 0.141945 0.105630 154 160 157
0.185153 0.141940 0.114931 190 185 185
0.189118 0.141555 0.121703 196 188 187
0.184660 0.158715 0.007078 113 120 114
0.183671 0.154611 0.015458 149 152 148
0.185482 0.155041 0.023926 167 169 164
0.187573 0.157116 0.033347 157 157 154
0.180947 0.153831 0.065035 192 188 188
0.181032 0.155388 0.076836 134 149 154
0.184477 0.155396 0.085756 156 166 171
0.186305 0.156731 0.095359 190 186 188
0.186080 0.155804 0.104452 205 196 194
0.187570 0.155112 0.113173 222 211 206
0.187870 0.165422 -0.002945 177 170 165
0.187740 0.165697 0.005631 172 169 165
0.186079 0.165383 0.015031 170 165 158
0.183318 0.162620 0.024797 154 156 153
0.183193 0.165358 0.033808 190 187 186
0.181899 0.168201 0.043618 194 186 186
0.180765 0.166889 0.077946 198 188 186
0.184351 0.165522 0.086556 186 178 176
0.185186 0.166236 0.095753 204 194 191
0.186585 0.163318 0.103934 203 193 190
0.188268 0.161311 0.111807 222 210 204
0.185398 0.176625 -0.004270 144 132 128
0.185656 0.175693 0.005032 162 149 144
0.185566 0.175226 0.014581 165 154 150
0.184270 0.177888 0.025930 182 171 169
0.184871 0.176990 0.035022 181 172 170
0.186080 0.174034 0.044915 160 156 152
0.183733 0.176849 0.056558 165 158 156
0.185557 0.176405 0.065685 187 178 175
0.185496 0.175218 0.073594 194 182 175
0.183870 0.175623 0.086710 191 181 176
0.186899 0.174093 0.094510 202 191 186
0.186758 0.170986 0.102014 211 199 192
0.186456 0.184538 0.016519 166 153 149
0.184509 0.183730 0.025549 171 160 157
0.185911 0.184397 0.035315 162 153 148
0.186394 0.185207 0.043580 168 159 156
0.186870 0.184954 0.054447 174 167 164
0.186427 0.184718 0.064645 169 159 155
0.184171 0.185659 0.075208 193 181 176
0.185334 0.182947 0.085027 200 189 184
0.184736 0.181245 0.092986 214 202 197
0.185924 0.192878 0.015488 180 166 160
0.186828 0.192715 0.025330 178 164 158
0.187602 0.192835 0.033173 185 172 166
0.183874 0.193861 0.056904 176 164 158
0.183655 0.193547 0.066759 185 173 168
0.183489 0.193043 0.074052 204 193 185
0.185206 0.207220 0.036862 207 192 189
0.187181 0.205542 0.044102 205 191 186
0.185294 0.202998 0.053195 190 177 171
0.186176 0.206964 0.061970 193 180 172
0.184871 0.215624 0.037142 180 166 158
0.185088 0.216198 0.044709 183 169 159
0.186470 0.214680 0.053843 184 171 161
0.189405 0.213812 0.061280 188 178 168
0.185961 0.224394 -0.002722 155 145 140
0.184437 0.225471 0.002742 184 174 170
0.181758 0.225953 0.035819 182 170 159
0.184792 0.224096 0.043892 179 169 158
0.188207 0.222347 0.052445 177 174 166
0.183193 0.235754 -0.004178 131 132 128
0.185601 0.234985 0.005540 152 150 146
0.187322 0.235898 0.011978 162 158 155
0.183144 0.239016 0.026757 173 166 162
0.181566 0.237076 0.032581 190 180 172
0.187123 0.231310 0.043090 181 180 174
0.185755 0.248041 -0.013124 94 147 144
0.187373 0.247421 -0.006675 110 150 146
0.184480 0.249276 0.007336 119 154 152
0.184507 0.245919 0.015977 118 136 134
0.183761 0.244429 0.026438 167 165 161
0.184064 0.245401 0.034410 198 192 187
0.182458 0.253344 -0.004069 118 154 151
0.182616 0.252593 0.005125 110 148 144
0.183336 0.253405 0.015187 147 163 159
0.184036 0.254662 0.025782 170 170 168
0.184498 0.253758 0.035639 198 198 195
0.182450 0.254998 0.040665 230 228 226
0.185281 0.267706 -0.012263 48 178 172
0.184843 0.265779 -0.006484 120 198 193
0.185250 0.264372 0.004925 118 188 182
0.184689 0.261820 0.014334 150 169 163
0.185261 0.274537 -0.015540 9 164 159
0.185077 0.285116 -0.017792 8 156 153
0.185213 0.295851 -0.016582 10 162 158
0.184466 0.305015 -0.017386 8 161 157
0.183858 0.314426 -0.017658 7 161 157
0.185689 0.325979 -0.020456 6 156 154
0.184002 0.324710 -0.017972 8 162 159
0.186056 0.334062 -0.020805 8 156 155
0.184003 0.335613 -0.018035 9 164 161
0.185293 0.345339 -0.020669 10 156 156
0.183234 0.343721 -0.017841 9 164 160
0.186020 0.354408 -0.020896 8 156 154
0.186204 0.354168 -0.017775 9 162 158
0.184279 0.361807 -0.020414 8 156 154
0.185147 0.365304 -0.017185 9 164 161
0.184935 0.374932 -0.015525 10 164 161
0.184878 0.384734 -0.015340 7 161 157
0.183407 0.396849 -0.021491 6 155 154
0.184877 0.394084 -0.014524 7 166 161
0.184359 0.404277 -0.023635 24 146 146
0.185235 0.401988 -0.014652 5 163 156
0.184299 0.411962 -0.035671 89 98 98
0.195866 -0.575457 -0.072682 132 138 136
0.196349 -0.575648 -0.069340 110 118 119
0.194949 -0.563991 -0.065742 100 138 138
0.191134 -0.552164 -0.073872 72 96 96
0.194854 -0.555497 -0.064048 65 120 116
0.191600 -0.546546 -0.073016 21 74 70
0.195310 -0.545280 -0.064490 5 107 100
0.198967 -0.544070 -0.058275 0 117 110
0.192832 -0.536223 -0.063080 11 88 82
0.197016 -0.533988 -0.056569 3 114 107
0.195452 -0.525040 -0.053693 6 113 104
0.193719 -0.515170 -0.051513 4 115 108
0.197181 -0.513977 -0.048690 3 121 113
0.192981 -0.506565 -0.051136 4 120 114
0.196582 -0.504347 -0.048101 3 121 114
0.195215 -0.494643 -0.046111 1 125 118
0.195174 -0.484998 -0.044877 0 126 119
0.195092 -0.475170 -0.043685 0 128 120
0.194053 -0.465290 -0.041909 0 130 120
0.192620 -0.455794 -0.040959 0 132 122
0.196900 -0.453460 -0.038625 0 135 124
0.195543 -0.444593 -0.037328 0 135 125
0.195044 -0.435218 -0.034680 0 137 128
0.194406 -0.426151 -0.031785 1 140 130
0.195675 -0.414154 -0.027734 3 142 134
0.195039 -0.404888 -0.025659 3 142 135
0.195127 -0.394868 -0.023502 3 144 136
0.194659 -0.385440 -0.022275 2 144 138
0.192937 -0.376792 -0.020812 3 146 138
0.195500 -0.373883 -0.018896 4 147 138
0.195389 -0.364804 -0.017910 5 147 139
0.195047 -0.355007 -0.017211 4 145 138
0.195023 -0.345009 -0.015820 2 142 134
0.194953 -0.334947 -0.014684 2 142 134
0.195064 -0.324322 -0.014592 2 144 133
0.195025 -0.315144 -0.013583 1 141 131
0.194231 -0.305544 -0.011856 1 139 130
0.194278 -0.297300 -0.010808 3 141 131
0.194582 -0.294269 -0.008358 4 140 129
0.195426 -0.286953 -0.010601 0 128 122
0.193880 -0.284933 -0.007575 2 134 126
0.193128 -0.276358 -0.005959 1 127 119
0.196160 -0.263647 -0.011668 0 106 104
0.192840 -0.266730 -0.009058 0 111 110
0.195344 -0.255709 -0.013150 2 92 90
0.196275 -0.243087 -0.007076 0 82 82
0.192962 -0.237694 -0.003904 0 84 82
0.194507 -0.235284 0.004539 1 85 83
0.195190 -0.233365 0.014461 2 86 84
0.196756 -0.232264 0.024311 0 88 84
0.193273 -0.229730 0.025052 0 90 87
0.197059 -0.226878 0.032070 69 126 119
0.196684 -0.227394 0.056679 22 90 89
0.197833 -0.225911 0.064654 107 131 125
0.197978 -0.224888 0.075033 166 171 166
0.197931 -0.223787 0.085238 178 180 176
0.198984 -0.221867 0.091864 183 179 175
0.194507 -0.212694 0.058509 106 133 124
0.194587 -0.214512 0.065099 129 146 139
0.193982 -0.214361 0.076487 129 149 143
0.195403 -0.214859 0.086060 177 181 176
0.197895 -0.214679 0.093977 194 190 184
0.195171 -0.201236 0.045400 201 194 180
0.195067 -0.203829 0.066505 157 167 161
0.195776 -0.203926 0.074702 186 187 180
0.195419 -0.203944 0.085780 197 194 189
0.197181 -0.206773 0.092501 212 203 198
0.195012 -0.194185 0.046449 202 196 182
0.196189 -0.192716 0.055057 202 193 185
0.196832 -0.194974 0.064488 201 191 185
0.195035 -0.194304 0.075590 206 199 194
0.194179 -0.195580 0.083682 207 200 194
0.197899 -0.184444 0.047260 203 194 186
0.195938 -0.184714 0.054109 206 197 190
0.195950 -0.184887 0.065185 207 198 191
0.193634 -0.184711 0.075595 212 204 198
0.193521 -0.187051 0.081428 197 190 188
0.198670 -0.175316 0.047681 206 197 189
0.196336 -0.174767 0.054171 210 202 194
0.194594 -0.174223 0.065084 213 205 198
0.192590 -0.177465 0.072421 214 207 200
0.195212 -0.164684 -0.002714 4 106 96
0.194848 -0.164686 0.005562 14 86 73
0.194848 -0.164125 0.015185 50 98 86
0.194049 -0.164208 0.025518 120 157 144
0.194620 -0.163680 0.035583 196 213 200
0.196599 -0.165769 0.047219 212 206 197
0.196863 -0.165048 0.055089 213 203 197
0.194314 -0.167833 0.062277 215 206 199
0.194760 -0.153567 -0.014742 4 148 140
0.194225 -0.154800 0.025814 148 188 175
0.194354 -0.153996 0.036105 203 220 211
0.196737 -0.155780 0.045693 216 211 203
0.197207 -0.158014 0.052759 222 212 206
0.194841 -0.144973 -0.016802 4 152 144
0.193010 -0.143574 0.016152 100 173 166
0.195728 -0.145151 0.024971 180 217 210
0.197059 -0.147813 0.034504 219 232 225
0.194464 -0.134576 -0.015649 6 159 151
0.194253 -0.134467 -0.005046 24 160 152
0.196967 -0.136873 0.004055 56 148 138
0.199152 -0.125186 -0.020361 4 152 143
0.195840 -0.124927 -0.014516 8 163 154
0.199097 -0.116898 -0.020119 4 152 145
0.195527 -0.114651 -0.015197 8 163 156
0.197872 -0.103844 -0.020571 4 151 144
0.194799 -0.105206 -0.017111 8 162 154
0.196416 -0.094971 -0.020691 2 148 138
0.193744 -0.095547 -0.018100 6 159 151
0.196608 -0.084183 -0.021155 4 153 145
0.194452 -0.085649 -0.017238 29 155 150
0.194922 -0.083247 -0.005123 72 160 156
0.196920 -0.074007 -0.021344 2 153 147
0.192434 -0.075263 -0.017887 3 153 146
0.195589 -0.077137 -0.004298 70 158 152
0.195875 -0.076327 0.004459 94 160 156
0.197493 -0.065598 -0.021803 1 152 146
0.193696 -0.065161 -0.017694 3 153 146
0.198331 -0.056218 -0.021024 3 150 146
0.194486 -0.055879 -0.016945 4 152 147
0.198162 -0.045681 -0.020857 3 149 143
0.193705 -0.044742 -0.017354 4 152 145
0.192133 -0.041873 0.005015 65 144 142
0.197980 -0.042833 0.045817 156 168 166
0.195655 -0.035440 -0.016783 3 148 142
0.198085 -0.035168 -0.003080 39 135 130
0.197173 -0.035895 0.005850 105 153 151
0.196696 -0.035354 0.014438 108 154 152
0.196509 -0.033983 0.023671 104 150 150
0.195932 -0.034477 0.035125 76 128 129
0.197484 -0.035093 0.045974 135 151 149
0.196173 -0.033659 0.055325 142 158 155
0.195717 -0.032052 0.063394 142 158 158
0.195081 -0.024869 -0.014731 3 156 150
0.196260 -0.027188 0.015451 91 141 137
0.197119 -0.026948 0.024643 103 138 138
0.197370 -0.026335 0.035275 132 161 160
0.197602 -0.026113 0.044752 143 160 158
0.197585 -0.025760 0.054873 99 143 140
0.196881 -0.024997 0.065470 145 164 162
0.195923 -0.024937 0.074835 147 158 158
0.196202 -0.024005 0.084864 142 158 157
0.195157 -0.023924 0.094667 142 162 162
0.196632 -0.017899 -0.011661 2 140 132
0.194991 -0.014780 -0.005458 46 140 135
0.196598 -0.014726 0.004269 69 146 143
0.196550 -0.013200 0.016314 51 148 145
0.197690 -0.014803 0.025814 88 154 149
0.197286 -0.014135 0.035218 117 159 157
0.196640 -0.013440 0.044351 132 150 149
0.196896 -0.013995 0.053521 137 158 158
0.196928 -0.016053 0.062337 69 132 132
0.196401 -0.015058 0.075164 146 162 158
0.197112 -0.014741 0.085099 150 154 152
0.197395 -0.014753 0.095471 146 160 158
0.197105 -0.013832 0.103853 156 169 166
0.193448 -0.006113 -0.003711 6 142 136
0.194809 -0.004944 0.004196 10 148 141
0.196369 -0.007233 0.015114 55 155 149
0.196325 -0.005637 0.026306 100 154 150
0.196200 -0.005757 0.035006 139 163 160
0.194997 -0.005314 0.043675 146 158 156
0.194719 -0.004601 0.054975 135 152 151
0.195729 -0.003595 0.064936 101 138 137
0.196646 -0.002999 0.074349 94 141 140
0.196381 -0.004683 0.084187 108 141 138
0.196362 -0.005295 0.094704 154 160 157
0.196988 -0.007328 0.103773 149 159 156
0.195544 0.005067 0.005359 62 148 141
0.196657 0.005080 0.017417 146 178 174
0.196764 0.003763 0.024009 144 167 164
0.196156 0.005720 0.034544 114 147 145
0.192560 0.005456 0.045167 164 171 169
0.192701 0.005418 0.055191 162 168 166
0.192931 0.005702 0.064842 157 167 166
0.192972 0.005955 0.074441 152 164 163
0.194971 0.005138 0.083740 128 150 148
0.197590 0.003338 0.096004 162 166 164
0.197047 0.004890 0.105071 138 152 148
0.196925 0.006304 0.114753 131 160 158
0.194478 0.016228 -0.004236 18 139 133
0.194586 0.016604 0.006176 59 136 134
0.195759 0.015336 0.014835 77 142 141
0.195361 0.014886 0.024329 111 159 158
0.196350 0.013257 0.035173 119 151 147
0.194320 0.014473 0.045313 151 165 163
0.194380 0.014264 0.054481 168 173 170
0.192494 0.014650 0.063968 174 175 173
0.191343 0.010634 0.073910 178 183 180
0.192254 0.011533 0.086590 166 173 171
0.194783 0.014799 0.095242 154 161 159
0.198152 0.015269 0.106339 149 154 150
0.196258 0.013922 0.116470 162 174 170
0.197000 0.015334 0.121784 180 184 182
0.194328 0.023510 -0.003558 13 140 134
0.193189 0.024736 0.006173 91 152 150
0.195005 0.024655 0.014507 115 164 165
0.196565 0.024298 0.024706 136 161 162
0.194345 0.024238 0.034556 149 162 163
0.194740 0.022532 0.044938 172 180 176
0.194429 0.024372 0.055059 170 175 171
0.195414 0.027175 0.063391 145 156 155
0.195797 0.027673 0.076011 114 137 136
0.196810 0.025737 0.084639 90 132 132
0.194577 0.026313 0.094991 135 157 154
0.196549 0.023916 0.104698 124 149 146
0.196136 0.025062 0.115496 128 148 146
0.197470 0.024828 0.122982 159 166 164
0.192896 0.036514 -0.005492 22 120 114
0.193721 0.035639 0.005490 55 108 101
0.196366 0.036534 0.016347 121 156 153
0.194726 0.035139 0.024878 96 134 132
0.195573 0.034300 0.033996 107 147 143
0.196177 0.036152 0.044865 149 163 161
0.195169 0.034807 0.055644 156 165 163
0.196014 0.033532 0.065687 156 166 163
0.196559 0.033789 0.073840 150 161 159
0.195604 0.035909 0.085001 158 164 164
0.196048 0.034561 0.094148 164 168 167
0.192846 0.035059 0.105727 143 150 148
0.194736 0.035687 0.115303 150 159 155
0.197607 0.035502 0.122969 156 168 164
0.193765 0.047038 -0.011884 11 106 101
0.194029 0.045254 -0.005096 26 101 96
0.195652 0.044445 0.004788 71 125 117
0.194884 0.043950 0.014899 104 150 142
0.192397 0.046813 0.026747 123 163 158
0.194065 0.045399 0.035861 169 176 175
0.195686 0.042778 0.045433 167 173 173
0.195026 0.042504 0.052591 159 166 165
0.191789 0.045214 0.065482 170 171 171
0.195786 0.042615 0.075725 152 166 163
0.198249 0.043572 0.082012 103 146 144
0.197652 0.045588 0.105236 162 164 164
0.196544 0.046193 0.115253 169 170 168
0.196425 0.046233 0.125090 168 174 171
0.195948 0.046587 0.134395 155 170 166
0.196582 0.047726 0.142971 174 184 184
0.193130 0.057043 -0.003349 72 106 102
0.194100 0.054554 0.005412 85 122 119
0.193926 0.056473 0.013686 109 138 136
0.192279 0.056381 0.024067 163 167 165
0.195494 0.052478 0.034184 167 180 178
0.196784 0.055971 0.076053 168 169 166
0.197482 0.054513 0.095216 108 158 153
0.197487 0.054195 0.104582 168 172 170
0.196666 0.054043 0.114364 134 161 159
0.196056 0.053926 0.125258 143 164 161
0.196042 0.055722 0.134258 163 166 164
0.195617 0.055678 0.145263 192 192 190
0.198785 0.056201 0.151384 200 200 197
0.192753 0.067382 -0.003801 91 124 118
0.196460 0.063278 0.005592 97 133 129
0.194939 0.064381 0.013737 116 148 144
0.193504 0.063250 0.026150 87 127 123
0.194372 0.065298 0.033317 124 141 138
0.194742 0.065028 0.044750 144 155 150
0.194163 0.066298 0.055549 163 163 160
0.195205 0.066031 0.064963 144 152 149
0.193382 0.066996 0.075297 122 144 141
0.193788 0.065890 0.084617 96 130 126
0.196169 0.062771 0.094242 132 156 153
0.194815 0.065643 0.107374 140 158 156
0.196175 0.064481 0.114720 142 165 162
0.197866 0.066180 0.122960 142 150 148
0.193424 0.063269 0.135992 164 166 168
0.195027 0.064545 0.143684 189 188 188
0.198899 0.065885 0.150789 185 183 184
0.192926 0.076890 -0.013947 65 109 106
0.193672 0.076041 -0.005505 103 131 128
0.195756 0.076635 0.004936 144 152 151
0.194807 0.077642 0.013230 160 162 161
0.194223 0.076183 0.024113 164 164 160
0.195000 0.074875 0.035288 156 159 157
0.194390 0.074637 0.044029 158 162 160
0.194131 0.073553 0.053644 133 144 142
0.195365 0.075792 0.063249 130 146 143
0.194234 0.075413 0.075781 153 161 159
0.195890 0.075635 0.085408 152 159 157
0.195991 0.073967 0.095170 146 162 161
0.196406 0.073778 0.104193 145 163 164
0.195071 0.075369 0.115859 150 164 164
0.195911 0.076485 0.125212 170 173 171
0.194654 0.075282 0.135206 186 184 184
0.194929 0.072873 0.144713 193 188 189
0.198618 0.073014 0.151057 212 204 201
0.194495 0.084380 -0.013652 48 88 84
0.195817 0.085076 -0.005993 114 134 131
0.195408 0.082639 0.004007 152 158 156
0.197991 0.081381 0.012388 160 166 164
0.194723 0.085420 0.035218 144 151 149
0.194716 0.083777 0.044275 157 159 157
0.194632 0.082568 0.054623 160 161 159
0.194038 0.083840 0.066621 162 163 161
0.193826 0.083250 0.074900 163 164 162
0.195230 0.082478 0.084102 169 169 168
0.195752 0.083207 0.107308 120 147 145
0.193975 0.082920 0.115036 155 171 168
0.193785 0.084818 0.126778 184 184 182
0.194899 0.086275 0.135370 203 197 195
0.195925 0.082511 0.142475 222 213 207
0.194470 0.093619 -0.002997 142 144 140
0.192191 0.096933 0.005385 161 158 154
0.194226 0.097756 0.013334 174 171 165
0.194737 0.095942 0.025532 169 169 164
0.195619 0.093784 0.033592 166 164 160
0.196416 0.092299 0.114914 152 152 152
0.192336 0.094131 0.127496 196 191 189
0.196117 0.095248 0.134732 189 183 183
0.196281 0.105440 -0.002972 158 150 146
0.193941 0.106713 0.005681 159 154 148
0.193751 0.105301 0.013412 180 174 167
0.194534 0.104571 0.023163 183 178 174
0.195850 0.108935 0.108285 190 188 184
0.196368 0.105783 0.116393 196 190 185
0.194433 0.104875 0.126596 200 193 189
0.195403 0.103569 0.134859 213 204 200
0.198570 0.103253 0.141050 210 202 196
0.196654 0.117929 -0.005471 206 201 198
0.195342 0.114555 0.005409 195 189 182
0.195495 0.116348 0.044811 94 124 122
0.198407 0.114288 0.053060 92 130 128
0.197072 0.115213 0.096953 165 171 165
0.194204 0.112998 0.105051 163 161 155
0.195917 0.115361 0.115085 184 180 176
0.194272 0.117952 0.126177 213 205 202
0.195469 0.113220 0.134014 224 214 210
0.195828 0.126228 -0.012940 106 117 113
0.195393 0.126217 -0.004494 159 160 154
0.193974 0.126420 0.003739 126 146 142
0.193868 0.125121 0.013945 106 134 130
0.194728 0.124088 0.023278 73 120 115
0.196159 0.126348 0.037201 161 157 155
0.196015 0.124808 0.043691 162 159 156
0.196067 0.125518 0.054732 172 172 169
0.197481 0.123747 0.062348 158 156 153
0.196988 0.124817 0.084736 184 179 174
0.193652 0.125456 0.107065 141 162 161
0.192124 0.124559 0.116738 179 183 184
0.194652 0.125347 0.124175 207 199 198
0.198106 0.126436 0.131404 203 196 194
0.195936 0.132928 -0.015014 100 122 118
0.196289 0.132818 -0.003447 103 118 113
0.195617 0.133423 0.003056 88 111 106
0.195541 0.135517 0.035383 181 175 171
0.196237 0.132070 0.044920 185 179 174
0.197949 0.135456 0.093224 152 149 143
0.193371 0.137261 0.117722 188 186 186
0.194515 0.135809 0.126078 198 190 190
0.198483 0.135026 0.131881 201 193 193
0.194577 0.144801 0.007178 129 133 128
0.195704 0.144302 0.015890 150 150 144
0.194786 0.143619 0.024970 139 142 138
0.196034 0.142742 0.032601 119 128 124
0.193554 0.141166 0.084223 158 158 155
0.195557 0.145226 0.105907 143 170 168
0.193180 0.140766 0.116637 142 156 158
0.195282 0.144400 0.125162 208 198 196
0.195854 0.154742 0.004804 174 167 160
0.193695 0.156030 0.015960 180 173 168
0.193958 0.153119 0.023468 170 164 158
0.193244 0.155394 0.033955 172 164 160
0.191338 0.155762 0.041099 174 166 162
0.194844 0.155383 0.097372 177 175 175
0.194461 0.156199 0.105625 201 194 192
0.195444 0.155856 0.114676 210 200 197
0.196904 0.154718 0.123970 224 213 208
0.199865 0.151831 0.130277 226 214 209
0.195401 0.165405 -0.011695 171 161 156
0.196313 0.165289 -0.004391 169 159 154
0.195293 0.165271 0.004052 169 160 155
0.194532 0.164771 0.013090 169 157 148
0.193354 0.161444 0.036266 114 120 117
0.194764 0.166795 0.087837 187 178 171
0.193844 0.164357 0.095142 188 180 175
0.193095 0.165949 0.106845 204 194 190
0.196440 0.164265 0.113473 212 201 198
0.198660 0.162364 0.121644 222 210 206
0.196311 0.172968 -0.014009 150 136 130
0.195558 0.176572 -0.004792 162 146 137
0.194447 0.176046 0.004772 160 146 138
0.194161 0.175695 0.016031 163 150 144
0.192169 0.175429 0.024727 184 172 167
0.192184 0.178517 0.036763 178 170 166
0.192948 0.176946 0.042804 180 172 169
0.195184 0.177138 0.068085 181 175 172
0.194602 0.174792 0.075725 192 185 183
0.196713 0.173065 0.083175 189 181 178
0.194158 0.177303 0.095854 207 197 195
0.193972 0.173544 0.104144 208 196 190
0.198380 0.172935 0.113214 228 215 212
0.196623 0.183339 -0.005865 172 156 146
0.193236 0.183190 0.015303 184 171 165
0.193568 0.182691 0.024645 187 174 170
0.193312 0.183369 0.035117 150 142 137
0.192609 0.184197 0.045317 178 168 163
0.194504 0.185672 0.054500 191 182 177
0.194245 0.185804 0.063714 190 181 177
0.193227 0.184957 0.074185 169 161 159
0.194201 0.187505 0.086052 187 176 175
0.196991 0.186351 0.093623 191 180 179
0.196546 0.185091 0.105158 228 216 211
0.195000 0.196256 0.014609 174 160 152
0.194686 0.196512 0.025751 178 167 160
0.193365 0.195355 0.032703 185 175 168
0.195970 0.191460 0.042573 200 190 182
0.194523 0.195249 0.052952 190 178 173
0.194303 0.195153 0.085167 194 182 177
0.197883 0.193120 0.093367 192 182 178
0.196167 0.207599 -0.004072 144 132 128
0.196276 0.205502 0.005631 137 126 124
0.197389 0.204362 0.015774 169 157 153
0.195491 0.203708 0.023625 170 158 152
0.193731 0.202785 0.033082 180 166 160
0.192981 0.205472 0.045644 197 184 181
0.193505 0.204043 0.053946 172 160 156
0.193463 0.207785 0.065397 176 164 154
0.195741 0.206691 0.075479 196 188 182
0.197702 0.203447 0.083846 200 192 186
0.197253 0.214244 0.006965 166 152 145
0.197346 0.213118 0.014617 152 136 130
0.197966 0.215206 0.026655 185 169 163
0.193565 0.215261 0.043807 179 166 158
0.192766 0.215698 0.056292 174 168 158
0.194083 0.214376 0.064640 186 183 174
0.195727 0.213188 0.072503 198 194 188
0.192746 0.224919 -0.003079 163 150 146
0.194413 0.227266 0.003215 164 154 151
0.198900 0.226247 0.012127 164 154 152
0.197204 0.223039 0.034918 184 172 164
0.194103 0.222818 0.054190 155 182 171
0.193940 0.233314 0.006004 164 157 152
0.192962 0.234268 0.012486 164 158 154
0.197686 0.237476 0.026425 168 164 158
0.197903 0.236818 0.033548 162 178 173
0.193317 0.246146 -0.004123 86 138 136
0.195771 0.245682 0.004644 122 152 150
0.196573 0.247163 0.014917 88 131 130
0.196201 0.244363 0.026675 135 155 151
0.195966 0.245015 0.034447 162 181 177
0.197683 0.247094 0.041699 194 196 194
0.194996 0.254869 0.006578 180 184 184
0.195843 0.256444 0.016524 172 176 172
0.194743 0.255774 0.025828 178 179 176
0.194090 0.254047 0.035256 193 193 191
0.196865 0.254206 0.040636 218 216 214
0.193682 0.267043 -0.012781 60 180 174
0.195092 0.264324 -0.006409 134 190 186
0.194665 0.262598 0.004564 113 182 175
0.193029 0.261457 0.012835 155 168 164
0.193059 0.276530 -0.018158 8 155 152
0.193361 0.285775 -0.017969 8 155 152
0.193965 0.295154 -0.016675 9 161 156
0.195475 0.306243 -0.021134 4 150 147
0.194476 0.304489 -0.017070 10 174 170
0.195645 0.313763 -0.020904 5 151 150
0.194830 0.315256 -0.017647 10 175 170
0.194223 0.324822 -0.020535 7 155 152
0.197139 0.324133 -0.018422 9 162 158
0.194952 0.335456 -0.020836 8 156 154
0.195438 0.333546 -0.017592 15 180 174
0.195104 0.343802 -0.020723 8 156 154
0.194872 0.347158 -0.018061 9 162 158
0.194699 0.354933 -0.020406 8 154 152
0.195264 0.355303 -0.017528 9 161 158
0.195000 0.364960 -0.016018 9 163 161
0.194956 0.374973 -0.015022 9 165 162
0.194839 0.384112 -0.015083 6 160 156
0.193548 0.395460 -0.021533 7 154 154
0.195029 0.394861 -0.014713 6 164 160
0.194944 0.404654 -0.024642 33 142 141
0.196368 0.414010 -0.043558 95 102 102
0.201754 -0.575335 -0.071637 113 128 126
0.206175 -0.575061 -0.067071 51 130 123
0.204692 -0.565510 -0.063272 6 127 116
0.207545 -0.561710 -0.058832 2 130 118
0.201229 -0.556623 -0.060837 0 122 114
0.205819 -0.554597 -0.057037 0 127 117
0.205144 -0.545043 -0.054459 0 126 116
0.203755 -0.535722 -0.052029 0 126 118
0.207224 -0.532913 -0.049155 0 131 122
0.201002 -0.526895 -0.050969 0 127 118
0.205959 -0.524723 -0.047787 0 132 122
0.205047 -0.514780 -0.046216 0 131 122
0.205184 -0.505161 -0.045536 0 130 120
0.204974 -0.495104 -0.043730 0 132 122
0.204943 -0.485033 -0.042050 0 134 126
0.204317 -0.475579 -0.040785 0 134 126
0.206983 -0.472343 -0.039316 0 135 126
0.203157 -0.467494 -0.040291 0 136 126
0.205368 -0.464442 -0.038521 0 136 126
0.204773 -0.455267 -0.037477 1 138 127
0.205025 -0.444968 -0.035776 1 140 128
0.205022 -0.435085 -0.033327 2 141 130
0.205908 -0.426650 -0.031335 2 144 132
0.203999 -0.421946 -0.029371 3 144 132
0.209448 -0.414634 -0.030661 2 143 132
0.204746 -0.414819 -0.027706 3 144 134
0.204921 -0.404877 -0.026486 4 143 135
0.205005 -0.395144 -0.026001 6 144 137
0.205089 -0.385374 -0.023757 2 144 136
0.206083 -0.375920 -0.021437 4 145 138
0.202619 -0.372270 -0.019050 4 147 138
0.208586 -0.368199 -0.020744 4 144 138
0.204382 -0.364507 -0.018444 6 147 140
0.205051 -0.354964 -0.017968 4 145 138
0.204968 -0.344946 -0.016402 1 141 134
0.205040 -0.334997 -0.014819 2 141 134
0.205229 -0.324230 -0.014369 2 143 132
0.204711 -0.315217 -0.012934 1 142 131
0.204192 -0.306330 -0.011733 1 140 131
0.203997 -0.304682 -0.008806 2 138 126
0.205010 -0.294975 -0.011597 0 128 122
0.202048 -0.293024 -0.007444 2 135 123
0.205480 -0.286881 -0.011034 0 122 116
0.203420 -0.284298 -0.006438 1 129 121
0.205760 -0.274512 -0.010313 0 109 108
0.203968 -0.276639 -0.008832 0 112 110
0.204193 -0.264003 -0.012246 0 102 102
0.203467 -0.256342 -0.013294 2 87 86
0.207050 -0.252745 -0.008148 2 80 80
0.203520 -0.246394 -0.004854 2 80 80
0.205402 -0.244338 0.004312 2 80 79
0.206933 -0.243023 0.013074 2 78 76
0.202616 -0.238469 0.014710 2 82 80
0.207848 -0.235219 0.047206 16 64 64
0.207660 -0.232119 0.056709 120 134 130
0.207006 -0.232569 0.065127 168 169 163
0.205528 -0.225113 0.048481 113 126 118
0.205634 -0.226076 0.055938 161 166 159
0.204358 -0.226405 0.066011 159 162 156
0.204910 -0.224398 0.074507 189 180 177
0.201322 -0.222524 0.085414 198 190 186
0.200962 -0.221585 0.091793 197 192 186
0.206767 -0.213259 0.056256 210 198 190
0.205359 -0.215201 0.064714 202 191 184
0.203660 -0.215707 0.074059 196 184 180
0.202447 -0.215267 0.085358 202 191 187
0.201679 -0.215155 0.095462 202 193 190
0.206102 -0.202793 0.035579 212 202 188
0.207877 -0.202762 0.047308 204 192 186
0.205055 -0.205534 0.054033 202 192 184
0.203137 -0.205949 0.064521 199 188 183
0.201025 -0.206853 0.073966 202 190 186
0.201084 -0.206695 0.085108 210 199 196
0.200844 -0.207824 0.093744 210 200 197
0.207610 -0.193095 0.036923 214 203 193
0.206262 -0.194643 0.045137 204 192 185
0.202986 -0.195891 0.053892 202 190 186
0.200606 -0.198628 0.061333 198 187 184
0.206238 -0.184566 0.036613 212 201 190
0.203460 -0.185421 0.043646 203 190 183
0.207032 -0.174200 0.037926 209 197 187
0.202378 -0.174271 0.042633 206 196 186
0.207778 -0.165808 0.038351 212 200 191
0.203351 -0.164828 0.043724 211 202 192
0.200359 -0.163059 0.051026 213 203 196
0.202941 -0.154137 -0.016879 4 143 133
0.205844 -0.155234 0.015758 114 150 134
0.205246 -0.154650 0.025478 200 216 199
0.207462 -0.156526 0.037141 221 211 200
0.204878 -0.155907 0.044191 215 204 196
0.200792 -0.158108 0.051412 222 212 206
0.205971 -0.144505 -0.022140 3 149 142
0.202066 -0.143895 -0.019199 2 151 142
0.205222 -0.145066 0.015644 154 191 176
0.205717 -0.144099 0.026805 218 231 219
0.206949 -0.146159 0.034527 220 215 205
0.206201 -0.148292 0.042444 228 220 212
0.205887 -0.135115 -0.022146 2 148 140
0.202158 -0.134709 -0.016925 7 156 148
0.203070 -0.131718 -0.003735 45 158 148
0.204710 -0.134194 0.004495 127 187 177
0.205241 -0.136892 0.014239 194 228 217
0.207212 -0.139035 0.023262 231 238 230
0.205343 -0.124923 -0.022079 4 152 142
0.202879 -0.124285 -0.016967 8 162 155
0.206297 -0.114066 -0.021508 8 161 153
0.202733 -0.116230 -0.018294 8 163 156
0.205448 -0.104654 -0.021470 9 162 153
0.202552 -0.106248 -0.019330 8 164 156
0.206353 -0.094523 -0.021720 10 165 157
0.202558 -0.093928 -0.019255 8 161 153
0.205526 -0.084932 -0.021805 9 162 155
0.202605 -0.085959 -0.017315 47 167 162
0.204763 -0.075378 -0.021360 7 160 153
0.207151 -0.074458 -0.017398 40 161 156
0.203925 -0.065534 -0.020778 6 158 151
0.206199 -0.063992 -0.019383 10 163 156
0.204013 -0.064384 0.047002 116 156 156
0.203071 -0.055056 -0.021563 4 152 146
0.205535 -0.054656 -0.018495 7 157 150
0.202440 -0.055882 0.016848 68 155 154
0.202318 -0.054265 0.025082 68 156 152
0.202613 -0.052909 0.034941 68 154 151
0.203101 -0.052361 0.044009 90 154 152
0.205110 -0.055811 0.056500 88 152 148
0.204559 -0.052966 0.063349 134 156 156
0.205683 -0.045143 -0.021633 3 148 142
0.205663 -0.045399 -0.018581 5 150 145
0.204409 -0.046022 0.036000 86 162 158
0.203838 -0.044005 0.045637 100 160 158
0.203221 -0.042875 0.054702 130 154 157
0.205400 -0.046179 0.065458 122 156 154
0.206338 -0.036679 -0.020774 1 143 138
0.204067 -0.034663 -0.018872 0 142 137
0.201912 -0.031560 -0.004277 12 123 117
0.201522 -0.031793 0.004925 87 141 139
0.201580 -0.032541 0.015060 144 165 163
0.202607 -0.032306 0.024180 152 167 165
0.203814 -0.034313 0.035146 124 158 156
0.203969 -0.035462 0.046138 165 179 176
0.203040 -0.035202 0.052897 162 174 173
0.208431 -0.028062 -0.020570 1 132 128
0.206379 -0.024877 -0.015471 2 129 124
0.206113 -0.024229 -0.006923 5 118 112
0.204114 -0.026514 0.006498 64 122 119
0.205462 -0.024701 0.015052 139 169 166
0.206573 -0.024524 0.024890 151 167 165
0.206899 -0.024555 0.034430 148 164 162
0.205877 -0.023097 0.043945 170 182 180
0.203845 -0.024108 0.054522 166 178 176
0.204717 -0.023580 0.064726 130 144 136
0.203863 -0.024956 0.075779 104 128 124
0.206958 -0.016397 -0.012863 4 120 115
0.204279 -0.013812 -0.004852 48 130 126
0.205022 -0.013050 0.005601 93 140 135
0.205599 -0.014433 0.014938 149 176 171
0.204957 -0.014743 0.025373 143 168 164
0.203104 -0.014871 0.034402 155 171 167
0.204010 -0.016196 0.044482 160 176 174
0.202671 -0.016177 0.054279 165 177 176
0.204560 -0.015877 0.066090 137 155 153
0.205148 -0.016673 0.073303 128 154 148
0.207236 -0.004948 -0.012536 3 110 107
0.206335 -0.006708 -0.004735 57 131 124
0.206621 -0.006557 0.005149 114 154 150
0.205430 -0.004835 0.015131 142 167 163
0.205334 -0.005377 0.024943 169 179 176
0.204269 -0.006567 0.033301 177 182 178
0.203516 -0.006581 0.057018 146 154 157
0.205086 -0.002884 0.064604 146 159 158
0.206537 -0.002255 0.075209 129 139 139
0.206444 -0.002163 0.084828 150 159 156
0.205087 -0.000760 0.091433 151 158 155
0.207815 0.002510 -0.013363 4 106 104
0.206390 0.004787 -0.005571 32 117 113
0.206718 0.006095 0.006251 146 166 162
0.205461 0.005018 0.015300 151 170 165
0.204036 0.005200 0.024679 153 173 170
0.204568 0.005839 0.034686 133 154 154
0.204791 0.005546 0.044223 143 153 153
0.205435 0.004549 0.054649 147 155 156
0.204937 0.003070 0.065269 143 151 151
0.207109 0.001790 0.074673 156 167 166
0.207410 0.002863 0.085799 158 168 167
0.207208 0.003971 0.092567 162 174 172
0.207561 0.015398 -0.013604 44 126 122
0.205605 0.014059 -0.005389 85 142 138
0.205281 0.013396 0.004174 135 172 167
0.204862 0.013698 0.016198 114 155 152
0.204419 0.013664 0.026036 161 175 172
0.205259 0.014145 0.033913 163 178 174
0.204522 0.014973 0.044496 112 146 141
0.205587 0.013138 0.054255 120 150 149
0.204595 0.018357 0.063493 142 168 168
0.202471 0.014478 0.088163 152 162 159
0.203850 0.016379 0.097216 155 164 162
0.203225 0.016419 0.105825 150 158 154
0.202806 0.016881 0.112769 153 158 155
0.207018 0.024144 -0.013307 18 108 104
0.204569 0.025624 -0.005623 76 138 132
0.202209 0.026724 0.007503 114 146 143
0.203341 0.026744 0.014481 172 180 178
0.205071 0.025252 0.024452 173 178 177
0.207031 0.022613 0.032915 148 162 162
0.205315 0.024503 0.045798 101 142 139
0.205468 0.025663 0.055608 110 150 146
0.205274 0.025589 0.063320 140 162 160
0.201533 0.026438 0.085613 109 122 120
0.202526 0.024475 0.094770 123 135 134
0.202594 0.023506 0.106561 131 148 146
0.202702 0.024869 0.115713 118 144 142
0.202062 0.027068 0.123652 157 165 162
0.209506 0.033708 -0.012474 80 139 138
0.206699 0.034799 -0.005228 92 148 142
0.204650 0.035998 0.005790 126 157 149
0.204158 0.033714 0.013733 142 162 158
0.203918 0.031967 0.025824 146 154 154
0.205374 0.034649 0.035563 150 157 158
0.204850 0.035976 0.045066 157 163 162
0.206137 0.035899 0.055795 162 170 168
0.207041 0.036908 0.062926 172 176 173
0.202196 0.034672 0.072321 192 194 189
0.201294 0.033704 0.086412 96 107 105
0.203426 0.033539 0.095197 169 174 172
0.204733 0.033284 0.103353 170 170 170
0.201015 0.031345 0.117691 175 178 177
0.201616 0.032415 0.124857 168 172 170
0.206307 0.044254 -0.003393 91 140 131
0.204878 0.044729 0.004477 119 152 143
0.202776 0.045119 0.014063 157 164 158
0.205542 0.046564 0.024453 176 177 175
0.205985 0.045343 0.035051 171 171 170
0.204840 0.043679 0.045652 175 177 173
0.205978 0.042901 0.054545 150 160 158
0.207728 0.043042 0.063767 162 168 166
0.205406 0.046524 0.074526 166 169 168
0.203519 0.046646 0.084065 146 156 154
0.203954 0.046825 0.093908 111 148 146
0.203434 0.046894 0.116244 168 169 166
0.204146 0.045479 0.123782 189 187 184
0.202360 0.043492 0.134060 180 182 179
0.203678 0.054425 -0.011497 24 98 93
0.204693 0.054205 -0.005588 54 112 107
0.204375 0.054159 0.005902 124 143 138
0.204394 0.056503 0.014960 146 158 153
0.206046 0.054306 0.024656 163 165 164
0.206466 0.053051 0.034378 166 168 168
0.206956 0.055631 0.076620 175 175 174
0.204945 0.054253 0.084159 173 175 173
0.204688 0.055406 0.094987 165 180 176
0.203059 0.055920 0.104686 148 174 169
0.203458 0.052935 0.114059 198 196 193
0.207844 0.063310 -0.013673 96 129 126
0.205976 0.064442 -0.004918 86 119 117
0.204805 0.066199 0.005316 134 150 147
0.205596 0.063762 0.014004 121 142 140
0.205777 0.063325 0.022897 113 141 139
0.205444 0.068238 0.037774 12 90 86
0.205875 0.068738 0.041961 48 102 98
0.201803 0.068295 0.054588 162 162 160
0.206861 0.066090 0.064232 182 180 178
0.208287 0.062968 0.073195 189 187 185
0.202913 0.063849 0.095988 187 189 187
0.203561 0.063534 0.105416 180 186 184
0.201908 0.063057 0.114254 143 167 165
0.201536 0.065415 0.123734 151 156 156
0.201910 0.067228 0.137170 177 176 173
0.201268 0.068102 0.146282 190 186 184
0.202383 0.067875 0.152221 177 174 174
0.205030 0.075054 -0.020574 134 140 138
0.205638 0.075563 -0.014663 148 148 144
0.205072 0.076995 -0.003940 134 142 140
0.205086 0.074978 0.004215 157 160 159
0.205468 0.075900 0.013919 153 158 158
0.205489 0.077681 0.025823 156 165 162
0.207503 0.077821 0.035649 143 150 148
0.205817 0.075858 0.045139 129 146 143
0.205062 0.074824 0.054589 139 153 150
0.205356 0.071843 0.062921 186 184 182
0.201056 0.075933 0.076201 198 199 194
0.203675 0.077274 0.117201 143 154 152
0.202967 0.077055 0.124290 165 171 167
0.202658 0.074951 0.134950 177 176 172
0.202470 0.072360 0.145417 191 185 184
0.202337 0.072390 0.152587 210 202 198
0.205945 0.084922 -0.012446 97 116 111
0.204345 0.084912 -0.005227 117 127 122
0.204026 0.085242 0.003228 139 145 141
0.203412 0.084301 0.015721 169 170 167
0.205995 0.083445 0.025714 162 160 157
0.206564 0.085007 0.034930 169 168 165
0.205161 0.083579 0.043983 162 164 162
0.205140 0.082994 0.052493 144 148 146
0.209273 0.085392 0.062551 77 120 118
0.207289 0.085615 0.094641 152 155 150
0.203432 0.085020 0.116470 181 180 178
0.203899 0.084719 0.126434 184 182 179
0.203334 0.084843 0.135179 197 194 191
0.203027 0.084006 0.142613 219 214 209
0.206382 0.093730 -0.023403 83 104 102
0.204345 0.092787 -0.013641 31 75 70
0.205468 0.092378 -0.005830 117 133 126
0.206525 0.093175 0.005104 123 134 127
0.204667 0.096719 0.016357 169 167 163
0.205194 0.095048 0.024805 171 169 166
0.203126 0.093316 0.034551 173 170 167
0.204695 0.096515 0.106506 146 166 163
0.203405 0.094369 0.116605 169 173 170
0.203448 0.092695 0.124516 178 174 171
0.202845 0.093618 0.136064 183 179 176
0.204134 0.096420 0.141611 197 190 187
0.204912 0.107079 -0.002265 157 153 148
0.205728 0.105674 0.004485 165 159 155
0.206199 0.105034 0.014610 172 167 162
0.205695 0.103530 0.022301 172 168 164
0.204408 0.105059 0.066463 174 172 167
0.207078 0.107632 0.077613 152 156 152
0.205105 0.105971 0.085802 167 170 167
0.204367 0.104086 0.094413 170 172 168
0.204980 0.104238 0.105065 185 182 178
0.204624 0.105391 0.115311 188 183 176
0.204302 0.105144 0.125908 190 184 176
0.204804 0.103209 0.135825 210 202 196
0.205295 0.103480 0.143841 219 210 204
0.207038 0.114931 -0.004912 165 163 159
0.206180 0.113937 0.003886 167 163 158
0.207790 0.112606 0.012534 174 169 166
0.208063 0.113929 0.023584 134 137 134
0.204137 0.116986 0.043929 57 96 89
0.205440 0.118012 0.055650 124 146 141
0.204581 0.116058 0.064562 115 146 143
0.204018 0.114697 0.074696 119 149 148
0.204572 0.113431 0.082556 119 149 148
0.204816 0.116711 0.095832 122 151 149
0.205215 0.114535 0.104173 133 154 149
0.203239 0.112735 0.116124 164 158 150
0.204522 0.115385 0.125416 195 186 181
0.206184 0.116612 0.135045 223 216 211
0.206254 0.112041 0.142338 234 223 216
0.205093 0.126306 -0.013395 162 155 151
0.205999 0.125064 -0.004652 194 186 180
0.206129 0.122786 0.003444 180 174 169
0.207464 0.122246 0.012895 156 152 150
0.206959 0.125760 0.026121 140 138 132
0.205719 0.126534 0.036162 167 162 157
0.205503 0.126321 0.045293 178 173 166
0.204819 0.124182 0.054398 169 166 163
0.201677 0.122052 0.062233 160 163 161
0.204576 0.125730 0.087379 152 160 160
0.206821 0.124633 0.095037 158 167 164
0.209539 0.126611 0.105824 157 174 170
0.207082 0.125770 0.116295 184 183 179
0.205590 0.124064 0.125980 204 196 192
0.205870 0.125379 0.134896 206 201 196
0.208970 0.128585 0.141129 200 194 194
0.206649 0.137085 -0.022320 171 163 156
0.204802 0.133987 -0.015745 158 150 146
0.205082 0.135458 -0.004951 175 165 158
0.203696 0.136098 0.003776 183 174 168
0.206082 0.134788 0.013004 169 157 150
0.204914 0.134451 0.035964 180 173 167
0.205904 0.134554 0.042854 186 181 176
0.203472 0.134688 0.076969 162 159 158
0.206703 0.134886 0.084647 178 173 169
0.207094 0.135471 0.095715 129 143 141
0.208764 0.135180 0.103685 146 148 145
0.204321 0.137196 0.116891 200 197 194
0.203782 0.135443 0.125944 201 196 192
0.204486 0.135087 0.135857 201 194 194
0.208171 0.134351 0.141226 209 201 201
0.202801 0.144545 0.007017 174 165 156
0.205915 0.148329 0.014605 167 159 154
0.203991 0.142402 0.023668 179 173 165
0.205078 0.142791 0.033416 180 171 164
0.204998 0.148080 0.068123 188 178 173
0.206751 0.145824 0.075406 188 178 174
0.207329 0.144017 0.084728 194 185 179
0.204220 0.146132 0.097729 144 139 137
0.205152 0.144379 0.104609 187 186 182
0.204263 0.143562 0.113930 206 201 197
0.203120 0.148845 0.127626 226 214 209
0.205805 0.146680 0.136484 229 217 212
0.208791 0.145722 0.140845 231 220 216
0.206817 0.158497 -0.013019 173 166 160
0.205703 0.157888 -0.006237 173 164 159
0.205726 0.155399 0.004789 168 160 153
0.207570 0.152331 0.013002 171 162 156
0.203947 0.156800 0.024358 164 153 146
0.205921 0.154834 0.065187 188 178 174
0.207724 0.151488 0.071285 188 178 172
0.203684 0.152620 0.096439 162 156 154
0.202505 0.154360 0.106300 193 184 179
0.204768 0.154957 0.115881 199 191 186
0.206338 0.154621 0.123868 211 202 197
0.205531 0.152972 0.133848 225 216 209
0.205851 0.164722 -0.014125 155 144 137
0.204184 0.165723 -0.005499 170 160 153
0.201863 0.165265 0.002833 168 156 148
0.202846 0.164859 0.015359 169 158 151
0.204970 0.163695 0.023436 182 170 162
0.205628 0.164388 0.054494 192 183 177
0.207029 0.164310 0.063364 190 183 178
0.206514 0.167635 0.076971 196 192 188
0.203366 0.167010 0.086836 210 200 195
0.205616 0.163814 0.092890 198 188 184
0.203607 0.165421 0.106255 196 187 184
0.203823 0.164522 0.117410 210 201 196
0.206822 0.164309 0.122852 218 208 204
0.205987 0.172996 -0.013601 155 140 132
0.205589 0.174485 -0.005841 170 156 144
0.204539 0.174260 0.002545 173 157 146
0.206322 0.174169 0.013012 186 172 160
0.207228 0.177804 0.037291 186 176 170
0.206128 0.175035 0.044025 188 178 172
0.207011 0.173543 0.052503 188 180 175
0.203301 0.174755 0.075601 210 202 196
0.204378 0.171995 0.084240 196 190 186
0.205812 0.178401 0.104330 219 206 204
0.203268 0.174291 0.116650 236 223 218
0.205469 0.171304 0.121628 237 222 218
0.203651 0.181647 -0.005550 181 164 153
0.205002 0.183540 0.004148 177 163 154
0.205750 0.186570 0.014711 179 167 160
0.206952 0.186820 0.026200 188 178 172
0.205796 0.183761 0.034277 184 174 167
0.205546 0.182691 0.042730 185 178 172
0.201497 0.181497 0.053373 196 190 185
0.204765 0.183310 0.063104 182 176 172
0.204943 0.184493 0.075160 187 180 178
0.201570 0.186190 0.087247 172 163 164
0.203118 0.184712 0.097006 201 189 186
0.206093 0.186101 0.104980 203 191 188
0.207502 0.184577 0.111229 210 196 193
0.205752 0.196735 0.008122 168 157 151
0.205324 0.195518 0.014702 167 156 150
0.205334 0.195217 0.025558 164 155 150
0.206107 0.194416 0.031921 177 168 162
0.203914 0.198071 0.087921 184 170 169
0.203868 0.195931 0.095946 204 194 191
0.206784 0.193551 0.103214 209 201 197
0.205357 0.204992 0.006108 174 164 158
0.202586 0.205303 0.015160 171 159 152
0.204393 0.206385 0.024754 155 143 136
0.206869 0.205326 0.033503 176 164 157
0.205864 0.208077 0.044622 170 162 158
0.202524 0.206362 0.077522 202 207 198
0.202580 0.202443 0.085573 204 198 192
0.205135 0.218344 -0.003009 177 166 160
0.204660 0.216555 0.006302 185 174 168
0.203836 0.213677 0.015329 157 144 138
0.205384 0.214680 0.023825 170 158 153
0.205666 0.214575 0.032851 188 179 176
0.202260 0.215265 0.046797 187 176 168
0.203086 0.214890 0.052571 154 181 172
0.205588 0.221460 -0.002668 176 164 157
0.206092 0.224557 0.005974 191 180 176
0.205414 0.224836 0.014437 162 151 146
0.205119 0.225350 0.023208 179 167 163
0.205452 0.223656 0.034572 180 168 162
0.203815 0.225848 0.054703 57 174 164
0.206127 0.231510 0.015044 171 160 155
0.205871 0.236609 0.024627 160 153 148
0.204607 0.235368 0.035006 145 170 166
0.206676 0.235542 0.045105 90 172 165
0.207942 0.235637 0.051484 116 174 168
0.205170 0.242098 0.006052 146 147 142
0.204697 0.243297 0.014642 139 146 142
0.205046 0.244160 0.025457 133 145 138
0.205053 0.244094 0.034683 135 165 160
0.205074 0.244956 0.045579 187 186 186
0.208874 0.243910 0.051141 190 188 188
0.204945 0.259480 -0.001227 212 202 200
0.205991 0.258582 0.003362 208 205 198
0.202729 0.258114 0.016155 177 175 170
0.203938 0.256362 0.025708 174 174 170
0.204419 0.254156 0.036002 189 186 182
0.204656 0.252984 0.043727 211 208 204
0.204229 0.266943 -0.012536 90 174 172
0.204271 0.264044 -0.006567 140 190 184
0.203417 0.287409 -0.018535 7 155 152
0.206160 0.296909 -0.020964 4 150 148
0.203775 0.294621 -0.017099 10 159 156
0.204995 0.304717 -0.021592 4 147 145
0.204520 0.305309 -0.017430 10 173 168
0.205291 0.314926 -0.021174 5 150 147
0.203249 0.315793 -0.018016 10 174 169
0.205691 0.324913 -0.021050 7 154 151
0.202958 0.324034 -0.018582 9 162 158
0.205028 0.335046 -0.021036 8 154 153
0.205320 0.335995 -0.017801 15 180 174
0.205365 0.344887 -0.020639 8 153 152
0.204252 0.345674 -0.018068 10 162 157
0.203428 0.351239 -0.020291 8 153 152
0.205128 0.355263 -0.017181 9 162 158
0.205001 0.364961 -0.015176 10 165 161
0.204951 0.374967 -0.014436 9 165 161
0.205246 0.383687 -0.014930 6 159 155
0.204028 0.397119 -0.021227 6 153 152
0.203539 0.396878 -0.014210 6 163 159
0.204657 0.403904 -0.024158 26 143 142
0.206379 0.413704 -0.042368 114 112 116
0.205476 0.411035 -0.036127 92 96 98
0.214796 -0.573782 -0.064036 15 134 125
0.215313 -0.568280 -0.061598 4 136 126
0.214887 -0.563617 -0.057790 4 136 124
0.215210 -0.554955 -0.054533 2 134 123
0.215058 -0.544999 -0.052110 1 134 122
0.215919 -0.537631 -0.051114 0 134 122
0.214309 -0.532822 -0.048866 1 134 123
0.215128 -0.524890 -0.046970 0 134 124
0.214983 -0.514957 -0.045807 0 132 124
0.215009 -0.505164 -0.045151 0 133 124
0.215176 -0.494870 -0.043800 1 134 124
0.215180 -0.485132 -0.043997 2 134 125
0.215943 -0.475478 -0.042705 0 134 124
0.217177 -0.465096 -0.042002 2 136 126
0.213049 -0.463345 -0.038987 2 138 128
0.216979 -0.454659 -0.042018 1 136 126
0.212409 -0.456384 -0.038921 2 137 128
0.217568 -0.445015 -0.042177 1 136 127
0.212817 -0.444283 -0.037892 1 138 130
0.218182 -0.437005 -0.041818 0 138 128
0.213496 -0.434737 -0.036958 1 140 130
0.214738 -0.424828 -0.035297 2 142 131
0.215393 -0.414926 -0.034006 2 142 131
0.216529 -0.405189 -0.033229 3 143 134
0.211758 -0.403950 -0.028826 4 144 136
0.216731 -0.395454 -0.032195 7 146 138
0.212012 -0.394686 -0.028525 7 146 138
0.217666 -0.385143 -0.031500 0 139 132
0.212981 -0.384461 -0.027828 0 140 132
0.214587 -0.374634 -0.025378 2 142 134
0.215954 -0.365568 -0.023111 2 142 135
0.211862 -0.362518 -0.019514 5 146 138
0.216901 -0.355884 -0.021257 2 144 136
0.212942 -0.354543 -0.019496 4 144 137
0.214736 -0.344757 -0.017902 2 142 136
0.214925 -0.335004 -0.016923 1 140 133
0.215056 -0.324191 -0.015166 2 142 131
0.214650 -0.315620 -0.013606 1 140 130
0.214970 -0.305108 -0.013199 0 128 124
0.214972 -0.295085 -0.012636 0 119 117
0.214679 -0.286423 -0.011040 1 112 110
0.214835 -0.282821 -0.009511 1 110 109
0.213854 -0.276625 -0.009075 0 108 106
0.215859 -0.264994 -0.006488 2 93 92
0.217805 -0.262462 0.002981 4 90 88
0.212041 -0.257198 -0.003492 2 83 84
0.214055 -0.256374 0.005222 4 82 83
0.215425 -0.254401 0.015053 6 80 78
0.211698 -0.245893 0.021686 10 73 73
0.217409 -0.245493 0.046275 40 70 68
0.215966 -0.244985 0.056042 135 160 155
0.217915 -0.241931 0.063619 195 199 191
0.215482 -0.234335 0.047620 132 139 132
0.213968 -0.235802 0.056377 145 151 145
0.215343 -0.235286 0.065419 204 197 190
0.217640 -0.222856 0.047406 212 202 192
0.215884 -0.224471 0.055614 208 198 189
0.214411 -0.225275 0.065050 206 195 190
0.211591 -0.227898 0.071574 203 192 186
0.218465 -0.211933 0.038556 214 204 194
0.216049 -0.214300 0.045022 206 195 187
0.214138 -0.215609 0.054995 205 194 189
0.211374 -0.217366 0.062748 206 194 188
0.217095 -0.203293 0.038324 209 198 189
0.212917 -0.205855 0.042999 206 194 187
0.210830 -0.208571 0.051914 205 193 189
0.214526 -0.194680 0.035282 214 203 193
0.211236 -0.197163 0.041235 206 195 189
0.217426 -0.184152 0.028476 218 208 194
0.214282 -0.184169 0.034102 217 204 195
0.218121 -0.177902 0.029276 218 207 193
0.214640 -0.174544 0.033787 217 204 194
0.214881 -0.165019 0.034617 218 204 195
0.216122 -0.152476 -0.024145 5 145 137
0.214945 -0.155620 0.035044 222 209 199
0.210873 -0.152289 0.040770 224 210 204
0.215799 -0.145561 -0.024647 5 148 138
0.215864 -0.145293 -0.017786 5 135 125
0.215403 -0.144178 0.027421 223 214 202
0.215310 -0.146705 0.034305 223 211 203
0.211202 -0.148652 0.040813 228 217 210
0.215021 -0.134931 -0.026359 2 146 138
0.214812 -0.133718 -0.012544 15 157 152
0.216563 -0.132427 -0.006362 37 157 148
0.215108 -0.132495 0.005573 178 221 211
0.214566 -0.135276 0.015517 214 234 224
0.215834 -0.138219 0.025076 231 227 219
0.216388 -0.123505 -0.023497 6 159 152
0.214185 -0.124310 -0.016450 15 164 157
0.216830 -0.128631 -0.006058 56 156 145
0.215452 -0.114536 -0.024027 8 162 154
0.211896 -0.117422 -0.018834 11 172 166
0.215127 -0.104936 -0.023986 10 163 156
0.215034 -0.094981 -0.024224 10 162 156
0.214978 -0.084984 -0.023775 10 163 156
0.215177 -0.075923 -0.022169 11 164 157
0.213128 -0.074028 -0.019494 13 165 159
0.216678 -0.065123 -0.021593 12 165 158
0.214033 -0.064816 -0.018838 16 178 172
0.216496 -0.053701 -0.021499 9 163 155
0.213319 -0.054682 -0.018831 10 163 156
0.215177 -0.045032 -0.022123 8 156 149
0.213278 -0.044983 -0.017485 38 162 155
0.214716 -0.041041 -0.004884 79 160 154
0.216368 -0.035558 -0.022316 4 142 136
0.216060 -0.036421 -0.015430 57 157 152
0.216082 -0.036224 -0.005427 78 158 152
0.216100 -0.025593 -0.021588 4 117 111
0.213667 -0.023850 -0.016819 3 117 111
0.213486 -0.024078 -0.006636 8 100 94
0.213743 -0.023581 0.006039 105 144 138
0.214919 -0.023841 0.016245 121 155 149
0.213523 -0.023022 0.024227 151 173 169
0.214025 -0.022572 0.035484 156 182 178
0.212632 -0.022433 0.043804 165 184 181
0.217648 -0.016329 -0.021535 2 105 99
0.214453 -0.015837 -0.016104 4 109 103
0.216057 -0.015466 -0.005436 24 95 90
0.214406 -0.013553 0.006646 150 170 164
0.212965 -0.013390 0.015255 180 182 178
0.211709 -0.016261 0.023483 166 170 168
0.214249 -0.014700 0.035396 162 173 168
0.216343 -0.017420 0.043100 165 180 177
0.213241 -0.003288 -0.014444 4 99 96
0.213663 -0.003569 -0.004032 40 104 98
0.214566 -0.003406 0.005671 150 170 164
0.214698 -0.005237 0.013823 183 184 178
0.213014 -0.006810 0.023678 178 180 176
0.214468 -0.008315 0.032906 170 170 168
0.211827 -0.002103 0.056778 137 152 154
0.214214 -0.004812 0.064850 141 155 155
0.214047 -0.002707 0.076787 144 156 153
0.215314 -0.004651 0.084376 155 167 162
0.215199 -0.005449 0.093166 174 179 178
0.215595 0.003648 -0.015464 4 89 84
0.215254 0.003994 -0.004807 75 127 119
0.216345 0.002401 0.005848 175 183 176
0.214783 0.003762 0.013821 179 183 176
0.213842 0.007472 0.023413 172 178 173
0.210996 0.003247 0.036415 146 156 158
0.211658 0.002300 0.046235 144 164 163
0.214034 0.003993 0.053645 154 162 163
0.214326 0.005415 0.066739 159 166 164
0.213127 0.001980 0.076573 163 172 170
0.212429 0.003591 0.085045 166 175 173
0.211597 0.003899 0.091913 172 182 180
0.213268 0.017482 -0.014390 35 112 108
0.213903 0.016134 -0.005406 96 146 140
0.214944 0.014655 0.003742 138 177 168
0.213845 0.014151 0.014488 109 147 144
0.215697 0.014752 0.024867 141 158 154
0.214672 0.015931 0.034472 168 174 170
0.213796 0.018072 0.043400 188 187 178
0.213045 0.014755 0.053432 173 181 178
0.215294 0.024330 -0.016226 12 107 100
0.217160 0.023815 -0.004130 80 135 128
0.217059 0.023908 0.005416 134 162 154
0.216155 0.024253 0.013789 172 182 178
0.213399 0.027339 0.025779 158 166 165
0.214921 0.025408 0.035891 151 159 155
0.216043 0.024923 0.043041 153 161 156
0.212476 0.025849 0.054998 164 176 169
0.212848 0.024317 0.062874 124 150 148
0.213553 0.034974 -0.014482 100 142 138
0.213207 0.035122 -0.006899 116 146 140
0.214921 0.035582 0.006767 195 196 189
0.213811 0.034082 0.015188 143 168 162
0.213236 0.032720 0.027102 114 136 134
0.215036 0.033463 0.035345 145 152 152
0.217056 0.034981 0.044317 150 157 156
0.213776 0.036541 0.055665 159 162 161
0.213206 0.037478 0.064404 140 154 152
0.214371 0.037646 0.073062 163 164 164
0.215604 0.041472 -0.011792 164 168 166
0.213924 0.045659 -0.004094 138 148 141
0.213401 0.045796 0.002684 177 176 167
0.212945 0.045807 0.036191 158 160 158
0.216584 0.043854 0.044482 159 164 163
0.214722 0.043658 0.055827 158 163 162
0.213877 0.042762 0.064083 160 164 163
0.213270 0.043966 0.072860 156 160 160
0.212895 0.057546 -0.011950 96 122 116
0.214374 0.054221 -0.004972 120 137 132
0.212678 0.054064 0.004842 188 183 174
0.212005 0.055285 0.015186 174 172 166
0.217305 0.058131 0.024910 177 176 172
0.215823 0.054279 0.032931 167 168 168
0.211654 0.053259 0.074436 165 168 168
0.215022 0.062673 -0.015066 91 122 118
0.214966 0.063232 -0.003948 147 157 151
0.213378 0.066377 0.004908 147 153 148
0.213668 0.066079 0.016111 110 136 135
0.215664 0.064108 0.024939 131 151 146
0.215778 0.065816 0.034073 117 140 136
0.211745 0.078489 -0.014173 132 138 136
0.212593 0.077502 -0.002949 167 164 162
0.213085 0.074429 0.005900 170 168 166
0.214844 0.074602 0.015581 132 148 147
0.217020 0.075164 0.023347 127 144 144
0.211557 0.076757 0.036585 104 129 126
0.213277 0.078050 0.045237 112 122 116
0.215026 0.087294 -0.021457 142 142 142
0.214136 0.085047 -0.014114 112 125 121
0.214196 0.084145 -0.006823 150 151 146
0.214225 0.085103 0.004944 152 150 147
0.216350 0.081676 0.014401 148 150 149
0.215144 0.082035 0.025935 151 149 146
0.215716 0.082333 0.035118 158 156 152
0.215670 0.083467 0.044998 161 159 154
0.215405 0.084080 0.054396 131 137 134
0.213350 0.084976 0.065544 117 136 134
0.214772 0.085412 0.072581 113 138 136
0.212585 0.094649 -0.023101 92 100 96
0.215034 0.093623 -0.014727 97 119 116
0.214390 0.093482 -0.007056 137 140 136
0.211039 0.095865 0.004451 158 150 138
0.212107 0.093048 0.013238 174 170 158
0.212863 0.094751 0.035729 176 172 170
0.216817 0.092384 0.042365 185 179 174
0.215037 0.092924 0.055008 164 164 160
0.211439 0.093036 0.065785 160 160 160
0.212229 0.093031 0.073009 136 149 146
0.216460 0.094975 0.095266 179 194 194
0.217359 0.103782 -0.013663 131 139 132
0.216305 0.105833 -0.005377 159 155 147
0.212466 0.105992 0.004484 159 155 148
0.214000 0.107590 0.014550 170 165 161
0.213356 0.104967 0.025377 174 168 163
0.214971 0.103678 0.076061 166 167 166
0.215244 0.102789 0.083993 170 171 170
0.212776 0.107092 0.106729 192 192 186
0.213038 0.108992 0.123228 192 188 182
0.211181 0.106624 0.136679 216 208 200
0.210767 0.105016 0.143448 224 215 206
0.214009 0.115171 -0.005890 156 153 146
0.214981 0.114351 0.004925 166 161 157
0.215627 0.114636 0.015090 172 166 163
0.213605 0.114988 0.024242 172 166 164
0.212641 0.112027 0.032713 176 170 167
0.210856 0.116247 0.044969 177 168 160
0.214535 0.117719 0.055548 184 176 171
0.213744 0.113811 0.063957 178 172 166
0.215075 0.114292 0.096893 176 173 169
0.214294 0.115762 0.106183 195 191 186
0.214272 0.115594 0.116002 202 198 194
0.212769 0.115584 0.126047 206 200 195
0.212197 0.114525 0.134040 219 213 207
0.214488 0.125137 -0.014968 157 150 145
0.214223 0.125025 -0.005276 180 171 166
0.213243 0.124153 0.004508 163 157 154
0.215032 0.122078 0.013517 164 158 157
0.212224 0.125165 0.024750 149 141 135
0.212857 0.127925 0.036950 177 166 158
0.211830 0.127071 0.046059 183 175 169
0.214319 0.123731 0.052435 184 174 168
0.213090 0.125883 0.096704 198 188 182
0.213157 0.124043 0.104945 181 179 174
0.211343 0.124024 0.114779 182 181 178
0.213376 0.123260 0.125294 175 175 172
0.214770 0.125392 0.135835 192 190 188
0.214197 0.127816 0.142498 198 194 193
0.215434 0.136211 -0.022832 169 160 154
0.215624 0.136268 -0.014271 169 158 150
0.213853 0.135741 -0.004542 188 175 168
0.212735 0.136501 0.004514 179 168 160
0.214914 0.135565 0.014630 172 160 152
0.215830 0.132637 0.025519 188 179 171
0.214266 0.134779 0.036443 190 178 170
0.216033 0.134196 0.043447 192 183 177
0.211871 0.135898 0.085729 190 180 174
0.213437 0.132619 0.092648 195 185 180
0.212911 0.134551 0.105382 169 168 164
0.215222 0.135816 0.113539 183 180 174
0.212913 0.133971 0.127446 181 176 172
0.214118 0.134476 0.136183 199 194 191
0.213967 0.134297 0.143335 208 202 200
0.216633 0.144119 -0.013189 205 189 177
0.215174 0.143153 -0.006778 202 188 178
0.214871 0.144311 0.004889 176 165 158
0.214673 0.147078 0.015474 187 176 170
0.214658 0.144954 0.025336 181 170 163
0.215966 0.143764 0.034079 180 171 164
0.215723 0.145263 0.044943 171 162 158
0.215143 0.145690 0.055291 183 172 165
0.216319 0.147126 0.066259 172 161 156
0.214663 0.145567 0.075319 171 161 157
0.216634 0.144048 0.082389 161 154 150
0.215445 0.148206 0.095601 169 161 157
0.214136 0.145829 0.107025 165 161 155
0.215875 0.146650 0.115281 174 170 166
0.215534 0.147005 0.125294 209 200 194
0.214477 0.146991 0.136765 232 223 216
0.215294 0.145662 0.143592 233 222 218
0.215841 0.156573 -0.023035 163 156 152
0.214902 0.154912 -0.015265 173 163 156
0.215177 0.155101 -0.005153 168 159 152
0.215462 0.154061 0.005001 182 172 166
0.214873 0.152299 0.013576 180 169 162
0.215694 0.153407 0.024704 177 168 163
0.214283 0.154278 0.035167 162 156 152
0.215866 0.154614 0.045660 175 165 159
0.215636 0.155003 0.055987 175 166 162
0.215921 0.155877 0.066067 178 168 162
0.217268 0.154483 0.074711 171 161 157
0.215109 0.157192 0.086153 188 178 172
0.214456 0.154296 0.094875 189 181 176
0.213302 0.153289 0.106885 178 173 170
0.214147 0.154404 0.116254 189 182 177
0.215160 0.154394 0.125293 194 193 188
0.214650 0.153102 0.134422 223 216 210
0.216164 0.151469 0.141960 232 222 216
0.217356 0.162432 -0.022778 158 150 146
0.214062 0.166310 -0.014465 174 165 158
0.213826 0.166056 -0.007241 180 169 162
0.217753 0.165267 0.033847 178 167 160
0.215423 0.166212 0.055416 191 180 173
0.214952 0.164131 0.063438 184 174 168
0.214536 0.165731 0.076408 192 183 177
0.213632 0.164435 0.085983 196 193 190
0.213828 0.164816 0.093291 169 166 161
0.214801 0.164361 0.107072 165 158 154
0.214090 0.163196 0.116270 199 192 188
0.215777 0.164383 0.124990 202 205 200
0.217729 0.161167 0.131761 226 219 213
0.214920 0.173316 -0.013162 169 156 148
0.214056 0.174471 -0.006637 179 164 154
0.215321 0.176982 0.003888 173 155 143
0.213940 0.176268 0.015749 196 182 172
0.215275 0.175662 0.034923 181 170 163
0.214420 0.174682 0.044669 189 178 172
0.216007 0.172204 0.053241 186 174 168
0.212208 0.173144 0.076191 180 176 172
0.214001 0.177635 0.107831 186 197 193
0.215058 0.176173 0.115998 215 210 206
0.216000 0.172206 0.122025 221 213 209
0.216803 0.181767 -0.005293 213 194 180
0.213626 0.182688 0.005202 186 171 160
0.211547 0.186316 0.016551 172 161 154
0.213467 0.185348 0.024015 177 167 160
0.215153 0.184075 0.033899 185 174 168
0.215543 0.181716 0.084899 186 179 174
0.214743 0.185154 0.097893 166 174 172
0.214566 0.185324 0.106486 198 194 190
0.216213 0.183520 0.113397 203 195 192
0.218457 0.198753 -0.020413 136 127 120
0.217387 0.198130 -0.015489 134 127 124
0.216958 0.197164 -0.005635 142 136 134
0.213950 0.198330 0.005029 176 170 164
0.215642 0.196024 0.014710 180 170 165
0.213630 0.193938 0.024711 179 169 164
0.213648 0.194653 0.033340 175 164 159
0.214627 0.198404 0.056543 180 172 168
0.214717 0.199590 0.089159 150 166 160
0.214198 0.195305 0.096969 188 190 185
0.215217 0.192846 0.104455 204 199 195
0.215752 0.192508 0.113483 202 190 190
0.217439 0.204153 -0.013812 162 155 153
0.215229 0.204363 -0.004090 157 150 148
0.213799 0.204306 0.004063 172 162 157
0.214452 0.204582 0.013653 173 164 158
0.216847 0.206542 0.025349 170 162 158
0.215212 0.206768 0.035984 166 156 153
0.215956 0.206860 0.043995 169 160 156
0.215769 0.205937 0.055328 169 162 158
0.217864 0.204313 0.061033 171 163 161
0.217201 0.214347 -0.002726 167 154 146
0.215874 0.216377 0.005968 176 168 160
0.216043 0.216505 0.014696 166 155 150
0.216182 0.215846 0.024011 174 164 158
0.213357 0.216469 0.036089 163 154 152
0.213360 0.214216 0.044444 166 158 154
0.214632 0.212190 0.052602 168 161 157
0.218277 0.215516 0.064848 187 186 182
0.217623 0.214662 0.075106 158 177 166
0.216773 0.225309 -0.003492 187 177 171
0.214707 0.224868 0.005427 174 162 156
0.214702 0.223884 0.014107 154 142 137
0.215145 0.225225 0.024559 171 160 155
0.215090 0.225326 0.035452 170 160 156
0.215981 0.224795 0.042534 165 158 155
0.215711 0.228441 0.056197 133 164 151
0.219047 0.236130 -0.010276 127 124 120
0.217157 0.235317 -0.005504 152 148 144
0.215715 0.236081 0.005136 159 152 147
0.215794 0.235264 0.013641 165 156 152
0.215492 0.237922 0.025050 163 157 153
0.213981 0.234842 0.035366 156 150 146
0.214460 0.235812 0.046259 152 166 158
0.216102 0.235074 0.053517 153 171 164
0.218387 0.234321 0.061134 116 174 168
0.211668 0.240963 0.016694 146 145 140
0.214156 0.244082 0.025605 169 164 156
0.213530 0.242994 0.034973 148 144 136
0.214914 0.244304 0.045660 178 172 167
0.215707 0.245033 0.055110 198 195 192
0.219305 0.244057 0.060987 202 195 194
0.215775 0.254659 0.026893 121 150 136
0.213982 0.253445 0.035838 162 180 174
0.212548 0.251505 0.044667 200 198 194
0.214712 0.264474 -0.005287 142 191 186
0.215666 0.296607 -0.021832 4 148 144
0.213535 0.296642 -0.015339 16 164 158
0.215109 0.305375 -0.021633 4 144 141
0.214126 0.304072 -0.016962 11 170 164
0.215189 0.314942 -0.021496 6 147 144
0.213795 0.316970 -0.017813 12 175 169
0.215023 0.325139 -0.021226 8 150 148
0.214111 0.324074 -0.017993 14 177 171
0.214923 0.335048 -0.021382 8 152 149
0.216978 0.335264 -0.018448 12 159 155
0.213808 0.343923 -0.020852 7 150 148
0.216692 0.346102 -0.017863 9 157 154
0.211390 0.350705 -0.020463 6 152 150
0.215165 0.355144 -0.016069 11 160 157
0.214919 0.364935 -0.014745 10 161 158
0.215050 0.374801 -0.014798 12 163 161
0.215056 0.384133 -0.014696 8 160 156
0.214169 0.393831 -0.013886 8 166 162
0.214993 0.408042 -0.031769 80 104 104
0.214941 0.403985 -0.024565 36 136 136
0.225517 -0.575222 -0.072457 54 130 122
0.223163 -0.575223 -0.068787 41 116 108
0.225112 -0.564532 -0.064936 4 132 122
0.221059 -0.561450 -0.058952 4 135 126
0.227748 -0.555470 -0.062497 2 131 122
0.223040 -0.554311 -0.057087 2 134 124
0.228955 -0.546569 -0.061067 1 131 122
0.224320 -0.544837 -0.055660 0 133 122
0.225151 -0.535253 -0.053970 0 132 121
0.226021 -0.525113 -0.053130 1 132 122
0.226229 -0.514836 -0.053658 0 132 122
0.221474 -0.516768 -0.048661 0 133 122
0.226470 -0.505265 -0.054242 0 132 122
0.222108 -0.503893 -0.048251 1 134 124
0.226603 -0.494915 -0.054487 1 133 123
0.221907 -0.495211 -0.047802 2 134 125
0.226607 -0.484990 -0.053946 0 132 123
0.221668 -0.485161 -0.048544 0 134 124
0.226579 -0.475277 -0.053795 0 133 124
0.221701 -0.475074 -0.048295 0 134 124
0.227143 -0.465105 -0.052933 1 134 124
0.222274 -0.464892 -0.047159 2 136 126
0.227629 -0.455236 -0.052630 0 134 124
0.222833 -0.454677 -0.046422 2 136 126
0.227512 -0.446765 -0.051539 0 136 124
0.223002 -0.445601 -0.047030 1 135 126
0.224275 -0.434529 -0.045979 1 137 128
0.225372 -0.424905 -0.044676 1 138 129
0.226269 -0.415202 -0.042942 1 139 130
0.221597 -0.413264 -0.038463 0 140 130
0.227113 -0.405845 -0.042023 2 140 131
0.222647 -0.404287 -0.038435 2 140 132
0.224275 -0.394604 -0.036542 4 142 134
0.224967 -0.385122 -0.035058 2 138 131
0.225863 -0.375985 -0.032751 2 140 132
0.222057 -0.372083 -0.028481 2 140 133
0.223708 -0.364353 -0.026612 2 140 132
0.224887 -0.354991 -0.024031 2 140 134
0.226404 -0.346226 -0.021290 4 142 135
0.222783 -0.343309 -0.019000 4 143 136
0.228461 -0.337252 -0.020442 0 138 130
0.224524 -0.334704 -0.018735 0 140 130
0.225082 -0.324501 -0.016116 1 140 130
0.224594 -0.316073 -0.014697 1 137 126
0.225050 -0.304915 -0.014795 0 118 114
0.225048 -0.294924 -0.013284 0 110 108
0.225032 -0.286505 -0.011796 0 104 104
0.225464 -0.274329 -0.007082 2 90 92
0.228373 -0.271296 0.003018 5 86 86
0.222191 -0.268129 -0.003330 1 92 92
0.223868 -0.266626 0.005145 2 88 88
0.225299 -0.265139 0.014720 5 84 84
0.227273 -0.264082 0.024751 8 70 68
0.228136 -0.262412 0.034451 54 94 94
0.226027 -0.263200 0.045136 107 133 130
0.227272 -0.262952 0.053886 172 180 176
0.224695 -0.259332 0.037304 35 82 82
0.225077 -0.256760 0.047487 102 122 122
0.226167 -0.254995 0.056614 181 188 182
0.227411 -0.253529 0.065067 202 201 195
0.224708 -0.245093 0.046997 140 147 137
0.223443 -0.246568 0.056153 180 186 178
0.225072 -0.244600 0.065936 214 209 202
0.227600 -0.247026 0.070777 216 208 204
0.227451 -0.232611 0.047477 219 208 198
0.225468 -0.234837 0.055293 214 204 195
0.222688 -0.236852 0.063073 216 206 199
0.227745 -0.221591 0.038741 220 209 200
0.225766 -0.224654 0.044888 212 201 193
0.223328 -0.226670 0.053473 208 198 192
0.226274 -0.213566 0.037104 213 202 194
0.222601 -0.217400 0.042008 210 199 191
0.227385 -0.202843 0.026698 228 215 203
0.224746 -0.205047 0.034366 215 202 194
0.227100 -0.193786 0.026897 222 209 199
0.223186 -0.195763 0.032107 216 203 194
0.225973 -0.184911 0.026661 222 208 199
0.221598 -0.185536 0.031355 218 204 197
0.225856 -0.174976 0.027282 222 208 199
0.221283 -0.174769 0.030941 219 204 195
0.226381 -0.165349 0.027909 223 208 199
0.222200 -0.164512 0.031444 220 204 197
0.226400 -0.153711 -0.032589 6 156 145
0.226479 -0.154704 0.027170 226 210 202
0.222474 -0.155736 0.031616 222 206 199
0.227050 -0.146442 -0.032461 8 156 145
0.223671 -0.143905 -0.027451 6 146 136
0.226110 -0.145699 0.026591 225 210 203
0.222066 -0.146183 0.031947 234 218 213
0.226766 -0.136388 -0.031341 7 156 146
0.225338 -0.135375 -0.027463 5 145 135
0.226680 -0.131635 -0.014475 27 144 134
0.225551 -0.131019 -0.003391 126 206 197
0.224990 -0.132753 0.004683 190 224 214
0.225178 -0.135452 0.015208 228 229 222
0.224475 -0.138604 0.024444 240 226 220
0.227063 -0.121351 -0.030332 2 140 131
0.225976 -0.124895 -0.025027 7 155 146
0.225385 -0.126792 -0.016076 16 154 145
0.224123 -0.126628 -0.007698 59 176 167
0.227092 -0.118277 -0.030162 4 142 132
0.224860 -0.114752 -0.026938 6 158 149
0.224943 -0.104954 -0.026711 8 158 151
0.224962 -0.094999 -0.026271 8 160 152
0.225000 -0.084939 -0.024819 10 161 154
0.225069 -0.075105 -0.023785 11 161 155
0.225108 -0.064934 -0.023166 10 161 154
0.225038 -0.055803 -0.022284 9 160 153
0.226226 -0.053812 -0.019330 10 174 166
0.225249 -0.044215 -0.022146 40 164 158
0.224982 -0.044261 -0.017988 59 168 162
0.224929 -0.035411 -0.022314 36 150 144
0.224086 -0.034800 -0.016886 54 154 149
0.225469 -0.033940 -0.006414 82 144 138
0.225128 -0.025595 -0.023011 5 118 112
0.226790 -0.024604 -0.016075 46 118 112
0.227436 -0.026802 -0.004396 106 143 136
0.226253 -0.025914 0.003343 160 185 177
0.220543 -0.021113 0.015546 148 179 176
0.226069 -0.015889 -0.021688 11 98 94
0.225533 -0.015152 -0.017036 20 94 90
0.227013 -0.015043 -0.004430 137 159 155
0.223954 -0.013944 0.007276 208 215 209
0.223859 -0.014262 0.014120 205 212 204
0.221588 -0.015894 0.036745 175 186 182
0.220469 -0.014779 0.043773 168 178 176
0.227291 -0.006310 -0.021851 7 102 99
0.223750 -0.004272 -0.017822 5 99 97
0.223067 -0.004649 -0.003353 108 149 144
0.224043 -0.003453 0.006078 194 195 184
0.223129 -0.007497 0.010782 206 201 191
0.221008 -0.003593 0.073560 144 182 178
0.224997 0.002973 -0.021198 2 107 102
0.223662 0.005690 -0.015782 4 81 76
0.224894 0.005594 -0.004531 110 143 136
0.225702 0.005025 0.006809 164 175 169
0.224709 0.005952 0.013285 133 158 153
0.224031 0.007329 0.022995 82 122 121
0.224120 0.014876 -0.015186 18 101 95
0.226001 0.016426 -0.004233 103 135 126
0.226605 0.012257 0.005823 193 201 195
0.228216 0.013124 0.016799 78 121 118
0.224117 0.016283 0.025639 117 148 145
0.223193 0.017171 0.034419 135 160 156
0.222905 0.015729 0.043082 170 182 180
0.224467 0.025597 -0.024527 5 88 84
0.223492 0.026480 -0.014081 23 98 92
0.225240 0.025398 -0.004630 109 140 134
0.222494 0.026485 0.004653 182 186 180
0.222755 0.026566 0.013633 175 176 171
0.224200 0.024695 0.024975 140 152 150
0.222655 0.024434 0.035931 144 153 150
0.223641 0.025818 0.044110 153 159 156
0.223957 0.028075 0.053574 142 152 154
0.226414 0.034007 -0.014626 16 86 78
0.226549 0.034003 -0.004057 160 175 165
0.224827 0.035463 0.004271 205 201 190
0.221892 0.034546 0.013590 140 151 144
0.224507 0.034355 0.026032 124 143 142
0.223870 0.035027 0.035872 123 142 140
0.223258 0.035453 0.044331 130 149 146
0.223849 0.034922 0.054225 153 167 166
0.225670 0.033410 0.066061 161 168 170
0.225956 0.033749 0.072688 171 178 178
0.227348 0.045395 -0.020728 13 86 81
0.225935 0.042717 -0.013878 12 83 77
0.224291 0.045697 -0.003216 145 165 157
0.224092 0.043996 0.003948 155 172 166
0.223193 0.043447 0.014897 111 140 136
0.226308 0.044333 0.026561 106 126 125
0.226372 0.044856 0.035402 106 126 126
0.225286 0.043123 0.045182 112 131 132
0.224754 0.043171 0.053387 152 164 165
0.225336 0.057120 -0.013520 23 61 54
0.224656 0.053841 -0.005116 101 117 113
0.225050 0.053338 0.002226 143 162 157
0.225724 0.054616 0.015328 112 132 128
0.223683 0.057138 0.025966 137 148 146
0.222105 0.055961 0.033476 166 170 171
0.227315 0.063338 -0.022582 70 100 96
0.226177 0.064061 -0.014287 91 112 107
0.225489 0.065697 -0.005658 185 187 180
0.224096 0.064433 0.005885 174 176 172
0.225770 0.065075 0.014294 171 172 170
0.222602 0.065668 0.027322 118 141 139
0.223738 0.066184 0.034221 128 149 146
0.225499 0.065783 0.042770 174 174 169
0.228377 0.062430 0.052382 168 169 168
0.226968 0.074198 -0.004581 216 206 196
0.225679 0.072459 0.007079 178 182 180
0.224816 0.074262 0.016652 162 165 164
0.223672 0.075047 0.025878 130 146 146
0.224888 0.076042 0.034441 141 152 152
0.224774 0.074819 0.043866 120 149 146
0.225352 0.076774 0.055907 112 137 135
0.225524 0.076868 0.065785 164 160 154
0.227469 0.076297 0.075031 174 168 162
0.227258 0.076249 0.083702 181 177 172
0.223953 0.084526 -0.014079 62 107 103
0.224880 0.083975 -0.005729 119 138 135
0.224877 0.085013 0.002702 142 150 149
0.225867 0.085503 0.015797 138 138 140
0.223978 0.083849 0.026206 150 150 151
0.224112 0.081825 0.036100 156 157 157
0.223096 0.082491 0.042625 161 162 159
0.223635 0.084169 0.055835 174 170 164
0.226261 0.083136 0.064962 176 172 166
0.225422 0.083581 0.073936 178 174 170
0.227501 0.084942 0.084809 180 174 168
0.227075 0.097444 -0.022046 158 158 155
0.225546 0.096985 -0.017336 109 135 131
0.225961 0.092490 0.054012 182 177 172
0.226074 0.102617 -0.024286 161 158 152
0.224661 0.104027 -0.015622 121 124 117
0.224124 0.105379 -0.006657 147 143 136
0.224030 0.107130 0.005410 156 154 150
0.224875 0.108715 0.016336 169 165 161
0.225491 0.108386 0.025029 166 162 159
0.227931 0.104950 0.033478 182 180 176
0.229103 0.106218 0.047049 182 178 172
0.225970 0.116314 -0.013758 175 164 150
0.222281 0.116624 -0.005349 182 173 164
0.222813 0.113897 0.005935 170 166 162
0.226005 0.114029 0.016271 179 175 172
0.226160 0.114922 0.025296 174 170 166
0.226688 0.114807 0.033536 163 159 155
0.224100 0.115626 0.056002 186 185 179
0.225409 0.116837 0.065615 176 173 167
0.225480 0.116805 0.072691 131 151 146
0.225303 0.124046 -0.013747 158 150 142
0.224769 0.124508 -0.006793 162 154 147
0.224620 0.125039 0.004563 164 158 153
0.225268 0.122854 0.014110 160 154 151
0.226220 0.121004 0.022743 166 162 160
0.224762 0.123080 0.036070 169 164 160
0.224673 0.123776 0.046223 182 176 170
0.224505 0.123784 0.055630 186 180 174
0.224435 0.122606 0.064775 176 174 169
0.227762 0.122384 0.072315 143 156 150
0.225986 0.127050 0.094948 102 129 124
0.224890 0.135681 -0.024245 158 152 150
0.225328 0.136420 -0.015164 171 160 152
0.222982 0.136349 -0.004924 188 176 166
0.223179 0.136213 0.037776 192 181 172
0.224428 0.134100 0.044579 196 183 174
0.225404 0.131786 0.051693 185 175 168
0.228377 0.131638 0.093047 139 145 140
0.226190 0.146402 -0.023520 188 180 175
0.225518 0.146293 -0.015757 200 188 178
0.227046 0.145342 -0.006793 188 177 169
0.225232 0.148315 0.007317 174 163 157
0.224815 0.145345 0.013678 182 172 166
0.224573 0.146200 0.026540 184 174 167
0.225257 0.144984 0.035213 182 172 166
0.227683 0.144939 0.041366 173 165 161
0.221812 0.147547 0.076425 159 152 148
0.221653 0.146665 0.083618 160 152 148
0.225260 0.144894 0.095361 150 147 144
0.226417 0.146390 0.105464 150 150 148
0.225433 0.146097 0.116098 168 166 164
0.224505 0.147753 0.123784 192 188 187
0.223844 0.148638 0.133848 227 219 216
0.224598 0.156165 -0.024590 155 148 144
0.224895 0.153174 -0.016054 184 174 166
0.223715 0.155518 -0.004828 175 164 156
0.223628 0.154574 0.005512 172 161 157
0.223953 0.153518 0.013816 179 169 163
0.224868 0.153769 0.024638 188 178 171
0.224609 0.156423 0.054021 184 175 169
0.221871 0.156037 0.074790 177 164 158
0.225310 0.156872 0.097002 192 187 182
0.226853 0.156212 0.103725 178 174 170
0.224220 0.155345 0.116703 200 195 191
0.224376 0.156101 0.127150 212 206 202
0.224616 0.155218 0.131527 219 210 208
0.224377 0.163113 -0.024310 160 150 147
0.225344 0.164519 -0.013703 185 174 165
0.224191 0.166114 -0.005438 183 171 163
0.226551 0.162904 0.003999 173 163 155
0.228389 0.161057 0.010624 161 148 141
0.224687 0.166237 0.035937 181 172 166
0.224849 0.164168 0.044915 184 174 168
0.224662 0.166176 0.056645 184 172 166
0.226446 0.163334 0.063469 186 174 168
0.226092 0.166353 0.104906 188 180 173
0.223912 0.163593 0.115693 190 184 179
0.222680 0.163191 0.125339 216 208 205
0.226269 0.161419 0.131121 210 202 200
0.225772 0.174665 -0.023346 160 150 144
0.224724 0.175753 -0.013601 179 164 156
0.224796 0.173570 -0.005384 172 156 148
0.224233 0.174775 0.004596 169 155 146
0.221589 0.177409 0.014069 160 146 137
0.223210 0.174947 0.035169 176 162 155
0.226089 0.175360 0.046414 170 157 151
0.225896 0.172520 0.052803 184 174 168
0.224906 0.175883 0.077531 182 174 167
0.225076 0.177129 0.086481 181 175 168
0.225780 0.174529 0.094242 183 175 169
0.225230 0.175259 0.105773 182 173 168
0.226584 0.175758 0.114955 205 196 192
0.226348 0.174036 0.123553 227 217 214
0.228484 0.187481 -0.022280 151 140 135
0.225466 0.184507 -0.014030 195 183 176
0.226443 0.185500 -0.005017 205 192 184
0.226535 0.186091 0.003651 187 176 169
0.226095 0.186855 0.015626 172 164 159
0.225119 0.186968 0.026432 178 170 165
0.225226 0.184339 0.033538 177 168 162
0.227681 0.185814 0.044927 181 172 166
0.228544 0.185311 0.052768 174 168 162
0.227392 0.187438 0.066741 166 157 150
0.226101 0.185581 0.076759 178 171 165
0.225907 0.183517 0.083671 184 177 172
0.224790 0.182603 0.094858 198 189 186
0.224522 0.182287 0.105761 186 178 174
0.224274 0.184175 0.116561 208 198 196
0.226920 0.184236 0.121639 216 206 203
0.226648 0.194983 -0.022557 138 131 127
0.224535 0.194673 -0.015463 144 137 131
0.225875 0.193512 -0.004060 169 162 156
0.224684 0.193565 0.004168 169 164 160
0.224271 0.193986 0.014495 172 164 160
0.225138 0.193180 0.021946 174 165 161
0.225735 0.197730 0.037578 153 146 140
0.226121 0.194300 0.043550 172 166 159
0.223318 0.194602 0.056072 175 166 161
0.224284 0.196157 0.066910 180 172 168
0.226315 0.195516 0.074473 180 172 168
0.225649 0.197047 0.084435 177 172 168
0.225798 0.197649 0.096103 210 204 198
0.222962 0.192614 0.106704 202 191 187
0.224050 0.191742 0.115762 202 192 190
0.226213 0.202561 -0.021300 140 130 124
0.225233 0.204069 -0.015564 158 150 144
0.224030 0.203068 -0.005434 140 134 130
0.223551 0.204915 0.004864 161 150 145
0.225883 0.203150 0.013227 147 136 130
0.225781 0.205937 0.024425 168 160 155
0.224043 0.202909 0.034512 165 157 152
0.222065 0.203854 0.042874 168 158 151
0.224149 0.205862 0.057625 171 162 159
0.225102 0.204478 0.065255 174 166 162
0.226479 0.205009 0.074946 169 160 156
0.227784 0.205178 0.082982 170 162 159
0.227769 0.201570 0.091943 209 202 198
0.225068 0.211231 -0.014621 172 161 154
0.225343 0.213378 -0.005172 169 158 150
0.223986 0.215593 0.005273 165 157 149
0.223764 0.217383 0.016163 188 178 171
0.224998 0.215159 0.023219 172 161 154
0.222030 0.215640 0.055853 166 160 156
0.222860 0.216455 0.067535 182 172 164
0.224356 0.214134 0.073249 184 174 168
0.228395 0.214692 0.082762 184 182 176
0.224594 0.227105 -0.005371 165 153 146
0.224154 0.225209 0.003111 155 142 135
0.221994 0.224572 0.015601 172 158 152
0.223440 0.225059 0.022738 170 157 148
0.221487 0.226623 0.037188 158 153 148
0.224403 0.226615 0.044619 156 150 146
0.226503 0.225300 0.054745 191 184 180
0.226845 0.225048 0.073073 179 196 188
0.225121 0.236707 -0.012567 132 130 125
0.225271 0.233551 -0.004654 151 140 133
0.224525 0.234571 0.004558 158 147 139
0.223941 0.234392 0.014043 159 148 142
0.222988 0.236880 0.022507 160 156 154
0.224900 0.237438 0.035991 154 150 148
0.223395 0.235136 0.046766 160 151 145
0.223945 0.234665 0.055585 180 185 181
0.225370 0.235489 0.064196 186 193 189
0.225941 0.242150 -0.013903 134 129 124
0.225039 0.245545 0.029083 166 168 163
0.225369 0.243947 0.035419 149 179 172
0.225028 0.243411 0.045289 124 162 155
0.225795 0.244291 0.055280 156 186 181
0.225388 0.243537 0.064631 206 201 199
0.229360 0.243639 0.070280 220 212 208
0.225547 0.253699 0.027408 91 165 155
0.226710 0.253341 0.032968 42 174 166
0.220655 0.265834 -0.004282 177 200 196
0.224246 0.284299 -0.021756 6 149 145
0.225817 0.295733 -0.021645 5 145 141
0.224896 0.304969 -0.021996 4 140 138
0.225038 0.314931 -0.021944 5 142 140
0.222610 0.315346 -0.017954 12 172 166
0.224894 0.324882 -0.021455 6 144 142
0.225294 0.325903 -0.017869 14 174 168
0.224985 0.334944 -0.021080 8 146 144
0.225427 0.336054 -0.018226 11 155 151
0.222430 0.340875 -0.020479 6 146 144
0.225168 0.345414 -0.017055 9 154 151
0.225022 0.355153 -0.015175 11 157 154
0.225072 0.365084 -0.014369 10 159 156
0.225050 0.374939 -0.014566 12 163 160
0.224795 0.383928 -0.014559 7 160 156
0.225781 0.393362 -0.018360 6 153 152
0.226072 0.407666 -0.032391 80 112 110
0.224763 0.403482 -0.024712 35 140 138
0.233504 -0.574268 -0.072660 112 140 134
0.235074 -0.563620 -0.067160 26 134 124
0.238144 -0.552378 -0.072222 0 125 114
0.234436 -0.555727 -0.067265 3 130 120
0.238483 -0.546641 -0.071687 0 128 117
0.234092 -0.544768 -0.065776 0 130 120
0.230234 -0.540668 -0.059692 0 131 121
0.235730 -0.535091 -0.064407 0 131 121
0.231158 -0.534519 -0.058994 0 131 120
0.235981 -0.524748 -0.064376 0 129 120
0.231530 -0.525574 -0.058492 0 130 120
0.235443 -0.514898 -0.064283 0 129 120
0.231206 -0.517198 -0.058745 0 130 120
0.235657 -0.505081 -0.064718 0 131 120
0.235814 -0.495009 -0.064348 0 132 122
0.231018 -0.495267 -0.058981 0 132 121
0.236094 -0.485048 -0.063501 0 133 122
0.231251 -0.484120 -0.058224 0 132 122
0.236588 -0.475387 -0.062744 0 132 123
0.231915 -0.473999 -0.058352 0 132 122
0.237244 -0.465747 -0.062142 0 132 124
0.232407 -0.464876 -0.057418 1 134 124
0.238076 -0.454119 -0.061543 0 134 124
0.233578 -0.454501 -0.057237 0 133 124
0.239188 -0.447274 -0.061083 1 134 125
0.234468 -0.445075 -0.056148 0 134 124
0.235615 -0.435078 -0.054417 2 136 127
0.236677 -0.425433 -0.052865 2 138 128
0.232105 -0.423587 -0.048618 2 138 129
0.238734 -0.417571 -0.051277 2 138 129
0.233939 -0.414618 -0.047253 2 139 129
0.235010 -0.405030 -0.044732 3 140 131
0.236043 -0.395249 -0.042859 4 141 132
0.237308 -0.384931 -0.041774 3 138 130
0.232493 -0.384181 -0.038658 2 138 130
0.234765 -0.374436 -0.036073 4 140 132
0.235915 -0.365160 -0.032994 3 138 129
0.236863 -0.357736 -0.031287 1 135 127
0.234135 -0.353580 -0.027745 2 136 128
0.235099 -0.345122 -0.023629 2 136 130
0.235295 -0.335693 -0.021284 0 135 128
0.236080 -0.326465 -0.020573 0 132 127
0.233542 -0.323496 -0.016645 1 138 128
0.238116 -0.314025 -0.020799 2 114 110
0.232789 -0.316419 -0.015722 1 132 122
0.233842 -0.304884 -0.017835 2 108 103
0.234808 -0.294988 -0.015805 0 101 97
0.234862 -0.285931 -0.013133 1 91 90
0.233678 -0.277403 -0.004863 1 88 88
0.235017 -0.275122 0.005026 2 85 84
0.235494 -0.273288 0.014618 7 82 82
0.237040 -0.272148 0.024500 7 68 68
0.235992 -0.273734 0.035184 38 87 83
0.237198 -0.273343 0.043926 112 134 129
0.231614 -0.267423 0.026557 11 64 61
0.233283 -0.266372 0.035665 90 118 114
0.235107 -0.265152 0.045399 161 168 166
0.236634 -0.263295 0.055784 184 182 174
0.235147 -0.261485 0.061317 205 199 190
0.236507 -0.254642 0.056664 212 203 196
0.233267 -0.255408 0.063615 213 205 198
0.237274 -0.242622 0.048184 216 204 197
0.234201 -0.245893 0.053881 216 205 197
0.232168 -0.246731 0.064146 217 205 200
0.235398 -0.234791 0.045251 216 204 197
0.231957 -0.237207 0.052978 212 200 196
0.236201 -0.223415 0.037725 219 206 198
0.232809 -0.227153 0.041889 217 205 197
0.235249 -0.214364 0.024828 232 220 206
0.234716 -0.215436 0.033983 219 206 198
0.235257 -0.203515 0.026500 225 212 203
0.232807 -0.207131 0.031303 219 206 198
0.234600 -0.195094 0.025069 226 213 204
0.234920 -0.184940 0.024072 228 214 204
0.234260 -0.175149 0.024109 227 211 202
0.237403 -0.161747 -0.033024 2 132 122
0.234438 -0.164982 0.024042 226 211 201
0.235300 -0.154282 -0.032903 4 153 142
0.235931 -0.153739 -0.026980 10 137 126
0.237204 -0.154616 0.018182 217 206 192
0.233967 -0.155493 0.023345 227 212 204
0.235293 -0.145029 -0.031946 6 156 142
0.233180 -0.143902 -0.028416 6 142 132
0.237319 -0.143712 0.018277 226 215 205
0.234161 -0.146347 0.023218 228 213 205
0.235888 -0.135428 -0.031609 8 157 146
0.232694 -0.133487 -0.028935 8 145 135
0.237562 -0.130613 -0.012811 104 187 180
0.234893 -0.132023 -0.005434 164 198 191
0.235353 -0.134789 0.005452 212 222 214
0.235081 -0.137426 0.015781 236 232 224
0.232838 -0.139380 0.021840 242 229 222
0.235016 -0.124133 -0.031024 8 147 136
0.234308 -0.124228 -0.026132 11 158 148
0.233064 -0.126331 -0.017343 34 161 151
0.236740 -0.115377 -0.030504 5 145 132
0.235506 -0.115398 -0.026691 9 157 147
0.235360 -0.107761 -0.030707 4 140 128
0.234525 -0.104606 -0.027750 6 155 146
0.234778 -0.094976 -0.027011 7 156 148
0.234975 -0.085030 -0.025840 10 159 150
0.234948 -0.074967 -0.025632 10 158 150
0.235047 -0.065035 -0.024977 8 156 148
0.235028 -0.055518 -0.023062 8 156 149
0.235018 -0.045194 -0.023504 7 153 146
0.233540 -0.045366 -0.019027 8 160 154
0.234722 -0.036040 -0.023078 35 153 148
0.234012 -0.035217 -0.015396 82 160 154
0.233471 -0.032733 -0.005340 101 156 150
0.233061 -0.030812 0.001400 176 192 186
0.234476 -0.024434 -0.023327 10 122 114
0.233570 -0.022751 -0.016303 46 115 110
0.234733 -0.022513 -0.005843 72 110 105
0.235961 -0.023208 0.003884 181 189 183
0.236804 -0.022727 0.010896 184 195 188
0.233872 -0.014176 -0.023202 14 96 91
0.233643 -0.014546 -0.015604 63 106 103
0.235399 -0.015862 -0.004692 111 126 120
0.236227 -0.016141 0.004807 200 200 192
0.238676 -0.017305 0.012737 181 189 185
0.235897 -0.006704 -0.022202 6 97 93
0.235594 -0.004412 -0.015492 40 112 106
0.236100 -0.004783 -0.004100 135 161 155
0.235192 -0.004030 0.004184 204 209 200
0.235385 0.003829 -0.021277 9 97 92
0.234685 0.004448 -0.014755 14 86 82
0.236285 0.003680 -0.004026 150 172 166
0.234609 0.005208 0.005596 213 211 199
0.236031 0.006684 0.012805 191 191 179
0.239094 0.005419 0.054133 191 196 193
0.234922 0.017103 -0.021706 92 136 130
0.235507 0.014685 -0.014783 64 106 100
0.235127 0.014494 -0.005301 142 158 152
0.234886 0.014851 0.003276 202 198 190
0.233687 0.012175 0.015853 157 167 161
0.234219 0.014911 0.025921 97 128 122
0.236081 0.016150 0.032568 124 153 146
0.235536 0.025188 -0.014022 72 118 111
0.234721 0.025317 -0.005937 132 154 144
0.235346 0.021356 0.002305 199 198 189
0.232681 0.022979 0.026880 100 128 128
0.236212 0.024325 0.034628 86 124 122
0.237386 0.025885 0.042567 160 174 168
0.234203 0.036184 -0.022312 9 86 79
0.234522 0.035239 -0.014538 83 125 115
0.233519 0.036195 -0.005348 183 186 176
0.230929 0.038986 0.001349 220 212 200
0.235527 0.034729 0.035647 146 160 159
0.237847 0.035562 0.044494 152 162 162
0.232695 0.037265 0.074829 152 158 160
0.234521 0.038348 0.085007 151 156 160
0.236261 0.042427 -0.022095 9 79 70
0.234762 0.044810 -0.014204 108 143 133
0.235896 0.043384 -0.004356 176 184 174
0.234163 0.045314 0.002343 151 165 156
0.232564 0.047985 0.034378 114 132 131
0.234545 0.044156 0.046291 142 154 153
0.235352 0.044193 0.053128 144 156 156
0.236864 0.043252 0.086666 153 156 158
0.237505 0.042876 0.093287 153 158 159
0.233940 0.056070 -0.013453 72 90 82
0.235684 0.054176 -0.005244 194 190 180
0.234406 0.053079 0.003419 127 151 146
0.233313 0.054006 0.027227 99 134 131
0.235539 0.052757 0.035400 152 156 156
0.236201 0.053993 0.044727 157 160 159
0.237483 0.055843 0.054380 148 151 151
0.235860 0.057857 0.064817 163 165 166
0.235453 0.057015 0.074248 165 167 166
0.236760 0.056146 0.084253 166 168 168
0.233952 0.065718 -0.022249 60 90 84
0.235000 0.066177 -0.014731 130 136 129
0.236022 0.063771 -0.007149 155 154 147
0.235402 0.066413 0.003870 176 173 168
0.236104 0.068506 0.011789 176 174 168
0.234490 0.065942 0.036169 154 165 159
0.232961 0.067510 0.044652 126 149 147
0.233275 0.064867 0.055464 168 172 170
0.235621 0.065459 0.065333 168 171 170
0.236137 0.063417 0.073300 169 171 169
0.237380 0.072677 -0.013323 164 174 164
0.235273 0.073728 -0.007850 211 201 188
0.232203 0.074642 0.017216 166 172 169
0.232491 0.075779 0.025999 164 169 168
0.232087 0.075680 0.034689 161 163 162
0.235038 0.076402 0.046239 159 164 160
0.235408 0.076561 0.055377 122 147 145
0.234927 0.074324 0.064389 119 147 146
0.232725 0.076733 0.075165 121 149 144
0.234817 0.086841 -0.013174 142 159 152
0.234150 0.084107 -0.007173 115 144 138
0.233671 0.086044 0.003201 84 126 123
0.233459 0.085689 0.014536 140 154 155
0.235341 0.082793 0.025367 150 169 168
0.236444 0.084842 0.036299 164 162 162
0.235512 0.083811 0.044565 156 157 157
0.236450 0.081970 0.054285 162 164 161
0.234087 0.082311 0.062495 165 164 161
0.236665 0.082672 0.084984 88 130 128
0.238618 0.086094 0.105576 178 171 168
0.236848 0.097039 -0.022564 158 162 161
0.236552 0.095124 -0.017344 85 132 125
0.235931 0.097097 -0.007039 100 133 129
0.236169 0.103203 -0.023503 108 135 129
0.235374 0.103430 -0.016200 138 152 146
0.236010 0.103794 -0.006206 163 164 158
0.236878 0.104943 0.003573 189 186 179
0.235552 0.105066 0.014940 184 180 174
0.232775 0.108195 0.025276 169 167 163
0.233346 0.106442 0.034998 172 174 170
0.234364 0.106830 0.045005 156 164 160
0.235919 0.105722 0.053231 112 139 134
0.234208 0.115612 -0.015782 188 176 162
0.233572 0.118005 0.016277 186 183 181
0.234925 0.113047 0.025646 166 164 160
0.234510 0.112687 0.033454 164 161 158
0.234943 0.118628 0.064143 200 194 190
0.233692 0.118670 0.074691 198 188 182
0.233577 0.125712 -0.013771 162 156 150
0.233087 0.126455 -0.006482 168 162 154
0.236173 0.125701 0.005264 162 158 153
0.235582 0.123374 0.014865 166 162 161
0.235444 0.121625 0.022766 175 172 170
0.232536 0.128222 0.055695 190 180 171
0.236000 0.123764 0.063391 177 170 162
0.236001 0.123125 0.072775 186 176 170
0.234878 0.137508 -0.023639 155 154 153
0.234865 0.137298 -0.014619 170 163 158
0.234220 0.135253 -0.006833 173 163 155
0.234640 0.135870 0.004794 178 172 165
0.236950 0.134437 0.013396 196 189 182
0.233451 0.137240 0.036671 174 164 156
0.235455 0.135924 0.045956 185 176 169
0.234483 0.135366 0.054032 187 179 173
0.238717 0.133319 0.062538 172 164 158
0.232894 0.143131 -0.023945 163 160 156
0.234120 0.143791 -0.014161 189 180 173
0.234142 0.143296 -0.005279 186 178 172
0.235825 0.146759 0.005528 158 151 147
0.236092 0.146786 0.015058 157 149 144
0.235945 0.145060 0.023284 164 155 149
0.233940 0.144415 0.036314 173 165 159
0.234257 0.143500 0.044802 184 178 173
0.237469 0.144455 0.054844 184 177 171
0.236614 0.144171 0.063845 174 170 165
0.234443 0.156096 -0.022326 167 156 149
0.234371 0.156575 -0.016099 170 159 151
0.235058 0.154277 -0.005343 160 150 143
0.235498 0.151535 0.004927 146 137 130
0.233056 0.156473 0.015728 162 153 147
0.236664 0.153287 0.026929 184 176 171
0.236368 0.154276 0.035399 186 180 176
0.237087 0.155915 0.044772 176 170 166
0.237055 0.156453 0.054325 172 166 162
0.236800 0.154292 0.064920 193 186 180
0.238965 0.156699 0.076608 192 186 182
0.230311 0.156303 0.131756 219 212 210
0.233334 0.162872 -0.023163 165 156 154
0.235077 0.163893 -0.014449 172 163 156
0.235007 0.165440 -0.008074 183 173 167
0.233590 0.166792 0.004963 181 172 167
0.234454 0.162971 0.026193 180 176 169
0.235441 0.167202 0.037713 182 170 164
0.234558 0.166252 0.045707 186 175 169
0.235670 0.164166 0.054964 186 177 170
0.235763 0.163715 0.065063 182 175 170
0.237335 0.161717 0.072388 180 174 168
0.236756 0.163144 0.095537 196 190 184
0.236008 0.164834 0.104863 183 178 172
0.234001 0.167979 0.115532 210 203 200
0.234611 0.175380 -0.024457 158 151 146
0.234375 0.174722 -0.015386 177 165 156
0.234591 0.175188 -0.005468 182 173 166
0.236170 0.174499 0.003958 182 173 165
0.238899 0.171094 0.011851 184 177 170
0.234242 0.174018 0.036479 192 181 175
0.235638 0.174227 0.044045 188 179 173
0.234862 0.174792 0.055579 176 166 160
0.236404 0.173829 0.063039 171 163 157
0.234826 0.179012 0.086507 162 155 150
0.236336 0.177067 0.095794 177 171 167
0.235711 0.179224 0.107255 187 180 175
0.233108 0.174765 0.116490 208 200 198
0.233795 0.175335 0.123340 216 208 205
0.236087 0.185574 -0.022947 153 148 144
0.235647 0.185545 -0.013804 185 174 167
0.235104 0.185532 -0.006880 183 173 166
0.235366 0.186671 0.004402 182 173 167
0.233468 0.187584 0.016704 178 169 164
0.234755 0.185045 0.025048 181 172 167
0.233041 0.184973 0.035221 179 169 162
0.234353 0.185525 0.045586 178 169 163
0.234905 0.184891 0.054880 171 164 158
0.236142 0.185448 0.062787 168 160 156
0.233648 0.186524 0.076360 173 167 162
0.235578 0.183872 0.084087 164 159 154
0.234856 0.185820 0.095844 168 163 158
0.235071 0.183311 0.106052 184 179 176
0.234452 0.185016 0.116433 206 198 193
0.235204 0.184816 0.124619 208 200 197
0.234663 0.195186 -0.024584 135 129 126
0.234506 0.194466 -0.016017 148 144 140
0.234213 0.193300 -0.004842 176 169 164
0.234833 0.193041 0.002438 180 174 169
0.232748 0.196683 0.036061 151 142 135
0.235808 0.195229 0.044464 149 142 138
0.235262 0.194582 0.054848 148 138 133
0.234435 0.194501 0.075770 174 168 164
0.234793 0.196718 0.085087 187 180 176
0.236363 0.196904 0.093479 172 185 181
0.232863 0.192965 0.105272 192 180 172
0.233321 0.191337 0.114254 178 168 163
0.233765 0.203933 -0.014740 154 146 141
0.234694 0.203393 -0.005474 137 130 124
0.234500 0.206665 0.004359 162 152 145
0.236170 0.205625 0.013784 133 123 118
0.236075 0.203962 0.023184 170 162 158
0.236423 0.204114 0.033438 150 143 137
0.232436 0.204894 0.058337 184 180 178
0.234101 0.204499 0.066225 173 170 167
0.234823 0.203566 0.074871 170 168 165
0.234025 0.204066 0.085236 161 171 167
0.235892 0.204115 0.093578 193 192 188
0.236811 0.206443 0.105432 191 201 192
0.236009 0.202665 0.112868 223 218 209
0.235942 0.216385 -0.022401 158 157 154
0.235458 0.215310 -0.016229 158 152 149
0.234653 0.213938 -0.005146 164 156 149
0.235014 0.214575 0.004974 164 157 151
0.235572 0.215877 0.016056 173 163 157
0.235792 0.214645 0.025095 160 151 145
0.237238 0.216271 0.033539 170 162 154
0.235091 0.214762 0.054508 178 178 176
0.236391 0.215792 0.064682 177 177 177
0.234493 0.213933 0.075634 178 173 172
0.234320 0.215099 0.086602 154 188 181
0.236342 0.212486 0.093088 170 187 183
0.233990 0.227034 -0.005273 147 140 135
0.233984 0.225540 0.004697 162 151 146
0.234767 0.223890 0.014491 169 157 151
0.234659 0.225683 0.024036 148 136 128
0.238730 0.224661 0.036189 175 167 162
0.236228 0.226713 0.047607 170 170 165
0.237197 0.226336 0.055000 165 179 175
0.236121 0.224315 0.063379 193 190 187
0.233089 0.235043 -0.005889 142 135 130
0.232443 0.235131 0.004715 137 128 123
0.232960 0.234367 0.013718 148 137 132
0.233332 0.235859 0.024828 134 128 126
0.235221 0.237286 0.037702 169 174 171
0.236436 0.235563 0.044648 148 166 164
0.235981 0.235115 0.052159 123 167 162
0.233687 0.234465 0.066572 200 194 194
0.235903 0.237070 0.072596 206 198 198
0.235544 0.245559 -0.022314 92 122 116
0.234269 0.243875 -0.016121 104 108 103
0.234941 0.243042 -0.006291 156 155 150
0.234267 0.246639 0.027839 143 167 161
0.235217 0.243497 0.034607 116 159 152
0.236379 0.243604 0.043720 91 172 166
0.235023 0.245570 0.056081 170 182 181
0.234110 0.243595 0.066548 206 201 199
0.236032 0.242639 0.072505 212 204 202
0.233623 0.256342 0.025319 118 185 176
0.234842 0.253242 0.034146 56 172 161
0.235368 0.286374 -0.022122 4 142 139
0.234654 0.294918 -0.022119 6 138 136
0.234843 0.305189 -0.022148 4 133 132
0.236354 0.304619 -0.016325 24 160 154
0.235068 0.315034 -0.022146 6 134 132
0.235716 0.317051 -0.017891 10 168 162
0.234928 0.325011 -0.021440 5 138 134
0.235524 0.326067 -0.018032 10 171 164
0.233477 0.333390 -0.020790 6 142 140
0.235383 0.335958 -0.017887 9 152 148
0.235031 0.345125 -0.016298 9 152 149
0.234948 0.355038 -0.014830 11 154 151
0.235081 0.364918 -0.014425 9 156 152
0.234467 0.374300 -0.014249 12 161 159
0.234898 0.384950 -0.016460 10 156 156
0.234525 0.393074 -0.017895 8 152 151
0.236482 0.407631 -0.032345 57 64 64
0.234902 0.403437 -0.024967 52 130 128
0.244042 -0.573805 -0.072698 146 151 152
0.244580 -0.563030 -0.066334 110 132 132
0.245425 -0.553257 -0.075192 1 124 114
0.244966 -0.557283 -0.067325 93 158 152
0.248538 -0.547834 -0.080213 0 126 116
0.244636 -0.544995 -0.076524 0 127 116
0.245594 -0.535064 -0.074339 0 129 118
0.245206 -0.525048 -0.074257 0 128 118
0.245668 -0.515059 -0.074176 0 130 120
0.245907 -0.505071 -0.073561 0 132 122
0.246506 -0.495379 -0.072590 0 134 123
0.247467 -0.485543 -0.071480 0 135 124
0.243075 -0.484396 -0.068343 0 134 122
0.243749 -0.475020 -0.067444 1 134 124
0.244141 -0.464883 -0.066478 0 134 124
0.244915 -0.454920 -0.065504 1 134 125
0.245198 -0.444982 -0.063835 1 134 126
0.246381 -0.435748 -0.062077 1 136 126
0.241916 -0.433092 -0.058470 2 138 128
0.248710 -0.427811 -0.060786 0 136 126
0.244423 -0.424518 -0.056995 0 138 128
0.245298 -0.415203 -0.053987 1 138 128
0.246353 -0.406325 -0.051845 1 138 128
0.242774 -0.402926 -0.048490 2 140 130
0.244642 -0.394718 -0.047210 3 142 132
0.244977 -0.384978 -0.045197 4 140 132
0.246090 -0.376652 -0.042450 4 139 130
0.242978 -0.372554 -0.038260 5 140 132
0.244717 -0.364733 -0.036342 4 136 128
0.245251 -0.355719 -0.033316 0 132 124
0.244737 -0.344237 -0.026427 0 132 124
0.244886 -0.334962 -0.024350 0 130 122
0.245046 -0.324920 -0.022568 0 125 118
0.244996 -0.315074 -0.021706 1 110 108
0.245212 -0.306437 -0.021398 1 100 98
0.244890 -0.294076 -0.017818 0 88 86
0.243128 -0.287286 -0.013850 2 82 82
0.245002 -0.283991 -0.005591 2 81 79
0.246963 -0.282621 0.004056 4 78 78
0.248472 -0.281406 0.013526 6 73 72
0.242927 -0.278846 0.006369 1 82 81
0.243412 -0.277179 0.015396 4 82 78
0.244016 -0.275529 0.024813 4 66 65
0.244739 -0.273760 0.035028 50 79 78
0.244501 -0.274572 0.046169 170 176 171
0.246982 -0.271929 0.054797 211 206 200
0.241067 -0.269377 0.047116 208 206 202
0.244257 -0.266374 0.057271 215 208 201
0.245999 -0.263308 0.061391 216 204 202
0.245247 -0.254368 0.055969 227 214 208
0.244462 -0.258576 0.060941 220 207 204
0.245732 -0.242681 0.047841 223 209 202
0.246294 -0.247100 0.051753 225 212 205
0.247351 -0.231827 0.038711 220 206 199
0.244334 -0.236355 0.043309 220 207 200
0.245178 -0.224891 0.036202 222 209 200
0.241182 -0.228861 0.040768 216 201 196
0.245337 -0.215675 0.024661 236 224 210
0.245057 -0.215901 0.032784 223 209 200
0.245710 -0.204863 0.025655 228 215 205
0.243672 -0.208362 0.030542 217 202 198
0.245029 -0.194944 0.024742 226 211 204
0.247092 -0.183439 0.018167 228 216 202
0.243908 -0.185354 0.022680 230 216 207
0.246601 -0.174158 0.017408 224 214 200
0.244635 -0.175116 0.023007 229 214 207
0.245236 -0.163789 -0.034345 2 120 111
0.247086 -0.163392 0.017754 230 216 208
0.243732 -0.165602 0.021890 229 214 207
0.244853 -0.155062 -0.033983 2 150 137
0.245491 -0.155167 -0.004039 167 168 153
0.246357 -0.154866 0.005467 184 182 167
0.245540 -0.155578 0.016912 228 216 207
0.242234 -0.156786 0.021196 229 213 206
0.245278 -0.143839 -0.032101 2 138 126
0.247111 -0.143495 0.006334 219 208 201
0.245277 -0.146299 0.016956 229 216 209
0.242133 -0.145543 0.021228 240 226 220
0.243624 -0.134985 -0.031161 3 141 128
0.245731 -0.133072 -0.025912 8 149 141
0.245548 -0.132900 -0.015392 83 184 178
0.245254 -0.135313 -0.004984 188 220 213
0.244621 -0.137572 0.005437 221 230 222
0.242545 -0.138923 0.014543 240 232 224
0.246025 -0.124865 -0.030913 6 140 126
0.245319 -0.124240 -0.026632 9 155 146
0.245527 -0.115840 -0.031115 9 156 142
0.244454 -0.114496 -0.027028 10 154 145
0.246136 -0.103994 -0.031077 4 137 126
0.245447 -0.105702 -0.027183 10 153 143
0.245686 -0.096493 -0.030523 4 133 124
0.245882 -0.094943 -0.026375 8 151 142
0.248648 -0.085960 -0.030197 4 133 124
0.244798 -0.085109 -0.027001 9 154 146
0.244904 -0.074877 -0.026786 10 154 147
0.245036 -0.065033 -0.025853 7 152 144
0.245154 -0.055204 -0.024262 6 152 144
0.245033 -0.044798 -0.024073 5 150 143
0.245275 -0.035337 -0.024940 3 140 134
0.244950 -0.024912 -0.025130 3 125 119
0.243009 -0.023807 -0.013491 68 120 118
0.243206 -0.023828 -0.004295 130 160 156
0.242363 -0.022038 0.004188 175 184 179
0.245229 -0.015319 -0.024287 4 102 96
0.245355 -0.015812 -0.015614 10 77 69
0.244011 -0.015341 -0.004676 120 143 137
0.244158 -0.014748 0.005993 189 195 188
0.243800 -0.016045 0.013135 176 184 179
0.244868 -0.004827 -0.024098 6 98 94
0.244094 -0.002993 -0.015428 14 81 76
0.243397 -0.005012 -0.004236 136 159 154
0.244629 -0.005531 0.005052 204 208 200
0.243601 -0.004386 0.010935 200 204 199
0.247593 0.002111 -0.022046 5 89 87
0.245778 0.004355 -0.014913 38 100 95
0.244526 0.005845 -0.004152 145 159 151
0.244058 0.004170 0.002127 195 196 188
0.241051 0.006025 0.014289 206 200 192
0.241425 0.008595 0.023083 210 203 196
0.244015 0.005413 0.045236 182 186 182
0.245957 0.015449 -0.022408 54 113 110
0.245202 0.014976 -0.015843 74 115 110
0.245324 0.016166 -0.004754 178 184 176
0.243369 0.014899 0.003089 215 207 195
0.242543 0.012523 0.026502 202 199 189
0.241295 0.017790 0.034737 186 186 173
0.246478 0.023503 -0.022120 50 105 100
0.246215 0.023895 -0.015622 83 123 116
0.246712 0.023172 -0.004241 192 190 181
0.245375 0.021873 0.001656 200 198 188
0.245393 0.025837 0.036154 124 140 136
0.243982 0.026928 0.043912 162 174 167
0.243364 0.037242 -0.023419 14 86 78
0.244421 0.036771 -0.013512 102 122 111
0.244280 0.034665 -0.007473 192 190 178
0.246908 0.034002 0.024992 134 146 144
0.245098 0.032777 0.036251 162 174 174
0.244236 0.035062 0.044460 157 168 166
0.244417 0.033713 0.054520 174 182 176
0.243812 0.036583 0.062953 184 188 182
0.246414 0.044751 -0.021810 11 63 57
0.245668 0.044714 -0.015407 105 132 124
0.244225 0.045529 -0.004787 202 197 186
0.244560 0.047929 0.002138 204 198 186
0.245602 0.042487 0.046611 158 164 163
0.244116 0.042620 0.053290 153 160 158
0.245469 0.041771 0.073623 173 178 174
0.246917 0.046087 0.086861 171 176 172
0.241946 0.046631 0.097071 151 154 154
0.243057 0.047998 0.102990 154 158 159
0.246221 0.056595 -0.021010 76 109 105
0.247154 0.054470 -0.014704 140 155 148
0.245449 0.054498 -0.003693 200 193 183
0.246134 0.051519 0.005159 204 196 184
0.243042 0.057952 0.045883 166 166 164
0.241305 0.059052 0.052236 152 154 152
0.240974 0.059534 0.066485 156 156 159
0.246755 0.063537 -0.022341 107 123 120
0.243778 0.067053 -0.014534 109 112 107
0.244918 0.064233 -0.006846 158 158 154
0.243333 0.064270 0.036380 108 132 126
0.245119 0.064223 0.046495 109 136 132
0.245648 0.063611 0.054806 144 146 146
0.246741 0.065373 0.063832 137 142 142
0.243333 0.064131 0.075032 162 166 168
0.243475 0.063423 0.083868 154 157 159
0.246545 0.072073 -0.021783 135 142 132
0.245586 0.073978 -0.014399 171 169 162
0.244015 0.075248 -0.007010 186 180 172
0.245365 0.075004 0.003977 170 168 162
0.246084 0.074898 0.047729 70 118 118
0.245704 0.075605 0.054917 86 126 126
0.247953 0.076863 0.062741 84 124 124
0.247991 0.076462 0.104843 154 156 156
0.249614 0.078534 0.111807 133 135 135
0.244968 0.084729 -0.012349 166 165 156
0.244254 0.084004 -0.006013 133 148 140
0.240845 0.087401 0.000731 70 112 109
0.245265 0.084471 0.027396 153 174 177
0.244639 0.083258 0.037325 154 161 162
0.244187 0.085011 0.045744 155 159 160
0.245171 0.085821 0.054514 150 156 157
0.245750 0.084538 0.064619 118 137 136
0.245785 0.086678 0.073350 156 160 160
0.243357 0.083488 0.096958 90 125 125
0.243172 0.085755 0.105831 135 147 146
0.243625 0.085312 0.112509 134 146 145
0.244765 0.097232 -0.023133 151 156 156
0.244701 0.095063 -0.016140 108 140 134
0.243837 0.095559 -0.006541 144 148 147
0.246852 0.093012 0.045411 150 152 154
0.246769 0.093808 0.054803 143 146 147
0.245781 0.092957 0.066253 154 158 157
0.245454 0.092178 0.073419 158 162 161
0.245777 0.104503 -0.022741 75 125 118
0.244138 0.105948 -0.017356 132 155 147
0.243774 0.105076 -0.005543 187 185 181
0.241373 0.106435 0.004265 186 182 178
0.243606 0.105949 0.037212 119 147 143
0.246657 0.105581 0.044888 116 147 144
0.245534 0.106582 0.052140 83 132 129
0.246754 0.112173 -0.023755 139 162 152
0.245682 0.115798 -0.015697 195 189 178
0.241957 0.113743 0.027543 136 138 136
0.244548 0.114419 0.035693 165 164 161
0.245623 0.116310 0.045161 149 151 149
0.247116 0.116415 0.055139 140 153 151
0.247674 0.116714 0.061883 138 148 148
0.245033 0.114299 0.075871 156 150 148
0.245503 0.124365 -0.013974 154 148 143
0.244604 0.124829 -0.005076 112 113 110
0.244628 0.127250 0.004782 161 160 159
0.244509 0.121184 0.024717 187 182 180
0.243387 0.121381 0.035984 160 156 154
0.246096 0.121013 0.042850 166 162 161
0.245596 0.123971 0.057302 159 157 155
0.245338 0.124887 0.063557 165 160 156
0.242756 0.125097 0.076839 175 166 162
0.243643 0.122331 0.083005 174 166 163
0.243790 0.125238 0.096256 158 152 146
0.244651 0.137629 -0.025500 138 152 151
0.244319 0.135055 -0.016672 154 154 151
0.244569 0.135516 0.054764 180 175 170
0.245881 0.134598 0.063097 187 181 175
0.244665 0.131597 0.072370 180 174 171
0.245826 0.134589 0.084376 184 182 179
0.246903 0.142111 -0.026062 85 129 124
0.244638 0.141940 -0.015459 126 151 146
0.248745 0.141374 -0.008567 96 134 124
0.241183 0.145426 0.004479 174 169 166
0.241472 0.146839 0.015310 153 147 142
0.243635 0.144891 0.024694 150 142 135
0.243772 0.146331 0.036337 170 163 158
0.245143 0.146385 0.045534 178 174 170
0.243178 0.145321 0.056623 174 170 165
0.244759 0.141235 0.061504 182 176 173
0.246929 0.147608 0.087082 198 201 196
0.246554 0.145727 0.091284 198 200 194
0.244062 0.155543 -0.022743 166 165 156
0.243571 0.157295 -0.016138 147 146 138
0.241881 0.153797 0.005315 152 144 138
0.244395 0.155655 0.027180 163 158 156
0.244493 0.154669 0.034999 176 169 166
0.244880 0.155369 0.044490 165 160 156
0.242344 0.155089 0.054458 172 164 162
0.243190 0.156607 0.066863 150 148 142
0.244249 0.155937 0.075590 180 177 173
0.245837 0.154964 0.082772 187 185 182
0.245656 0.164450 -0.022995 91 98 93
0.243761 0.163004 -0.014885 143 136 127
0.243554 0.164075 -0.006539 159 157 154
0.242437 0.168597 0.018243 190 180 174
0.244790 0.165829 0.025186 196 187 182
0.243269 0.165502 0.056475 161 151 145
0.244002 0.163337 0.065259 167 162 156
0.245455 0.162645 0.073653 178 173 168
0.246197 0.161424 0.082632 164 162 158
0.241833 0.164844 0.096635 156 154 149
0.242382 0.165101 0.104345 178 176 173
0.245391 0.164912 0.111146 192 190 189
0.245389 0.176488 -0.023375 150 151 149
0.244866 0.175884 -0.015061 160 158 152
0.245752 0.175044 -0.007160 132 136 133
0.242667 0.177867 0.007135 180 170 164
0.244764 0.174688 0.013449 182 173 168
0.245692 0.175637 0.045626 186 180 176
0.245112 0.175516 0.055935 186 182 177
0.245732 0.173442 0.063598 178 172 168
0.247092 0.175556 0.073034 167 161 156
0.248182 0.177183 0.082850 156 151 148
0.243094 0.174405 0.095716 172 170 168
0.244645 0.183957 -0.022688 158 154 152
0.244524 0.185919 -0.015792 155 149 142
0.243627 0.186847 -0.005565 166 159 152
0.244336 0.185037 0.003477 170 163 158
0.243409 0.187118 0.012392 163 160 153
0.245780 0.186954 0.023444 159 154 149
0.244047 0.186876 0.037590 171 166 162
0.244982 0.185322 0.045116 174 170 166
0.245475 0.185186 0.054961 171 166 162
0.246783 0.185038 0.063791 159 152 150
0.245346 0.183245 0.073439 152 150 148
0.247516 0.185093 0.083202 168 166 163
0.240914 0.184761 0.117795 193 188 184
0.241306 0.184326 0.124906 207 202 200
0.243067 0.194662 -0.023827 126 127 127
0.245382 0.193141 -0.014243 122 125 120
0.245984 0.193679 -0.006582 141 143 137
0.245261 0.194372 0.003445 125 131 124
0.246879 0.191135 0.012598 117 123 119
0.245373 0.194581 0.024514 176 172 166
0.244866 0.196296 0.036297 163 158 154
0.243688 0.194983 0.045541 158 152 148
0.244631 0.193724 0.054772 131 131 126
0.243804 0.194442 0.076326 178 181 178
0.245246 0.193227 0.085276 177 174 169
0.243693 0.197677 0.096659 140 164 159
0.246401 0.196170 0.103180 177 185 183
0.245128 0.204381 -0.015012 152 149 146
0.245772 0.201814 -0.005131 117 122 116
0.244206 0.203836 0.004502 168 159 153
0.244275 0.208183 0.015712 161 155 150
0.244135 0.206327 0.025362 171 164 160
0.246360 0.206707 0.035324 135 133 133
0.245542 0.204263 0.044982 140 139 134
0.245161 0.205897 0.055531 170 166 163
0.244755 0.206230 0.066397 166 164 161
0.244792 0.205198 0.075908 139 156 151
0.244992 0.203618 0.086167 127 162 158
0.243815 0.202652 0.094580 139 170 167
0.244573 0.204130 0.103803 195 190 187
0.242096 0.202690 0.112391 234 228 220
0.243295 0.216814 -0.021804 150 150 148
0.245199 0.215554 -0.015808 147 144 142
0.245437 0.212983 -0.005666 152 148 144
0.245418 0.214167 0.005456 172 170 166
0.243152 0.213825 0.015642 166 160 156
0.243211 0.212806 0.025837 168 160 159
0.244388 0.212440 0.033230 143 138 136
0.247628 0.216363 0.047263 174 170 167
0.245394 0.215675 0.056085 130 151 146
0.244906 0.215340 0.065657 135 167 162
0.245781 0.212381 0.073771 126 174 169
0.243094 0.215244 0.087337 162 169 164
0.244346 0.215151 0.095782 189 188 182
0.245705 0.212410 0.102112 212 211 204
0.243818 0.225397 -0.003880 146 148 144
0.246711 0.223881 0.003674 113 114 113
0.246913 0.221573 0.013912 110 113 112
0.244337 0.226287 0.047061 174 170 166
0.244917 0.225279 0.054499 158 174 170
0.244225 0.224490 0.064253 127 173 169
0.246399 0.226228 0.074312 178 175 174
0.245278 0.224356 0.085291 202 197 192
0.245637 0.220736 0.091793 207 200 196
0.244379 0.234814 0.039304 168 168 165
0.245608 0.232942 0.044744 170 169 165
0.244995 0.232957 0.053448 138 163 159
0.245903 0.235002 0.065084 198 191 188
0.246330 0.233929 0.074495 205 200 198
0.244330 0.248677 0.028251 170 172 169
0.244670 0.244439 0.034682 150 156 152
0.245014 0.244872 0.045961 164 176 172
0.244436 0.244414 0.054984 188 190 186
0.244750 0.244501 0.064775 200 195 193
0.245189 0.242527 0.075820 218 211 208
0.246670 0.255611 0.024762 163 183 179
0.247423 0.254563 0.035150 142 181 173
0.244344 0.265117 -0.013346 30 118 114
0.246193 0.264373 -0.006009 113 169 166
0.246182 0.260483 0.021577 134 186 180
0.246057 0.277394 -0.022523 2 132 130
0.245115 0.285237 -0.023011 4 129 127
0.245230 0.294810 -0.022620 4 128 126
0.244931 0.305130 -0.022653 4 125 122
0.245026 0.315039 -0.022066 4 124 122
0.247096 0.316947 -0.017647 10 160 153
0.244414 0.323858 -0.020913 5 128 126
0.246232 0.327117 -0.018006 5 142 137
0.245108 0.335266 -0.016943 10 146 142
0.245002 0.344862 -0.015080 9 147 142
0.244972 0.355004 -0.014583 10 149 144
0.245128 0.364546 -0.014126 8 150 144
0.243454 0.374383 -0.013724 11 160 157
0.247140 0.375903 -0.008578 14 168 162
0.244888 0.384831 -0.016617 10 156 154
0.244399 0.392948 -0.018189 8 152 152
0.245094 0.407488 -0.032704 86 90 92
0.245021 0.402978 -0.024799 48 118 118
0.254850 -0.562713 -0.066167 130 139 142
0.256995 -0.551789 -0.080535 1 126 115
0.254737 -0.554625 -0.075815 3 125 114
0.254855 -0.558302 -0.067590 128 176 172
0.254590 -0.546280 -0.080533 0 126 116
0.254088 -0.543917 -0.079388 0 127 118
0.256422 -0.534010 -0.080599 1 128 118
0.253654 -0.536080 -0.078907 0 128 118
0.254654 -0.523334 -0.078537 0 130 118
0.254948 -0.514921 -0.077353 0 130 119
0.254996 -0.505018 -0.076513 0 130 120
0.254957 -0.495022 -0.074908 0 132 122
0.254954 -0.485053 -0.072615 1 134 124
0.255839 -0.477035 -0.071567 2 135 126
0.256707 -0.463259 -0.068752 2 135 126
0.255398 -0.454654 -0.067670 2 136 126
0.255084 -0.445070 -0.066175 1 136 126
0.255006 -0.435127 -0.064407 0 135 126
0.255251 -0.426607 -0.062084 0 136 126
0.252787 -0.421915 -0.059299 0 136 128
0.254713 -0.414584 -0.057383 0 138 128
0.255163 -0.405170 -0.054475 1 140 130
0.255943 -0.395074 -0.051755 2 140 131
0.251760 -0.392751 -0.049448 2 141 132
0.256823 -0.387434 -0.050819 1 140 131
0.253299 -0.384344 -0.048099 2 139 131
0.254874 -0.374855 -0.044315 1 138 130
0.256629 -0.366373 -0.041566 0 136 128
0.252922 -0.363117 -0.038562 1 136 128
0.255027 -0.355031 -0.036025 0 130 123
0.256462 -0.345914 -0.031923 0 126 118
0.252685 -0.342965 -0.028831 0 128 120
0.254809 -0.334877 -0.027198 0 126 118
0.255014 -0.325047 -0.024596 0 118 112
0.254899 -0.315339 -0.021951 1 107 102
0.252902 -0.307137 -0.021044 3 94 94
0.255596 -0.303296 -0.018467 3 92 90
0.254112 -0.297136 -0.015177 2 88 88
0.255786 -0.293799 -0.005097 4 83 84
0.256869 -0.292153 0.004370 6 74 76
0.256308 -0.290432 0.012519 15 74 76
0.252586 -0.287884 0.005902 6 73 74
0.253334 -0.285836 0.015135 7 68 67
0.257838 -0.284855 0.036209 77 102 100
0.255688 -0.284356 0.045992 98 126 120
0.257677 -0.282431 0.054131 201 203 196
0.258961 -0.280950 0.061087 210 202 195
0.251969 -0.278002 0.037563 48 78 74
0.252877 -0.276801 0.046336 128 142 139
0.253750 -0.274471 0.056990 209 205 197
0.256995 -0.273724 0.062512 217 208 201
0.253018 -0.266986 0.058126 232 220 211
0.254997 -0.264910 0.062664 214 204 201
0.254550 -0.254938 0.054756 224 213 206
0.254407 -0.258973 0.060408 217 208 204
0.258777 -0.241488 0.038928 219 209 203
0.255370 -0.244305 0.045919 222 211 204
0.252877 -0.247958 0.051439 225 213 205
0.255979 -0.234012 0.036858 221 209 203
0.253364 -0.237021 0.042504 216 202 200
0.255983 -0.223933 0.025753 238 228 214
0.254915 -0.225048 0.034769 223 210 205
0.258226 -0.213302 0.026665 227 216 207
0.254423 -0.216178 0.032339 224 210 202
0.255077 -0.204699 0.026730 220 207 200
0.254345 -0.208862 0.030669 215 201 198
0.255726 -0.194735 0.014478 215 204 188
0.254627 -0.195571 0.023608 224 210 203
0.256269 -0.184974 0.005513 198 188 171
0.255005 -0.184529 0.015127 221 208 198
0.252342 -0.185902 0.021814 228 213 206
0.258180 -0.170292 -0.034825 1 96 85
0.257743 -0.174147 -0.004180 180 172 154
0.256748 -0.174390 0.006525 211 198 188
0.253768 -0.175752 0.014025 222 210 200
0.251818 -0.175837 0.021696 235 218 216
0.255176 -0.164650 -0.035080 2 122 110
0.256542 -0.164525 -0.024552 70 102 90
0.257104 -0.164180 -0.014675 131 146 130
0.255742 -0.165273 -0.004252 179 177 158
0.255663 -0.165018 0.005427 210 199 187
0.253160 -0.165372 0.014506 224 210 202
0.251085 -0.168702 0.020951 238 221 218
0.255608 -0.154406 -0.033180 3 130 118
0.256033 -0.155517 -0.001717 188 185 174
0.254391 -0.156557 0.003739 201 194 184
0.251871 -0.156112 0.013014 224 210 202
0.254661 -0.143965 -0.032449 2 130 118
0.258114 -0.142534 -0.023962 35 131 123
0.257850 -0.142444 -0.014473 170 201 194
0.256726 -0.144757 -0.004533 206 202 197
0.254607 -0.146244 0.005217 221 210 204
0.251759 -0.147400 0.013515 230 218 212
0.255525 -0.136127 -0.031385 3 129 116
0.255017 -0.133390 -0.026599 8 143 134
0.253630 -0.137463 -0.016671 127 189 182
0.251224 -0.139106 -0.005856 199 200 194
0.255553 -0.124315 -0.030831 4 131 119
0.254163 -0.125680 -0.027242 6 147 138
0.255516 -0.114611 -0.030915 8 136 125
0.255152 -0.114665 -0.027142 10 151 142
0.256020 -0.104214 -0.031146 5 131 120
0.253174 -0.104935 -0.027928 9 149 141
0.256271 -0.096065 -0.031326 3 129 118
0.253993 -0.094114 -0.027582 8 146 137
0.256724 -0.088291 -0.030326 6 134 122
0.255465 -0.084815 -0.026482 7 147 138
0.255852 -0.076117 -0.025906 10 150 141
0.255097 -0.064767 -0.026239 7 148 140
0.255052 -0.055064 -0.025014 5 146 139
0.254977 -0.045198 -0.024054 6 146 140
0.255003 -0.034894 -0.025894 5 137 130
0.255378 -0.025340 -0.025935 2 122 117
0.253944 -0.014048 -0.024190 10 109 104
0.255506 -0.015201 -0.014509 48 101 98
0.254465 -0.014054 -0.004212 177 192 188
0.252609 -0.012414 0.004105 210 210 201
0.255900 -0.005773 -0.024996 6 104 102
0.255128 -0.005424 -0.014813 30 92 87
0.254308 -0.003875 -0.003594 164 187 180
0.254621 -0.004164 0.004435 218 219 210
0.255685 0.002963 -0.023379 14 104 99
0.256093 0.003769 -0.015457 40 96 90
0.255131 0.004424 -0.005200 155 171 163
0.257300 0.002298 0.004057 237 233 224
0.253421 0.016842 -0.024039 69 113 110
0.254759 0.015930 -0.014045 96 120 115
0.255371 0.014859 -0.004990 142 144 134
0.254691 0.024796 -0.022792 49 106 102
0.254417 0.026126 -0.015136 86 127 121
0.254345 0.024257 -0.005530 176 183 175
0.253575 0.026324 0.002425 124 151 142
0.251451 0.028835 0.036537 118 147 145
0.256753 0.033227 -0.023496 62 116 109
0.255927 0.033522 -0.014840 82 122 113
0.255925 0.034392 -0.006857 173 186 175
0.256902 0.031612 0.003077 112 154 147
0.253244 0.033551 0.035620 128 159 158
0.254952 0.046037 -0.023437 14 72 66
0.255586 0.044383 -0.014504 101 118 110
0.253881 0.044447 -0.006960 190 185 173
0.253457 0.043636 0.036821 140 150 150
0.256203 0.046315 0.044448 146 154 153
0.254928 0.053211 -0.022328 52 88 84
0.255907 0.053782 -0.015115 83 113 105
0.254930 0.054784 -0.004822 188 186 176
0.255911 0.055149 0.054685 153 158 157
0.254550 0.065972 -0.023061 98 124 116
0.254875 0.065303 -0.015431 88 111 103
0.256294 0.063238 -0.005084 196 190 178
0.253134 0.068039 0.064714 87 106 107
0.252290 0.069057 0.071880 82 106 108
0.255170 0.074501 -0.022352 106 121 112
0.253752 0.076073 -0.015811 132 132 123
0.255398 0.072253 -0.007170 151 152 144
0.252444 0.075323 0.047692 46 102 99
0.253092 0.076316 0.056123 50 102 100
0.255906 0.074991 0.064847 84 111 112
0.254259 0.075170 0.073900 150 155 156
0.253658 0.077899 0.107260 151 154 155
0.252839 0.078005 0.114853 162 165 166
0.257100 0.074491 0.125860 170 175 175
0.259368 0.082990 -0.020448 96 112 104
0.255045 0.083500 -0.013497 177 172 160
0.253187 0.086350 -0.007889 125 141 129
0.256143 0.084075 0.024057 106 148 146
0.252711 0.083345 0.037525 120 152 148
0.251585 0.085302 0.046305 104 121 122
0.252966 0.086583 0.054912 107 124 125
0.254278 0.085311 0.064993 95 116 116
0.254674 0.087210 0.074017 105 121 121
0.254500 0.088091 0.084587 102 106 108
0.251926 0.085851 0.097369 156 158 160
0.252471 0.085022 0.105509 157 159 160
0.253436 0.083328 0.114374 152 154 155
0.253745 0.097444 -0.022456 106 143 138
0.254276 0.095913 -0.014768 145 157 147
0.254675 0.096031 -0.007278 121 149 141
0.256107 0.095969 0.005028 75 134 132
0.253567 0.094773 0.016343 112 144 142
0.255418 0.095230 0.026033 108 138 136
0.255439 0.096278 0.036155 148 152 150
0.256362 0.097292 0.044749 152 154 153
0.254810 0.094455 0.055450 112 128 130
0.252590 0.092329 0.065510 127 139 140
0.254100 0.092745 0.074085 143 151 152
0.254154 0.105056 -0.021902 68 140 132
0.256182 0.104077 -0.017204 81 146 137
0.256448 0.101971 -0.005991 99 143 138
0.255817 0.105331 0.006344 140 144 142
0.253514 0.106583 0.045566 114 145 142
0.254122 0.106858 0.053211 81 130 128
0.257228 0.105195 0.095882 150 152 150
0.255578 0.113478 -0.022892 37 93 84
0.254703 0.117936 -0.016758 150 165 155
0.254835 0.113239 0.024496 158 166 159
0.252720 0.115853 0.036290 169 170 166
0.253350 0.113977 0.044900 128 134 130
0.254223 0.115969 0.055819 96 121 118
0.254915 0.116891 0.064620 104 135 132
0.256964 0.118108 0.072997 78 119 116
0.255265 0.116609 0.083040 177 174 171
0.254192 0.124823 -0.013335 150 157 150
0.253925 0.126631 -0.005621 70 93 89
0.253646 0.127118 0.004286 144 150 148
0.255499 0.127637 0.015150 160 160 158
0.257078 0.126994 0.023160 158 156 154
0.253520 0.124082 0.036590 164 165 164
0.256971 0.124754 0.055575 167 168 166
0.255255 0.122922 0.065270 162 166 165
0.256970 0.122087 0.073105 138 157 156
0.254999 0.124497 0.084772 175 174 172
0.257274 0.126818 0.094284 161 160 160
0.255187 0.138010 -0.022436 81 102 96
0.255747 0.136335 -0.016334 115 124 119
0.256110 0.136192 -0.006925 154 156 150
0.256412 0.135581 0.004918 164 164 162
0.257008 0.133594 0.012449 164 162 160
0.254096 0.136180 0.066567 188 183 180
0.255116 0.141714 -0.024021 49 90 83
0.254325 0.142521 -0.013526 110 140 132
0.255454 0.142599 -0.007309 109 144 136
0.257644 0.144524 0.006066 133 148 147
0.258057 0.145274 0.012982 176 170 168
0.252887 0.145962 0.046103 166 162 158
0.255089 0.145626 0.054409 166 164 161
0.255966 0.145845 0.064907 124 134 130
0.258207 0.145038 0.071259 88 107 103
0.256703 0.144682 0.114383 154 178 174
0.252918 0.155767 -0.023046 52 98 92
0.255560 0.155092 -0.016330 130 147 139
0.254178 0.154919 0.036086 165 163 160
0.254639 0.154358 0.044829 156 156 154
0.257103 0.152998 0.053370 150 152 149
0.255242 0.152964 0.066044 100 106 102
0.254172 0.154649 0.076096 76 102 97
0.255928 0.157681 0.084788 87 105 102
0.254364 0.155809 0.096090 176 175 172
0.254320 0.167546 -0.022078 90 114 110
0.255687 0.168268 -0.017992 107 120 117
0.258087 0.164827 0.003952 160 158 156
0.254169 0.168506 0.018079 180 176 172
0.257250 0.165343 0.025312 174 172 168
0.254988 0.167638 0.036541 194 192 188
0.255949 0.165893 0.046308 184 178 171
0.257109 0.163378 0.054575 181 176 168
0.255604 0.162870 0.065462 162 160 158
0.254605 0.164351 0.075043 169 172 170
0.255392 0.163606 0.085045 159 164 161
0.256441 0.163806 0.093591 152 154 154
0.253647 0.173682 -0.024257 132 136 135
0.254782 0.174151 -0.014447 144 148 145
0.256132 0.174313 -0.006683 157 158 154
0.254530 0.175339 0.003636 130 140 139
0.253825 0.175762 0.015486 150 150 148
0.254035 0.174247 0.026126 155 168 165
0.255908 0.173341 0.033678 155 167 163
0.252589 0.177842 0.046625 140 147 144
0.254544 0.177312 0.056348 172 170 167
0.255135 0.174876 0.064434 176 173 171
0.253159 0.175321 0.073887 165 160 156
0.254311 0.175607 0.082700 154 147 145
0.256389 0.178051 0.095733 192 196 192
0.254281 0.183946 -0.022502 166 163 160
0.255146 0.184837 -0.015611 138 138 133
0.254115 0.187066 -0.004099 159 154 151
0.255143 0.185829 0.003111 147 143 141
0.254044 0.187053 0.014279 84 97 91
0.253788 0.183876 0.025421 141 146 142
0.253911 0.185284 0.035523 147 148 147
0.254550 0.184376 0.045915 157 158 156
0.254463 0.184608 0.055878 172 170 168
0.254750 0.184575 0.064781 164 158 157
0.255390 0.184859 0.074166 145 149 147
0.252955 0.185359 0.084830 168 169 166
0.255790 0.183998 0.092263 184 189 185
0.253416 0.194454 -0.024061 143 141 140
0.255035 0.196180 -0.015067 128 130 124
0.253031 0.194699 -0.005202 147 148 142
0.253634 0.194530 0.005593 104 114 110
0.255704 0.195437 0.014316 75 98 93
0.258501 0.193507 0.026276 110 126 125
0.256626 0.193547 0.034261 154 154 152
0.256655 0.195561 0.045435 153 152 148
0.253428 0.193714 0.054296 188 184 182
0.255742 0.193897 0.065248 110 132 127
0.254299 0.193847 0.074917 164 167 165
0.254944 0.192591 0.084701 171 174 171
0.253886 0.195018 0.094789 125 173 169
0.253227 0.194492 0.102500 132 175 171
0.254649 0.204884 -0.012833 119 135 131
0.255160 0.203358 -0.006624 120 136 130
0.256709 0.202042 0.002567 97 119 114
0.251726 0.208654 0.017620 162 162 158
0.255913 0.205042 0.025608 130 139 135
0.255444 0.205070 0.035903 134 141 139
0.255181 0.204869 0.044572 110 119 117
0.254119 0.205489 0.053844 162 162 159
0.256576 0.203165 0.063311 144 152 148
0.253080 0.207358 0.077352 100 150 145
0.251961 0.205537 0.083571 108 153 150
0.250999 0.202249 0.095886 186 182 182
0.251055 0.202420 0.103048 188 186 185
0.255783 0.215709 -0.013855 103 124 121
0.256156 0.214251 -0.006425 97 116 113
0.255264 0.214594 0.004294 162 161 159
0.255029 0.213997 0.015079 165 164 162
0.256969 0.213076 0.025034 172 168 169
0.256332 0.214260 0.047297 150 152 150
0.254727 0.215456 0.055985 125 142 137
0.255530 0.215408 0.064585 138 157 154
0.255883 0.211758 0.073474 130 164 160
0.253430 0.224270 0.004435 135 136 134
0.255512 0.221120 0.013814 78 86 87
0.255829 0.224695 0.046044 156 159 158
0.254403 0.224826 0.055953 170 170 167
0.255630 0.224724 0.063131 177 175 174
0.254622 0.227823 0.074904 194 190 189
0.256368 0.237475 -0.005482 184 178 176
0.256960 0.236555 0.004335 151 146 144
0.255134 0.234165 0.036583 162 162 162
0.254083 0.234037 0.046243 168 169 166
0.255199 0.232929 0.054648 155 161 157
0.255250 0.233852 0.065247 171 174 171
0.254106 0.233762 0.075134 200 195 194
0.257833 0.237847 0.080508 218 210 210
0.256885 0.242922 -0.004740 160 151 146
0.254498 0.245854 0.036225 163 171 168
0.254016 0.244381 0.045307 147 168 165
0.254527 0.243429 0.054589 137 158 154
0.255220 0.244198 0.066745 191 188 185
0.254992 0.241901 0.075289 209 203 200
0.255774 0.243323 0.081575 235 224 220
0.253468 0.254615 0.025735 146 166 163
0.255816 0.254737 0.034575 146 173 169
0.256709 0.253517 0.044759 188 182 180
0.255082 0.254849 0.066255 224 217 212
0.255591 0.265168 0.006232 175 182 178
0.256668 0.263194 0.013521 188 186 183
0.255803 0.277897 -0.016338 5 116 114
0.252918 0.285458 -0.023123 5 122 118
0.256993 0.283156 -0.017915 9 120 112
0.253499 0.295161 -0.022974 6 122 118
0.253060 0.304534 -0.022395 5 120 117
0.256206 0.306843 -0.014620 58 143 136
0.258115 0.305446 -0.007725 86 155 144
0.253024 0.314208 -0.021241 6 119 116
0.256344 0.315594 -0.016322 19 133 124
0.259218 0.313721 -0.007590 65 148 124
0.254931 0.324962 -0.015699 8 135 129
0.254554 0.334844 -0.014800 9 139 134
0.258422 0.337457 -0.006385 13 159 151
0.259221 0.337564 0.001205 40 159 136
0.253983 0.345094 -0.014090 10 139 133
0.257255 0.342870 -0.006754 50 164 140
0.254363 0.354681 -0.013657 9 142 137
0.257718 0.355809 -0.006796 9 137 129
0.258382 0.356839 0.002855 31 124 114
0.253614 0.365234 -0.013331 9 145 139
0.257111 0.364728 -0.006968 46 155 147
0.257807 0.364479 0.004686 110 184 180
0.254868 0.372055 -0.013180 9 154 150
0.253681 0.374448 -0.006656 16 165 158
0.257408 0.376809 0.006564 38 165 158
0.258248 0.374528 0.014260 100 172 167
0.254404 0.385803 -0.015537 10 152 152
0.255312 0.383335 -0.005979 16 160 154
0.254219 0.397584 -0.021287 8 146 144
0.254821 0.393284 -0.018109 8 148 148
0.254415 0.407003 -0.033296 105 107 108
0.254744 0.402549 -0.024519 56 118 117
0.265888 -0.564506 -0.072170 68 152 142
0.264269 -0.562878 -0.067927 72 146 140
0.262561 -0.552262 -0.081053 0 124 112
0.265345 -0.555694 -0.076056 2 128 114
0.262616 -0.559341 -0.068863 20 146 130
0.262790 -0.546810 -0.081133 0 124 114
0.266270 -0.544567 -0.078747 0 122 113
0.261671 -0.536968 -0.080532 1 126 116
0.266164 -0.535159 -0.078779 0 124 115
0.265427 -0.524800 -0.078034 0 126 116
0.265018 -0.514957 -0.076541 0 128 118
0.264946 -0.505082 -0.075221 0 129 118
0.264977 -0.495150 -0.073527 0 130 118
0.264278 -0.486008 -0.071696 2 132 120
0.262611 -0.476781 -0.070863 3 134 124
0.267413 -0.473037 -0.068752 1 133 122
0.265649 -0.464584 -0.067767 2 134 124
0.265076 -0.455149 -0.066866 2 134 124
0.265001 -0.445008 -0.065290 0 134 124
0.264965 -0.435016 -0.063290 2 140 129
0.265143 -0.425206 -0.061533 1 138 129
0.266704 -0.416769 -0.060865 2 140 132
0.264174 -0.413287 -0.058829 1 139 130
0.265099 -0.404910 -0.056561 2 140 132
0.264942 -0.395047 -0.054325 1 140 132
0.265249 -0.386472 -0.051625 2 141 132
0.264773 -0.374238 -0.047264 0 138 130
0.265117 -0.365287 -0.044375 0 134 127
0.266712 -0.357084 -0.041344 0 128 123
0.263692 -0.353324 -0.038087 0 126 121
0.264957 -0.344929 -0.033920 0 119 114
0.266258 -0.337358 -0.031156 0 118 115
0.264079 -0.332980 -0.028641 0 119 114
0.264948 -0.325135 -0.025841 0 110 105
0.262914 -0.316308 -0.021700 4 103 99
0.266383 -0.314227 -0.016416 16 88 84
0.268861 -0.312152 -0.006982 79 106 102
0.262896 -0.305576 -0.015606 8 83 79
0.266919 -0.304652 -0.005084 74 106 102
0.269183 -0.303687 0.002537 130 142 138
0.261257 -0.298950 -0.012656 2 88 86
0.263305 -0.297841 -0.004810 30 90 87
0.266037 -0.296591 0.004973 106 132 130
0.266133 -0.293600 0.014906 128 146 144
0.266719 -0.292007 0.024681 135 144 142
0.267265 -0.290928 0.032384 127 134 132
0.263470 -0.288654 0.036692 120 132 130
0.264684 -0.287440 0.044949 156 162 160
0.263235 -0.285540 0.056635 191 193 186
0.265850 -0.282532 0.063457 204 200 193
0.265094 -0.271243 0.003594 180 173 154
0.263772 -0.274945 0.058940 223 216 206
0.265119 -0.274900 0.065340 219 210 202
0.266044 -0.263671 -0.002701 183 176 159
0.267045 -0.262290 0.058006 223 213 206
0.264464 -0.266505 0.063489 223 214 206
0.266986 -0.255807 -0.014530 28 121 108
0.266738 -0.254014 -0.003467 140 153 141
0.265144 -0.252846 0.003870 189 187 175
0.267582 -0.252411 0.016477 197 189 178
0.267157 -0.252513 0.025851 206 197 187
0.267005 -0.253134 0.035699 213 204 195
0.265149 -0.253824 0.046083 219 210 202
0.264345 -0.255809 0.054842 216 206 203
0.262435 -0.259457 0.060717 216 206 204
0.268527 -0.243419 -0.014366 102 157 147
0.267229 -0.245138 -0.004265 156 171 163
0.265262 -0.244580 0.005281 192 190 179
0.263940 -0.244199 0.014503 200 194 184
0.263762 -0.244540 0.025647 207 199 190
0.262579 -0.245290 0.035200 215 206 199
0.261847 -0.247970 0.043551 219 209 202
0.269456 -0.235926 -0.020268 4 100 94
0.267714 -0.234630 -0.016135 52 106 100
0.266566 -0.236160 -0.004619 159 178 171
0.265822 -0.236047 0.006036 196 194 186
0.263887 -0.234600 0.015019 201 196 186
0.262078 -0.234702 0.025674 212 204 197
0.260650 -0.235368 0.032372 220 210 204
0.268253 -0.228067 -0.014762 8 50 46
0.267462 -0.226770 -0.005111 135 148 142
0.267030 -0.225884 0.005025 190 190 184
0.266625 -0.225378 0.016578 206 199 191
0.263614 -0.223575 0.023806 219 208 201
0.260853 -0.225966 0.031851 224 212 207
0.267290 -0.216386 0.019165 220 209 202
0.264731 -0.215135 0.024211 216 204 196
0.260870 -0.217288 0.031314 220 206 205
0.266102 -0.205920 0.024404 222 209 200
0.265045 -0.194692 0.015033 222 210 197
0.264825 -0.196236 0.022517 220 206 199
0.264842 -0.184169 0.006397 208 196 180
0.265208 -0.185502 0.014917 211 196 189
0.264930 -0.189428 0.020394 220 206 201
0.265076 -0.170523 -0.034765 0 96 86
0.265476 -0.172560 -0.011864 156 156 138
0.265230 -0.174945 -0.005075 162 155 136
0.266130 -0.175802 0.004878 201 189 176
0.265847 -0.178651 0.011117 212 198 192
0.264678 -0.165111 -0.034566 4 124 112
0.266047 -0.163981 -0.025824 26 81 70
0.267333 -0.164346 -0.013031 123 134 121
0.265158 -0.164843 -0.004566 174 168 156
0.265957 -0.167129 0.001958 203 193 182
0.264620 -0.154679 -0.033252 4 125 113
0.267589 -0.153405 -0.024286 12 104 96
0.267809 -0.155508 -0.015209 99 127 118
0.263438 -0.156176 -0.004865 192 186 177
0.260375 -0.159183 0.000405 202 189 183
0.264598 -0.145252 -0.032582 2 125 113
0.266132 -0.144397 -0.026362 12 136 127
0.263376 -0.146842 -0.016527 104 180 173
0.260689 -0.148949 -0.007826 186 196 190
0.265088 -0.134880 -0.031676 2 122 111
0.265240 -0.135407 -0.027053 7 138 130
0.265232 -0.125064 -0.031090 3 123 112
0.265002 -0.124311 -0.027245 6 139 130
0.265387 -0.114642 -0.030834 6 129 117
0.264733 -0.115205 -0.027047 8 142 133
0.265247 -0.104432 -0.030936 5 126 114
0.265665 -0.104945 -0.027718 8 143 134
0.264744 -0.094613 -0.031092 1 122 110
0.265495 -0.094871 -0.027757 5 138 128
0.265617 -0.086426 -0.030757 4 125 114
0.265030 -0.084157 -0.027373 5 140 131
0.264959 -0.075027 -0.026377 8 143 134
0.265835 -0.071730 -0.018229 4 138 124
0.265650 -0.065755 -0.025893 7 140 131
0.265048 -0.054993 -0.025748 5 137 130
0.265123 -0.045069 -0.023808 7 138 131
0.264870 -0.034961 -0.026364 6 131 124
0.265157 -0.025011 -0.026805 4 124 117
0.265195 -0.015870 -0.025325 4 112 107
0.265074 -0.004691 -0.025261 6 100 96
0.265504 -0.002116 -0.015556 78 121 118
0.265218 -0.004082 -0.004472 194 202 195
0.263631 -0.003718 0.003156 216 215 206
0.264648 0.005720 -0.024045 11 102 96
0.263858 0.005660 -0.015310 60 113 107
0.265601 0.005173 -0.004991 185 198 192
0.265200 0.005405 0.004279 217 217 210
0.266941 0.012658 -0.023612 5 89 85
0.265029 0.014636 -0.014885 36 82 76
0.264507 0.016417 -0.004381 143 144 135
0.266135 0.012370 0.003386 244 240 230
0.264420 0.026067 -0.023129 48 95 92
0.264498 0.025734 -0.014964 36 82 77
0.264085 0.026076 -0.004895 186 186 178
0.265179 0.033726 -0.023051 46 94 88
0.265809 0.034642 -0.015734 74 117 111
0.265021 0.034147 -0.005414 161 177 167
0.263421 0.035812 0.004594 116 154 148
0.262974 0.047398 -0.023881 8 77 72
0.265422 0.044086 -0.012796 60 97 90
0.266555 0.043082 -0.006155 147 169 161
0.268354 0.046901 0.002732 99 136 132
0.262944 0.045802 0.044658 176 178 176
0.265005 0.055774 -0.022336 7 62 58
0.264133 0.055469 -0.016194 61 98 90
0.262186 0.058444 -0.005707 187 185 176
0.265182 0.054509 0.056487 172 176 172
0.264772 0.056674 0.062851 156 157 154
0.265089 0.064758 -0.021560 47 95 88
0.265096 0.065600 -0.016380 96 130 124
0.265516 0.064195 -0.004634 193 192 182
0.267403 0.063720 0.075554 148 150 148
0.263755 0.075853 -0.022311 86 112 106
0.264701 0.075584 -0.014789 74 87 80
0.265690 0.073578 -0.005540 194 196 186
0.264244 0.073555 0.056652 182 181 173
0.263552 0.075983 0.063912 172 173 167
0.266517 0.074416 0.086984 154 159 158
0.267340 0.075903 0.093558 143 147 146
0.263067 0.076000 0.114108 172 175 174
0.263706 0.083714 -0.021759 13 46 39
0.264558 0.085089 -0.015438 116 126 117
0.263460 0.086115 -0.007889 173 170 159
0.263400 0.084953 0.065900 144 149 146
0.264700 0.087331 0.075728 108 124 120
0.268647 0.089134 0.081126 126 134 130
0.261895 0.099030 -0.022961 102 142 135
0.265923 0.093479 -0.014086 143 152 139
0.265179 0.094889 -0.009311 180 176 162
0.262056 0.098318 0.036429 127 137 137
0.261535 0.098436 0.045522 142 144 142
0.262644 0.096712 0.055641 122 128 126
0.263099 0.095384 0.063721 104 119 118
0.262733 0.093007 0.077053 45 92 92
0.264791 0.095301 0.084503 77 106 106
0.263063 0.106004 -0.022589 67 151 141
0.264415 0.105976 -0.015578 96 154 142
0.266956 0.102490 -0.008174 132 159 147
0.263256 0.108175 0.006719 142 146 144
0.263689 0.105773 0.013970 168 168 167
0.263945 0.104954 0.022953 162 163 162
0.263732 0.102034 0.036024 156 155 155
0.263911 0.104905 0.046235 101 133 131
0.263974 0.104682 0.053700 104 137 136
0.267509 0.101726 0.064440 158 156 155
0.267938 0.100620 0.072443 161 160 158
0.265639 0.100889 0.094482 156 162 162
0.265354 0.114932 -0.023148 28 88 80
0.265354 0.114901 -0.017557 124 152 145
0.263857 0.116740 0.045018 162 160 161
0.262771 0.114479 0.055793 92 136 134
0.265007 0.118526 0.065281 24 83 78
0.261681 0.119080 0.074924 64 111 107
0.261961 0.118869 0.083341 87 106 102
0.265418 0.112136 0.107232 170 172 170
0.265723 0.112833 0.115133 174 176 174
0.268247 0.120906 -0.021698 83 108 100
0.265322 0.123225 -0.014116 138 160 152
0.262809 0.126659 0.035136 148 146 146
0.263731 0.126842 0.045180 153 152 151
0.264405 0.124006 0.056247 129 138 137
0.266090 0.123843 0.065876 115 131 130
0.267184 0.124894 0.072811 135 145 142
0.265193 0.122119 0.084449 117 124 122
0.263230 0.126942 0.095622 159 160 160
0.264780 0.126208 0.104022 166 168 168
0.262624 0.139021 -0.022001 69 91 84
0.264025 0.136443 -0.016734 114 123 115
0.261102 0.137779 0.006439 175 174 172
0.261217 0.135171 0.015984 168 168 164
0.265153 0.134759 0.047116 161 157 155
0.263634 0.134014 0.054511 161 157 156
0.266135 0.131500 0.063576 163 157 156
0.262692 0.135962 0.095690 196 193 192
0.264689 0.142470 -0.022602 58 81 74
0.266159 0.143064 -0.015150 140 147 141
0.265660 0.146482 -0.007695 216 211 202
0.262237 0.145433 0.008207 154 154 154
0.262394 0.145095 0.013363 145 157 154
0.263769 0.146809 0.024982 176 170 168
0.265359 0.144762 0.035974 174 168 166
0.265489 0.144161 0.041952 174 166 165
0.263814 0.146107 0.055898 191 186 182
0.264317 0.147608 0.064933 134 148 144
0.263968 0.146839 0.075388 124 137 134
0.266153 0.148019 0.084312 91 118 114
0.264356 0.145687 0.115629 192 190 188
0.265164 0.154617 -0.014695 105 124 116
0.268330 0.153279 -0.007120 155 163 154
0.264210 0.151699 0.012390 179 174 170
0.264335 0.156525 0.037452 180 173 171
0.265695 0.154348 0.044914 170 166 165
0.264865 0.156227 0.056650 161 161 159
0.266692 0.154126 0.063906 167 165 163
0.265079 0.155910 0.075525 140 147 142
0.265450 0.155960 0.084741 114 128 123
0.266510 0.154312 0.093640 110 132 128
0.265555 0.155622 0.102715 183 180 177
0.262768 0.167438 0.015695 158 158 152
0.262957 0.165796 0.026657 187 183 178
0.265821 0.165064 0.034462 170 165 162
0.267418 0.162667 0.045437 160 155 154
0.265662 0.163303 0.056112 161 158 157
0.264451 0.161976 0.064472 163 162 159
0.265453 0.163307 0.075697 160 162 158
0.265936 0.162400 0.084294 162 163 162
0.265317 0.163015 0.093064 175 173 171
0.265395 0.173748 -0.015949 122 138 131
0.264608 0.175376 -0.005362 168 166 162
0.264509 0.174315 0.004104 142 142 141
0.267117 0.177224 0.014749 146 144 142
0.266524 0.175591 0.044024 191 196 190
0.264494 0.176354 0.054397 178 178 175
0.263788 0.176472 0.065348 174 172 171
0.266316 0.175060 0.074016 174 171 169
0.266768 0.176929 0.084274 158 153 150
0.264453 0.175329 0.094353 183 184 180
0.262185 0.183940 -0.021034 168 164 160
0.264240 0.184509 -0.014300 162 161 156
0.266251 0.184289 -0.006769 191 185 179
0.266069 0.185749 0.002409 122 120 114
0.265207 0.187350 0.036953 164 172 168
0.264313 0.185946 0.045278 163 162 160
0.264965 0.185644 0.055132 166 164 161
0.263788 0.184979 0.064671 155 150 148
0.264654 0.184731 0.075312 126 133 131
0.265500 0.185435 0.086212 157 160 158
0.266256 0.183249 0.093699 183 182 180
0.265074 0.198909 -0.006149 154 151 144
0.263475 0.194731 0.006090 116 116 114
0.264064 0.196590 0.015736 96 109 106
0.265630 0.195574 0.026025 130 140 136
0.265823 0.195910 0.035283 134 140 136
0.265458 0.194238 0.044596 156 153 150
0.267337 0.194618 0.054033 102 116 113
0.265103 0.195701 0.066135 84 110 108
0.264302 0.194616 0.074436 153 158 154
0.265315 0.193113 0.083382 164 165 162
0.263573 0.204271 -0.005771 163 162 157
0.263841 0.205475 0.005950 115 129 125
0.267652 0.207039 0.014503 150 154 147
0.265363 0.205986 0.026898 154 153 150
0.264917 0.204718 0.035271 138 140 137
0.265476 0.204742 0.044593 116 124 121
0.266275 0.203951 0.054382 107 119 116
0.265347 0.203449 0.063620 160 158 154
0.265307 0.207549 0.077291 125 150 145
0.265379 0.205167 0.084495 151 167 163
0.268532 0.203039 0.090847 156 170 166
0.263880 0.215713 -0.013695 89 116 112
0.263563 0.216124 -0.004435 100 117 114
0.266135 0.213561 0.005612 137 141 136
0.265568 0.213879 0.014874 162 157 152
0.265481 0.213033 0.024872 154 150 147
0.266166 0.212994 0.033559 135 134 132
0.264089 0.216177 0.046193 164 163 159
0.265436 0.214238 0.054160 159 159 156
0.263098 0.215954 0.064824 123 133 129
0.264924 0.214761 0.074624 144 152 148
0.266433 0.211337 0.081886 164 166 162
0.264616 0.221627 -0.004444 83 110 103
0.264053 0.223426 0.005307 167 164 159
0.263346 0.223289 0.014371 128 129 126
0.265273 0.225971 0.035889 134 140 136
0.264296 0.224856 0.044164 142 144 141
0.264421 0.224106 0.055154 134 136 134
0.264190 0.224735 0.065332 176 175 172
0.266089 0.226375 0.074191 171 173 171
0.262707 0.238867 -0.004745 180 170 168
0.264023 0.237061 0.005398 167 160 158
0.264173 0.234697 0.013972 156 147 144
0.266588 0.233791 0.027297 154 148 144
0.265895 0.232949 0.035570 121 120 116
0.264176 0.236253 0.047957 109 116 112
0.264913 0.234813 0.055716 118 128 125
0.264844 0.232882 0.064705 137 160 154
0.264401 0.235332 0.077037 203 200 196
0.266385 0.236201 0.081371 212 206 202
0.264576 0.243433 -0.005340 160 150 144
0.261298 0.248828 0.038919 130 166 160
0.266105 0.245039 0.046342 153 173 168
0.265137 0.243831 0.054631 139 171 165
0.264735 0.244129 0.065835 183 179 175
0.265004 0.242885 0.074972 199 193 189
0.265979 0.242676 0.082200 225 216 212
0.262678 0.254512 0.035677 147 171 167
0.263918 0.253940 0.043659 193 186 184
0.264924 0.252992 0.057130 194 192 187
0.266430 0.251074 0.063172 196 194 189
0.264594 0.252729 0.073285 220 214 208
0.265429 0.266746 0.006765 160 150 104
0.265671 0.264549 0.013421 191 174 137
0.261289 0.275931 -0.012686 16 116 111
0.263326 0.275669 -0.004597 40 108 98
0.265754 0.275114 0.004899 108 140 125
0.268090 0.276199 0.014203 194 194 185
0.261885 0.286104 -0.012663 32 118 106
0.264123 0.286081 -0.004650 53 119 100
0.266503 0.284786 0.004705 119 142 118
0.268757 0.283383 0.013723 162 156 133
0.262877 0.296765 -0.014027 53 125 110
0.265151 0.294331 -0.004453 84 129 93
0.266709 0.296633 0.005300 120 148 121
0.268309 0.295329 0.013158 148 160 132
0.268750 0.294994 0.021035 183 185 176
0.262085 0.303198 -0.013779 13 117 114
0.263017 0.305750 -0.004173 58 137 117
0.265901 0.305249 0.004581 104 136 92
0.268297 0.305105 0.013804 125 146 114
0.269432 0.306314 0.022552 168 168 159
0.261382 0.315629 -0.012371 16 131 120
0.263674 0.315641 -0.005140 21 130 115
0.266389 0.316400 0.004918 58 136 108
0.268174 0.317193 0.014429 94 139 112
0.268450 0.313304 0.023756 156 173 137
0.261834 0.323733 -0.012990 15 136 123
0.263885 0.324947 -0.004623 50 144 119
0.266096 0.323937 0.004828 86 146 107
0.268078 0.323913 0.013598 99 149 114
0.268738 0.328016 0.023678 128 158 118
0.262523 0.334028 -0.013137 6 122 114
0.263486 0.335324 -0.004606 19 135 124
0.264818 0.335780 0.005257 46 134 104
0.267114 0.334926 0.013408 95 137 85
0.269039 0.333140 0.022517 104 156 106
0.262791 0.347403 -0.013229 24 128 118
0.263809 0.345488 -0.004960 61 143 120
0.266845 0.343792 0.004543 64 147 120
0.268563 0.344669 0.013647 76 145 109
0.268962 0.346635 0.022024 137 167 95
0.262128 0.354050 -0.012238 9 137 131
0.263890 0.354235 -0.005466 10 136 130
0.264862 0.355514 0.005229 53 140 121
0.266270 0.354125 0.014012 105 148 109
0.263448 0.365743 -0.004368 49 150 139
0.265536 0.364896 0.004935 81 170 160
0.266651 0.365000 0.015488 107 175 163
0.266989 0.364614 0.023207 166 186 171
0.265675 0.372759 -0.004782 18 146 141
0.264999 0.373803 0.004855 22 165 158
0.265254 0.373489 0.015249 62 168 158
0.266575 0.372487 0.023430 157 199 192
0.263514 0.386617 -0.014459 7 150 148
0.262317 0.383198 -0.005253 16 160 152
0.263490 0.381108 0.002981 23 154 147
0.264240 0.405785 -0.033103 92 106 104
0.264592 0.402083 -0.025777 60 122 121
0.273063 -0.565395 -0.071528 16 153 138
0.275510 -0.562460 -0.068748 12 158 141
0.274600 -0.554167 -0.073933 1 122 109
0.276408 -0.558309 -0.068822 23 160 142
0.275081 -0.544951 -0.075259 0 122 112
0.274877 -0.535046 -0.074763 0 124 114
0.274417 -0.525261 -0.073588 0 126 116
0.279018 -0.522856 -0.069377 0 126 116
0.273449 -0.515036 -0.072516 0 126 117
0.278332 -0.514686 -0.069083 0 126 117
0.273507 -0.505054 -0.071642 0 127 116
0.278361 -0.505196 -0.069023 0 126 116
0.272440 -0.495738 -0.071242 0 128 116
0.276996 -0.494488 -0.068531 0 127 116
0.275466 -0.484748 -0.067216 0 130 119
0.275279 -0.474887 -0.066285 0 130 119
0.274942 -0.465041 -0.064805 1 130 121
0.274820 -0.455105 -0.063756 2 132 122
0.274007 -0.445321 -0.062539 2 136 126
0.278697 -0.444106 -0.059559 2 139 129
0.273428 -0.435080 -0.061252 4 142 133
0.277656 -0.434353 -0.059492 4 143 134
0.271696 -0.425298 -0.060697 2 140 130
0.275977 -0.424888 -0.059042 3 141 131
0.271267 -0.417894 -0.060629 2 140 130
0.275582 -0.414701 -0.058265 2 140 130
0.275021 -0.404962 -0.057384 2 140 132
0.275032 -0.394957 -0.055063 2 140 132
0.275027 -0.385324 -0.052761 2 142 134
0.274683 -0.377154 -0.050627 0 138 130
0.274023 -0.373262 -0.048833 0 137 128
0.274970 -0.364717 -0.046666 0 134 128
0.275068 -0.355771 -0.042737 0 126 119
0.275628 -0.350806 -0.039559 0 114 110
0.274966 -0.344631 -0.036492 0 111 108
0.274981 -0.335865 -0.032876 0 108 105
0.274538 -0.331111 -0.029169 0 106 104
0.273570 -0.327152 -0.025084 3 98 94
0.275566 -0.323777 -0.015518 55 102 98
0.277813 -0.321942 -0.006363 158 166 162
0.271230 -0.318401 -0.013147 38 80 74
0.273525 -0.316459 -0.004086 154 166 163
0.276546 -0.313583 0.004408 162 164 161
0.273108 -0.305862 0.007254 142 148 144
0.277390 -0.303448 0.012159 136 136 132
0.274030 -0.296863 0.006761 130 136 128
0.276437 -0.295389 0.014354 132 134 126
0.276663 -0.292734 0.023939 132 133 125
0.275642 -0.291802 0.034749 109 112 110
0.276737 -0.290624 0.042470 126 126 124
0.276349 -0.282379 -0.005066 175 172 154
0.275344 -0.286279 0.036374 158 157 146
0.275378 -0.286470 0.045663 158 158 151
0.276556 -0.285142 0.053932 188 186 179
0.274887 -0.283061 0.065969 205 199 192
0.275402 -0.275393 -0.005236 190 185 166
0.274399 -0.275290 0.066660 222 213 204
0.278870 -0.277711 0.070367 206 197 191
0.276018 -0.263658 -0.021768 4 132 117
0.273409 -0.262525 -0.017515 29 130 113
0.276638 -0.263179 0.005641 169 164 153
0.275890 -0.264741 0.016465 178 171 159
0.275504 -0.264696 0.025206 190 182 171
0.275032 -0.264739 0.034983 205 196 185
0.274560 -0.264782 0.044966 215 206 196
0.273602 -0.265109 0.055541 223 214 205
0.273999 -0.266733 0.065026 220 210 204
0.277553 -0.253576 -0.021806 9 120 110
0.275201 -0.254270 -0.015103 102 156 144
0.274280 -0.256038 -0.005106 184 179 168
0.274543 -0.256339 0.004270 189 182 176
0.273206 -0.256256 0.014937 198 190 184
0.272623 -0.256302 0.025445 206 197 190
0.272290 -0.256637 0.035401 210 201 195
0.271842 -0.257555 0.045430 214 204 200
0.271436 -0.259036 0.053825 217 207 202
0.276174 -0.244716 -0.023321 9 121 112
0.274065 -0.245566 -0.015263 80 150 139
0.272245 -0.246792 -0.006024 172 177 168
0.270704 -0.244671 0.002201 193 190 182
0.276613 -0.236597 -0.021546 15 100 93
0.272760 -0.234903 -0.017911 44 120 113
0.275735 -0.236213 -0.003839 168 181 168
0.273208 -0.233031 0.004252 202 200 186
0.276524 -0.227800 -0.021371 5 59 55
0.274609 -0.224857 -0.016373 18 52 49
0.276306 -0.224400 -0.004200 147 150 142
0.275254 -0.224304 0.005608 195 193 181
0.272448 -0.222186 0.013725 206 201 192
0.277797 -0.218532 0.006504 192 180 174
0.275799 -0.216259 0.017052 210 200 190
0.273688 -0.212616 0.021968 219 208 199
0.277369 -0.206355 0.018627 227 214 204
0.274514 -0.205815 0.023430 226 214 206
0.275377 -0.193649 0.016531 212 201 191
0.275494 -0.196388 0.022842 220 206 199
0.274896 -0.183399 0.007594 210 201 186
0.274993 -0.185324 0.014588 210 196 189
0.275222 -0.189581 0.020535 216 200 196
0.272755 -0.175836 -0.003255 166 162 146
0.274448 -0.174317 0.006936 209 198 188
0.275860 -0.175816 0.010681 215 203 194
0.270597 -0.165744 -0.032012 2 116 106
0.276030 -0.162124 -0.023977 4 98 90
0.274325 -0.163776 -0.013920 97 120 109
0.274260 -0.164006 -0.004672 170 165 148
0.275102 -0.165733 0.004833 210 201 192
0.273241 -0.153281 -0.032645 5 112 98
0.273817 -0.154981 -0.023060 22 111 98
0.274462 -0.154881 -0.015938 44 113 99
0.276291 -0.154645 -0.005173 100 140 126
0.277070 -0.155554 0.005143 200 196 186
0.279557 -0.152550 0.010434 222 209 204
0.275190 -0.144555 -0.031915 3 109 96
0.273807 -0.145211 -0.025109 20 130 115
0.273650 -0.145167 -0.014936 71 146 124
0.275873 -0.144582 -0.005353 140 170 154
0.277475 -0.145893 0.004750 170 174 170
0.279083 -0.144952 0.010744 171 140 142
0.272173 -0.134679 -0.030889 2 119 108
0.274788 -0.134003 -0.025842 9 131 120
0.277452 -0.134152 -0.017673 33 123 107
0.277400 -0.136581 -0.007448 148 156 138
0.271042 -0.125621 -0.030795 2 121 110
0.274653 -0.124893 -0.025714 5 133 122
0.278440 -0.124518 -0.016170 5 108 96
0.279584 -0.124678 -0.007161 73 106 79
0.274095 -0.115139 -0.030623 4 112 102
0.274995 -0.115327 -0.025755 11 137 127
0.278423 -0.114547 -0.016665 36 133 123
0.279157 -0.112259 -0.008276 89 158 145
0.272917 -0.105024 -0.030508 7 124 113
0.275371 -0.105002 -0.026955 11 137 128
0.278250 -0.106369 -0.016661 54 158 143
0.272519 -0.095843 -0.030595 3 119 108
0.275486 -0.095727 -0.026819 6 134 124
0.278387 -0.092126 -0.017408 9 118 109
0.272983 -0.085278 -0.030710 4 120 110
0.274614 -0.084095 -0.026139 5 133 125
0.277668 -0.085529 -0.017195 21 137 130
0.278724 -0.086171 -0.008745 14 116 110
0.274755 -0.075776 -0.025320 8 138 129
0.276331 -0.074285 -0.016826 13 142 133
0.276569 -0.073405 -0.006062 85 142 133
0.274652 -0.065318 -0.024887 11 136 125
0.277374 -0.064038 -0.017900 26 128 119
0.277052 -0.067638 -0.002843 186 200 188
0.278331 -0.065718 0.004335 201 207 196
0.274448 -0.054934 -0.024116 8 133 126
0.275431 -0.055987 -0.014401 18 104 96
0.276906 -0.053075 -0.006351 74 138 130
0.274299 -0.045259 -0.023617 6 128 123
0.277983 -0.044986 -0.016138 36 120 113
0.278123 -0.044249 -0.005498 90 154 147
0.278570 -0.041487 0.001849 126 174 166
0.273914 -0.035846 -0.024216 8 128 120
0.276909 -0.035869 -0.015671 17 128 117
0.278578 -0.037456 -0.005224 85 144 124
0.278859 -0.036725 0.001846 163 185 163
0.272307 -0.026167 -0.030596 2 126 118
0.274614 -0.025065 -0.026217 9 121 114
0.277515 -0.026656 -0.016021 57 118 89
0.274756 -0.015813 -0.024983 6 118 113
0.276447 -0.012195 -0.016220 44 110 88
0.273888 -0.003794 -0.025472 16 100 92
0.277124 -0.006095 -0.015595 45 98 73
0.275120 0.004309 -0.025329 4 88 82
0.276124 0.004549 -0.015764 37 88 79
0.274338 0.006367 -0.005098 170 188 176
0.273359 0.006603 0.004272 214 213 204
0.274759 0.013398 -0.023134 9 98 92
0.275168 0.014623 -0.015143 32 91 83
0.273862 0.013932 -0.004447 170 183 176
0.274744 0.012767 0.004024 206 208 200
0.273017 0.026321 -0.024202 87 116 112
0.274663 0.026474 -0.014205 34 69 62
0.274402 0.025510 -0.004849 128 132 123
0.277906 0.023519 0.002042 212 208 199
0.274393 0.034051 -0.021401 88 117 114
0.273242 0.036219 -0.014634 81 119 112
0.274527 0.035798 -0.005382 174 179 166
0.275690 0.036588 0.002467 212 201 184
0.274981 0.044061 -0.014263 76 106 93
0.274943 0.043550 -0.004999 156 168 160
0.276352 0.043893 0.002585 156 169 162
0.275918 0.047873 0.012910 98 122 115
0.273000 0.056694 -0.022942 20 64 54
0.275328 0.055808 -0.015718 38 64 51
0.275803 0.054134 -0.008788 119 123 113
0.274250 0.052988 0.015264 90 114 110
0.274599 0.055835 0.021466 114 134 130
0.272933 0.063710 -0.020621 47 85 79
0.274586 0.065028 -0.015864 73 107 100
0.274943 0.066768 -0.005231 167 172 160
0.276807 0.063274 0.067065 155 144 128
0.276676 0.065037 0.074126 162 156 143
0.272910 0.067546 0.085167 138 138 133
0.275009 0.067126 0.093663 157 160 158
0.272082 0.074075 -0.021458 88 110 104
0.273051 0.076413 -0.013458 116 123 114
0.275730 0.074401 -0.004753 187 186 175
0.278619 0.072838 0.086667 162 164 161
0.275645 0.074251 0.095736 144 148 146
0.275132 0.076447 0.102859 141 146 144
0.274142 0.085556 -0.014467 82 91 81
0.276047 0.083036 -0.006414 164 159 144
0.273721 0.084350 0.076643 160 162 157
0.272359 0.086999 0.083098 186 186 180
0.275909 0.084724 0.105460 147 150 148
0.276367 0.086352 0.113748 150 154 153
0.275084 0.094744 -0.014609 94 111 102
0.276147 0.097447 -0.008811 172 169 156
0.274060 0.096481 0.075505 90 100 98
0.273204 0.094431 0.085599 108 116 114
0.273631 0.094854 0.094585 84 100 100
0.273619 0.106177 -0.013519 150 172 163
0.274650 0.105031 -0.007794 184 182 173
0.273335 0.101457 0.076517 162 168 168
0.275333 0.102203 0.084373 161 166 165
0.275673 0.102473 0.096998 158 166 165
0.275810 0.103726 0.106293 164 169 170
0.275155 0.105280 0.114322 136 144 143
0.272973 0.116558 -0.022399 37 83 76
0.275579 0.115434 -0.016308 89 114 106
0.275137 0.114608 -0.006660 179 177 167
0.273573 0.117521 0.004746 172 168 162
0.273946 0.118394 0.013501 149 148 143
0.273772 0.116200 0.046033 92 141 135
0.273799 0.117768 0.053208 98 144 138
0.273029 0.122445 -0.021811 70 97 90
0.274842 0.124304 -0.014132 127 135 124
0.276889 0.126017 -0.007209 176 168 154
0.275957 0.122853 0.004883 128 128 120
0.277366 0.126924 0.014633 122 124 120
0.275828 0.123018 0.055842 104 130 126
0.273414 0.125853 0.066356 107 122 121
0.273152 0.127746 0.074739 150 153 152
0.274847 0.127457 0.083610 135 140 139
0.276835 0.127407 0.096562 120 126 126
0.274908 0.124956 0.105455 108 115 114
0.275523 0.124738 0.115843 108 110 108
0.277892 0.124912 0.122465 144 144 144
0.274146 0.135240 -0.012900 138 131 116
0.278196 0.132239 -0.009104 203 182 159
0.273299 0.130959 0.066303 150 148 147
0.274284 0.131402 0.075877 153 152 152
0.276251 0.132508 0.084378 148 149 148
0.278269 0.133488 0.093396 153 153 152
0.274604 0.136560 0.106320 170 166 164
0.275516 0.137576 0.115024 169 166 165
0.275609 0.137109 0.120708 166 163 162
0.270692 0.145359 -0.021382 88 102 96
0.273979 0.145484 -0.014852 112 116 108
0.274904 0.147994 -0.007877 197 192 185
0.273131 0.148553 0.064326 200 198 194
0.273254 0.147446 0.083176 122 139 138
0.273760 0.148089 0.092996 108 114 111
0.277305 0.148460 0.105452 144 139 135
0.278365 0.146303 0.113826 174 169 165
0.276984 0.145206 0.123831 182 176 172
0.274855 0.155648 -0.012686 155 147 136
0.275122 0.153554 -0.007468 181 176 168
0.275265 0.155519 0.004742 156 152 148
0.275279 0.158205 0.012335 164 158 152
0.274319 0.156981 0.055672 162 160 159
0.272703 0.155118 0.066466 175 172 170
0.274583 0.155794 0.074756 174 172 169
0.274733 0.157066 0.084538 164 165 160
0.274963 0.154574 0.095003 125 133 129
0.275759 0.154226 0.105113 148 148 144
0.278149 0.152307 0.112839 170 168 164
0.276497 0.163401 -0.012432 141 126 98
0.277554 0.162080 0.005641 173 166 154
0.273975 0.164933 0.016084 197 188 181
0.274165 0.166749 0.025510 191 182 170
0.272959 0.167882 0.032364 190 182 172
0.274974 0.161888 0.065241 156 153 152
0.275392 0.164277 0.076191 162 159 156
0.274991 0.163922 0.084919 157 156 153
0.277473 0.163141 0.093729 162 160 157
0.277317 0.162849 0.103989 142 140 138
0.273138 0.175544 -0.014272 126 131 122
0.274581 0.176957 -0.007013 183 174 164
0.274795 0.174827 0.007195 170 165 162
0.274946 0.174930 0.014256 166 162 158
0.275228 0.174155 0.024986 162 158 153
0.273606 0.172560 0.036229 176 168 158
0.274695 0.173422 0.042831 172 164 155
0.274978 0.178465 0.055546 139 132 120
0.275620 0.177847 0.065441 173 164 150
0.274005 0.174691 0.075223 167 163 160
0.271938 0.175532 0.085648 158 154 152
0.275170 0.176507 0.093905 160 157 154
0.278704 0.178681 0.102342 118 118 114
0.279037 0.178490 0.114154 136 135 133
0.271766 0.185059 -0.012029 128 120 112
0.274887 0.184401 -0.006464 185 168 148
0.273377 0.184889 0.038251 149 146 146
0.273247 0.185268 0.046640 157 154 150
0.273756 0.185382 0.056068 157 154 151
0.274752 0.184236 0.064370 146 142 138
0.274092 0.185171 0.074061 118 118 115
0.273801 0.184379 0.086460 162 161 157
0.275699 0.183227 0.094784 172 170 166
0.276289 0.183348 0.104120 156 157 154
0.277996 0.181865 0.111968 144 144 142
0.271019 0.195774 0.024550 130 130 127
0.271582 0.195502 0.034408 136 136 132
0.272457 0.194505 0.046096 178 171 166
0.272608 0.192126 0.054866 148 145 142
0.273732 0.197781 0.066916 79 87 83
0.275567 0.197105 0.074500 121 122 119
0.275513 0.194996 0.084572 161 158 155
0.277403 0.196356 0.094192 136 136 134
0.271341 0.208573 0.016718 180 174 163
0.271064 0.206916 0.022670 181 175 170
0.272614 0.203672 0.035214 121 125 116
0.272328 0.205485 0.045805 115 117 116
0.273467 0.205454 0.055489 124 125 122
0.274072 0.204589 0.064375 143 140 138
0.273921 0.206218 0.076388 148 144 140
0.275129 0.205683 0.084764 132 131 128
0.277332 0.203864 0.094735 142 139 138
0.270908 0.214840 0.005496 180 174 164
0.273975 0.211559 0.026106 171 156 140
0.271226 0.215141 0.036520 159 155 153
0.272750 0.217119 0.045508 145 142 139
0.273752 0.214150 0.054571 125 124 120
0.273917 0.215227 0.065735 133 128 123
0.275375 0.216065 0.075748 144 140 137
0.276089 0.214426 0.084599 149 144 142
0.278906 0.217895 0.091767 154 152 154
0.275460 0.225540 0.015833 170 144 122
0.272219 0.224367 0.038061 101 114 111
0.273186 0.223010 0.045016 110 114 108
0.274063 0.222880 0.056082 130 121 114
0.273765 0.225039 0.065984 158 151 150
0.275130 0.225528 0.075027 167 160 157
0.277376 0.224655 0.084434 172 167 166
0.279291 0.221249 0.091021 165 164 166
0.274249 0.236780 0.005415 162 154 152
0.274617 0.235060 0.014566 176 168 167
0.275513 0.235008 0.024641 175 168 165
0.277069 0.235896 0.033907 167 159 154
0.278478 0.234973 0.044083 163 148 138
0.274856 0.236377 0.056735 146 145 142
0.275309 0.234657 0.065177 172 164 157
0.276133 0.235303 0.076262 190 183 176
0.275485 0.235612 0.082585 209 202 199
0.276124 0.245445 0.014940 184 182 180
0.276819 0.245000 0.025091 194 192 190
0.276518 0.244796 0.034535 194 190 188
0.274416 0.245264 0.046248 180 176 171
0.275521 0.243922 0.054565 179 172 166
0.275492 0.244717 0.065914 186 179 176
0.274856 0.242952 0.074656 195 189 186
0.274049 0.242804 0.083495 228 220 216
0.275759 0.253667 -0.002193 126 111 86
0.275809 0.255612 0.005097 168 148 122
0.275092 0.256980 0.013362 188 173 160
0.275943 0.254264 0.057128 200 192 186
0.274159 0.252019 0.063210 200 193 188
0.274242 0.253569 0.073875 231 221 215
0.274664 0.263087 0.008668 156 130 89
0.275639 0.265159 0.013845 186 166 140
0.275302 0.274960 0.014813 192 178 162
0.273854 0.284665 0.016327 180 162 144
0.276448 0.286035 0.024911 206 192 181
0.277828 0.285652 0.031390 237 225 217
0.270950 0.295273 0.007699 90 128 85
0.273364 0.295269 0.016534 152 142 99
0.275959 0.294700 0.024339 184 171 149
0.277826 0.294472 0.031988 206 196 183
0.270713 0.305773 0.008501 82 142 108
0.273752 0.304493 0.016427 126 156 132
0.276020 0.306190 0.024877 157 147 127
0.275022 0.306493 0.034584 142 158 150
0.275383 0.305592 0.044680 146 160 153
0.276233 0.305261 0.055213 175 176 171
0.278113 0.304858 0.063411 181 178 174
0.270363 0.315432 0.008245 30 100 82
0.271218 0.314464 0.016442 83 135 115
0.274004 0.313096 0.025257 99 140 127
0.275212 0.313696 0.034039 155 164 147
0.276703 0.317449 0.047154 206 200 192
0.276764 0.315836 0.055429 212 208 200
0.277679 0.313846 0.062789 208 206 199
0.271655 0.325414 0.015973 101 139 106
0.273271 0.325894 0.026638 157 146 87
0.276280 0.325198 0.034589 185 169 143
0.276287 0.322619 0.042839 191 188 178
0.271506 0.333079 0.007021 8 113 104
0.271345 0.334459 0.015421 90 141 114
0.273347 0.335308 0.026207 124 161 136
0.275935 0.333459 0.034757 144 154 126
0.277780 0.334591 0.042987 206 200 183
0.272194 0.346222 0.006731 50 128 115
0.273037 0.345100 0.015488 74 133 116
0.273688 0.344981 0.026521 147 158 113
0.277598 0.345177 0.034197 183 182 150
0.271119 0.356143 0.007437 26 120 116
0.272200 0.356598 0.015899 61 135 127
0.274483 0.355628 0.025419 117 154 137
0.277449 0.355245 0.035313 183 177 156
0.279462 0.356934 0.040969 213 204 196
0.271417 0.367564 0.005292 78 172 166
0.271879 0.363840 0.015759 69 162 155
0.272663 0.364065 0.025713 145 178 163
0.276505 0.363915 0.035423 194 201 194
0.278908 0.365848 0.041640 239 228 221
0.275060 0.375373 0.015148 116 174 168
0.273206 0.373792 0.025189 90 173 168
0.275604 0.372668 0.033655 184 194 190
0.271818 0.380857 0.014030 54 158 154
0.275916 0.393511 -0.017087 26 140 142
0.274165 0.405133 -0.032515 106 108 111
0.274769 0.401809 -0.025642 82 114 114
0.283776 -0.562728 -0.067054 19 159 145
0.281363 -0.552297 -0.071444 0 120 106
0.285409 -0.555354 -0.066638 10 136 121
0.281776 -0.545654 -0.071585 0 122 110
0.286578 -0.545117 -0.067627 0 124 111
0.280818 -0.535829 -0.070945 0 124 112
0.285413 -0.534859 -0.067171 0 126 112
0.285186 -0.524910 -0.065868 0 126 114
0.284892 -0.515056 -0.065425 0 126 116
0.284964 -0.505109 -0.065256 0 126 116
0.284640 -0.495155 -0.063961 0 126 117
0.289269 -0.492346 -0.059533 0 128 117
0.284244 -0.485103 -0.062948 0 127 118
0.289027 -0.485218 -0.059384 0 128 118
0.283259 -0.475496 -0.062572 0 128 119
0.287986 -0.474028 -0.058585 2 131 122
0.281549 -0.465918 -0.061325 2 132 122
0.286222 -0.464781 -0.057514 2 135 126
0.280901 -0.455582 -0.060576 2 134 124
0.285715 -0.454861 -0.058058 2 136 126
0.284970 -0.444942 -0.057282 2 141 130
0.285083 -0.435161 -0.056616 4 144 134
0.285043 -0.424979 -0.055548 6 144 136
0.285034 -0.415018 -0.055485 2 141 132
0.284978 -0.405028 -0.055501 1 140 130
0.284970 -0.395139 -0.053913 2 140 131
0.284912 -0.386075 -0.052064 3 142 133
0.285764 -0.375031 -0.050907 0 137 128
0.283708 -0.372657 -0.049499 0 138 129
0.284668 -0.364533 -0.047326 0 136 128
0.285176 -0.355166 -0.043198 1 122 117
0.287127 -0.347820 -0.040741 1 104 102
0.284242 -0.344054 -0.037876 1 106 103
0.284320 -0.337362 -0.033891 0 100 96
0.284834 -0.332958 -0.025423 4 84 80
0.287721 -0.331101 -0.017183 74 109 106
0.283581 -0.328093 -0.013952 120 142 138
0.285013 -0.324928 -0.004338 164 167 164
0.287029 -0.321633 0.002344 158 158 156
0.284888 -0.315739 -0.003499 147 152 144
0.286108 -0.314529 0.004691 158 159 153
0.286703 -0.311978 0.012263 171 168 165
0.287303 -0.304572 -0.023528 2 109 96
0.283402 -0.307051 0.007267 172 172 164
0.285770 -0.304372 0.014918 155 156 148
0.285719 -0.301026 0.021625 143 146 134
0.287572 -0.295445 -0.020977 2 121 108
0.283932 -0.294114 -0.016643 127 162 148
0.283689 -0.297898 0.017057 139 139 133
0.284480 -0.295634 0.024174 139 141 134
0.285423 -0.293472 0.034925 140 141 134
0.285987 -0.291731 0.044488 156 156 149
0.288178 -0.290658 0.052806 181 185 177
0.288158 -0.286218 -0.020900 10 130 116
0.284726 -0.284923 -0.015879 159 179 162
0.282256 -0.287675 0.046993 188 186 177
0.284541 -0.287439 0.055998 186 185 178
0.284331 -0.285326 0.065715 199 195 186
0.285698 -0.282539 0.072314 194 188 183
0.286808 -0.273212 -0.021605 4 132 118
0.286955 -0.274517 -0.013696 149 164 151
0.285716 -0.273457 -0.006062 181 180 168
0.285938 -0.272901 0.004677 188 191 182
0.285043 -0.272377 0.014678 204 206 198
0.284845 -0.271883 0.025199 214 208 198
0.284463 -0.271519 0.047649 216 214 206
0.283925 -0.274719 0.056519 224 218 208
0.282941 -0.275022 0.065631 221 215 204
0.284508 -0.277164 0.072287 210 203 196
0.283589 -0.265195 -0.021793 6 140 126
0.287176 -0.265101 -0.014138 137 174 162
0.284595 -0.266038 -0.006069 195 188 176
0.282241 -0.265219 0.003658 148 142 133
0.281268 -0.264624 0.014035 142 134 126
0.280934 -0.265740 0.023009 166 158 151
0.281250 -0.268217 0.037013 212 203 194
0.281549 -0.268328 0.047194 220 212 204
0.281307 -0.268674 0.055756 222 212 204
0.280833 -0.269089 0.062912 220 210 203
0.284237 -0.254943 -0.023045 7 120 109
0.285954 -0.255354 -0.016229 116 154 143
0.282259 -0.258425 -0.006938 198 193 184
0.284296 -0.245249 -0.024105 14 104 95
0.288422 -0.243702 -0.017810 175 176 162
0.283331 -0.236435 -0.021811 28 84 75
0.287850 -0.235167 -0.015984 181 166 129
0.282925 -0.232898 -0.006712 191 174 130
0.282146 -0.227007 -0.021171 39 61 56
0.286616 -0.225772 -0.015048 174 155 126
0.283963 -0.223760 -0.005008 184 166 142
0.284008 -0.223689 0.004563 196 181 156
0.281489 -0.221169 0.010563 210 200 184
0.287615 -0.218594 -0.012562 175 154 136
0.286793 -0.217647 -0.003157 187 161 131
0.286292 -0.215832 0.006253 195 179 160
0.283195 -0.212762 0.014329 210 197 185
0.288697 -0.208979 0.007833 200 169 134
0.285902 -0.205981 0.017028 212 199 189
0.283296 -0.203944 0.021688 222 210 200
0.286826 -0.192259 0.009267 200 190 174
0.285153 -0.195423 0.013902 208 199 184
0.284127 -0.196474 0.022851 222 208 200
0.286133 -0.183309 0.007633 196 183 164
0.285425 -0.184925 0.013617 202 190 174
0.284914 -0.189146 0.020580 210 195 188
0.286703 -0.172413 -0.003025 132 124 102
0.284006 -0.175682 0.005763 184 176 162
0.283797 -0.176861 0.012451 203 190 177
0.283932 -0.161648 -0.021706 8 80 73
0.285411 -0.164305 -0.015581 57 87 78
0.284085 -0.168699 -0.004124 169 166 149
0.282522 -0.164956 0.004914 171 166 155
0.282379 -0.153291 -0.024149 29 98 77
0.284253 -0.156403 -0.014737 40 86 68
0.283572 -0.156057 -0.003845 86 119 106
0.283809 -0.156107 0.005951 168 166 150
0.285993 -0.154451 0.012921 172 168 157
0.288707 -0.153578 0.023771 167 168 156
0.280878 -0.147832 -0.030391 6 108 94
0.282631 -0.145618 -0.026112 12 104 88
0.285595 -0.142883 -0.013987 86 130 100
0.285225 -0.143384 -0.005720 146 154 120
0.284054 -0.146181 0.004834 152 159 144
0.284955 -0.147531 0.013439 162 161 147
0.281582 -0.135252 -0.022813 6 118 105
0.284420 -0.134937 -0.014789 54 123 96
0.286661 -0.134742 -0.006053 118 137 89
0.285835 -0.132206 0.003557 72 88 68
0.287418 -0.132695 0.013742 115 126 120
0.283102 -0.123026 -0.024846 4 142 130
0.283433 -0.126433 -0.014283 23 124 113
0.283956 -0.125276 -0.004944 62 128 110
0.286377 -0.125997 0.004948 90 122 106
0.286840 -0.124575 0.014636 134 108 103
0.281757 -0.114017 -0.030622 6 110 100
0.283312 -0.115446 -0.024632 12 127 116
0.283529 -0.115600 -0.014963 37 116 102
0.283957 -0.115062 -0.005057 89 132 121
0.285617 -0.114672 0.004892 147 148 143
0.287484 -0.115018 0.014060 149 143 137
0.288598 -0.115052 0.023440 108 87 76
0.289647 -0.116595 0.034544 129 94 92
0.282343 -0.103284 -0.024321 11 132 123
0.285151 -0.103308 -0.015552 35 131 115
0.284746 -0.105068 -0.004771 99 152 127
0.286037 -0.104309 0.005035 119 142 125
0.287830 -0.103527 0.015029 122 102 98
0.288856 -0.103011 0.023651 151 97 100
0.289381 -0.103919 0.031089 163 126 127
0.281617 -0.097002 -0.022940 7 130 120
0.283902 -0.095677 -0.015112 26 127 114
0.285435 -0.095277 -0.005296 84 125 109
0.286557 -0.095830 0.004816 138 120 102
0.287883 -0.095970 0.013357 148 108 96
0.288202 -0.097488 0.025898 155 122 119
0.289378 -0.096832 0.032350 147 150 141
0.282571 -0.083767 -0.023749 6 126 118
0.284216 -0.085262 -0.014662 43 127 115
0.286421 -0.084158 -0.004872 68 124 113
0.288278 -0.084422 0.004352 93 132 125
0.289469 -0.082952 0.012547 143 169 154
0.282853 -0.075524 -0.024038 12 131 124
0.284322 -0.076323 -0.015115 29 131 122
0.285367 -0.075351 -0.004973 95 145 128
0.286670 -0.075429 0.005194 160 178 164
0.288842 -0.075872 0.012919 165 180 167
0.282498 -0.063839 -0.022907 9 128 119
0.284390 -0.063626 -0.015630 29 123 109
0.286287 -0.064607 -0.005975 86 125 92
0.285367 -0.065248 0.005320 148 155 118
0.287508 -0.063837 0.013236 127 164 152
0.289231 -0.065206 0.022240 173 183 176
0.282562 -0.055404 -0.022794 6 135 128
0.284650 -0.057587 -0.014988 6 112 102
0.286017 -0.055719 -0.004698 41 114 102
0.287609 -0.055435 0.004594 82 133 116
0.288425 -0.055540 0.013503 148 150 121
0.283395 -0.044171 -0.021836 6 125 118
0.284367 -0.044426 -0.015826 20 124 113
0.284738 -0.045658 -0.004454 62 125 112
0.285213 -0.045110 0.004412 122 163 154
0.287674 -0.042562 0.012399 147 176 164
0.282243 -0.034897 -0.022812 8 116 111
0.284341 -0.036457 -0.014481 16 118 110
0.283951 -0.034328 -0.004854 92 144 126
0.285293 -0.035947 0.005048 168 175 147
0.287297 -0.035829 0.012510 176 182 162
0.282919 -0.025216 -0.023339 12 115 108
0.285451 -0.025967 -0.015441 53 114 97
0.285766 -0.026424 -0.005168 93 125 99
0.286995 -0.024804 0.004497 99 132 116
0.288828 -0.027416 0.013571 142 136 96
0.283175 -0.015850 -0.023241 12 116 110
0.285675 -0.013974 -0.015350 23 115 104
0.287328 -0.012265 -0.005037 67 120 99
0.287871 -0.013532 0.004841 92 141 135
0.287573 -0.013135 0.012984 102 154 146
0.283274 -0.005584 -0.023832 18 114 105
0.283879 -0.007403 -0.014311 53 109 88
0.284667 -0.006803 -0.005023 111 151 146
0.286658 -0.006672 0.003420 192 199 194
0.288815 -0.006369 0.015800 90 140 132
0.283684 0.005538 -0.023636 9 78 71
0.284806 0.006136 -0.015212 57 87 64
0.285618 0.006461 -0.005723 133 128 87
0.286233 0.006356 0.004106 172 165 141
0.289136 0.008313 0.011448 173 167 162
0.282900 0.014409 -0.021812 15 92 82
0.284363 0.015473 -0.015177 53 103 87
0.285417 0.015979 -0.005060 110 139 122
0.285713 0.015488 0.005143 165 176 166
0.288115 0.014339 0.012411 190 184 171
0.286071 0.024263 -0.015146 21 76 68
0.285347 0.025108 -0.005107 72 98 91
0.285633 0.025598 0.003933 196 197 188
0.287634 0.023106 0.012332 205 203 193
0.282896 0.034304 -0.021570 12 56 50
0.283620 0.035082 -0.014481 40 67 58
0.284061 0.035917 -0.005139 146 150 139
0.283211 0.035500 0.003921 193 188 178
0.285431 0.034159 0.012795 178 169 160
0.284609 0.042562 -0.020639 18 74 66
0.284558 0.044053 -0.014528 50 75 58
0.285304 0.044203 -0.004679 168 165 147
0.286750 0.043125 0.002866 189 181 168
0.281626 0.056565 -0.012143 59 60 42
0.285229 0.055322 -0.004261 155 143 122
0.288663 0.056879 0.002504 159 141 118
0.281041 0.061903 -0.013129 50 74 52
0.282752 0.064847 -0.003446 141 133 110
0.287129 0.064718 0.003000 177 159 142
0.280242 0.066855 0.078044 154 144 132
0.283274 0.073546 -0.002898 173 168 153
0.285326 0.074253 0.001941 212 200 186
0.280789 0.072485 0.087488 164 161 155
0.281287 0.076007 0.095647 166 168 164
0.282301 0.078125 0.103045 157 160 158
0.282654 0.086256 -0.012480 148 128 101
0.286202 0.085614 -0.005807 170 148 122
0.282089 0.082204 0.106309 148 151 150
0.283467 0.085488 0.114754 151 154 152
0.285348 0.084921 0.126449 154 156 155
0.286785 0.087726 0.134085 158 160 158
0.289406 0.087188 0.142138 164 166 165
0.281592 0.093984 -0.011702 113 113 95
0.285703 0.095421 -0.006510 166 154 136
0.281697 0.092780 0.117218 156 158 157
0.283052 0.095120 0.124418 158 160 160
0.285727 0.094146 0.135563 158 159 158
0.287909 0.094675 0.145082 150 150 149
0.289260 0.096367 0.152279 158 158 158
0.283228 0.107544 -0.013190 124 117 96
0.286473 0.104083 -0.006545 172 159 140
0.284351 0.102721 0.136792 142 144 144
0.286025 0.104852 0.145830 134 136 135
0.288108 0.105348 0.155321 153 153 154
0.289423 0.106642 0.161472 206 204 206
0.282940 0.115783 -0.012627 164 147 118
0.287057 0.115148 -0.008015 171 147 118
0.284381 0.115472 0.097681 176 175 173
0.285729 0.116122 0.105274 172 172 171
0.286087 0.116911 0.115679 168 166 164
0.286353 0.114669 0.125211 162 162 158
0.286028 0.114753 0.135859 152 152 150
0.286609 0.116569 0.145310 161 160 158
0.288178 0.117016 0.154306 177 175 175
0.289210 0.115430 0.161509 205 203 206
0.281963 0.124468 -0.012406 152 133 107
0.285370 0.125478 -0.006638 198 179 158
0.281942 0.124027 0.065634 148 146 144
0.282433 0.125929 0.074554 154 155 153
0.283013 0.127760 0.094287 142 156 152
0.284184 0.123363 0.115644 160 158 156
0.283411 0.125604 0.125621 134 135 133
0.284442 0.125682 0.134297 156 156 154
0.286713 0.125132 0.145681 161 160 160
0.288436 0.125869 0.155883 206 202 203
0.284217 0.133052 -0.007474 172 135 102
0.280987 0.132225 0.085182 159 158 157
0.281435 0.134699 0.094210 164 164 162
0.283187 0.136248 0.104606 178 178 174
0.282728 0.135095 0.115366 160 159 158
0.283920 0.133926 0.125068 149 149 147
0.286125 0.136789 0.134793 177 173 170
0.286635 0.135261 0.145740 171 168 167
0.289092 0.135939 0.154326 215 210 208
0.281498 0.143331 -0.011038 161 136 113
0.285657 0.145422 -0.007591 175 152 133
0.281583 0.141697 0.094858 180 178 176
0.283102 0.146963 0.107075 180 174 169
0.284130 0.146847 0.115098 172 168 165
0.284674 0.145584 0.125568 167 164 161
0.285764 0.145855 0.135467 159 155 152
0.288036 0.145620 0.145803 186 182 180
0.289397 0.145084 0.152058 203 198 196
0.282659 0.158431 -0.010814 156 132 116
0.285612 0.153899 -0.007344 198 176 159
0.282863 0.157901 0.086041 196 188 184
0.284492 0.157699 0.095657 179 174 169
0.287184 0.154751 0.104435 174 168 162
0.283803 0.153578 0.116199 161 158 154
0.284999 0.155128 0.125439 160 156 153
0.286215 0.154974 0.135240 163 159 156
0.288187 0.154672 0.145268 191 187 185
0.289543 0.153406 0.150904 211 206 205
0.282839 0.162708 -0.010826 148 112 72
0.285951 0.165967 -0.006543 172 142 114
0.282361 0.164508 0.056711 166 162 157
0.282644 0.164270 0.066331 166 160 156
0.282568 0.165714 0.076746 166 162 158
0.282069 0.164751 0.085812 174 169 165
0.282682 0.165219 0.095022 170 166 162
0.284497 0.164975 0.104358 164 158 154
0.283380 0.165431 0.115560 153 148 145
0.284765 0.165339 0.125351 159 155 153
0.286355 0.164808 0.134808 169 164 162
0.288967 0.164866 0.143641 191 185 184
0.289744 0.161257 0.150451 209 203 207
0.285701 0.172945 -0.004031 196 177 160
0.288259 0.173528 0.002868 176 155 140
0.281215 0.178468 0.066487 190 179 152
0.282593 0.174957 0.076444 182 176 169
0.283275 0.171792 0.082548 177 171 166
0.282273 0.175186 0.097402 171 168 162
0.282568 0.175955 0.106011 168 166 162
0.283732 0.175118 0.115343 156 151 148
0.284874 0.174323 0.125020 156 151 148
0.287592 0.175153 0.135795 184 179 177
0.289266 0.174694 0.141455 189 184 184
0.281506 0.186465 0.068020 156 150 148
0.282378 0.184884 0.074683 140 132 126
0.281975 0.185498 0.084667 141 132 126
0.281735 0.185983 0.096166 164 159 154
0.283159 0.186001 0.104286 157 152 147
0.284212 0.184433 0.114746 157 152 148
0.286449 0.185455 0.125563 161 156 155
0.288429 0.184623 0.134781 194 188 189
0.289326 0.183960 0.140812 210 202 206
0.281071 0.194764 0.077600 172 166 166
0.282063 0.194303 0.084287 156 150 147
0.282389 0.194039 0.095724 149 144 141
0.283550 0.196042 0.105674 137 132 131
0.285263 0.195233 0.115262 165 160 158
0.287749 0.195092 0.124716 177 171 172
0.288611 0.192761 0.132672 194 186 190
0.282215 0.206064 0.087503 141 134 129
0.282353 0.204715 0.095696 146 141 140
0.284033 0.204863 0.104990 148 143 142
0.286726 0.205879 0.115989 173 167 168
0.288441 0.204135 0.123801 206 200 201
0.281051 0.217464 0.077664 179 168 165
0.282079 0.214261 0.086797 157 149 148
0.283128 0.216521 0.095835 162 156 156
0.285846 0.215470 0.105047 167 162 162
0.287865 0.213434 0.113953 184 178 180
0.288947 0.211880 0.122817 222 212 210
0.283887 0.225177 -0.001136 139 112 90
0.284956 0.224917 0.003974 154 129 111
0.283983 0.224171 0.013898 170 143 116
0.282179 0.228185 0.036857 174 166 164
0.283477 0.227224 0.045264 162 154 150
0.283948 0.226902 0.054951 152 142 136
0.284012 0.227495 0.066240 171 165 163
0.282808 0.225788 0.076626 163 156 155
0.282619 0.226186 0.086526 172 166 166
0.284928 0.224347 0.094390 170 164 164
0.287457 0.222584 0.103622 168 162 163
0.288291 0.221787 0.112664 200 191 188
0.281077 0.235237 0.027262 184 178 174
0.281587 0.233794 0.035082 180 170 165
0.281686 0.232698 0.044559 163 150 144
0.282621 0.236189 0.057119 174 170 169
0.282186 0.234927 0.065388 177 173 171
0.281580 0.234166 0.074951 173 166 165
0.283583 0.234228 0.085053 182 175 174
0.287031 0.232261 0.092511 176 170 168
0.285862 0.247471 0.015058 176 168 166
0.287570 0.247038 0.021947 176 170 169
0.282708 0.246134 0.066095 192 184 180
0.282338 0.243804 0.074483 207 200 194
0.283475 0.242254 0.083366 212 202 198
0.283297 0.254502 0.005786 144 131 116
0.284872 0.256319 0.014109 174 162 153
0.288709 0.257251 0.021692 182 174 170
0.282462 0.257178 0.057334 192 184 178
0.282443 0.253639 0.064329 199 190 184
0.283322 0.265167 0.015137 170 152 136
0.287427 0.267074 0.024500 206 195 190
0.282970 0.274540 0.016543 177 160 146
0.285645 0.276575 0.025096 180 169 162
0.287663 0.277141 0.032070 202 193 188
0.284180 0.284089 0.026297 208 193 185
0.286838 0.284988 0.031507 215 201 195
0.285520 0.297038 0.019054 151 122 100
0.284847 0.295197 0.024871 194 178 166
0.283947 0.292972 0.034076 202 185 169
0.286569 0.296251 0.056043 154 145 140
0.286956 0.297652 0.065186 202 195 192
0.288805 0.299094 0.071203 198 192 190
0.284140 0.306063 0.026376 154 136 124
0.285793 0.303854 0.033416 178 164 155
0.284707 0.303380 0.044606 166 158 154
0.284098 0.302477 0.054851 182 175 171
0.284685 0.304644 0.066920 211 202 198
0.287576 0.304166 0.072076 200 191 187
0.283935 0.312526 0.025565 124 100 82
0.286056 0.316867 0.037177 187 170 159
0.285318 0.317786 0.044406 194 174 160
0.284630 0.313909 0.055018 202 190 181
0.284713 0.312235 0.063390 220 211 204
0.285330 0.324419 0.036299 185 162 143
0.283625 0.324095 0.041130 206 187 171
0.284708 0.333228 0.035909 180 161 144
0.285608 0.334808 0.044056 222 208 199
0.284714 0.343936 0.028753 172 158 145
0.284492 0.344921 0.035306 178 166 156
0.285879 0.346787 0.043659 218 205 194
0.282119 0.353183 0.039095 200 189 179
0.285303 0.354088 0.044137 215 205 198
0.284846 0.365319 0.037090 220 215 212
0.284440 0.364162 0.044121 238 226 222
0.285028 0.374653 0.016341 154 172 169
0.284747 0.375029 0.035738 186 180 179
0.284085 0.393710 -0.016520 41 134 136
0.283169 0.401740 -0.026637 84 114 116
0.294374 -0.554890 -0.063573 0 128 113
0.299080 -0.552549 -0.059163 0 132 118
0.293461 -0.545266 -0.062495 0 127 114
0.298196 -0.543888 -0.058311 0 130 116
0.293066 -0.535115 -0.062155 0 128 114
0.297936 -0.535094 -0.058261 0 131 116
0.292084 -0.525651 -0.061387 0 128 116
0.296830 -0.524416 -0.057439 0 131 118
0.291433 -0.515679 -0.061104 0 128 116
0.296315 -0.514799 -0.057191 0 131 118
0.290687 -0.506228 -0.060997 0 128 116
0.295621 -0.504832 -0.057089 0 132 120
0.295112 -0.494922 -0.056065 0 132 120
0.295014 -0.485010 -0.055788 1 134 123
0.295130 -0.474991 -0.055131 2 136 126
0.294949 -0.464923 -0.054505 3 139 130
0.294990 -0.455145 -0.054827 3 140 130
0.294982 -0.445023 -0.053792 4 148 136
0.295047 -0.434908 -0.053406 4 148 136
0.295128 -0.424949 -0.053445 6 149 138
0.294989 -0.415040 -0.053410 3 144 134
0.294847 -0.405154 -0.052712 1 140 130
0.294594 -0.395495 -0.052578 1 140 130
0.294695 -0.385133 -0.051262 4 144 134
0.295513 -0.375429 -0.051031 0 138 128
0.296132 -0.368721 -0.050319 0 136 127
0.294770 -0.364360 -0.047570 0 136 126
0.295077 -0.355005 -0.044786 0 120 113
0.295591 -0.346494 -0.041741 1 98 94
0.295288 -0.342236 -0.038590 0 90 86
0.296220 -0.335932 -0.032854 2 84 80
0.296170 -0.334215 -0.025762 20 77 72
0.295034 -0.332674 -0.015341 136 154 150
0.296347 -0.330804 -0.007556 151 164 160
0.293682 -0.326991 -0.013457 128 148 138
0.294822 -0.326357 -0.004026 160 167 159
0.296572 -0.322735 0.003578 156 162 153
0.295951 -0.314067 -0.026871 1 104 92
0.295202 -0.314372 -0.012656 32 84 74
0.297161 -0.313013 -0.003573 107 130 121
0.295100 -0.316015 0.006654 161 166 157
0.294862 -0.313360 0.013122 171 174 164
0.295173 -0.304934 -0.023817 0 121 106
0.299159 -0.308495 -0.011379 3 87 82
0.297550 -0.306901 -0.004240 17 88 82
0.293594 -0.306571 0.006079 108 140 132
0.292059 -0.306478 0.014059 152 160 151
0.294554 -0.303273 0.023582 96 136 122
0.295102 -0.295133 -0.021630 2 140 124
0.291925 -0.292792 -0.019754 2 138 123
0.292281 -0.299107 0.017099 72 114 113
0.293081 -0.297440 0.024623 42 94 90
0.292118 -0.296336 0.035692 88 119 110
0.293017 -0.294830 0.045043 111 132 124
0.293528 -0.292760 0.054407 165 175 167
0.296847 -0.291476 0.064883 163 166 162
0.298923 -0.290288 0.072260 172 172 170
0.295489 -0.285162 -0.021649 6 150 134
0.296110 -0.282242 -0.014107 37 141 130
0.297319 -0.282084 -0.006263 150 184 179
0.295652 -0.282102 0.004054 198 210 206
0.294967 -0.283404 0.058415 204 200 198
0.292802 -0.287310 0.064809 202 197 189
0.294811 -0.284564 0.075621 193 189 186
0.295857 -0.274574 -0.021441 9 148 135
0.294369 -0.274691 -0.017336 44 144 134
0.292186 -0.278139 -0.006811 129 176 171
0.292006 -0.278655 0.003424 180 204 198
0.292438 -0.277932 0.056758 218 216 212
0.292306 -0.278093 0.066110 218 215 210
0.291422 -0.278786 0.073370 214 210 205
0.295834 -0.264693 -0.021865 9 134 124
0.294229 -0.264378 -0.016858 137 170 151
0.294657 -0.255843 -0.023955 8 88 81
0.296202 -0.253331 -0.016243 176 170 150
0.290592 -0.248456 -0.021320 26 80 71
0.295105 -0.245075 -0.016218 212 195 172
0.297250 -0.233022 -0.021570 205 165 105
0.294357 -0.236260 -0.016052 218 193 152
0.298492 -0.226922 -0.021051 196 150 92
0.294367 -0.225610 -0.017019 191 153 103
0.294794 -0.225075 -0.004655 194 162 113
0.295453 -0.217357 -0.014845 162 128 98
0.295162 -0.215055 -0.003938 191 158 121
0.293916 -0.213351 0.003930 178 154 126
0.292571 -0.211444 0.011635 191 184 174
0.298237 -0.204253 -0.001130 111 84 65
0.296260 -0.205236 0.004757 179 156 135
0.293730 -0.203732 0.014940 192 179 170
0.293197 -0.201192 0.021205 182 171 166
0.295027 -0.197451 0.016333 194 183 172
0.294736 -0.194892 0.023502 202 191 184
0.293783 -0.181912 0.007793 181 166 150
0.293545 -0.185017 0.015626 192 179 168
0.296332 -0.186248 0.023228 198 186 178
0.298895 -0.183315 0.032123 208 200 191
0.294170 -0.175265 -0.003312 142 125 97
0.293727 -0.175023 0.004350 168 154 134
0.295691 -0.174474 0.015969 187 177 165
0.297468 -0.173643 0.024667 198 188 180
0.298432 -0.176775 0.032992 208 200 190
0.291213 -0.162043 -0.012977 18 50 29
0.292218 -0.165276 -0.004262 134 122 84
0.293731 -0.165870 0.006056 163 151 131
0.296380 -0.164772 0.015102 193 182 173
0.298895 -0.165281 0.023745 193 181 175
0.296405 -0.165302 0.033335 186 180 170
0.290845 -0.158892 -0.013686 12 74 64
0.292042 -0.158458 -0.004081 34 76 70
0.292734 -0.156867 0.006459 171 169 161
0.293597 -0.155679 0.015001 189 180 172
0.295467 -0.154513 0.025213 177 169 160
0.293128 -0.152459 0.035062 168 164 154
0.295645 -0.153284 0.044405 204 198 190
0.291329 -0.143150 -0.002677 88 133 121
0.292521 -0.144625 0.005669 144 152 139
0.294574 -0.145372 0.015194 178 172 160
0.295556 -0.145494 0.025315 157 152 144
0.295525 -0.145338 0.033793 167 162 154
0.294722 -0.145181 0.045846 199 192 184
0.297921 -0.144545 0.053128 206 196 190
0.291715 -0.135608 -0.012537 86 116 90
0.292597 -0.136657 -0.004048 78 111 95
0.293845 -0.136730 0.004762 92 112 103
0.293919 -0.135366 0.015148 114 121 114
0.294040 -0.136372 0.025650 135 136 130
0.295474 -0.135566 0.035145 170 165 160
0.296941 -0.135381 0.045427 204 197 193
0.298987 -0.136137 0.052488 214 206 203
0.293269 -0.126622 -0.003334 45 87 80
0.293268 -0.124476 0.005558 54 101 96
0.293072 -0.124564 0.015892 130 142 136
0.293395 -0.123282 0.025147 151 151 144
0.294369 -0.126271 0.036312 160 158 153
0.296941 -0.125330 0.045565 185 178 175
0.298905 -0.124955 0.052078 208 200 197
0.290674 -0.115174 -0.015682 23 108 100
0.291079 -0.116536 -0.003950 76 139 133
0.291126 -0.115607 0.005836 149 165 161
0.291787 -0.115031 0.015478 166 164 161
0.292895 -0.116185 0.026146 133 133 123
0.294540 -0.114586 0.034920 148 146 138
0.295738 -0.114947 0.045212 189 182 176
0.297658 -0.114514 0.053915 206 200 194
0.299066 -0.113998 0.060872 216 207 199
0.291401 -0.104406 -0.004949 24 116 107
0.293472 -0.104416 0.005257 83 96 92
0.292304 -0.103650 0.015679 111 113 106
0.293010 -0.104001 0.024530 129 124 119
0.294923 -0.105593 0.035165 151 146 141
0.296600 -0.104488 0.045045 179 173 168
0.298415 -0.103049 0.054844 209 200 196
0.299303 -0.106045 0.061238 197 190 184
0.290638 -0.095941 -0.003394 55 124 117
0.293330 -0.096120 0.005574 77 105 96
0.292490 -0.094922 0.015521 130 109 102
0.293916 -0.095534 0.025114 133 130 125
0.294808 -0.095799 0.035560 150 152 147
0.296421 -0.095112 0.045265 173 171 167
0.298402 -0.095505 0.053872 204 198 193
0.299418 -0.097845 0.061794 223 214 210
0.291370 -0.084585 -0.001965 41 113 106
0.292112 -0.085401 0.006688 103 146 140
0.292720 -0.084304 0.015346 129 151 140
0.294513 -0.083683 0.025012 150 154 144
0.295333 -0.084681 0.034944 167 166 155
0.296257 -0.085406 0.045433 181 180 171
0.298179 -0.084242 0.054307 192 188 181
0.298904 -0.083993 0.061463 196 190 186
0.291395 -0.074089 0.006443 126 133 109
0.292581 -0.075643 0.016215 126 143 127
0.293939 -0.075492 0.025243 129 139 130
0.295497 -0.075352 0.035241 152 156 148
0.296635 -0.075451 0.045501 182 182 172
0.298248 -0.075058 0.054816 198 196 187
0.299237 -0.076245 0.061461 222 217 210
0.291306 -0.063735 -0.013909 26 101 84
0.292258 -0.064392 -0.004510 66 106 83
0.292931 -0.065627 0.005914 112 119 88
0.293325 -0.065654 0.015824 113 122 105
0.294633 -0.064950 0.024979 127 134 128
0.295923 -0.065042 0.034575 152 157 152
0.297489 -0.065470 0.044404 170 170 165
0.299094 -0.067682 0.053949 196 194 187
0.292243 -0.052575 -0.002692 45 99 87
0.292790 -0.053924 0.005615 108 137 128
0.293216 -0.054080 0.015069 131 138 118
0.294540 -0.054679 0.024956 154 152 135
0.296008 -0.055305 0.034985 161 162 154
0.297400 -0.055529 0.044093 178 178 170
0.298313 -0.054305 0.054256 196 194 187
0.291924 -0.046850 -0.004028 50 112 99
0.292129 -0.047071 0.006655 71 114 105
0.293030 -0.045327 0.015564 132 149 139
0.295507 -0.044640 0.024994 146 148 134
0.296697 -0.044008 0.034663 156 151 134
0.297614 -0.043960 0.044591 175 170 158
0.298723 -0.043478 0.054497 209 204 194
0.291938 -0.032470 -0.003495 131 125 80
0.292747 -0.034207 0.005666 109 113 82
0.294518 -0.034742 0.015043 135 129 100
0.295005 -0.035236 0.024897 150 151 136
0.296469 -0.035303 0.035060 159 161 153
0.297685 -0.036380 0.045020 185 183 173
0.298942 -0.036270 0.053894 201 197 191
0.299742 -0.036721 0.060451 216 210 200
0.290679 -0.025388 -0.021832 6 104 102
0.292055 -0.026509 -0.014719 26 96 86
0.292067 -0.024726 -0.004464 69 104 82
0.292794 -0.024918 0.005448 107 130 108
0.294039 -0.024906 0.015232 117 133 115
0.295985 -0.024507 0.024897 136 142 129
0.297130 -0.024235 0.034423 151 152 144
0.297392 -0.025393 0.044787 176 174 169
0.298904 -0.023122 0.052989 204 199 195
0.291467 -0.015353 -0.012647 7 105 99
0.292497 -0.014331 -0.005004 48 113 98
0.292967 -0.014746 0.005285 82 117 110
0.293848 -0.015081 0.015466 126 142 134
0.295496 -0.015711 0.025213 156 159 149
0.297136 -0.015283 0.034799 174 170 156
0.297879 -0.014861 0.044246 184 178 166
0.298948 -0.014740 0.052798 199 194 184
0.291597 -0.005445 -0.013141 38 105 91
0.293764 -0.004848 -0.004308 85 108 99
0.294357 -0.004098 0.005128 100 111 103
0.294635 -0.005700 0.016395 118 122 111
0.295564 -0.004990 0.025279 157 156 145
0.296901 -0.004225 0.034898 173 170 161
0.298249 -0.004269 0.044161 189 186 177
0.299258 -0.005599 0.052829 200 195 186
0.291378 0.002119 -0.021425 7 70 62
0.292100 0.004115 -0.014654 11 61 49
0.292729 0.004518 -0.005328 66 78 52
0.294021 0.003890 0.005762 112 105 82
0.295223 0.004793 0.014937 135 130 116
0.295168 0.004379 0.025084 144 144 139
0.296209 0.003726 0.034630 161 161 155
0.296168 0.003696 0.045226 171 173 166
0.298233 0.003496 0.053815 192 188 181
0.291877 0.016697 -0.003767 82 115 100
0.291955 0.015587 0.005268 88 114 104
0.292831 0.015342 0.015198 147 149 139
0.295709 0.015029 0.025020 169 164 155
0.297963 0.014699 0.033485 161 154 147
0.295777 0.015281 0.043830 174 172 167
0.290497 0.022147 -0.015991 39 89 82
0.291550 0.025012 -0.002916 97 120 111
0.292695 0.027443 0.006431 176 171 162
0.293700 0.024792 0.015671 170 166 158
0.296688 0.024972 0.025346 172 167 160
0.298224 0.025647 0.034393 186 180 173
0.299147 0.027053 0.044661 194 186 180
0.291781 0.036482 -0.002543 58 65 52
0.292120 0.034558 0.005999 134 137 128
0.294230 0.035400 0.015729 166 162 152
0.296963 0.034727 0.024667 170 161 153
0.297424 0.033280 0.034796 163 155 149
0.298529 0.032343 0.043787 182 173 166
0.290728 0.043142 -0.003684 88 92 69
0.291234 0.043923 0.006476 176 162 144
0.293201 0.044273 0.015122 185 171 155
0.296164 0.044313 0.024247 197 184 173
0.297758 0.043485 0.034149 162 150 144
0.293107 0.056869 0.006763 152 130 106
0.295862 0.055891 0.014579 162 143 125
0.298582 0.056289 0.024371 176 165 157
0.299188 0.057245 0.034125 189 178 172
0.299608 0.056374 0.041664 214 201 194
0.292162 0.065029 0.007223 172 156 143
0.295399 0.064348 0.014222 163 150 141
0.297301 0.064416 0.024541 159 145 139
0.298829 0.063430 0.033059 167 154 148
0.299113 0.068088 0.152090 178 178 173
0.292614 0.074716 0.005814 166 151 138
0.295674 0.074747 0.014779 168 155 145
0.297958 0.075842 0.023769 158 145 136
0.298414 0.072665 0.032784 138 124 118
0.294942 0.075019 0.146374 150 154 149
0.297283 0.075244 0.156025 174 174 168
0.298998 0.077758 0.162671 194 193 190
0.291726 0.087190 -0.003216 153 132 109
0.294780 0.086149 0.004435 147 132 118
0.297327 0.085851 0.015164 152 140 131
0.298558 0.085873 0.024987 183 170 163
0.299282 0.087065 0.033668 190 176 169
0.294071 0.086576 0.146247 141 137 133
0.295788 0.086551 0.155384 143 141 137
0.298419 0.087129 0.163927 192 188 187
0.291102 0.094467 -0.002094 163 148 131
0.293513 0.094646 0.004398 156 142 129
0.295614 0.094606 0.014887 142 128 117
0.297423 0.094204 0.024549 147 133 123
0.299332 0.093115 0.032059 146 132 123
0.294109 0.093481 0.147106 152 148 146
0.293630 0.094241 0.155968 144 142 142
0.296876 0.095608 0.166028 203 200 200
0.298944 0.097216 0.170573 208 204 206
0.291409 0.105171 -0.003010 164 145 128
0.293798 0.104910 0.004688 154 135 116
0.296167 0.104858 0.014884 153 136 121
0.297796 0.104651 0.024762 166 149 137
0.298706 0.105518 0.032190 171 155 146
0.297781 0.108500 0.147595 153 145 141
0.296071 0.105668 0.156397 164 160 158
0.297363 0.106452 0.165840 216 212 211
0.299189 0.101340 0.170309 209 205 207
0.291589 0.114564 -0.004493 162 137 108
0.293545 0.114467 0.005194 161 145 133
0.294627 0.114386 0.015033 167 152 139
0.295853 0.113445 0.023795 182 166 153
0.299257 0.111374 0.031611 198 182 168
0.295110 0.113456 0.136365 171 164 162
0.295837 0.114764 0.145435 153 147 143
0.295779 0.114752 0.155365 172 167 163
0.296492 0.115408 0.165418 222 216 217
0.291462 0.124224 -0.002799 191 176 160
0.294246 0.124693 0.004568 176 160 144
0.297086 0.124750 0.014172 140 122 106
0.298572 0.125425 0.023297 160 145 131
0.296194 0.125567 0.137335 160 152 144
0.293642 0.123808 0.147254 164 160 156
0.293843 0.125692 0.157224 199 194 193
0.295903 0.124093 0.163275 224 216 218
0.292162 0.135640 -0.003539 157 128 102
0.295881 0.135063 0.004800 170 151 134
0.297554 0.135218 0.014461 186 168 156
0.298719 0.134887 0.024243 208 190 180
0.293156 0.136876 0.125621 181 175 170
0.292405 0.136935 0.136586 188 183 178
0.292152 0.135278 0.145367 174 168 163
0.293103 0.135548 0.157244 217 209 210
0.295559 0.134793 0.161935 224 214 216
0.291747 0.144680 -0.003435 152 130 114
0.294451 0.145025 0.004480 172 152 138
0.296992 0.143934 0.013935 122 102 92
0.299044 0.141335 0.022139 114 97 89
0.292177 0.147122 0.107017 176 168 162
0.291393 0.145023 0.114789 174 167 162
0.290954 0.144942 0.125331 170 164 158
0.290817 0.142934 0.134804 180 176 170
0.290583 0.142302 0.145068 178 172 167
0.293069 0.145030 0.156030 203 195 196
0.296978 0.143629 0.160992 210 202 203
0.291983 0.155650 -0.002869 172 140 112
0.295698 0.154944 0.004479 193 170 154
0.298262 0.156011 0.014346 186 164 153
0.299324 0.156261 0.022776 207 188 179
0.290324 0.151637 0.104760 176 169 163
0.290240 0.152087 0.121508 166 160 154
0.294411 0.158140 0.148647 211 205 204
0.294824 0.155069 0.154537 198 192 193
0.298708 0.153984 0.160852 206 198 198
0.291671 0.164608 -0.003076 161 128 102
0.294794 0.165053 0.004313 152 128 114
0.297917 0.165145 0.014545 156 136 125
0.298362 0.165465 0.023565 192 173 164
0.293141 0.166656 0.147568 210 204 205
0.294147 0.163419 0.152171 208 202 204
0.291231 0.173419 -0.000683 173 149 134
0.293848 0.174357 0.003922 171 149 136
0.297015 0.174030 0.013425 156 138 126
0.292792 0.176751 0.138882 191 186 185
0.294998 0.175433 0.145666 206 201 204
0.295606 0.172057 0.151092 233 224 225
0.293861 0.186406 0.137014 198 193 195
0.295600 0.182760 0.142519 210 205 207
0.293615 0.197021 0.127688 198 192 196
0.295030 0.194107 0.134440 208 203 206
0.296384 0.191668 0.141015 230 220 220
0.292217 0.205654 0.118922 182 178 181
0.294220 0.205422 0.126055 210 205 207
0.295401 0.203551 0.132406 228 218 218
0.295348 0.217594 0.108192 188 184 189
0.293808 0.215490 0.116162 204 197 200
0.295628 0.212593 0.123289 215 206 208
0.294400 0.227318 0.096574 178 176 178
0.295799 0.224410 0.104051 196 190 193
0.296614 0.222443 0.115750 222 212 211
0.295160 0.233721 0.075589 175 170 170
0.294946 0.234557 0.086397 185 180 180
0.296871 0.232265 0.093492 193 188 189
0.294254 0.248051 0.024548 164 159 158
0.295366 0.253944 0.024603 168 161 160
0.294195 0.265118 0.026187 200 192 190
0.296479 0.267259 0.031956 221 211 208
0.294601 0.275469 0.026344 194 184 181
0.295269 0.276002 0.034173 226 215 212
0.295522 0.285846 0.027371 171 158 152
0.295229 0.284705 0.034435 218 206 202
0.293931 0.295384 0.025512 166 151 146
0.295096 0.295347 0.035360 226 212 209
0.297150 0.294457 0.043602 184 174 173
0.294809 0.295098 0.056027 146 139 136
0.295225 0.296007 0.066150 214 206 204
0.294457 0.298333 0.072168 212 206 202
0.293800 0.303828 0.037179 174 164 160
0.296071 0.305150 0.043392 172 160 156
0.296534 0.301510 0.054712 176 170 167
0.295363 0.305219 0.066090 214 204 199
0.294840 0.302987 0.073772 220 210 205
0.294194 0.316190 0.036543 138 126 118
0.295689 0.315200 0.044139 187 175 171
0.295310 0.313088 0.054738 227 216 209
0.294507 0.312688 0.062973 230 218 212
0.293246 0.323278 0.036635 135 123 116
0.293951 0.323714 0.043866 164 153 147
0.297377 0.327158 0.053245 219 206 203
0.292727 0.337898 0.037287 194 186 179
0.293564 0.336050 0.046527 213 202 197
0.297081 0.335674 0.051924 221 210 206
0.292876 0.343208 0.036019 161 150 145
0.294135 0.346450 0.046126 191 181 175
0.297252 0.343950 0.051558 211 201 197
0.294921 0.354143 0.045071 197 187 181
0.296936 0.352983 0.051784 222 211 204
0.293633 0.366518 0.036935 168 167 164
0.295251 0.364312 0.045015 193 186 183
0.292874 0.376714 0.017029 86 130 133
0.295185 0.375783 0.026275 132 152 156
0.295208 0.376821 0.034483 146 149 153
0.296724 0.372903 0.043593 146 142 143
0.293305 0.386027 0.006226 94 132 136
0.294815 0.384045 0.015402 114 137 142
0.294962 0.385022 0.025819 143 145 150
0.296636 0.383901 0.034874 148 144 148
0.297750 0.394476 -0.005904 126 155 160
0.294117 0.395884 0.016912 140 134 137
0.295065 0.392703 0.022752 152 148 150
0.304250 -0.553536 -0.055765 2 141 126
0.305062 -0.544752 -0.053906 0 139 126
0.305026 -0.535166 -0.054733 0 137 123
0.304950 -0.524825 -0.053285 0 138 124
0.304992 -0.515064 -0.052718 1 138 125
0.304704 -0.504909 -0.052267 0 139 126
0.304758 -0.495078 -0.052605 1 141 128
0.304780 -0.484800 -0.052790 2 142 130
0.304994 -0.475070 -0.053393 2 142 130
0.305005 -0.465076 -0.052947 3 145 132
0.304879 -0.455032 -0.052967 5 148 138
0.304981 -0.445146 -0.053083 8 152 141
0.305038 -0.435054 -0.052873 6 148 138
0.304992 -0.424797 -0.052833 4 148 136
0.305074 -0.414965 -0.053009 2 144 134
0.304929 -0.405096 -0.052509 0 139 129
0.304282 -0.395612 -0.051246 1 139 130
0.303824 -0.385376 -0.050533 6 144 135
0.306834 -0.383859 -0.049490 6 145 136
0.304702 -0.375100 -0.050647 0 137 128
0.306851 -0.375864 -0.049423 0 136 128
0.305550 -0.364581 -0.048251 0 135 126
0.305062 -0.354965 -0.045699 0 122 114
0.305181 -0.345992 -0.042803 2 91 86
0.305448 -0.341382 -0.037295 13 84 77
0.305740 -0.337202 -0.034439 4 75 70
0.304096 -0.335107 -0.025285 71 116 108
0.303766 -0.332392 -0.015431 136 160 151
0.302200 -0.330598 -0.008011 144 157 146
0.304073 -0.329184 -0.011547 144 158 148
0.303316 -0.327389 -0.003877 140 155 145
0.302728 -0.323856 0.003123 143 153 143
0.307812 -0.322114 0.014402 130 145 142
0.309326 -0.321009 0.023726 139 150 146
0.304310 -0.313795 -0.026966 0 111 98
0.305132 -0.310771 -0.015327 2 89 81
0.303501 -0.311851 -0.005350 46 96 90
0.303012 -0.314636 0.006135 121 138 134
0.304228 -0.315705 0.014772 140 151 146
0.307670 -0.315169 0.025188 145 156 152
0.309261 -0.313878 0.033493 151 162 157
0.304902 -0.304763 -0.023062 2 124 110
0.304222 -0.307111 -0.015206 4 101 93
0.303456 -0.308128 -0.004750 6 92 85
0.305259 -0.307532 0.004517 8 90 86
0.306993 -0.307319 0.014754 11 82 77
0.308880 -0.308694 0.023746 28 66 60
0.309150 -0.305666 0.033778 47 90 86
0.303913 -0.295903 -0.020878 12 142 125
0.305516 -0.292549 -0.018998 76 166 149
0.306014 -0.297877 0.058668 112 137 135
0.304485 -0.295763 0.066215 130 144 142
0.304535 -0.293659 0.075444 159 162 159
0.306401 -0.292513 0.084683 177 178 174
0.308414 -0.291301 0.091960 188 190 184
0.302319 -0.284029 -0.021313 6 150 133
0.306003 -0.283973 -0.016037 56 141 127
0.305080 -0.285306 -0.006335 150 172 166
0.305701 -0.286116 0.004495 198 198 193
0.306362 -0.286213 0.012819 201 200 195
0.305222 -0.284940 0.055122 208 204 196
0.305465 -0.284567 0.065809 208 204 197
0.303460 -0.285534 0.076629 202 198 192
0.304712 -0.287195 0.083907 195 192 186
0.308505 -0.288434 0.092580 198 196 191
0.304897 -0.274514 -0.021150 8 140 128
0.306390 -0.276517 -0.018019 42 135 122
0.304652 -0.265940 -0.022301 7 124 114
0.305452 -0.266523 -0.017353 104 163 144
0.304147 -0.256543 -0.022185 68 93 67
0.305342 -0.254515 -0.016037 196 179 150
0.306108 -0.242812 -0.020303 202 172 132
0.304895 -0.245171 -0.016434 214 189 157
0.305375 -0.233050 -0.022192 168 134 91
0.304456 -0.237834 -0.016281 215 192 166
0.305243 -0.227188 -0.021852 170 131 77
0.305553 -0.222651 -0.017622 179 142 97
0.303884 -0.224872 -0.004689 192 168 121
0.305308 -0.215911 -0.015676 144 108 79
0.304498 -0.213347 -0.005144 192 164 135
0.303233 -0.213825 0.004338 157 139 119
0.305433 -0.206042 -0.001866 149 128 107
0.304708 -0.203990 0.004624 151 134 117
0.305442 -0.203698 0.013401 167 159 150
0.305302 -0.195526 0.016696 158 148 142
0.304096 -0.194197 0.023229 163 155 148
0.304756 -0.181342 0.005510 128 118 116
0.305047 -0.185660 0.016884 174 162 158
0.304765 -0.187630 0.023649 167 157 152
0.303438 -0.184143 0.036659 215 208 200
0.307437 -0.182313 0.041989 216 210 200
0.303076 -0.175689 -0.011394 126 121 118
0.305573 -0.176249 -0.006402 114 110 109
0.304898 -0.174754 0.004500 105 101 102
0.304538 -0.174303 0.015009 112 106 106
0.302924 -0.173722 0.026165 180 171 168
0.303331 -0.174646 0.036169 210 200 194
0.307111 -0.173462 0.043586 214 203 196
0.301804 -0.164036 0.027364 176 166 161
0.302806 -0.165128 0.035339 200 188 183
0.306633 -0.165601 0.045044 198 187 182
0.308028 -0.161527 0.051085 171 162 156
0.300957 -0.156316 0.027824 164 155 150
0.303144 -0.155649 0.035124 160 150 146
0.305943 -0.154403 0.045454 190 179 174
0.307526 -0.153634 0.052749 210 199 195
0.306203 -0.141219 0.016552 132 124 122
0.304335 -0.143368 0.025689 158 149 147
0.303300 -0.144380 0.034592 152 145 142
0.304550 -0.146837 0.046170 208 199 197
0.305069 -0.142745 0.055675 218 210 208
0.308160 -0.142173 0.062102 225 216 212
0.302985 -0.135130 0.003620 87 81 79
0.303828 -0.137910 0.014191 106 101 100
0.303786 -0.138324 0.025135 90 84 84
0.303789 -0.138678 0.036120 118 114 112
0.303731 -0.137561 0.045168 160 156 153
0.303142 -0.135099 0.056596 214 205 203
0.307478 -0.134882 0.062727 221 211 209
0.303042 -0.125758 0.047929 157 151 148
0.303168 -0.125155 0.056211 204 196 194
0.307148 -0.125776 0.062859 219 209 206
0.302540 -0.115965 0.037207 88 88 86
0.304218 -0.112776 0.044985 125 120 119
0.302570 -0.115889 0.057265 214 206 204
0.305905 -0.114764 0.064157 221 212 209
0.304540 -0.101541 0.025612 119 109 108
0.305395 -0.103145 0.035038 121 115 114
0.305387 -0.103388 0.045207 130 126 124
0.304029 -0.101310 0.055381 170 164 161
0.305508 -0.103516 0.065884 224 214 211
0.309097 -0.102169 0.070697 230 219 218
0.300985 -0.096819 0.008395 106 95 94
0.302999 -0.097460 0.015119 104 94 94
0.304357 -0.098326 0.023631 111 102 102
0.303849 -0.098693 0.036888 112 111 110
0.303019 -0.095432 0.045578 139 137 134
0.302414 -0.094497 0.056510 191 185 182
0.305421 -0.094354 0.065416 221 212 209
0.308855 -0.094521 0.070572 227 216 215
0.304715 -0.083859 0.045867 158 155 151
0.302487 -0.085747 0.056972 196 191 186
0.304681 -0.084799 0.064844 217 208 205
0.307677 -0.084880 0.071546 220 210 208
0.303309 -0.078290 0.038573 88 90 88
0.304748 -0.075965 0.044769 100 101 98
0.303075 -0.074039 0.056840 201 196 191
0.304633 -0.075021 0.064981 222 215 210
0.307759 -0.078063 0.071617 243 233 230
0.304188 -0.064869 0.026136 118 118 115
0.305020 -0.062669 0.035394 122 119 118
0.303587 -0.063804 0.046437 149 145 143
0.303733 -0.063607 0.055339 199 196 192
0.306019 -0.064596 0.065284 223 216 212
0.309374 -0.061754 0.070637 245 234 233
0.302666 -0.054196 0.036231 156 152 145
0.302332 -0.056605 0.046439 153 152 146
0.302745 -0.055169 0.056096 196 192 187
0.305706 -0.055185 0.065328 224 217 212
0.308999 -0.055203 0.070778 227 218 216
0.304175 -0.045224 0.026159 104 106 102
0.303597 -0.044305 0.035013 130 129 123
0.303156 -0.044234 0.044761 145 141 134
0.302206 -0.046040 0.056883 208 202 194
0.305035 -0.045619 0.064868 222 215 209
0.307977 -0.046698 0.071911 238 226 224
0.304375 -0.033366 0.035293 132 130 127
0.303244 -0.033979 0.046328 152 147 144
0.303068 -0.035251 0.056606 203 197 193
0.305973 -0.036355 0.063946 224 217 212
0.304774 -0.024611 0.026596 117 114 112
0.304814 -0.024187 0.034841 137 134 131
0.303891 -0.025018 0.046174 163 160 156
0.304201 -0.024177 0.055511 206 199 196
0.306680 -0.025500 0.065461 227 218 216
0.309559 -0.021432 0.070458 245 233 232
0.304052 -0.012721 0.016891 146 143 140
0.306690 -0.013367 0.024382 134 130 128
0.303956 -0.015058 0.035227 166 162 157
0.302356 -0.015608 0.045577 187 180 176
0.302700 -0.015073 0.056159 212 206 200
0.305927 -0.014309 0.064221 227 218 214
0.308504 -0.014373 0.071557 240 228 226
0.302659 -0.006995 0.035126 142 140 133
0.301688 -0.005617 0.046837 178 169 163
0.302491 -0.005238 0.056538 211 202 196
0.306224 -0.005038 0.063809 229 219 216
0.307528 -0.006083 0.071175 233 225 222
0.303981 0.007964 0.026253 129 126 126
0.303618 0.006437 0.036225 155 148 146
0.304262 0.006641 0.045950 171 164 160
0.305235 0.005448 0.055820 210 199 197
0.306641 0.004505 0.062693 223 214 210
0.303811 0.014138 0.027711 130 124 124
0.303705 0.014129 0.035752 148 141 138
0.303923 0.015446 0.045075 185 177 174
0.305905 0.013849 0.055842 226 216 214
0.307842 0.014181 0.062534 234 224 221
0.302116 0.023885 0.026964 148 140 135
0.301925 0.024627 0.034387 174 166 160
0.302637 0.023116 0.046095 204 196 192
0.304620 0.023999 0.054372 220 210 207
0.306608 0.023362 0.064348 238 227 224
0.307980 0.034141 0.015881 105 104 104
0.306158 0.034655 0.024438 106 105 105
0.304186 0.036355 0.034975 125 119 116
0.304696 0.036038 0.044562 162 154 151
0.305681 0.033903 0.053673 201 191 189
0.303264 0.045519 0.027823 132 124 121
0.305128 0.045237 0.035260 142 134 132
0.304622 0.045659 0.045601 191 182 179
0.306405 0.044962 0.054673 220 210 208
0.302008 0.054698 0.026251 167 156 150
0.303262 0.054083 0.034812 174 163 158
0.304787 0.054398 0.045880 209 197 195
0.306760 0.053100 0.053627 222 210 208
0.307613 0.054790 0.061878 214 202 202
0.304438 0.064214 0.026163 122 114 112
0.302651 0.065818 0.036650 144 131 128
0.306546 0.063612 0.045312 188 176 176
0.307927 0.062545 0.053167 208 197 198
0.307049 0.062673 0.147813 178 174 166
0.305032 0.065745 0.155999 198 198 194
0.305153 0.068557 0.161976 210 209 207
0.302818 0.075980 0.027075 146 135 130
0.303974 0.075562 0.036156 182 170 168
0.306335 0.075488 0.045602 209 195 192
0.307798 0.077068 0.146437 172 169 169
0.307872 0.075160 0.156920 196 194 195
0.305751 0.076680 0.164901 211 209 209
0.302753 0.084025 0.026074 136 126 122
0.302580 0.084649 0.036094 192 180 175
0.305847 0.085359 0.044245 211 197 193
0.308643 0.082117 0.050283 222 206 202
0.306889 0.084867 0.156768 197 191 189
0.306584 0.086641 0.165687 218 213 212
0.304783 0.089479 0.170393 217 212 212
0.304402 0.095666 0.035822 156 142 135
0.306980 0.094638 0.041975 190 175 167
0.307371 0.097094 0.147164 145 138 132
0.305695 0.094830 0.155803 178 170 162
0.305913 0.094858 0.167121 220 214 215
0.305548 0.096037 0.170876 218 212 214
0.300661 0.105684 0.018693 136 122 112
0.301813 0.103881 0.026185 175 160 152
0.303681 0.104451 0.035749 189 174 166
0.306979 0.104613 0.041270 196 178 169
0.301731 0.105269 0.146677 154 140 126
0.301128 0.103449 0.155402 180 171 162
0.304855 0.104847 0.167886 223 218 218
0.305055 0.105128 0.170517 225 218 219
0.302580 0.116683 0.026736 136 120 108
0.305011 0.113730 0.034742 178 164 154
0.308738 0.112050 0.042164 162 152 149
0.304701 0.115523 0.166989 225 219 221
0.304398 0.112486 0.170522 237 228 227
0.301358 0.127560 0.017135 134 121 110
0.304836 0.125200 0.025772 159 146 138
0.306160 0.126183 0.033804 208 194 186
0.304422 0.127213 0.159603 208 206 210
0.304935 0.124669 0.164370 225 219 220
0.305719 0.136265 0.026658 171 159 154
0.305530 0.134375 0.033177 191 180 175
0.307832 0.137793 0.055304 103 96 94
0.308429 0.135869 0.063695 100 95 92
0.304800 0.135260 0.158194 206 204 207
0.305491 0.134481 0.162697 226 217 218
0.306037 0.147201 0.017053 117 108 103
0.305759 0.144838 0.024792 148 139 133
0.305897 0.145790 0.033826 154 148 144
0.306208 0.144408 0.044321 141 136 133
0.306174 0.143376 0.052662 132 126 123
0.309631 0.146160 0.116320 194 194 196
0.309745 0.146158 0.137006 204 203 205
0.308927 0.145835 0.146116 200 200 202
0.305640 0.146214 0.156419 203 198 202
0.304292 0.143032 0.161370 225 216 217
0.302652 0.153287 0.015873 163 148 138
0.303035 0.155538 0.025531 174 158 150
0.305950 0.155070 0.032676 134 121 115
0.309276 0.156303 0.115096 178 178 181
0.309234 0.155528 0.125590 171 171 174
0.308804 0.155221 0.136017 204 202 206
0.307482 0.156926 0.147839 213 210 213
0.304241 0.154631 0.154925 200 194 196
0.302588 0.152220 0.160924 184 173 171
0.303705 0.167921 0.018295 147 134 130
0.304659 0.165226 0.024747 156 144 141
0.305280 0.164054 0.033595 126 116 113
0.303492 0.164396 0.043730 164 156 150
0.309018 0.164478 0.116242 162 162 166
0.308261 0.165010 0.125543 194 193 197
0.307280 0.165344 0.135641 197 196 200
0.305217 0.165694 0.147162 210 206 210
0.304694 0.165015 0.153097 204 195 195
0.305917 0.174662 0.016570 136 127 124
0.307111 0.174732 0.023277 110 103 101
0.305722 0.175891 0.045307 118 112 110
0.305849 0.173087 0.053600 120 114 111
0.308938 0.175019 0.095571 132 132 132
0.308645 0.176321 0.105194 144 144 147
0.308285 0.175879 0.115478 164 163 166
0.307854 0.175445 0.125876 199 198 202
0.307159 0.176526 0.136510 209 204 210
0.303591 0.175050 0.145236 206 200 204
0.303565 0.171656 0.150351 222 214 214
0.308224 0.184643 0.106049 176 176 178
0.307610 0.185186 0.115173 186 186 190
0.307592 0.186060 0.125779 202 200 203
0.305959 0.186304 0.136740 211 206 208
0.302935 0.183019 0.142428 212 207 210
0.304943 0.195152 0.024419 148 136 132
0.307720 0.196244 0.075645 118 117 120
0.308246 0.197627 0.084006 132 130 134
0.308282 0.197841 0.094468 150 149 152
0.308375 0.195882 0.105944 184 184 188
0.308348 0.196822 0.117000 207 203 207
0.306735 0.196818 0.127029 214 207 208
0.303484 0.193854 0.134158 211 204 207
0.303035 0.191640 0.140998 230 221 221
0.309389 0.202670 0.076193 136 134 138
0.308989 0.204066 0.085042 147 145 150
0.308314 0.205016 0.095148 162 160 166
0.307993 0.206148 0.105957 207 202 206
0.306374 0.206213 0.116069 203 198 202
0.304649 0.204791 0.125170 211 204 207
0.303488 0.203063 0.132468 226 218 216
0.308341 0.213861 0.096765 186 184 190
0.306460 0.214456 0.105610 198 194 197
0.304985 0.214384 0.115035 205 198 200
0.304427 0.213715 0.124048 226 216 216
0.305811 0.227364 0.097552 200 196 201
0.305835 0.225448 0.104826 212 204 207
0.305057 0.223088 0.114021 222 212 212
0.304652 0.236175 0.076175 185 178 180
0.305768 0.234502 0.086596 191 186 189
0.304818 0.233138 0.094141 202 197 199
0.306477 0.233328 0.103783 221 212 210
0.307091 0.245076 0.076641 208 200 201
0.307744 0.241993 0.093880 224 214 212
0.303424 0.255865 0.025692 193 186 186
0.307306 0.253862 0.063012 204 196 196
0.305956 0.263574 0.017781 170 162 162
0.305264 0.265830 0.025611 208 200 198
0.302740 0.267308 0.031492 226 216 213
0.307125 0.264619 0.044873 178 170 168
0.305845 0.275077 0.026049 208 198 194
0.303470 0.276331 0.034774 236 224 220
0.305668 0.285617 0.017342 138 127 124
0.305989 0.286519 0.026440 192 180 176
0.304626 0.284475 0.033940 231 218 213
0.305703 0.294644 0.018574 135 124 121
0.306137 0.293651 0.026032 148 136 133
0.304941 0.294025 0.034934 218 206 203
0.303514 0.293838 0.042904 223 212 210
0.307095 0.305363 0.027131 141 130 126
0.305275 0.305226 0.035398 177 165 161
0.303585 0.306477 0.043059 182 170 166
0.306881 0.303179 0.055690 195 188 184
0.304730 0.304840 0.065466 211 203 199
0.302226 0.303834 0.071837 217 208 204
0.306210 0.315423 0.036506 154 140 134
0.304126 0.315352 0.044128 201 189 184
0.305093 0.313712 0.054906 220 210 206
0.305362 0.311997 0.063672 220 209 204
0.306224 0.323674 0.036469 158 144 140
0.304986 0.323994 0.043874 191 180 176
0.302140 0.327283 0.053083 230 217 215
0.306990 0.333088 0.036962 174 163 159
0.305315 0.334594 0.044856 214 202 200
0.302426 0.335483 0.052454 228 217 214
0.307175 0.342927 0.036032 176 167 164
0.305654 0.346519 0.046596 198 187 182
0.302937 0.343806 0.051798 222 211 207
0.305146 0.354119 0.045485 195 185 179
0.303216 0.352713 0.052095 220 210 204
0.306995 0.365866 0.037618 174 174 173
0.305587 0.364788 0.045305 203 197 194
0.302852 0.377394 0.016115 148 157 162
0.302719 0.375449 0.023727 162 169 174
0.303353 0.373058 0.044220 168 166 167
0.304541 0.386725 -0.004108 82 119 128
0.302662 0.385022 0.004726 116 132 142
0.301678 0.382777 0.014345 148 158 167
0.304829 0.385987 0.027049 164 162 168
0.302821 0.383742 0.034072 156 156 162
0.305872 0.397427 -0.022295 64 120 124
0.304654 0.393538 -0.015865 60 123 128
0.314084 -0.552570 -0.052172 3 148 133
0.314769 -0.544685 -0.051024 0 144 130
0.318132 -0.548174 -0.049348 2 146 131
0.314688 -0.534969 -0.051129 0 142 128
0.316631 -0.536077 -0.049544 0 142 130
0.314218 -0.525148 -0.051499 0 141 128
0.314419 -0.515041 -0.051294 0 142 128
0.314865 -0.504995 -0.051265 1 143 130
0.315962 -0.494278 -0.051714 2 144 131
0.314728 -0.485526 -0.051825 2 146 132
0.314194 -0.474938 -0.052270 2 146 133
0.314156 -0.464644 -0.051886 4 149 136
0.314916 -0.455018 -0.052052 4 151 138
0.314940 -0.444944 -0.052158 7 154 142
0.314982 -0.435065 -0.052727 6 150 139
0.315018 -0.425091 -0.052817 6 150 138
0.315018 -0.414949 -0.052521 4 148 136
0.314900 -0.405257 -0.052135 1 140 130
0.312853 -0.397333 -0.050896 1 140 130
0.316589 -0.393282 -0.049278 3 142 133
0.315205 -0.384599 -0.048551 7 148 138
0.316644 -0.375472 -0.050343 0 138 129
0.315013 -0.374981 -0.048773 0 136 128
0.315020 -0.364964 -0.046939 0 136 128
0.315042 -0.355029 -0.044961 1 122 114
0.314753 -0.345653 -0.041984 2 88 84
0.313790 -0.341738 -0.035990 8 81 74
0.314622 -0.336902 -0.035134 3 82 77
0.315256 -0.334499 -0.025754 6 83 77
0.315301 -0.332471 -0.016181 16 85 80
0.312655 -0.330893 -0.007494 46 106 102
0.314605 -0.327410 -0.013791 56 117 112
0.315853 -0.327674 -0.004568 42 104 99
0.313692 -0.326152 0.004866 69 114 111
0.313957 -0.323863 0.014070 85 118 115
0.313744 -0.323065 0.025042 142 158 158
0.314545 -0.321159 0.033431 152 164 161
0.314623 -0.313194 0.026351 90 100 98
0.311967 -0.316809 0.036964 153 160 157
0.314184 -0.315111 0.044289 152 158 156
0.316713 -0.313254 0.054349 146 150 149
0.318018 -0.311798 0.063814 66 68 70
0.311442 -0.305358 -0.021285 2 120 104
0.315876 -0.303772 -0.016692 99 140 126
0.310692 -0.308267 0.037417 147 158 156
0.311440 -0.307181 0.044656 136 148 145
0.312523 -0.305519 0.054919 129 140 140
0.314108 -0.305090 0.065010 122 129 130
0.316181 -0.305725 0.075162 59 62 64
0.317105 -0.303689 0.085053 12 16 18
0.318446 -0.301632 0.093246 16 18 20
0.315810 -0.294830 -0.015829 138 163 148
0.311513 -0.299196 0.066605 103 116 116
0.312431 -0.297763 0.075702 112 121 122
0.313441 -0.296129 0.085735 126 129 132
0.315389 -0.294484 0.095895 88 89 90
0.318410 -0.292612 0.102141 18 20 22
0.313777 -0.283413 -0.013524 110 144 131
0.314738 -0.283367 -0.005823 96 128 120
0.315315 -0.284116 0.003685 119 138 132
0.314311 -0.284978 0.014288 139 156 151
0.314190 -0.285071 0.022440 184 188 183
0.315673 -0.282187 0.053549 124 125 124
0.314992 -0.282752 0.066278 120 123 120
0.314977 -0.282953 0.075439 124 127 124
0.314695 -0.283382 0.085672 131 132 129
0.314538 -0.285807 0.096265 139 138 136
0.317758 -0.287084 0.102304 28 30 32
0.311031 -0.272878 -0.020919 2 114 101
0.314215 -0.274962 -0.013505 168 178 166
0.317826 -0.275100 -0.008461 182 180 176
0.319461 -0.279783 0.085545 18 20 24
0.311111 -0.266434 -0.021479 9 94 85
0.315452 -0.264912 -0.014170 152 158 147
0.319328 -0.266130 -0.009423 166 164 157
0.314934 -0.254921 -0.014225 192 181 162
0.314942 -0.245424 -0.015702 191 174 155
0.311689 -0.232544 -0.021184 126 94 58
0.315845 -0.235377 -0.016522 189 169 145
0.317226 -0.233176 -0.006952 176 166 155
0.311731 -0.227655 -0.020911 166 134 97
0.315677 -0.225212 -0.015892 169 144 120
0.318438 -0.222662 -0.008066 162 145 130
0.313610 -0.217001 -0.013578 158 132 112
0.315514 -0.214842 -0.005741 169 154 143
0.317755 -0.216299 0.006923 154 152 144
0.314472 -0.207407 -0.003040 143 133 125
0.314809 -0.205086 0.005326 161 151 141
0.316018 -0.204842 0.014156 166 158 150
0.315057 -0.194996 0.016511 149 142 136
0.315849 -0.192375 0.021522 148 139 134
0.315456 -0.180476 -0.002741 112 104 105
0.315174 -0.181800 0.005235 104 96 97
0.314798 -0.186656 0.017108 158 148 146
0.314792 -0.188285 0.025091 150 143 139
0.316449 -0.186875 0.032996 187 182 177
0.315360 -0.182947 0.044497 225 220 209
0.314976 -0.176992 -0.005654 115 111 112
0.315484 -0.175369 0.004518 107 104 106
0.315118 -0.174922 0.015075 104 100 102
0.314969 -0.174934 0.025345 114 109 110
0.315006 -0.174749 0.035570 196 188 188
0.314858 -0.173939 0.046992 222 212 205
0.313688 -0.166146 0.048449 202 191 184
0.315773 -0.163963 0.051605 201 190 184
0.314095 -0.154800 0.047167 166 156 153
0.315314 -0.154659 0.053993 220 208 203
0.314000 -0.141048 0.017683 110 102 101
0.315448 -0.141858 0.024285 112 102 102
0.315366 -0.142913 0.034568 123 118 116
0.314821 -0.144910 0.045566 180 172 170
0.316392 -0.144057 0.056962 221 214 210
0.314954 -0.142594 0.063257 235 226 222
0.315170 -0.138371 0.035908 106 104 102
0.315079 -0.136757 0.043692 96 95 92
0.314897 -0.135099 0.065025 234 224 221
0.314672 -0.126048 0.047589 83 78 74
0.314889 -0.123352 0.055862 184 178 174
0.315205 -0.126122 0.065237 228 219 216
0.315923 -0.117443 0.038479 94 95 92
0.315448 -0.114744 0.043510 89 90 86
0.314689 -0.112246 0.056489 178 169 168
0.314861 -0.114346 0.065828 228 218 216
0.311893 -0.103687 0.028753 114 106 107
0.315256 -0.103245 0.035657 135 128 128
0.315185 -0.103888 0.044829 117 113 111
0.314921 -0.103073 0.053901 146 142 140
0.314992 -0.104307 0.067234 228 218 216
0.315006 -0.102693 0.071547 234 224 222
0.315633 -0.099302 0.037307 131 128 129
0.313174 -0.098219 0.043301 119 118 118
0.315187 -0.094823 0.055667 164 164 160
0.314188 -0.093946 0.066221 214 207 203
0.314398 -0.095137 0.072002 231 221 219
0.316631 -0.082271 0.035040 98 100 98
0.315259 -0.086562 0.056954 135 134 131
0.315187 -0.084091 0.065097 219 215 210
0.314810 -0.085755 0.073534 225 215 213
0.314287 -0.076493 0.045998 105 106 104
0.314900 -0.072636 0.055666 168 165 162
0.315077 -0.074270 0.066278 229 223 219
0.314670 -0.076149 0.072363 237 229 226
0.314762 -0.062999 0.036297 140 138 136
0.315242 -0.064414 0.046344 144 143 141
0.315053 -0.063431 0.054830 172 170 166
0.314160 -0.065726 0.066770 221 214 211
0.314609 -0.063100 0.071764 233 224 222
0.314944 -0.058293 0.044627 130 132 130
0.315387 -0.055604 0.056731 192 190 186
0.312621 -0.055689 0.067425 226 220 216
0.314729 -0.055654 0.072537 233 224 221
0.316360 -0.046058 0.025364 108 110 109
0.314410 -0.043372 0.034321 108 110 108
0.315919 -0.041485 0.042846 106 106 104
0.315786 -0.045831 0.056964 176 174 171
0.313885 -0.043956 0.066952 237 232 228
0.315152 -0.047544 0.073628 234 226 224
0.313665 -0.032826 0.035964 137 136 134
0.314670 -0.033246 0.044715 141 139 136
0.315366 -0.034916 0.056231 184 179 176
0.314965 -0.036212 0.065653 223 216 213
0.313621 -0.026139 0.025945 136 134 133
0.315423 -0.023829 0.036116 141 137 137
0.315284 -0.025649 0.045348 144 142 140
0.315152 -0.025001 0.055047 189 185 182
0.314659 -0.027039 0.066539 234 226 223
0.314856 -0.022932 0.071026 241 230 228
0.313948 -0.013764 0.026248 150 144 144
0.313195 -0.014697 0.033833 128 124 124
0.314282 -0.016855 0.044479 152 148 148
0.315713 -0.014628 0.057299 222 219 216
0.313721 -0.013723 0.063776 228 223 219
0.314396 -0.016433 0.072639 238 227 226
0.317542 -0.003043 0.057991 201 196 193
0.314976 -0.003919 0.064104 226 219 217
0.314678 -0.008206 0.072726 248 238 236
0.314100 0.007520 0.035879 166 161 160
0.316494 0.007793 0.046446 153 150 148
0.317017 0.006608 0.056979 197 190 188
0.315015 0.006260 0.062926 233 226 224
0.317146 0.014536 0.028526 143 138 140
0.314639 0.014510 0.034663 144 139 139
0.316243 0.013406 0.045071 133 130 129
0.315922 0.014274 0.056460 200 196 194
0.314743 0.013362 0.064545 223 216 214
0.315644 0.023017 0.025840 133 126 127
0.316669 0.021882 0.033101 174 168 168
0.314785 0.021939 0.047659 217 212 210
0.314704 0.025336 0.055934 222 216 214
0.316524 0.023804 0.066129 239 232 231
0.315442 0.033078 0.006303 114 114 114
0.313960 0.034171 0.014076 115 115 116
0.314751 0.034017 0.024683 124 122 123
0.314110 0.036337 0.036773 148 143 142
0.315170 0.036537 0.046950 172 165 164
0.315119 0.034538 0.054165 201 193 192
0.316332 0.045963 0.026391 142 136 134
0.314480 0.046743 0.035507 145 136 136
0.315177 0.046161 0.046139 200 190 190
0.314026 0.044569 0.054718 230 221 219
0.313362 0.057338 0.016726 164 155 156
0.315130 0.056791 0.024219 164 156 157
0.314755 0.053997 0.034565 167 158 158
0.314920 0.054092 0.045223 192 182 182
0.315049 0.053519 0.057140 248 235 233
0.314671 0.061130 0.026383 144 138 140
0.314725 0.064193 0.035274 158 150 149
0.314747 0.065325 0.044683 196 186 184
0.312594 0.065419 0.052209 214 203 202
0.316879 0.076613 0.027093 138 126 124
0.315223 0.076374 0.035935 172 161 160
0.315170 0.074290 0.046707 197 186 185
0.313174 0.075838 0.051755 199 189 187
0.311826 0.076419 0.148188 199 198 198
0.310749 0.077457 0.153578 207 205 207
0.316346 0.084905 0.025210 129 119 117
0.316986 0.085703 0.034972 183 172 169
0.314989 0.085012 0.045985 199 187 186
0.314839 0.082861 0.051856 199 189 188
0.317492 0.085692 0.104713 168 167 168
0.315548 0.086659 0.135105 174 172 174
0.313274 0.086597 0.145439 198 195 195
0.311486 0.086289 0.155710 216 212 212
0.310664 0.087347 0.164418 218 214 214
0.317356 0.096949 0.026215 146 138 134
0.316179 0.095709 0.035052 158 149 145
0.314535 0.094213 0.043200 175 164 160
0.313156 0.097081 0.054253 114 108 107
0.318146 0.094610 0.066063 157 154 152
0.317210 0.095993 0.074934 157 152 152
0.317915 0.095081 0.084963 162 158 157
0.317914 0.096375 0.095462 161 158 158
0.317172 0.095043 0.115595 166 165 166
0.316999 0.095935 0.125403 160 160 161
0.315302 0.095832 0.136318 177 174 175
0.314325 0.095915 0.145821 204 199 200
0.313196 0.095426 0.155664 213 210 208
0.311633 0.095641 0.165185 225 220 220
0.317053 0.107230 0.016063 136 130 128
0.317330 0.103582 0.025827 158 149 144
0.315708 0.103552 0.035107 176 167 162
0.313683 0.104395 0.042523 178 167 163
0.313477 0.105685 0.055438 174 168 168
0.315132 0.105595 0.064635 176 172 172
0.317538 0.101868 0.076413 148 147 146
0.316710 0.104409 0.085377 150 149 148
0.316616 0.106119 0.093869 157 156 156
0.316724 0.105623 0.105193 150 148 148
0.316000 0.106765 0.117223 140 139 138
0.316452 0.105865 0.125983 153 152 151
0.316302 0.105349 0.135299 166 165 165
0.315596 0.104780 0.146159 206 204 202
0.314799 0.104981 0.155871 219 216 215
0.312547 0.105094 0.165912 225 221 221
0.318745 0.114206 0.005593 151 147 143
0.316566 0.111945 0.015525 146 139 136
0.316370 0.116169 0.026897 164 152 148
0.314357 0.114093 0.034785 182 171 166
0.314898 0.113951 0.044585 194 182 176
0.315317 0.116149 0.054565 188 181 177
0.315604 0.116732 0.063328 156 150 146
0.318860 0.113903 0.095752 158 158 156
0.316648 0.114167 0.105322 167 166 165
0.316385 0.115074 0.114668 165 164 164
0.317024 0.114958 0.126559 174 171 169
0.316753 0.114889 0.135838 182 180 178
0.316199 0.115374 0.145877 207 204 203
0.315617 0.115119 0.155750 218 215 214
0.312827 0.114843 0.165337 225 220 221
0.318259 0.126802 0.017158 138 128 123
0.316668 0.125169 0.025499 181 170 164
0.315687 0.125485 0.034601 203 192 187
0.318433 0.125029 0.045023 182 177 175
0.317687 0.122177 0.055122 126 122 118
0.316436 0.125156 0.064894 126 124 122
0.316768 0.124829 0.073506 147 146 144
0.316123 0.128756 0.082460 164 162 160
0.316276 0.123393 0.105127 147 146 147
0.315998 0.124400 0.114437 157 156 157
0.315374 0.127019 0.125667 159 158 158
0.315501 0.125904 0.135664 197 195 195
0.316303 0.124784 0.145868 215 213 212
0.315165 0.124961 0.155807 224 219 220
0.312618 0.124236 0.164189 225 218 220
0.317261 0.133104 0.017441 149 140 137
0.315753 0.134711 0.025789 180 170 166
0.314331 0.132769 0.033617 180 172 168
0.313805 0.134910 0.047847 184 181 178
0.315195 0.134521 0.055624 179 175 172
0.315161 0.133609 0.065758 156 154 154
0.314408 0.134088 0.075666 150 150 149
0.314607 0.133588 0.084308 144 144 144
0.311947 0.134133 0.094708 158 158 159
0.314621 0.134898 0.105242 150 148 149
0.318559 0.136978 0.117256 155 152 152
0.314962 0.134467 0.125224 158 157 156
0.314741 0.134808 0.135689 205 202 202
0.315419 0.135150 0.145810 220 217 217
0.314047 0.134273 0.155368 225 220 221
0.311770 0.133770 0.162073 224 218 219
0.317162 0.146503 0.002055 162 157 154
0.315637 0.145382 0.016983 128 117 111
0.314216 0.146133 0.025193 155 144 137
0.315157 0.148179 0.033960 180 170 165
0.315333 0.144341 0.053846 123 116 109
0.315395 0.147256 0.106930 181 180 180
0.316053 0.146760 0.113988 177 174 174
0.314593 0.145114 0.125604 187 184 185
0.315328 0.145049 0.134991 209 206 206
0.314340 0.143584 0.144946 222 219 219
0.314073 0.144803 0.156104 238 230 230
0.311467 0.142804 0.161128 238 229 230
0.317822 0.152754 0.016366 153 141 133
0.316557 0.153751 0.025093 175 165 158
0.315802 0.152084 0.033865 200 187 182
0.318653 0.155548 0.046570 173 164 160
0.318179 0.156488 0.057136 170 162 158
0.317621 0.154411 0.066098 143 136 134
0.315812 0.156312 0.074994 146 142 141
0.314538 0.157759 0.084382 148 146 145
0.316343 0.158652 0.094730 140 137 137
0.315040 0.155073 0.105349 150 148 148
0.314721 0.153987 0.114206 156 154 154
0.315345 0.153918 0.125416 197 195 195
0.314376 0.154864 0.135325 217 214 214
0.315125 0.155089 0.145305 237 229 229
0.312923 0.153182 0.153017 237 228 228
0.317621 0.163943 -0.003580 144 136 134
0.315845 0.164521 0.004570 148 143 140
0.315314 0.166493 0.015464 159 151 147
0.315827 0.166108 0.024714 174 164 157
0.314398 0.162580 0.034412 185 176 175
0.316178 0.162684 0.046402 156 150 150
0.316986 0.163041 0.056475 157 152 151
0.315869 0.163491 0.065408 155 152 150
0.315262 0.163367 0.074625 148 146 146
0.316397 0.165257 0.085785 146 142 141
0.316441 0.163245 0.094842 146 144 144
0.314234 0.163255 0.103684 156 154 155
0.313460 0.165844 0.113970 174 173 173
0.317490 0.166608 0.124853 219 213 212
0.315530 0.165437 0.135794 232 225 224
0.313517 0.163918 0.143971 236 228 228
0.310615 0.162033 0.150948 237 227 228
0.315259 0.175754 0.006874 138 128 123
0.314892 0.176099 0.015501 153 145 143
0.315601 0.177614 0.024860 169 160 157
0.317196 0.176194 0.036104 166 155 148
0.317202 0.178221 0.045768 159 146 135
0.314889 0.179200 0.053720 164 156 148
0.316168 0.179147 0.064616 158 152 150
0.315880 0.176055 0.075019 145 140 138
0.313015 0.174017 0.082961 134 132 132
0.316027 0.175608 0.106903 171 167 166
0.314872 0.174148 0.114800 185 182 182
0.315889 0.175617 0.125994 214 210 208
0.314469 0.172802 0.133647 229 222 222
0.311008 0.172684 0.143377 240 231 231
0.318375 0.183106 0.006228 155 148 143
0.318213 0.183878 0.014471 165 159 154
0.315725 0.187293 0.025796 153 148 146
0.314834 0.188497 0.035245 136 131 128
0.315859 0.186278 0.046655 147 142 140
0.316609 0.184496 0.055192 150 144 142
0.316784 0.183374 0.063821 163 159 156
0.313734 0.184759 0.074649 144 140 140
0.314509 0.184695 0.086210 168 162 161
0.314795 0.186449 0.094444 174 170 170
0.316585 0.185925 0.105329 202 198 196
0.316367 0.185058 0.115391 214 210 208
0.313446 0.184736 0.125740 222 215 214
0.318615 0.196709 0.007915 150 140 135
0.316686 0.196143 0.015385 154 145 141
0.316329 0.195125 0.025694 143 138 135
0.315412 0.194453 0.035020 139 134 132
0.315132 0.194144 0.044508 136 131 130
0.314497 0.193023 0.052725 148 142 141
0.314526 0.196699 0.075953 164 162 164
0.315778 0.196191 0.085426 190 187 187
0.316050 0.194396 0.095635 204 200 199
0.315213 0.195019 0.104979 182 180 178
0.315962 0.193030 0.113834 201 198 196
0.311643 0.194008 0.125041 228 222 220
0.310355 0.191892 0.131785 235 226 224
0.318882 0.204540 0.006559 168 160 156
0.317813 0.203912 0.015247 168 161 156
0.315787 0.203194 0.025169 157 149 146
0.315178 0.202087 0.034311 145 137 135
0.316974 0.202514 0.044516 132 128 128
0.315699 0.203176 0.055623 126 124 126
0.314900 0.205040 0.064678 153 150 151
0.314917 0.204638 0.075206 162 161 163
0.315807 0.207026 0.085013 168 165 166
0.316354 0.206306 0.094492 178 174 174
0.315403 0.203812 0.104644 192 188 187
0.312226 0.203279 0.113950 216 211 210
0.318696 0.215399 0.006991 163 159 158
0.318396 0.214420 0.014252 148 142 139
0.316857 0.214464 0.024352 156 150 148
0.313973 0.216476 0.046367 158 154 154
0.312884 0.214725 0.054746 158 154 155
0.313313 0.215879 0.064983 144 139 141
0.316923 0.214368 0.076601 163 159 161
0.316374 0.215556 0.085389 168 165 165
0.313846 0.216532 0.095560 185 181 182
0.312084 0.216639 0.103385 202 197 198
0.311246 0.213823 0.113908 228 220 218
0.315903 0.225161 0.025433 161 157 156
0.315856 0.223617 0.035215 161 157 157
0.316223 0.222090 0.044441 161 157 157
0.317918 0.224425 0.065721 152 148 148
0.317361 0.225361 0.075690 172 169 171
0.317184 0.224835 0.086249 178 175 177
0.314831 0.225475 0.095228 201 196 198
0.312156 0.223727 0.102750 214 207 209
0.314643 0.236327 0.017571 165 158 156
0.314056 0.234358 0.023992 160 154 152
0.314645 0.237916 0.056243 154 149 148
0.314110 0.236336 0.065218 158 154 153
0.317277 0.236189 0.077466 174 170 170
0.316364 0.235160 0.084888 188 183 184
0.313734 0.233345 0.093850 209 204 204
0.312453 0.232799 0.102144 225 217 214
0.315281 0.242667 0.056494 172 164 164
0.313419 0.244022 0.065293 185 178 177
0.314746 0.245610 0.075996 190 184 182
0.316622 0.245516 0.085207 218 210 207
0.316727 0.244302 0.091751 226 218 214
0.314598 0.254432 0.056526 192 185 183
0.315289 0.254689 0.066765 200 194 192
0.316134 0.253232 0.075590 203 196 192
0.316608 0.252554 0.084994 227 217 211
0.318591 0.250708 0.090585 244 234 226
0.311543 0.268444 0.024360 217 206 204
0.313244 0.264509 0.055815 230 221 215
0.314909 0.262570 0.064710 220 211 206
0.316209 0.275093 0.016771 200 178 159
0.312735 0.275805 0.022710 218 205 196
0.315445 0.285800 0.026334 208 196 188
0.313509 0.286784 0.033337 215 204 198
0.314005 0.294666 0.026762 173 160 153
0.314097 0.294985 0.034380 215 202 196
0.314651 0.294328 0.042300 220 212 206
0.315049 0.305565 0.027209 155 135 122
0.314722 0.306178 0.034453 185 171 162
0.311263 0.306309 0.044199 192 185 181
0.310413 0.305160 0.053864 200 196 192
0.315657 0.314240 0.028364 156 123 90
0.315402 0.314757 0.035381 188 169 156
0.311920 0.314262 0.042253 189 175 167
0.311160 0.314576 0.053706 208 198 191
0.315417 0.324119 0.035701 170 145 123
0.314598 0.325356 0.042439 200 186 176
0.316289 0.334006 0.037061 204 175 144
0.314512 0.333696 0.043585 218 204 193
0.312312 0.343255 0.029643 130 122 116
0.315703 0.344153 0.035140 177 166 155
0.314825 0.346563 0.044740 222 212 204
0.317535 0.356916 0.037886 217 215 212
0.314279 0.353414 0.044619 214 205 198
0.315721 0.363826 0.036736 219 218 214
0.314178 0.364572 0.044345 230 220 215
0.315744 0.374510 0.014370 181 186 185
0.315388 0.375068 0.036012 184 178 178
0.314874 0.396639 -0.022987 64 126 127
0.317380 0.392651 -0.017176 57 126 126
0.325554 -0.543661 -0.050849 0 146 130
0.324441 -0.542985 -0.049282 1 146 130
0.324380 -0.535096 -0.050867 0 144 128
0.325367 -0.533933 -0.049660 0 144 129
0.325580 -0.524203 -0.051002 0 144 129
0.326949 -0.527033 -0.049213 1 144 130
0.325369 -0.514359 -0.051384 1 145 130
0.326989 -0.504338 -0.051605 1 145 132
0.324308 -0.494897 -0.051457 2 146 133
0.325805 -0.484527 -0.051789 2 148 134
0.325293 -0.475428 -0.052022 2 148 136
0.325130 -0.465472 -0.051709 3 150 138
0.324750 -0.454612 -0.051509 4 152 140
0.325139 -0.445073 -0.052077 8 155 143
0.324652 -0.435213 -0.052392 8 154 142
0.323639 -0.425055 -0.052376 8 154 143
0.328351 -0.424649 -0.046989 7 152 140
0.323183 -0.415111 -0.052038 6 150 138
0.327733 -0.415046 -0.046222 4 146 135
0.322439 -0.405537 -0.051504 2 143 133
0.326496 -0.404631 -0.046422 2 141 130
0.328846 -0.404908 -0.035861 4 138 128
0.329474 -0.403808 -0.025979 10 122 114
0.325028 -0.394629 -0.046341 4 144 134
0.328182 -0.394961 -0.035152 5 140 130
0.329056 -0.394595 -0.025095 18 124 117
0.329567 -0.393806 -0.015722 58 121 118
0.323909 -0.384956 -0.046352 8 149 139
0.327759 -0.384801 -0.035159 8 144 134
0.328776 -0.384986 -0.025004 18 126 118
0.329393 -0.384535 -0.015069 56 124 122
0.329769 -0.384233 -0.006897 114 147 148
0.323234 -0.375284 -0.046110 2 140 130
0.326962 -0.374875 -0.035897 3 138 128
0.328113 -0.375114 -0.025202 14 128 118
0.329027 -0.375157 -0.014850 66 130 128
0.329579 -0.373665 -0.006373 120 147 152
0.322668 -0.365200 -0.043990 2 140 130
0.326133 -0.364725 -0.036002 2 137 128
0.327483 -0.364734 -0.025517 10 125 116
0.328274 -0.364848 -0.015197 44 118 114
0.329049 -0.364945 -0.004903 112 146 148
0.329660 -0.364229 0.001962 137 154 156
0.322136 -0.355265 -0.042639 3 126 119
0.325293 -0.354982 -0.036202 4 128 121
0.326882 -0.354924 -0.025639 11 124 117
0.327835 -0.354871 -0.015363 46 115 111
0.328864 -0.354775 -0.004739 124 149 152
0.329567 -0.353668 0.001944 141 158 160
0.321591 -0.346702 -0.041304 2 89 85
0.323867 -0.344355 -0.036714 2 84 81
0.326433 -0.344913 -0.025423 6 82 78
0.327349 -0.344861 -0.015140 48 104 100
0.328294 -0.344858 -0.004694 122 148 150
0.329364 -0.344646 0.003063 142 161 162
0.322312 -0.337868 -0.035018 2 83 80
0.323948 -0.335419 -0.025192 5 83 82
0.325469 -0.334701 -0.015338 18 82 80
0.327096 -0.334654 -0.004932 79 116 116
0.328811 -0.334943 0.004346 115 134 136
0.321409 -0.326395 -0.012768 16 92 86
0.323373 -0.326484 -0.004621 34 90 89
0.326292 -0.328199 0.006180 64 100 102
0.326992 -0.326769 0.014691 79 103 105
0.327200 -0.324322 0.024871 86 102 102
0.327356 -0.322225 0.034878 76 95 94
0.328426 -0.320547 0.043589 24 34 35
0.324887 -0.314972 0.033491 62 68 70
0.323318 -0.318633 0.046888 48 58 59
0.324924 -0.316911 0.055853 10 16 18
0.324763 -0.314479 0.065627 9 12 14
0.325619 -0.312002 0.074779 12 15 18
0.329423 -0.303234 -0.020214 60 118 111
0.325565 -0.303954 -0.016248 97 126 120
0.321844 -0.309393 0.078066 14 16 18
0.324679 -0.307331 0.085938 12 16 18
0.325456 -0.303087 0.094578 13 16 18
0.324482 -0.295173 -0.014216 127 140 132
0.322911 -0.298902 0.098823 15 18 20
0.325006 -0.293948 0.103396 15 18 20
0.325108 -0.284827 -0.012383 143 146 138
0.322999 -0.282002 -0.007972 151 153 149
0.324038 -0.280795 0.097867 18 21 23
0.325060 -0.285566 0.103821 17 20 22
0.325474 -0.275177 -0.012838 150 150 140
0.323006 -0.274293 -0.007323 144 144 140
0.327075 -0.274778 0.004179 150 152 152
0.326726 -0.278900 0.014907 52 53 56
0.327052 -0.278989 0.025153 11 12 16
0.326700 -0.278843 0.034618 10 10 14
0.324396 -0.278517 0.065664 16 18 21
0.324545 -0.278582 0.075636 18 20 24
0.324820 -0.278693 0.085426 18 22 24
0.326140 -0.279378 0.094218 18 20 22
0.323005 -0.264688 -0.011739 163 159 150
0.322444 -0.265404 -0.007262 149 146 139
0.327097 -0.265080 0.003974 169 167 164
0.322954 -0.254716 -0.012285 165 158 148
0.322886 -0.254293 -0.006862 153 147 139
0.326879 -0.254984 0.004001 170 165 160
0.323248 -0.245472 -0.012947 169 160 148
0.323147 -0.244673 -0.007088 154 148 139
0.326223 -0.245063 0.004660 170 164 158
0.323734 -0.236375 -0.012186 173 162 149
0.323840 -0.234811 -0.005889 156 146 136
0.324356 -0.233768 0.003522 157 151 144
0.322572 -0.227793 -0.011229 165 151 138
0.324090 -0.225994 -0.003787 163 152 138
0.324571 -0.224421 0.005314 171 164 156
0.323637 -0.216766 -0.001887 158 146 138
0.324863 -0.215743 0.006585 158 149 142
0.324637 -0.213019 0.011818 168 162 155
0.324924 -0.207397 -0.000959 123 116 111
0.325001 -0.205570 0.005909 142 135 130
0.325196 -0.204532 0.015136 165 157 150
0.324547 -0.194714 0.016638 144 136 131
0.326055 -0.194906 0.024202 147 141 136
0.324322 -0.181576 0.005800 106 100 100
0.324902 -0.184155 0.016052 130 123 122
0.325520 -0.188150 0.025379 156 149 145
0.326189 -0.186008 0.035250 209 202 197
0.324540 -0.182555 0.043254 228 222 212
0.325326 -0.177283 -0.003344 121 118 120
0.324892 -0.175693 0.004238 118 115 118
0.325134 -0.174857 0.014922 116 114 116
0.324825 -0.174792 0.024918 122 118 120
0.326258 -0.174990 0.036107 198 191 187
0.324630 -0.174136 0.045962 227 218 210
0.322804 -0.174398 0.051189 220 210 200
0.326803 -0.164937 0.037421 159 152 142
0.325298 -0.165425 0.046744 203 192 185
0.323001 -0.163145 0.051537 216 205 200
0.327712 -0.153954 0.037416 146 140 132
0.327019 -0.155720 0.046727 216 206 199
0.323709 -0.153600 0.053196 224 213 208
0.325101 -0.142026 0.025977 122 113 110
0.325445 -0.143851 0.035262 145 135 132
0.326356 -0.146399 0.046368 204 194 189
0.324557 -0.143755 0.055399 230 222 218
0.322364 -0.143971 0.061801 230 222 217
0.328484 -0.132988 0.006613 82 74 71
0.327202 -0.138237 0.015867 112 101 102
0.327584 -0.138705 0.026235 112 104 101
0.326977 -0.136793 0.035876 130 123 120
0.326512 -0.136866 0.045155 178 171 168
0.325901 -0.136902 0.055872 227 220 215
0.322652 -0.134231 0.062650 234 224 220
0.326724 -0.123887 0.025722 120 118 110
0.325718 -0.122450 0.032832 136 134 128
0.327891 -0.125414 0.047448 198 192 185
0.326432 -0.124263 0.056205 220 212 207
0.322344 -0.124013 0.062918 230 222 218
0.329036 -0.116329 0.026623 148 146 136
0.326300 -0.116097 0.035938 128 127 121
0.326050 -0.113521 0.044981 158 153 149
0.326857 -0.114721 0.056109 214 205 202
0.323905 -0.114829 0.064092 230 221 218
0.328820 -0.105276 0.018278 117 113 111
0.326666 -0.103306 0.024967 136 130 130
0.325122 -0.104784 0.035761 128 122 120
0.325759 -0.103570 0.045602 154 150 146
0.324961 -0.103371 0.054468 176 172 168
0.324123 -0.104381 0.065649 230 224 220
0.321581 -0.102225 0.071247 235 227 224
0.327607 -0.096451 0.035884 152 150 146
0.327184 -0.096558 0.044911 160 158 154
0.326684 -0.093962 0.055974 206 202 196
0.324461 -0.095415 0.065766 226 219 214
0.321728 -0.095636 0.071445 233 225 222
0.326411 -0.083860 0.026193 108 110 104
0.327110 -0.082182 0.034040 141 141 134
0.327211 -0.085708 0.045878 175 176 170
0.327550 -0.086794 0.056655 207 204 199
0.324791 -0.084985 0.064595 222 217 212
0.322275 -0.085667 0.072026 226 217 214
0.327985 -0.076389 0.026867 130 132 124
0.326999 -0.075746 0.035424 150 150 142
0.326229 -0.075175 0.045566 148 147 142
0.325546 -0.074701 0.056083 192 190 185
0.324330 -0.075313 0.064915 227 223 219
0.322869 -0.076464 0.071518 236 229 227
0.326956 -0.063481 0.026823 141 139 137
0.325944 -0.064771 0.035990 128 126 124
0.326443 -0.064024 0.046309 157 156 152
0.325432 -0.064484 0.055134 181 178 174
0.324228 -0.065418 0.065030 225 219 215
0.322946 -0.064026 0.072261 237 228 226
0.327870 -0.054709 0.035724 166 165 161
0.326750 -0.054827 0.044810 175 174 170
0.326919 -0.054854 0.056024 211 207 202
0.325176 -0.054790 0.065091 227 222 217
0.322951 -0.054781 0.072673 235 227 225
0.328125 -0.046738 0.017259 135 139 135
0.326045 -0.045032 0.024601 139 141 136
0.326866 -0.043971 0.034891 158 160 153
0.326904 -0.043403 0.045406 168 166 160
0.325516 -0.044496 0.054946 197 194 189
0.324509 -0.045536 0.064928 232 227 223
0.324311 -0.046703 0.073757 248 238 237
0.327964 -0.036661 0.027020 144 146 140
0.326259 -0.034896 0.035179 152 152 148
0.326263 -0.033723 0.046318 179 175 170
0.324838 -0.035380 0.056067 206 200 196
0.322897 -0.036492 0.063566 227 222 218
0.328230 -0.025605 0.017595 136 142 136
0.327575 -0.022948 0.026550 140 138 134
0.325833 -0.024853 0.036066 142 140 136
0.326131 -0.025660 0.045655 172 169 164
0.325132 -0.024827 0.054919 209 205 201
0.322873 -0.026278 0.064485 233 227 222
0.321510 -0.022835 0.070919 250 240 238
0.327770 -0.011620 0.014898 139 141 136
0.327238 -0.014569 0.026065 167 166 162
0.326786 -0.015535 0.035485 173 172 168
0.325430 -0.016087 0.044101 184 184 178
0.326585 -0.015178 0.056308 220 213 209
0.325947 -0.015710 0.065921 230 219 215
0.322608 -0.014590 0.072106 246 234 232
0.327282 -0.004061 0.005554 96 96 94
0.326980 -0.007404 0.016066 133 137 133
0.326618 -0.004693 0.024912 137 140 137
0.326096 -0.004284 0.035131 149 149 147
0.326001 -0.004201 0.045442 186 186 181
0.324922 -0.003071 0.056340 222 216 212
0.323295 -0.004819 0.063172 233 225 222
0.322920 -0.009056 0.071624 248 237 236
0.328050 0.004918 0.027163 151 149 146
0.326327 0.005297 0.036821 164 160 156
0.325203 0.005558 0.045900 176 172 170
0.322972 0.004992 0.055368 211 206 203
0.320475 0.006351 0.060878 230 223 221
0.328277 0.014168 0.017601 144 141 140
0.325300 0.015566 0.025968 144 139 139
0.325680 0.015277 0.035608 148 146 145
0.325778 0.015336 0.044974 191 186 184
0.324317 0.014339 0.055194 225 219 217
0.322585 0.015641 0.062377 238 226 225
0.326317 0.024565 0.005763 151 152 152
0.326741 0.025551 0.015290 209 206 203
0.325534 0.023413 0.025198 154 151 150
0.325722 0.022291 0.034705 182 178 177
0.326187 0.022283 0.046409 205 200 198
0.325111 0.024000 0.054674 221 215 212
0.323280 0.024399 0.063550 234 225 223
0.324993 0.032268 -0.002138 100 98 97
0.324581 0.033187 0.005362 112 108 108
0.326464 0.033304 0.014559 132 126 119
0.325851 0.033512 0.025242 165 160 156
0.326239 0.035382 0.036449 171 165 162
0.323825 0.036073 0.045894 190 182 180
0.323665 0.033411 0.053566 211 205 203
0.323821 0.033020 0.062873 213 208 206
0.325580 0.044691 0.008827 140 139 136
0.327478 0.046127 0.016634 151 146 142
0.327732 0.047473 0.025143 153 146 142
0.326258 0.046623 0.034395 166 158 155
0.325666 0.047011 0.044894 205 198 196
0.323850 0.046180 0.053718 220 212 211
0.327773 0.054439 0.005632 185 180 176
0.328173 0.054126 0.016791 162 154 152
0.325849 0.052834 0.025210 173 166 163
0.326250 0.053606 0.035540 187 179 177
0.326151 0.054534 0.044343 201 194 190
0.325920 0.055586 0.053145 200 194 191
0.327162 0.062415 0.015496 136 130 124
0.326633 0.065810 0.025969 149 143 139
0.324755 0.065317 0.034928 178 169 167
0.323150 0.063826 0.043137 205 194 193
0.324720 0.062334 0.053738 183 178 177
0.327038 0.065081 0.064995 159 157 156
0.327090 0.066275 0.074483 170 170 170
0.327654 0.077043 -0.001955 164 164 162
0.327809 0.077148 0.005839 161 153 148
0.327293 0.077152 0.015291 164 156 151
0.325256 0.075385 0.025465 166 156 154
0.323396 0.075578 0.035407 188 180 178
0.321378 0.076791 0.042931 192 182 182
0.324805 0.076715 0.053974 113 108 102
0.324375 0.072172 0.074569 165 163 162
0.325043 0.073350 0.084563 162 162 160
0.324870 0.075662 0.093645 179 179 179
0.326283 0.083011 0.006815 147 140 136
0.325338 0.084531 0.015097 156 148 145
0.324602 0.085545 0.024852 171 164 162
0.324272 0.083990 0.034111 183 174 171
0.322132 0.083284 0.044432 191 182 181
0.322636 0.085724 0.054366 169 157 149
0.323728 0.088670 0.062815 164 148 129
0.325128 0.094635 -0.004802 140 135 126
0.325225 0.095026 0.005844 152 143 137
0.325530 0.095912 0.015455 153 144 139
0.324862 0.094885 0.024470 159 150 145
0.323035 0.093643 0.033952 165 155 150
0.325472 0.092334 0.044613 163 158 157
0.325273 0.094299 0.056306 155 153 150
0.324250 0.094249 0.065117 159 156 152
0.322542 0.094231 0.074295 162 156 152
0.321837 0.094818 0.082324 160 157 155
0.325826 0.106148 -0.006466 156 144 134
0.326476 0.105123 0.005816 158 146 136
0.323958 0.103229 0.016195 159 149 140
0.324432 0.104932 0.026121 153 138 125
0.322939 0.104543 0.033756 169 152 134
0.325401 0.107950 0.084981 181 177 172
0.324801 0.109411 0.090969 166 164 163
0.324269 0.112944 -0.003938 167 159 154
0.325919 0.113720 0.005709 166 156 148
0.324528 0.114855 0.014355 177 167 160
0.324617 0.116253 0.024364 166 155 148
0.324834 0.114266 0.033056 152 136 120
0.326271 0.122507 -0.012443 162 148 136
0.326122 0.125291 -0.003912 177 165 156
0.325873 0.126347 0.005152 147 134 123
0.324202 0.124451 0.014546 167 152 143
0.322509 0.123928 0.024002 188 178 170
0.323663 0.122694 0.035150 156 150 144
0.323693 0.122783 0.045120 129 124 118
0.322309 0.123696 0.054282 137 135 131
0.322954 0.123316 0.064470 130 126 122
0.322816 0.123247 0.072725 128 122 120
0.326995 0.128410 0.085574 156 153 151
0.327897 0.127638 0.093247 158 154 152
0.321387 0.124129 0.124241 178 174 172
0.326606 0.136618 -0.003777 184 169 160
0.324653 0.133887 0.006269 173 159 147
0.323212 0.134701 0.014735 206 189 180
0.321591 0.134242 0.023470 225 210 200
0.323439 0.136312 0.067382 155 152 152
0.323633 0.135186 0.075790 162 158 158
0.324332 0.133508 0.085190 158 156 154
0.325402 0.135048 0.096448 171 166 164
0.325969 0.134379 0.104300 165 161 159
0.321870 0.134083 0.114875 176 170 168
0.325642 0.144969 -0.015417 153 142 134
0.327103 0.144763 -0.004120 167 148 132
0.326860 0.146341 0.003631 182 163 141
0.323216 0.144583 0.014243 166 148 137
0.325628 0.147070 0.025244 164 143 127
0.327563 0.147514 0.034837 153 130 115
0.324301 0.148034 0.043818 145 131 121
0.325184 0.145448 0.076066 193 190 188
0.326322 0.145094 0.085421 179 175 174
0.326406 0.143258 0.096048 178 174 173
0.322108 0.146612 0.125613 190 187 184
0.320980 0.144110 0.134246 206 202 200
0.326150 0.155971 -0.004035 176 162 147
0.323906 0.153251 0.004732 163 149 138
0.323772 0.154101 0.015252 174 162 152
0.324953 0.155822 0.025416 172 163 157
0.325538 0.154414 0.034392 167 155 148
0.325577 0.155864 0.045812 165 159 157
0.325680 0.155786 0.055919 170 164 160
0.324214 0.155158 0.064877 164 160 158
0.322866 0.154971 0.073410 157 154 151
0.326462 0.156501 0.084270 121 131 128
0.327318 0.157038 0.096882 152 152 150
0.324620 0.156925 0.103851 179 181 177
0.322739 0.155170 0.115094 180 177 174
0.321065 0.155383 0.125123 203 200 197
0.327311 0.163774 -0.014898 165 160 150
0.326972 0.164115 -0.004403 164 148 133
0.325259 0.164029 0.004508 163 150 137
0.325310 0.165037 0.014504 143 127 111
0.324714 0.163607 0.023825 166 156 151
0.325071 0.163789 0.035048 162 155 152
0.326016 0.162443 0.043743 166 161 159
0.323907 0.160690 0.054757 170 165 161
0.320555 0.160392 0.062965 150 148 145
0.322966 0.162326 0.075544 86 84 82
0.326137 0.167011 0.086880 134 131 128
0.326239 0.164032 0.095620 174 171 169
0.324984 0.162318 0.102783 176 176 174
0.321932 0.164663 0.115989 186 184 181
0.320602 0.163849 0.122733 202 198 196
0.326096 0.177322 -0.003721 173 162 157
0.325353 0.176745 0.003660 166 156 150
0.324703 0.173954 0.014140 166 146 126
0.324571 0.175236 0.025164 168 156 145
0.324929 0.175982 0.033542 175 159 145
0.325081 0.178755 0.067622 169 166 162
0.326654 0.176478 0.076006 170 167 163
0.326184 0.172234 0.084088 172 169 166
0.326981 0.177288 0.097724 186 184 180
0.325257 0.175377 0.103909 184 182 178
0.321555 0.171867 0.113234 190 187 184
0.326735 0.183576 -0.014250 174 167 164
0.326199 0.182838 -0.003901 165 153 142
0.324958 0.182712 0.003972 171 161 154
0.323096 0.186752 0.014640 160 156 152
0.325157 0.185710 0.024611 152 150 148
0.324164 0.183727 0.035479 154 150 148
0.325430 0.185165 0.045748 165 147 129
0.326030 0.184805 0.054427 165 156 149
0.327191 0.184499 0.064025 172 170 166
0.326446 0.184740 0.074843 180 166 151
0.326978 0.187080 0.086995 160 155 150
0.325457 0.184654 0.094527 182 181 178
0.322817 0.181948 0.100985 193 189 186
0.328263 0.192040 -0.004382 123 126 117
0.324565 0.194448 0.005746 112 117 111
0.326356 0.194516 0.015113 97 108 106
0.326151 0.195689 0.026257 152 150 143
0.323782 0.196166 0.034559 131 124 113
0.324053 0.194415 0.043451 140 132 120
0.326583 0.193941 0.054575 158 146 133
0.327832 0.193447 0.064976 148 135 126
0.325803 0.194717 0.075501 170 166 162
0.325541 0.194798 0.085458 181 180 177
0.321949 0.193068 0.092719 180 177 174
0.321465 0.198548 0.102740 178 174 168
0.325549 0.206501 -0.003495 167 162 157
0.323345 0.204757 0.004943 175 169 164
0.323336 0.204581 0.013440 167 160 156
0.322650 0.203976 0.024958 170 162 156
0.323967 0.203469 0.034936 110 116 108
0.324377 0.205733 0.044789 82 93 90
0.327357 0.205463 0.055496 154 153 150
0.325279 0.206687 0.064213 153 150 149
0.325170 0.204913 0.075748 175 172 169
0.324923 0.205263 0.084641 155 151 142
0.325606 0.204252 0.094954 201 197 188
0.323252 0.201164 0.101101 195 192 186
0.329159 0.217130 -0.012154 172 171 164
0.326156 0.215036 -0.004720 160 155 148
0.322985 0.216067 0.006087 157 152 147
0.323248 0.214333 0.013827 159 152 147
0.321600 0.213980 0.022736 164 156 152
0.325482 0.214687 0.035450 148 147 148
0.327341 0.213702 0.044759 158 157 157
0.325988 0.215274 0.055928 128 126 126
0.325829 0.214811 0.065378 149 146 147
0.323241 0.213808 0.074031 160 158 156
0.323758 0.215495 0.084726 182 179 172
0.326099 0.211515 0.091344 211 206 198
0.328002 0.228662 0.015837 163 160 157
0.325295 0.227927 0.025588 161 156 155
0.328034 0.225531 0.035901 96 117 115
0.326545 0.225215 0.045575 124 132 130
0.325128 0.225938 0.056028 142 143 142
0.324026 0.226596 0.065735 153 151 149
0.322592 0.225476 0.074377 166 165 162
0.321063 0.225266 0.082668 190 188 189
0.327829 0.234603 -0.004541 162 159 158
0.327015 0.233480 0.006120 162 158 156
0.326000 0.232299 0.012177 164 159 157
0.324643 0.234648 0.026063 156 152 152
0.327886 0.236953 0.035899 165 164 164
0.326750 0.235931 0.046198 170 167 164
0.325263 0.235086 0.055232 154 151 149
0.325681 0.233483 0.065402 147 145 142
0.323678 0.235646 0.075073 180 178 177
0.323225 0.236510 0.083637 212 207 206
0.328303 0.245193 0.004250 181 179 176
0.327361 0.244021 0.037225 152 150 144
0.327197 0.243646 0.047214 166 164 160
0.325585 0.245524 0.065763 171 168 166
0.324913 0.245973 0.075015 185 182 180
0.324394 0.245749 0.086011 227 219 214
0.323737 0.248349 0.090695 247 238 230
0.327410 0.254189 0.057551 177 173 171
0.325640 0.254268 0.064908 182 178 176
0.324319 0.253651 0.075380 200 195 191
0.325128 0.253235 0.085534 233 225 218
0.325592 0.251873 0.091386 250 242 234
0.326339 0.261494 0.056959 190 185 180
0.324129 0.260597 0.063123 198 193 186
0.324839 0.275240 0.015362 203 169 128
0.328043 0.287068 -0.003804 148 164 136
0.326685 0.285545 0.005647 199 179 148
0.323764 0.284032 0.015522 198 172 134
0.321297 0.286225 0.024390 218 213 208
0.322982 0.289024 0.035081 241 235 232
0.328662 0.294241 -0.013085 10 124 121
0.327328 0.293544 -0.005134 68 142 132
0.325783 0.294377 0.005162 125 152 132
0.323679 0.294740 0.015426 182 182 168
0.322955 0.296357 0.025193 224 213 204
0.321062 0.293669 0.033301 249 242 236
0.328436 0.305447 -0.013209 10 124 114
0.326588 0.305215 -0.005317 43 120 100
0.326489 0.306151 0.006205 130 148 126
0.325163 0.305010 0.015542 182 181 157
0.322975 0.304961 0.025055 212 196 172
0.321667 0.307103 0.032817 214 202 188
0.329132 0.314338 -0.012347 5 133 122
0.328325 0.315713 -0.004391 42 139 122
0.326311 0.315288 0.004996 104 148 121
0.324855 0.314779 0.015148 152 165 139
0.323395 0.315120 0.025609 200 175 135
0.321412 0.315490 0.032063 199 173 142
0.328620 0.326363 -0.011941 1 139 136
0.327488 0.324196 -0.004673 7 129 125
0.326493 0.324219 0.004178 58 149 143
0.325420 0.325481 0.015394 184 191 161
0.323855 0.324467 0.025244 205 187 157
0.321854 0.324716 0.034911 200 176 148
0.320974 0.327026 0.041016 234 218 207
0.328221 0.334695 -0.003275 17 134 121
0.327536 0.334776 0.005498 65 152 135
0.326418 0.334550 0.015321 151 176 154
0.324737 0.335490 0.025875 192 178 151
0.322541 0.335693 0.034609 191 167 135
0.321108 0.334449 0.042627 238 223 206
0.328535 0.346653 -0.012961 2 140 138
0.327823 0.345715 -0.004302 16 142 137
0.327084 0.345179 0.005151 67 152 143
0.326380 0.344887 0.014850 157 188 169
0.324958 0.344825 0.025378 199 188 157
0.322960 0.344706 0.035071 205 187 153
0.321759 0.346739 0.041809 230 216 198
0.329140 0.352879 -0.012196 4 136 136
0.328051 0.352999 -0.004690 20 138 133
0.327634 0.353864 0.005672 86 156 140
0.326517 0.355200 0.015629 153 181 171
0.325179 0.355423 0.025126 177 182 165
0.323381 0.355967 0.034129 213 211 198
0.321568 0.352935 0.042533 230 224 214
0.328708 0.365889 -0.012987 5 132 127
0.328028 0.363940 -0.003679 44 149 142
0.327386 0.363016 0.005236 92 173 165
0.326615 0.362714 0.014078 122 191 183
0.325420 0.364582 0.025472 138 187 183
0.323370 0.363229 0.034027 202 209 203
0.324986 0.374775 -0.004502 89 160 157
0.325273 0.371699 0.023711 130 204 201
0.326240 0.385660 -0.015083 11 152 148
0.325092 0.395816 -0.023790 58 120 120
0.335095 -0.543414 -0.050589 2 147 132
0.334662 -0.542348 -0.048939 2 147 132
0.335887 -0.535217 -0.050602 1 146 132
0.334333 -0.534946 -0.049400 1 146 130
0.335487 -0.523799 -0.050699 0 146 131
0.332832 -0.527264 -0.049328 0 144 129
0.335477 -0.515037 -0.051396 0 146 132
0.335704 -0.504960 -0.051801 0 146 131
0.335082 -0.495535 -0.051946 2 147 134
0.335065 -0.484415 -0.052155 2 148 134
0.334885 -0.475240 -0.052523 4 150 137
0.335150 -0.465140 -0.052410 3 151 138
0.335340 -0.455084 -0.051934 5 152 141
0.334982 -0.444985 -0.052062 8 156 144
0.335272 -0.437505 -0.051962 5 152 140
0.335163 -0.432956 -0.046816 8 148 138
0.336361 -0.426208 -0.043176 45 136 132
0.334888 -0.425346 -0.034875 70 143 140
0.334122 -0.422933 -0.025761 100 137 138
0.334833 -0.415511 -0.041862 34 132 128
0.336093 -0.414608 -0.035070 86 144 144
0.334015 -0.415128 -0.024465 93 142 141
0.333453 -0.414889 -0.014723 119 146 148
0.333350 -0.413236 -0.006734 134 152 156
0.337432 -0.405060 -0.034360 90 139 140
0.335311 -0.405448 -0.025038 104 144 146
0.333246 -0.405377 -0.014530 112 146 149
0.332986 -0.404795 -0.005826 132 154 158
0.338787 -0.394647 -0.034945 70 124 123
0.336731 -0.395382 -0.025316 122 154 156
0.334267 -0.395247 -0.014206 131 158 160
0.332429 -0.394935 -0.004287 140 158 160
0.332316 -0.394248 0.002286 145 162 163
0.338444 -0.384426 -0.035290 84 130 131
0.337121 -0.385065 -0.025279 134 156 158
0.335490 -0.385247 -0.014580 156 174 176
0.332418 -0.385462 -0.003858 145 163 165
0.332145 -0.383827 0.003273 152 167 169
0.338547 -0.374714 -0.035507 59 124 124
0.336821 -0.375228 -0.025690 120 146 150
0.334963 -0.375386 -0.014974 146 164 168
0.332515 -0.375664 -0.004173 146 162 166
0.331721 -0.374447 0.002355 146 160 164
0.338216 -0.364676 -0.035301 47 118 117
0.336574 -0.365257 -0.025483 116 142 144
0.335304 -0.364576 -0.014973 158 176 178
0.333888 -0.364600 -0.004356 170 185 188
0.331587 -0.365209 0.004389 156 171 174
0.338191 -0.354844 -0.035699 48 120 116
0.336222 -0.355105 -0.025744 114 142 144
0.334855 -0.354890 -0.015421 146 164 167
0.333288 -0.355137 -0.004378 162 180 181
0.331256 -0.354974 0.004056 150 169 170
0.338417 -0.344842 -0.035766 26 96 93
0.336047 -0.345165 -0.025245 107 136 138
0.334506 -0.345291 -0.014985 141 161 162
0.333015 -0.344948 -0.004099 152 170 171
0.331250 -0.345342 0.004173 149 168 170
0.338508 -0.336858 -0.032679 7 81 77
0.337277 -0.335379 -0.025169 22 72 70
0.336629 -0.333936 -0.015790 41 72 71
0.333385 -0.335011 -0.004578 84 110 110
0.331577 -0.334617 0.004513 100 118 120
0.335636 -0.326569 -0.003507 24 60 58
0.335054 -0.325419 0.005206 42 61 58
0.334220 -0.325435 0.014661 56 71 67
0.331217 -0.325196 0.024969 82 97 98
0.332656 -0.322717 0.035551 47 56 58
0.332596 -0.321170 0.043512 20 30 30
0.336974 -0.318485 0.046504 12 18 16
0.335494 -0.317157 0.055662 15 23 21
0.335193 -0.314374 0.065096 26 32 31
0.333486 -0.312649 0.074655 17 20 20
0.332553 -0.310833 0.081666 14 20 19
0.335068 -0.303979 -0.021450 10 112 102
0.331509 -0.303986 -0.019114 27 106 100
0.338573 -0.309147 0.068421 89 92 91
0.337468 -0.306863 0.075472 84 86 85
0.335028 -0.304282 0.084974 67 68 68
0.331622 -0.303143 0.092711 16 18 20
0.336184 -0.295018 -0.021386 6 118 106
0.332577 -0.294683 -0.019035 81 130 122
0.338079 -0.297974 0.087764 142 141 139
0.334793 -0.294830 0.095272 84 84 83
0.331800 -0.292094 0.101394 38 40 41
0.337186 -0.285256 -0.021934 24 117 105
0.336199 -0.282297 -0.014871 80 105 102
0.337216 -0.280428 -0.004740 21 34 34
0.337580 -0.280637 0.005000 6 13 12
0.339399 -0.282019 0.024561 48 56 52
0.338566 -0.281325 0.035284 34 38 36
0.337968 -0.281678 0.056813 134 134 128
0.336935 -0.281084 0.063111 82 88 82
0.337337 -0.281856 0.075014 182 182 176
0.336307 -0.282081 0.086138 183 182 177
0.335029 -0.284312 0.097186 142 140 138
0.333598 -0.286727 0.101270 82 82 80
0.337589 -0.277590 -0.022507 14 122 110
0.335508 -0.275169 -0.015304 120 143 138
0.333183 -0.274390 -0.005945 126 134 134
0.331275 -0.277071 0.003917 110 115 119
0.332903 -0.278951 0.013875 16 18 22
0.332330 -0.278940 0.033974 18 22 25
0.334168 -0.279406 0.042935 16 22 24
0.333706 -0.278669 0.051730 19 24 26
0.333406 -0.278718 0.065457 16 20 21
0.332872 -0.278722 0.075524 30 34 34
0.331834 -0.278885 0.085722 28 30 32
0.331043 -0.279495 0.092636 24 28 28
0.338647 -0.266576 -0.021495 50 111 102
0.335157 -0.264462 -0.014542 171 172 155
0.331703 -0.264894 -0.005826 146 148 146
0.335801 -0.255064 -0.014334 203 186 163
0.331793 -0.255310 -0.006696 156 150 146
0.335594 -0.245022 -0.014960 204 190 170
0.331249 -0.244945 -0.006528 154 146 141
0.335276 -0.235866 -0.013947 198 182 156
0.332529 -0.234900 -0.006693 157 143 120
0.335795 -0.225535 -0.014749 181 163 142
0.332995 -0.225057 -0.005935 166 152 132
0.333002 -0.224396 0.002689 176 164 144
0.337305 -0.218119 -0.012925 173 152 138
0.334906 -0.215243 -0.004969 162 148 134
0.333058 -0.215126 0.004980 168 157 144
0.334735 -0.205830 -0.002573 139 128 118
0.334831 -0.204440 0.005615 160 147 135
0.333809 -0.202699 0.014221 166 155 146
0.337594 -0.201857 0.021340 188 180 164
0.337332 -0.197871 0.006731 152 141 133
0.335967 -0.196986 0.017207 153 143 135
0.336626 -0.194375 0.022817 190 180 171
0.336522 -0.185594 0.006894 106 100 98
0.335767 -0.184469 0.016576 152 144 139
0.335762 -0.185848 0.025428 198 189 182
0.333886 -0.184171 0.033535 217 209 202
0.334565 -0.175212 -0.005749 116 112 114
0.334963 -0.174562 0.004732 108 102 104
0.336604 -0.175044 0.016032 149 143 140
0.336291 -0.173445 0.025767 192 184 179
0.334045 -0.173735 0.034742 226 216 211
0.332240 -0.172957 0.043228 233 222 218
0.338551 -0.165940 0.027179 214 204 193
0.335692 -0.165029 0.035944 215 203 195
0.331982 -0.165351 0.042812 213 201 195
0.338735 -0.153667 0.018249 146 136 118
0.336899 -0.154914 0.026171 184 174 164
0.335250 -0.155323 0.035538 212 201 193
0.331808 -0.154838 0.043342 222 210 204
0.339815 -0.141038 0.005105 169 132 58
0.336391 -0.143817 0.015831 168 151 128
0.335566 -0.143849 0.025695 200 188 178
0.334661 -0.146723 0.034701 208 196 188
0.333137 -0.146907 0.044277 218 206 201
0.331051 -0.146397 0.052035 218 208 204
0.338842 -0.133267 -0.003102 150 154 145
0.337002 -0.135532 0.006573 130 115 95
0.336774 -0.136487 0.015884 165 153 132
0.334776 -0.134431 0.024512 171 165 155
0.333485 -0.134671 0.034483 172 163 157
0.332809 -0.136432 0.044970 218 210 204
0.331504 -0.136740 0.053942 231 223 219
0.336874 -0.125032 0.006877 136 152 142
0.336808 -0.124148 0.016083 171 163 143
0.335916 -0.124922 0.024520 188 181 168
0.333781 -0.124966 0.034640 204 196 188
0.331518 -0.124716 0.044001 216 208 202
0.330562 -0.124402 0.052026 227 218 212
0.339609 -0.110278 -0.015713 79 164 152
0.338864 -0.114478 -0.003584 94 155 145
0.337978 -0.112952 0.005009 142 161 147
0.337317 -0.116196 0.015848 167 168 158
0.335941 -0.115799 0.025559 170 166 158
0.333888 -0.115575 0.034252 175 169 163
0.332370 -0.115387 0.045193 206 199 191
0.330852 -0.114598 0.052673 214 207 200
0.330199 -0.112859 0.060617 211 204 200
0.339460 -0.108552 -0.021145 6 114 102
0.338847 -0.106081 -0.014184 33 129 117
0.337782 -0.103884 -0.005499 114 158 142
0.337323 -0.103306 0.005548 134 148 136
0.335765 -0.104210 0.015337 164 165 155
0.335349 -0.104416 0.024855 182 179 171
0.333610 -0.105175 0.034741 179 175 168
0.331943 -0.103228 0.044081 191 189 184
0.331792 -0.103815 0.054587 213 209 205
0.330737 -0.104413 0.061728 228 226 221
0.338237 -0.096547 -0.004256 76 148 128
0.337640 -0.096509 0.007040 131 142 125
0.336164 -0.095670 0.014916 154 154 139
0.335418 -0.095415 0.025579 166 166 159
0.333970 -0.095055 0.034195 174 174 167
0.332082 -0.093356 0.043880 201 200 193
0.331187 -0.094137 0.053651 212 209 204
0.338108 -0.084046 -0.003735 125 142 130
0.337973 -0.085730 0.005940 151 161 143
0.335896 -0.085976 0.015300 158 156 136
0.334678 -0.085732 0.025163 167 165 155
0.333921 -0.085274 0.034201 181 181 173
0.331731 -0.086405 0.044434 198 195 190
0.331149 -0.084663 0.053734 203 201 195
0.330810 -0.081428 0.062874 218 212 208
0.338457 -0.076663 -0.003158 108 142 117
0.337022 -0.074269 0.004787 166 169 136
0.337211 -0.073298 0.015744 184 183 169
0.335773 -0.075024 0.024981 174 171 156
0.334990 -0.075272 0.034554 160 162 157
0.333268 -0.076814 0.045135 188 188 182
0.332140 -0.077014 0.054299 208 207 202
0.331011 -0.076433 0.062469 223 219 215
0.336999 -0.065767 -0.013882 70 138 105
0.338176 -0.064363 -0.004168 97 130 96
0.338334 -0.062931 0.005460 150 151 120
0.337291 -0.065019 0.016059 159 153 126
0.335534 -0.064046 0.024408 176 174 162
0.332586 -0.062956 0.034280 155 154 149
0.332256 -0.063188 0.044246 175 174 169
0.331561 -0.064987 0.054310 201 195 190
0.330578 -0.065388 0.061682 225 217 213
0.338744 -0.054761 -0.022651 10 132 121
0.336892 -0.053583 -0.013142 52 113 106
0.337495 -0.054148 -0.003590 80 118 106
0.337073 -0.055516 0.005346 139 140 123
0.335847 -0.055795 0.014753 142 144 126
0.335585 -0.055899 0.025783 170 166 154
0.334054 -0.055168 0.034720 186 183 175
0.332415 -0.054770 0.044441 207 203 196
0.330998 -0.054404 0.053644 208 204 199
0.330491 -0.053843 0.061216 212 206 202
0.338201 -0.046781 -0.013520 58 116 104
0.337305 -0.046293 -0.004306 80 117 104
0.336842 -0.047315 0.006992 166 170 159
0.336543 -0.042846 0.015856 166 168 158
0.334365 -0.045140 0.025430 166 165 157
0.333335 -0.046167 0.034138 178 176 169
0.332791 -0.044888 0.045154 188 188 180
0.331646 -0.044714 0.053277 208 206 199
0.331117 -0.045198 0.063897 226 220 214
0.338171 -0.035647 -0.024101 15 108 94
0.337878 -0.035094 -0.014781 93 142 119
0.338072 -0.034184 -0.003323 119 148 132
0.336705 -0.033910 0.005881 156 164 148
0.337585 -0.034878 0.016311 185 184 170
0.335264 -0.034719 0.024284 182 182 170
0.334407 -0.034098 0.034412 178 176 167
0.333760 -0.036108 0.045195 210 205 199
0.331735 -0.037397 0.054523 225 219 216
0.335897 -0.027155 -0.013120 34 110 102
0.337229 -0.024960 -0.004009 104 135 122
0.337440 -0.025129 0.005879 145 149 129
0.335660 -0.024750 0.015985 146 146 135
0.334619 -0.024210 0.024930 158 156 148
0.332667 -0.023305 0.033957 161 159 153
0.331438 -0.023559 0.043360 186 184 178
0.330741 -0.024046 0.053519 228 224 221
0.337928 -0.016958 -0.012946 64 122 113
0.336445 -0.014691 -0.004135 84 118 110
0.334769 -0.014637 0.005579 147 162 152
0.334849 -0.015323 0.015526 170 173 167
0.333484 -0.016162 0.025187 180 181 175
0.332600 -0.016700 0.035212 192 192 184
0.331574 -0.016426 0.044630 197 194 185
0.330905 -0.014749 0.053466 205 197 192
0.330458 -0.011060 0.061645 216 206 201
0.336204 -0.002745 -0.016437 56 72 68
0.338567 -0.003616 -0.002948 160 165 160
0.336650 -0.005790 0.005719 176 182 178
0.335439 -0.004931 0.015813 170 172 165
0.335202 -0.003339 0.023636 170 171 163
0.334652 -0.004301 0.034936 180 177 171
0.333483 -0.004325 0.044291 204 200 196
0.332936 -0.006727 0.054837 206 198 194
0.331055 -0.007864 0.061962 222 213 208
0.337690 0.004104 -0.014031 100 124 119
0.336722 0.003134 -0.004993 136 146 142
0.336835 0.003277 0.005533 147 152 148
0.337420 0.004386 0.016490 173 171 162
0.336004 0.004319 0.023933 172 169 163
0.334129 0.005414 0.034159 182 180 176
0.332132 0.001854 0.043458 218 209 206
0.336351 0.016176 -0.014573 88 136 132
0.336360 0.017294 -0.005217 103 141 136
0.338568 0.015016 0.006535 127 146 142
0.337298 0.013193 0.016356 166 161 157
0.335136 0.015160 0.024948 160 155 152
0.332477 0.015332 0.034542 164 163 161
0.331959 0.017192 0.043354 200 198 196
0.334489 0.019639 0.052771 185 188 186
0.333625 0.023524 -0.003227 79 106 104
0.335818 0.024605 0.006811 158 172 169
0.336177 0.025571 0.015748 186 187 184
0.333891 0.023141 0.025227 188 187 184
0.334175 0.024371 0.035290 192 190 188
0.333044 0.024764 0.045182 194 192 189
0.332428 0.025001 0.053978 198 195 193
0.333754 0.026135 0.061234 180 182 180
0.337464 0.036199 -0.002587 150 158 154
0.338056 0.035917 0.006400 178 179 176
0.335634 0.034900 0.015102 180 176 169
0.335035 0.035631 0.023737 173 170 164
0.335803 0.033239 0.036168 184 180 178
0.333461 0.033629 0.045104 206 201 199
0.332742 0.033323 0.053613 188 186 186
0.338548 0.046769 -0.001595 179 168 149
0.336961 0.045392 0.005473 170 166 161
0.335225 0.044977 0.014381 163 158 154
0.333336 0.044823 0.023469 167 158 151
0.333802 0.043416 0.034097 176 158 153
0.336411 0.047092 0.043581 167 153 150
0.336850 0.053558 -0.001592 158 148 133
0.335684 0.055559 0.004566 166 158 148
0.332705 0.054863 0.013987 176 165 158
0.333972 0.055095 0.026451 184 176 174
0.332610 0.056859 0.034827 192 184 180
0.332922 0.055298 0.044315 185 175 171
0.335888 0.054899 0.054626 163 158 158
0.334806 0.056027 0.064778 176 170 170
0.336676 0.063185 -0.001208 100 94 89
0.337200 0.063436 0.005844 174 158 142
0.334811 0.063466 0.014438 189 176 165
0.332192 0.063780 0.025218 194 184 180
0.332382 0.063359 0.033457 209 199 195
0.338063 0.064659 0.045274 170 164 163
0.334734 0.062005 0.056719 165 162 159
0.337861 0.076595 -0.011932 98 92 82
0.333222 0.075337 -0.003751 171 165 158
0.334556 0.075891 0.005363 177 168 159
0.334298 0.075634 0.013625 170 157 146
0.333250 0.074951 0.024120 191 174 166
0.333517 0.073451 0.036576 183 162 155
0.335442 0.075505 0.045446 176 143 130
0.335647 0.076638 0.053373 161 119 108
0.335473 0.077007 0.064920 186 124 118
0.334517 0.073044 0.074955 208 144 138
0.334188 0.083255 -0.003360 144 128 110
0.334001 0.085053 0.005339 171 150 135
0.332062 0.084310 0.014321 167 155 150
0.333608 0.084122 0.024566 162 152 148
0.334732 0.086552 0.035520 159 146 143
0.337044 0.084998 0.046297 179 115 93
0.336984 0.086425 0.055734 194 109 93
0.336036 0.085327 0.065005 199 126 110
0.338163 0.084195 0.073301 224 136 124
0.336702 0.095331 -0.002946 142 137 127
0.335533 0.095071 0.005383 131 120 110
0.334037 0.095491 0.013030 126 116 109
0.336415 0.095241 0.024760 175 137 129
0.337010 0.094441 0.035304 188 141 132
0.335834 0.093903 0.045880 173 127 118
0.335067 0.094037 0.054658 181 130 120
0.336996 0.093298 0.064091 211 137 123
0.338363 0.093340 0.074045 187 149 141
0.336152 0.095039 0.086526 158 154 149
0.337474 0.094341 0.095869 178 174 172
0.338294 0.092809 0.103217 174 169 169
0.338733 0.105896 -0.021919 173 169 162
0.335348 0.107015 -0.013760 178 162 148
0.336706 0.106414 -0.003874 179 163 152
0.336312 0.106845 0.003824 174 157 144
0.336443 0.104023 0.014805 137 125 111
0.337248 0.105936 0.025505 160 146 132
0.337040 0.105410 0.033675 173 153 141
0.337299 0.103356 0.043119 205 159 146
0.338041 0.102311 0.053129 225 122 106
0.339206 0.105329 0.064667 198 144 132
0.333169 0.111964 -0.013685 180 160 140
0.334093 0.113812 -0.003598 178 158 138
0.333873 0.114453 0.004629 176 161 147
0.335171 0.114478 0.015140 190 176 166
0.335764 0.114222 0.024815 187 172 164
0.336187 0.112985 0.033334 180 158 144
0.334686 0.114183 0.042807 194 146 121
0.332503 0.124683 -0.004841 191 176 162
0.332053 0.124242 0.004286 185 169 157
0.334063 0.121743 0.013103 197 178 167
0.334633 0.121028 0.035182 174 146 134
0.337205 0.126286 0.065334 95 110 107
0.336295 0.126656 0.075199 155 158 155
0.334732 0.126953 0.084442 158 158 154
0.334432 0.127518 0.096109 148 148 146
0.334167 0.125629 0.103063 112 122 120
0.336737 0.137177 -0.013955 164 150 138
0.332726 0.137299 -0.003980 155 132 115
0.334520 0.132718 0.096181 154 153 151
0.333555 0.131786 0.104653 145 144 143
0.335293 0.144731 -0.025388 169 164 156
0.333088 0.144686 -0.017946 168 166 156
0.333771 0.145667 -0.004370 169 154 138
0.335150 0.146901 0.003445 169 156 146
0.336434 0.145877 0.014953 173 155 131
0.332924 0.149099 0.024116 170 138 99
0.332048 0.149420 0.033532 175 142 104
0.336333 0.149089 0.055557 189 184 177
0.337360 0.146043 0.075564 180 180 176
0.334788 0.144078 0.084947 187 186 183
0.334218 0.156059 -0.014864 194 186 172
0.334193 0.154765 -0.006028 192 172 156
0.338582 0.150447 0.003067 187 175 167
0.334695 0.154448 0.025510 158 155 145
0.335530 0.152448 0.034364 166 158 148
0.337051 0.155898 0.046654 179 177 174
0.335583 0.154832 0.055750 180 176 171
0.333242 0.153277 0.062537 175 172 167
0.336645 0.156183 0.086906 102 139 132
0.334053 0.157149 0.095961 130 149 143
0.334897 0.155959 0.103362 178 184 180
0.337393 0.154889 0.113687 182 184 180
0.336858 0.164527 -0.021438 162 160 155
0.336535 0.165119 -0.013676 171 156 134
0.333529 0.164626 -0.006775 169 152 130
0.332576 0.165117 0.005689 140 124 102
0.333623 0.165206 0.012914 124 102 70
0.337242 0.164554 0.023870 115 119 114
0.337271 0.164337 0.033245 174 172 166
0.332814 0.161978 0.043985 180 178 172
0.335910 0.165833 0.077139 156 158 150
0.334981 0.165636 0.085893 143 153 147
0.333334 0.163551 0.094618 176 176 172
0.333309 0.162340 0.102762 172 172 168
0.338750 0.175593 -0.011714 174 164 153
0.334574 0.176316 -0.006897 183 173 162
0.332812 0.172745 0.015098 106 82 46
0.337207 0.178082 0.067301 174 173 170
0.335164 0.174732 0.075459 173 172 168
0.334192 0.172838 0.083272 175 175 171
0.334111 0.175301 0.095875 188 186 181
0.333039 0.175931 0.104232 190 187 183
0.337519 0.185916 -0.023232 91 117 113
0.336689 0.185684 -0.014628 136 138 127
0.335731 0.184734 -0.006546 168 157 145
0.335535 0.185775 0.002873 185 180 172
0.335147 0.187944 0.017217 81 142 134
0.333413 0.187598 0.026294 105 138 134
0.334338 0.185962 0.035401 132 141 136
0.334002 0.185832 0.045118 165 162 151
0.335140 0.185903 0.055753 163 169 163
0.334396 0.185469 0.064917 151 157 153
0.335976 0.184534 0.074263 169 166 161
0.334880 0.188105 0.084828 158 156 152
0.336696 0.186607 0.092901 170 169 168
0.337528 0.191570 -0.023143 85 120 116
0.336341 0.192511 -0.014482 111 128 118
0.334503 0.193270 -0.006877 126 138 129
0.335882 0.195611 0.006188 32 106 98
0.334234 0.195815 0.014164 94 126 122
0.333848 0.193515 0.025450 135 143 139
0.333899 0.192391 0.035002 155 153 147
0.334544 0.193437 0.045319 168 157 146
0.334891 0.194205 0.055249 177 174 174
0.335467 0.193798 0.065223 154 154 153
0.335474 0.193908 0.075002 158 160 157
0.335047 0.194025 0.084094 173 175 174
0.336526 0.193763 0.093047 174 175 173
0.336698 0.206412 -0.013184 142 150 144
0.334655 0.205758 -0.007142 109 140 132
0.335573 0.205539 0.003901 28 100 93
0.334646 0.203831 0.016602 57 102 92
0.333449 0.203118 0.024321 102 135 124
0.337185 0.206303 0.037200 95 124 120
0.335945 0.206568 0.045501 138 148 146
0.333828 0.204364 0.054943 147 135 122
0.333717 0.204559 0.064579 159 152 142
0.334537 0.204946 0.074755 173 169 164
0.334942 0.205705 0.085576 169 167 162
0.335161 0.205630 0.094549 195 194 191
0.337970 0.205865 0.100750 218 216 215
0.333925 0.216239 -0.013695 135 154 148
0.333765 0.214823 -0.006313 105 121 116
0.332428 0.212525 0.003861 130 132 126
0.332955 0.216608 0.027031 154 154 154
0.336035 0.215178 0.035577 138 142 142
0.336451 0.214216 0.042743 150 152 152
0.338621 0.219627 0.058501 84 126 119
0.335425 0.214785 0.066221 137 154 150
0.335794 0.214631 0.074856 127 154 147
0.335088 0.214430 0.084563 178 179 174
0.335240 0.213185 0.093714 204 201 197
0.339169 0.213366 0.100957 211 208 205
0.332217 0.224391 -0.017156 190 186 184
0.331455 0.225496 0.026099 150 146 144
0.332647 0.226147 0.036355 92 115 111
0.336369 0.226883 0.047671 120 132 129
0.336381 0.225446 0.054950 131 142 140
0.336485 0.227183 0.065621 136 150 145
0.335302 0.225090 0.074106 165 177 172
0.335480 0.222929 0.081741 204 202 201
0.334966 0.234945 -0.005194 152 148 144
0.334230 0.232638 0.004533 144 141 138
0.333026 0.234353 0.014359 82 88 85
0.335433 0.236720 0.037098 162 161 159
0.334450 0.234616 0.045031 171 170 169
0.334297 0.233849 0.054442 168 167 165
0.333510 0.235641 0.065386 159 158 156
0.335833 0.234995 0.076339 181 179 176
0.336582 0.236243 0.082540 196 194 192
0.337519 0.245158 -0.012798 150 156 154
0.334863 0.245712 -0.006028 160 160 158
0.333109 0.244695 0.002400 179 178 176
0.335939 0.245527 0.035624 175 175 173
0.336041 0.247327 0.045744 166 170 165
0.333754 0.247480 0.056055 161 169 164
0.335112 0.246535 0.065632 182 182 180
0.335849 0.246764 0.075302 181 178 175
0.336008 0.245273 0.085831 223 218 213
0.336931 0.248600 0.091387 252 244 238
0.335952 0.253512 0.035609 169 172 165
0.338201 0.251398 0.045420 166 174 172
0.333064 0.256688 0.057326 183 180 176
0.334311 0.254612 0.065367 182 179 175
0.335107 0.254553 0.074842 196 193 187
0.334654 0.253394 0.085517 233 227 220
0.335041 0.252466 0.092326 250 242 237
0.336583 0.264695 0.016580 177 172 162
0.335577 0.265188 0.024018 180 178 174
0.334673 0.260754 0.056824 178 176 172
0.330903 0.264467 0.066211 201 196 190
0.337664 0.261186 0.085590 245 240 230
0.335550 0.276797 -0.004035 138 166 148
0.333752 0.275059 0.005379 174 155 105
0.332070 0.272579 0.013346 198 166 114
0.335447 0.285465 -0.015977 7 135 130
0.332019 0.282327 -0.006114 122 154 128
0.335417 0.294935 -0.016247 4 142 136
0.330900 0.293300 -0.007320 76 145 115
0.335164 0.305002 -0.016495 2 141 136
0.335172 0.314872 -0.016039 3 150 146
0.332739 0.315208 -0.007152 54 154 146
0.336106 0.326110 -0.014192 3 155 151
0.332470 0.326961 -0.008108 1 148 142
0.336528 0.335617 -0.014706 3 156 152
0.333856 0.334281 -0.006175 21 150 136
0.331147 0.333782 0.003295 119 162 108
0.335908 0.345336 -0.015331 1 151 149
0.331864 0.343571 -0.006860 13 152 148
0.335750 0.353833 -0.014985 3 150 147
0.333510 0.353767 -0.005788 11 144 140
0.332923 0.353749 0.003820 44 140 135
0.332656 0.357655 0.017943 129 167 145
0.331811 0.357655 0.023222 174 184 153
0.335938 0.365248 -0.014963 4 144 139
0.333711 0.364805 -0.005950 57 169 164
0.332760 0.364143 0.004533 105 190 182
0.333220 0.364539 0.015358 134 178 158
0.333197 0.364033 0.024266 156 196 190
0.336730 0.375515 -0.014168 15 160 156
0.335630 0.375342 -0.006055 64 178 174
0.334046 0.373548 0.004397 112 208 202
0.334980 0.383939 -0.016233 8 158 155
0.334807 0.380367 -0.007620 17 170 162
0.336294 0.399616 -0.031509 61 61 64
0.334972 0.395237 -0.024771 54 112 112
0.335651 0.401047 -0.034396 60 64 66
0.344732 -0.543591 -0.050879 2 147 132
0.345954 -0.542423 -0.049749 2 148 132
0.344648 -0.534590 -0.050851 2 146 132
0.345903 -0.535076 -0.049723 2 146 132
0.345222 -0.525441 -0.050915 2 146 132
0.342870 -0.522924 -0.049814 0 147 132
0.344982 -0.514953 -0.051580 0 146 132
0.344897 -0.505351 -0.052269 0 145 132
0.344687 -0.494938 -0.052072 2 148 134
0.345061 -0.484783 -0.052568 2 150 136
0.345100 -0.475035 -0.052884 2 150 138
0.345000 -0.464959 -0.052613 4 152 139
0.344692 -0.455424 -0.051996 4 153 140
0.345052 -0.444913 -0.052482 8 156 144
0.345526 -0.435288 -0.052672 7 154 143
0.341452 -0.431846 -0.049329 14 144 134
0.346814 -0.425143 -0.052375 4 148 139
0.341902 -0.424784 -0.047598 18 123 118
0.347478 -0.416951 -0.050856 2 146 138
0.343820 -0.414220 -0.047478 11 134 128
0.345203 -0.404884 -0.047639 6 142 136
0.345405 -0.394983 -0.047325 8 146 141
0.345074 -0.384934 -0.046518 9 146 140
0.345232 -0.375120 -0.046207 4 136 134
0.345106 -0.364913 -0.044505 4 134 133
0.345304 -0.355080 -0.042656 4 126 122
0.345286 -0.346795 -0.041492 1 93 90
0.345635 -0.342159 -0.037773 3 77 74
0.345409 -0.336454 -0.035302 2 84 81
0.344511 -0.334243 -0.025532 7 67 65
0.343865 -0.332866 -0.016318 14 71 67
0.345559 -0.327037 -0.024074 4 93 88
0.344665 -0.328815 -0.013562 15 68 66
0.345304 -0.327098 -0.004202 7 56 52
0.344263 -0.324853 0.004694 14 36 32
0.344192 -0.322125 0.013110 36 60 55
0.345342 -0.320121 0.027422 30 63 57
0.345451 -0.317884 0.036675 72 80 80
0.345333 -0.316108 0.045062 106 116 112
0.345410 -0.313492 0.055361 142 145 143
0.345914 -0.311049 0.062478 160 162 159
0.344281 -0.302782 -0.021776 0 130 114
0.346737 -0.307258 0.066675 162 164 161
0.344216 -0.303815 0.074624 160 161 158
0.342463 -0.301065 0.082017 166 166 164
0.344855 -0.295022 -0.022428 2 135 118
0.348539 -0.298370 0.077657 154 156 153
0.344473 -0.296641 0.085872 146 146 144
0.344472 -0.292289 0.094490 174 172 169
0.346887 -0.282732 -0.021592 6 126 115
0.346831 -0.282612 -0.015847 27 72 66
0.345026 -0.284363 -0.005819 76 80 74
0.343679 -0.284096 0.003762 81 84 78
0.342342 -0.283890 0.013609 139 140 134
0.340881 -0.283205 0.024858 102 104 100
0.348156 -0.284454 0.067885 209 204 194
0.345612 -0.284201 0.076118 209 204 194
0.345762 -0.284484 0.086380 212 206 196
0.345625 -0.286480 0.096705 219 215 207
0.342872 -0.287628 0.101344 223 218 212
0.345869 -0.275785 -0.022348 7 124 114
0.342998 -0.275986 -0.017661 59 120 115
0.345116 -0.266339 -0.022564 15 102 94
0.343321 -0.264654 -0.015656 147 159 138
0.346715 -0.258982 -0.022000 8 48 38
0.344319 -0.254802 -0.013956 200 178 141
0.348498 -0.253083 -0.009507 199 173 132
0.344389 -0.245287 -0.014531 208 181 150
0.344737 -0.232919 -0.021558 82 63 39
0.345343 -0.235862 -0.016735 200 177 146
0.344221 -0.227061 -0.021072 155 125 89
0.342668 -0.224746 -0.017614 149 119 84
0.345343 -0.226852 -0.002840 186 152 88
0.346275 -0.222920 0.002756 202 171 108
0.345084 -0.215589 -0.015013 136 104 78
0.343964 -0.213694 -0.005543 169 138 101
0.346159 -0.214730 0.005195 184 154 109
0.347144 -0.212714 0.012728 190 176 155
0.343865 -0.208460 -0.003555 154 126 100
0.344523 -0.205751 0.005463 161 134 104
0.341985 -0.205363 0.014866 185 172 159
0.345372 -0.202702 0.022933 212 202 188
0.344064 -0.196925 0.006547 126 114 105
0.343757 -0.194655 0.016180 167 157 147
0.345248 -0.194386 0.024422 206 194 184
0.345553 -0.186008 0.007844 158 150 138
0.343819 -0.183866 0.015484 172 161 150
0.345082 -0.186263 0.024101 221 209 200
0.343070 -0.173062 -0.004513 115 106 105
0.347078 -0.174692 0.006790 169 158 150
0.345509 -0.175158 0.014849 200 188 179
0.343544 -0.176167 0.022379 224 212 203
0.348706 -0.162025 -0.023576 36 86 62
0.346833 -0.163908 -0.015334 145 146 110
0.346398 -0.164821 -0.002362 93 93 82
0.348039 -0.166476 0.006415 137 131 118
0.346341 -0.165889 0.016001 216 202 192
0.343186 -0.164108 0.023763 226 214 202
0.340593 -0.165902 0.032272 236 222 216
0.346863 -0.155586 -0.014717 78 106 79
0.346702 -0.152872 -0.006255 160 154 92
0.347717 -0.152614 0.006076 182 168 130
0.346031 -0.155724 0.015844 192 177 159
0.345517 -0.156258 0.023944 222 210 197
0.347949 -0.144248 -0.022918 7 117 106
0.346945 -0.142628 -0.015817 71 139 111
0.346047 -0.145134 -0.004010 109 120 87
0.344481 -0.144050 0.005403 172 153 93
0.345043 -0.143367 0.015394 202 190 176
0.345212 -0.145839 0.024964 224 210 201
0.346253 -0.137741 -0.013112 47 133 116
0.345183 -0.135263 -0.004805 93 140 112
0.343732 -0.135034 0.007026 174 156 104
0.344007 -0.135086 0.014133 198 183 146
0.341776 -0.133570 0.021663 224 212 204
0.346467 -0.122701 -0.013184 67 146 123
0.345259 -0.123076 -0.004318 79 140 122
0.344389 -0.125047 0.004976 146 154 115
0.342783 -0.125464 0.013541 173 174 147
0.342736 -0.127630 0.023527 209 206 194
0.345217 -0.113074 -0.024947 11 132 117
0.345374 -0.114910 -0.015392 49 144 124
0.345171 -0.116436 -0.004631 53 138 119
0.345300 -0.115985 0.005368 99 144 125
0.344377 -0.116146 0.014876 182 190 168
0.343128 -0.116967 0.024496 211 206 194
0.346181 -0.107411 -0.023489 9 127 112
0.344266 -0.104686 -0.015752 8 124 110
0.344897 -0.104347 -0.004838 60 139 105
0.345331 -0.103101 0.005347 97 140 114
0.345133 -0.104996 0.015451 187 181 156
0.342785 -0.105739 0.021576 210 202 186
0.347212 -0.092127 -0.023191 15 135 121
0.346544 -0.094087 -0.014143 70 142 115
0.345855 -0.094771 -0.004240 87 140 113
0.343687 -0.096481 0.005349 134 146 104
0.344075 -0.097410 0.014617 173 176 154
0.345062 -0.095038 0.025159 215 210 200
0.347013 -0.084945 -0.023797 12 137 128
0.344484 -0.084183 -0.015672 77 150 134
0.343657 -0.084708 -0.005307 83 136 129
0.343797 -0.085604 0.004655 125 160 136
0.345087 -0.085665 0.015481 144 172 163
0.345369 -0.086117 0.026119 205 206 198
0.343216 -0.085637 0.032410 221 214 205
0.346960 -0.075776 -0.023141 30 131 111
0.345553 -0.077324 -0.014645 30 131 116
0.345662 -0.075749 -0.004723 72 140 118
0.345121 -0.073264 0.005639 169 174 143
0.343288 -0.072492 0.013565 202 192 163
0.344794 -0.077824 0.024688 226 219 210
0.346898 -0.064679 -0.024554 5 128 118
0.346203 -0.064978 -0.014785 55 134 115
0.344303 -0.063694 -0.005724 105 152 129
0.343734 -0.065800 0.005469 171 175 144
0.342229 -0.065518 0.013421 199 194 169
0.341132 -0.064254 0.020898 223 218 190
0.346719 -0.054801 -0.023974 8 138 126
0.344704 -0.053340 -0.016017 62 143 127
0.344189 -0.053478 -0.005354 59 129 117
0.344586 -0.054913 0.005482 150 168 131
0.343803 -0.055817 0.015197 172 172 136
0.342827 -0.052962 0.024368 208 205 193
0.340773 -0.050525 0.030809 216 212 203
0.346960 -0.044941 -0.023535 28 138 120
0.345989 -0.046106 -0.015056 72 146 123
0.346429 -0.046176 -0.004395 105 155 120
0.345931 -0.045748 0.005301 149 168 133
0.345017 -0.045037 0.013603 175 184 165
0.345971 -0.046991 0.025233 230 228 219
0.342589 -0.048704 0.030475 224 221 212
0.344476 -0.037703 -0.023826 34 120 96
0.345445 -0.034640 -0.014270 46 126 100
0.345325 -0.033249 -0.004817 51 117 101
0.344400 -0.034401 0.004936 153 169 141
0.343174 -0.035753 0.013572 200 199 178
0.344827 -0.021610 -0.026188 6 102 95
0.345536 -0.024739 -0.014327 44 122 113
0.344601 -0.025168 -0.005299 80 139 124
0.344568 -0.026035 0.004994 131 155 117
0.345370 -0.024189 0.014824 146 174 155
0.342900 -0.023761 0.022800 214 207 201
0.345437 -0.018679 -0.023186 6 118 108
0.346268 -0.016829 -0.013443 36 122 105
0.346271 -0.015333 -0.004968 64 117 93
0.345036 -0.016191 0.005542 110 144 115
0.346244 -0.015825 0.015880 154 188 180
0.345199 -0.016098 0.022373 178 194 187
0.343882 -0.005013 -0.016039 92 110 86
0.345667 -0.005467 -0.003569 74 109 103
0.343731 -0.004701 0.004986 169 170 161
0.341843 -0.005451 0.014809 166 180 166
0.344886 0.001826 -0.022102 3 87 81
0.344412 0.004358 -0.015348 7 78 71
0.344657 0.005004 -0.004923 30 80 68
0.345503 0.004939 0.005689 144 149 119
0.343454 0.004519 0.013823 192 180 150
0.340648 0.004500 0.024642 134 136 132
0.347375 0.019001 -0.021328 12 95 86
0.345928 0.015656 -0.015440 50 113 100
0.344121 0.015073 -0.004272 110 152 133
0.344850 0.015539 0.005843 123 153 144
0.346545 0.016672 0.014478 177 181 177
0.344401 0.015270 0.024130 183 184 178
0.347956 0.021674 -0.017242 36 92 78
0.347469 0.025670 -0.003312 68 122 112
0.345192 0.024992 0.006804 147 174 167
0.345548 0.023497 0.014994 185 188 183
0.343323 0.023837 0.023709 190 189 186
0.346510 0.036936 -0.015212 56 100 93
0.345777 0.036678 -0.005557 137 146 140
0.343274 0.034304 0.003205 207 204 198
0.342342 0.030557 0.014497 178 177 176
0.345860 0.036009 0.026880 181 158 152
0.345340 0.037599 0.033122 176 160 157
0.348199 0.046969 -0.020744 3 105 94
0.345883 0.044270 -0.014893 59 106 97
0.344278 0.045707 -0.004256 128 132 117
0.344274 0.044872 0.003904 187 186 179
0.344037 0.045785 0.013009 186 188 186
0.345030 0.043691 0.035356 194 164 159
0.343290 0.045323 0.044472 182 166 163
0.342676 0.046214 0.052240 187 177 174
0.348112 0.054748 -0.021818 14 66 55
0.347471 0.055799 -0.013584 61 91 80
0.344357 0.054163 -0.003644 141 143 132
0.343347 0.054184 0.003310 208 200 190
0.345103 0.053962 0.013064 204 202 196
0.345101 0.053020 0.026812 164 165 164
0.346002 0.055120 0.034576 168 166 164
0.343226 0.053451 0.045056 186 179 176
0.342957 0.055165 0.051735 177 173 170
0.348380 0.064107 -0.022085 91 106 100
0.347186 0.065290 -0.013955 94 115 110
0.345247 0.065365 -0.004375 148 146 128
0.343545 0.064795 0.003822 195 177 152
0.344084 0.063266 0.045687 173 168 166
0.344324 0.065217 0.054895 186 178 177
0.345318 0.075874 -0.013966 113 114 100
0.345653 0.072891 -0.003640 145 142 128
0.343500 0.074566 0.004559 177 163 141
0.341355 0.072798 0.011512 158 130 89
0.344717 0.075685 0.046036 116 94 80
0.343389 0.073503 0.054463 169 129 122
0.347676 0.071678 0.067471 196 131 124
0.345963 0.073930 0.076057 200 136 128
0.347895 0.079219 0.092979 177 162 162
0.346772 0.085619 -0.013078 144 138 118
0.344263 0.087352 -0.005255 178 166 142
0.346780 0.089237 0.037252 199 129 120
0.346073 0.085903 0.046072 171 99 85
0.345096 0.086100 0.055609 209 124 110
0.344905 0.084704 0.065400 215 134 120
0.344895 0.085390 0.074853 220 148 135
0.345318 0.087199 0.084294 198 158 151
0.345009 0.086283 0.093805 166 163 164
0.347975 0.093103 -0.012565 157 153 137
0.345582 0.093616 -0.004255 154 148 137
0.342928 0.094376 0.003244 130 126 118
0.343152 0.097237 0.014629 140 119 111
0.344003 0.095448 0.025698 167 141 133
0.344655 0.094449 0.036485 178 120 111
0.345708 0.093544 0.043910 155 97 89
0.345116 0.093133 0.056215 182 123 111
0.345560 0.095729 0.066140 211 159 148
0.344673 0.094367 0.073872 210 159 147
0.344221 0.091793 0.085233 163 164 162
0.343772 0.093080 0.095020 146 148 147
0.342963 0.091773 0.103857 180 176 178
0.344881 0.105692 -0.025166 120 140 136
0.344661 0.106742 -0.015213 126 132 128
0.344048 0.105267 -0.004150 170 151 141
0.343239 0.104841 0.003297 178 159 148
0.343321 0.103724 0.015457 158 158 146
0.343347 0.105068 0.025008 152 164 156
0.342717 0.105549 0.033807 158 142 134
0.342558 0.104475 0.044495 211 161 149
0.345505 0.104292 0.056443 250 154 137
0.345317 0.103451 0.064744 217 160 149
0.344023 0.104138 0.076670 172 170 167
0.344188 0.105722 0.084285 168 167 164
0.344947 0.108513 0.094176 168 166 164
0.344636 0.113627 0.005745 154 153 146
0.343465 0.114732 0.015319 169 155 148
0.342401 0.114182 0.027650 166 139 133
0.343636 0.112240 0.034591 134 126 116
0.348912 0.115729 0.049184 197 159 146
0.347805 0.116444 0.053961 200 169 160
0.343972 0.116208 0.064372 180 178 174
0.344820 0.116489 0.076106 188 182 178
0.345621 0.116408 0.084005 186 179 176
0.346202 0.112211 0.096891 172 171 166
0.347910 0.113084 0.104369 170 169 165
0.346185 0.125764 -0.024898 88 133 128
0.345078 0.122708 -0.013174 92 134 127
0.343632 0.126070 -0.004385 93 110 101
0.345767 0.122225 0.055838 108 132 128
0.344333 0.123699 0.064722 100 125 123
0.344401 0.124088 0.075154 163 168 169
0.344499 0.123425 0.085493 170 170 168
0.346348 0.125504 0.095655 154 158 157
0.344636 0.125899 0.104151 147 150 149
0.342219 0.138098 -0.015656 147 132 124
0.343167 0.135347 0.076488 172 172 170
0.343753 0.133433 0.084064 173 174 172
0.344512 0.145124 -0.026280 159 162 159
0.344220 0.146608 -0.014556 118 137 129
0.343251 0.147654 -0.007168 121 145 134
0.343414 0.148467 0.003590 136 143 134
0.344125 0.145130 0.014574 128 121 110
0.345590 0.145600 0.034768 194 190 186
0.346184 0.149275 0.047243 183 180 175
0.348096 0.147314 0.056164 150 161 157
0.345512 0.144802 0.064985 196 194 192
0.343721 0.143887 0.073315 189 187 184
0.344807 0.146661 0.112885 147 149 146
0.343993 0.152817 -0.006963 202 178 167
0.347730 0.153348 0.006118 148 149 137
0.345279 0.156085 0.015776 162 175 169
0.345891 0.155918 0.026226 134 152 148
0.344924 0.155602 0.034370 120 147 144
0.345253 0.154884 0.045926 153 163 158
0.344003 0.153252 0.054076 143 161 155
0.343512 0.154878 0.063292 172 174 168
0.347557 0.156349 0.075756 178 176 172
0.344400 0.157401 0.084836 121 150 145
0.346063 0.156319 0.096141 120 153 147
0.345202 0.153835 0.104904 153 170 165
0.344732 0.153734 0.113120 180 185 182
0.345103 0.165039 -0.022826 166 168 166
0.344964 0.165662 -0.015260 120 131 122
0.344853 0.165186 -0.006951 148 150 143
0.346694 0.165866 0.005126 165 164 161
0.345205 0.164249 0.015196 142 150 146
0.345739 0.162300 0.023466 116 130 127
0.343558 0.163550 0.034632 87 121 116
0.343526 0.162121 0.044310 124 158 152
0.346248 0.165715 0.056513 167 167 165
0.345645 0.164499 0.065941 148 150 148
0.346943 0.164360 0.076844 114 148 143
0.344709 0.164435 0.083814 116 152 146
0.344757 0.164338 0.093304 149 168 165
0.344842 0.175246 -0.013905 136 139 130
0.344500 0.174778 -0.006114 142 158 150
0.345390 0.171847 0.002499 100 137 129
0.344595 0.177034 0.055771 166 166 162
0.343992 0.175755 0.065339 173 174 171
0.343307 0.173414 0.074775 175 176 174
0.343325 0.172795 0.085075 171 172 170
0.345080 0.175909 0.096217 179 183 180
0.344805 0.174330 0.104292 185 190 187
0.345556 0.185678 -0.023983 136 145 142
0.344347 0.185282 -0.015516 162 160 155
0.344698 0.186294 -0.006569 194 188 181
0.343119 0.187719 0.003147 197 192 185
0.345264 0.184035 0.044875 189 189 186
0.344085 0.182883 0.053325 173 174 170
0.342029 0.182123 0.063110 176 173 171
0.340991 0.182612 0.075237 159 156 152
0.344451 0.186581 0.086772 150 152 150
0.343750 0.184162 0.094490 163 167 166
0.344189 0.184098 0.104045 157 160 159
0.345162 0.186136 0.115947 172 172 172
0.346702 0.186675 0.122997 212 210 210
0.345442 0.192478 -0.024940 94 128 122
0.344440 0.193986 -0.014941 103 131 123
0.344405 0.197148 -0.007500 104 144 133
0.345596 0.196705 0.045581 200 196 194
0.344642 0.195430 0.054568 180 174 172
0.345731 0.195496 0.064086 146 143 139
0.346501 0.197316 0.077143 167 169 164
0.344046 0.194767 0.084302 186 187 184
0.340758 0.194963 0.094627 174 176 178
0.345647 0.196137 0.107222 142 156 158
0.347255 0.193942 0.116129 188 188 187
0.347688 0.194373 0.122888 221 218 217
0.343684 0.204522 -0.012698 134 161 155
0.342601 0.204197 -0.006135 113 149 142
0.340840 0.205061 0.002055 22 92 90
0.346044 0.207040 0.026993 100 126 123
0.343911 0.207656 0.034665 114 139 137
0.344243 0.206455 0.044315 132 130 126
0.343905 0.201755 0.052785 132 128 124
0.345575 0.208235 0.067702 168 170 167
0.344810 0.205662 0.075028 174 174 170
0.346411 0.207318 0.086704 147 176 173
0.345513 0.206555 0.094373 195 206 204
0.343579 0.206988 0.102444 190 191 190
0.347126 0.215410 -0.021336 188 186 186
0.345550 0.214443 -0.016017 177 178 177
0.345209 0.213546 -0.006296 164 176 174
0.346864 0.211874 0.002692 142 158 158
0.345513 0.213815 0.027654 115 144 140
0.344595 0.211996 0.034883 128 151 149
0.342675 0.213117 0.043164 126 147 144
0.345242 0.218215 0.056715 146 159 154
0.343534 0.216333 0.063890 119 154 148
0.345184 0.214877 0.076069 162 185 181
0.346664 0.213516 0.085413 192 200 198
0.346843 0.214503 0.094890 202 201 199
0.343893 0.214164 0.102334 211 208 206
0.343359 0.226842 0.046508 90 136 130
0.344614 0.224666 0.056068 140 156 152
0.343332 0.225466 0.065596 150 178 175
0.343407 0.225950 0.074522 177 191 188
0.346807 0.224669 0.084360 196 198 194
0.345679 0.223161 0.095121 212 208 206
0.345757 0.236839 -0.014096 168 167 164
0.345033 0.235481 -0.005654 130 128 124
0.345667 0.233869 0.004250 122 122 120
0.347496 0.236025 0.036915 157 157 152
0.346529 0.234773 0.046239 137 137 133
0.345201 0.234035 0.055772 132 167 161
0.345087 0.235595 0.066140 160 190 184
0.344456 0.233995 0.074660 193 195 191
0.344841 0.235033 0.084043 218 212 210
0.344216 0.244977 -0.014385 136 147 146
0.344546 0.246000 -0.005871 109 120 116
0.345380 0.244389 0.004400 103 121 118
0.346626 0.248405 0.027281 147 148 143
0.346714 0.246895 0.035419 167 168 164
0.344265 0.247426 0.044915 174 182 178
0.343958 0.246096 0.055373 150 178 175
0.344018 0.243978 0.064465 174 178 176
0.344592 0.245963 0.076011 201 198 194
0.344617 0.244708 0.086132 225 218 214
0.345015 0.248069 0.091685 250 242 236
0.345407 0.257464 0.017779 162 162 156
0.346791 0.255766 0.026190 173 175 170
0.346547 0.253602 0.032307 161 164 159
0.343642 0.254250 0.045899 186 199 196
0.341310 0.255039 0.052922 165 163 162
0.347329 0.253046 0.064833 199 200 194
0.344695 0.252576 0.076250 196 200 196
0.344787 0.253158 0.084568 228 224 216
0.344549 0.252635 0.092930 250 244 238
0.345549 0.266277 0.015659 187 188 184
0.344686 0.264928 0.023679 179 178 174
0.345267 0.262563 0.084440 252 248 242
0.347030 0.277282 -0.014710 22 143 137
0.345619 0.272595 0.007276 187 192 188
0.345255 0.270994 0.012843 180 180 175
0.345411 0.285132 -0.016373 6 156 152
0.345019 0.294965 -0.016801 7 160 156
0.345030 0.305015 -0.016881 6 158 156
0.344356 0.314421 -0.017326 6 160 158
0.343587 0.325613 -0.015680 6 162 158
0.344402 0.336378 -0.016792 5 162 157
0.347070 0.346124 -0.020806 3 158 154
0.343797 0.344335 -0.017185 3 159 155
0.347623 0.354378 -0.020649 4 158 154
0.344546 0.354842 -0.016645 6 160 155
0.347986 0.363440 -0.020169 0 149 144
0.344780 0.365304 -0.016734 5 155 150
0.345128 0.374794 -0.015543 10 167 164
0.341949 0.375195 -0.008752 55 180 173
0.346788 0.382682 -0.014836 10 166 161
0.344582 0.399207 -0.031033 74 86 84
0.345635 0.395223 -0.024578 47 103 104
0.346884 0.401807 -0.032663 66 72 74
0.348193 0.401541 -0.028436 32 38 38
0.354746 -0.543878 -0.051274 2 148 133
0.352845 -0.542713 -0.049731 2 147 132
0.355091 -0.534946 -0.051047 2 147 132
0.356041 -0.536193 -0.049499 2 147 133
0.355067 -0.525070 -0.051784 2 147 133
0.354183 -0.515154 -0.052165 1 147 132
0.354963 -0.505270 -0.052553 0 146 132
0.355227 -0.495041 -0.052516 2 148 134
0.354514 -0.484937 -0.052708 4 150 137
0.355062 -0.474847 -0.053051 3 150 138
0.355116 -0.465085 -0.052598 4 152 138
0.355235 -0.454881 -0.052536 6 154 142
0.355123 -0.445002 -0.053006 9 157 145
0.354962 -0.434975 -0.053291 6 153 140
0.355039 -0.425149 -0.052583 2 146 136
0.354425 -0.416052 -0.051476 1 144 136
0.354531 -0.404148 -0.048910 4 148 140
0.354911 -0.394984 -0.048486 5 149 142
0.354967 -0.385137 -0.047745 4 146 140
0.354938 -0.375002 -0.047608 0 136 132
0.355135 -0.364900 -0.045337 0 138 134
0.355063 -0.354990 -0.043399 2 130 126
0.354794 -0.347469 -0.041211 1 102 97
0.354808 -0.342694 -0.037447 0 88 83
0.354621 -0.336366 -0.035281 0 86 82
0.356413 -0.334794 -0.025268 3 86 83
0.357467 -0.332801 -0.016523 15 90 83
0.354133 -0.325008 -0.026223 1 94 90
0.352467 -0.329043 -0.012596 2 87 88
0.354221 -0.328036 -0.004200 1 85 85
0.355032 -0.327572 0.002312 0 85 84
0.357308 -0.323410 0.027056 102 126 126
0.356559 -0.321886 0.035831 144 154 153
0.350985 -0.319330 0.037785 143 150 148
0.354418 -0.318516 0.046171 184 186 184
0.355839 -0.314323 0.055866 196 194 192
0.352883 -0.302465 -0.022176 1 130 114
0.359761 -0.303040 0.026492 165 166 166
0.358418 -0.302837 0.035746 164 168 166
0.357338 -0.304128 0.045626 169 173 170
0.355968 -0.306186 0.056539 175 178 174
0.352171 -0.305468 0.063021 166 168 166
0.353498 -0.294579 -0.021735 4 136 122
0.357949 -0.299486 0.043965 155 160 156
0.355542 -0.298732 0.055445 153 156 154
0.353735 -0.297623 0.065524 153 155 154
0.353181 -0.294956 0.075092 160 162 159
0.352758 -0.292109 0.084888 188 188 186
0.351407 -0.290688 0.091733 198 200 198
0.353408 -0.283255 -0.021444 3 127 114
0.355342 -0.284069 -0.016718 9 120 111
0.355341 -0.285608 -0.005714 90 136 124
0.354935 -0.285740 0.004720 164 185 172
0.356110 -0.285184 0.012392 170 192 180
0.353144 -0.285595 0.022540 210 210 196
0.356173 -0.282164 0.057123 200 216 204
0.354936 -0.282233 0.066024 204 214 204
0.355106 -0.283058 0.075962 206 209 201
0.356628 -0.284216 0.086399 211 208 204
0.353084 -0.286334 0.092897 209 207 203
0.354760 -0.274703 -0.021908 2 125 114
0.355083 -0.275837 -0.019048 6 116 107
0.359288 -0.278548 0.067449 202 223 214
0.358769 -0.279103 0.075293 220 224 217
0.359144 -0.279348 0.082922 223 218 212
0.356108 -0.266187 -0.021658 6 119 108
0.355823 -0.263813 -0.017968 81 146 130
0.357091 -0.257734 -0.021273 3 83 73
0.354735 -0.254032 -0.014959 152 162 142
0.351687 -0.252140 -0.009073 202 187 162
0.355499 -0.245859 -0.012704 196 182 156
0.353444 -0.246877 -0.008390 194 170 128
0.355353 -0.235367 -0.015057 197 165 122
0.353676 -0.234294 -0.005979 203 166 92
0.351965 -0.224880 -0.020723 146 104 60
0.357012 -0.226217 -0.015281 165 117 56
0.354602 -0.223934 0.004220 188 166 129
0.350796 -0.219658 -0.020387 144 97 53
0.354167 -0.217552 -0.014330 146 100 54
0.355006 -0.215796 -0.003325 177 142 106
0.354771 -0.212982 0.003212 190 159 124
0.354972 -0.214890 0.015636 198 186 166
0.358135 -0.212129 0.022013 214 204 187
0.354403 -0.205734 0.005616 164 132 104
0.355837 -0.204444 0.015297 173 157 143
0.357069 -0.202706 0.024116 207 195 183
0.350730 -0.199622 0.007589 86 70 58
0.353507 -0.195770 0.016938 188 175 165
0.354545 -0.195737 0.025830 217 205 196
0.356276 -0.193355 0.031418 227 212 205
0.352068 -0.181583 0.007227 156 146 130
0.353677 -0.183358 0.016375 210 198 180
0.355065 -0.185774 0.023984 228 214 206
0.356865 -0.188940 0.030874 232 216 210
0.356325 -0.170783 -0.033196 2 59 52
0.353924 -0.173702 0.007329 188 177 164
0.355511 -0.174938 0.014813 213 200 185
0.357005 -0.178233 0.021189 227 212 204
0.355907 -0.165351 -0.032473 2 88 78
0.351880 -0.165242 -0.026712 59 96 57
0.357384 -0.162794 -0.012943 70 68 49
0.356336 -0.164727 -0.003918 147 137 116
0.353766 -0.164876 0.004824 146 137 121
0.355111 -0.165640 0.013786 226 213 200
0.352019 -0.161387 0.021579 228 217 202
0.357520 -0.155257 -0.030879 0 128 118
0.355117 -0.154273 -0.027714 3 121 110
0.357043 -0.154292 -0.014748 39 79 62
0.355494 -0.156240 -0.004625 123 118 83
0.354858 -0.155454 0.005809 127 116 87
0.354643 -0.153865 0.015780 193 184 167
0.354399 -0.153632 0.023200 231 221 208
0.354967 -0.144678 -0.025457 8 125 113
0.353994 -0.144474 -0.015957 88 150 118
0.353103 -0.146076 -0.004599 132 144 108
0.353370 -0.142932 0.004807 179 173 146
0.355515 -0.144372 0.016244 219 212 198
0.356476 -0.147748 0.023325 225 216 204
0.357254 -0.135660 -0.024776 2 135 125
0.353835 -0.136823 -0.013368 69 145 109
0.354687 -0.133834 -0.004381 94 140 101
0.352709 -0.134429 0.004926 156 167 133
0.354220 -0.136110 0.011641 214 214 181
0.357902 -0.122684 -0.022520 12 147 132
0.356273 -0.123632 -0.015502 61 151 127
0.354541 -0.125254 -0.006072 135 174 139
0.352527 -0.126210 0.003540 184 192 147
0.358275 -0.112584 -0.030405 2 142 131
0.356170 -0.115763 -0.024504 7 147 137
0.354604 -0.116130 -0.015652 66 158 126
0.354178 -0.115159 -0.004953 101 162 133
0.353470 -0.114425 0.004730 159 185 161
0.352273 -0.114410 0.013403 205 200 170
0.351937 -0.114009 0.023996 245 243 236
0.354883 -0.106367 -0.026408 4 134 123
0.354098 -0.104358 -0.016292 31 149 137
0.354604 -0.104604 -0.004434 106 163 134
0.352966 -0.105009 0.004947 141 178 150
0.352068 -0.105570 0.014071 207 214 188
0.357150 -0.093606 -0.024903 10 154 143
0.355622 -0.094389 -0.014766 96 166 139
0.355064 -0.095020 -0.006144 116 162 131
0.353509 -0.097999 0.005053 186 198 155
0.353008 -0.097117 0.015210 217 208 173
0.351689 -0.094862 0.022229 210 210 198
0.355151 -0.084520 -0.024843 10 150 140
0.354112 -0.084877 -0.016270 57 158 140
0.354576 -0.084276 -0.004739 78 166 159
0.353674 -0.083805 0.004353 136 186 178
0.354719 -0.085127 0.015580 187 204 198
0.353394 -0.085395 0.024603 223 217 209
0.357949 -0.073254 -0.030782 1 140 132
0.355332 -0.075445 -0.024596 15 140 127
0.354902 -0.075883 -0.015945 38 145 128
0.353840 -0.075452 -0.005273 115 176 157
0.352938 -0.073156 0.004451 193 201 178
0.355137 -0.076722 0.015322 241 235 228
0.352875 -0.079006 0.022761 243 235 227
0.355409 -0.064580 -0.024443 6 143 133
0.354725 -0.064859 -0.015754 44 143 134
0.353761 -0.066085 -0.006047 120 176 167
0.351489 -0.066286 0.004463 164 183 163
0.355449 -0.054127 -0.023640 28 152 143
0.354744 -0.054900 -0.016394 37 143 129
0.354138 -0.053603 -0.005476 93 162 134
0.352810 -0.054618 0.004190 161 178 124
0.351691 -0.053620 0.013145 192 186 137
0.355044 -0.045992 -0.023714 14 153 141
0.354594 -0.046176 -0.014920 65 159 124
0.354033 -0.045471 -0.005369 100 156 115
0.354900 -0.044954 0.004447 113 165 138
0.353114 -0.046349 0.014206 192 207 194
0.352262 -0.045932 0.023813 236 236 228
0.356514 -0.037437 -0.025116 30 148 133
0.356613 -0.033631 -0.014476 24 141 130
0.353686 -0.034258 -0.004396 69 154 142
0.353700 -0.033701 0.003734 137 188 176
0.355135 -0.036666 0.012691 154 208 199
0.356640 -0.023476 -0.026814 8 132 124
0.355740 -0.024496 -0.013357 114 169 146
0.353903 -0.026235 -0.005371 151 174 139
0.352858 -0.027807 0.005400 160 173 131
0.352018 -0.025706 0.013598 163 182 161
0.356871 -0.015130 -0.022902 13 137 124
0.354778 -0.014811 -0.015436 48 138 115
0.353910 -0.014418 -0.005735 90 150 123
0.353803 -0.014217 0.003712 139 176 152
0.351891 -0.017418 0.015221 195 207 200
0.352970 -0.016455 0.022357 177 191 187
0.357035 -0.005038 -0.023151 13 128 119
0.356845 -0.005162 -0.016434 45 136 130
0.353849 -0.007241 -0.005253 135 181 176
0.353791 -0.005680 0.005301 203 216 210
0.356040 0.003610 -0.022241 2 97 89
0.354843 0.004663 -0.015916 24 95 83
0.353401 0.005433 -0.005119 86 113 78
0.353010 0.004855 0.004686 186 174 130
0.353268 0.005923 0.011393 200 187 157
0.358349 0.017174 -0.021383 8 104 91
0.355316 0.016337 -0.016678 57 123 106
0.354589 0.016342 -0.005958 106 148 121
0.354275 0.015155 0.005864 146 170 164
0.355224 0.014996 0.015145 212 211 204
0.353406 0.014393 0.023627 193 194 188
0.357976 0.025755 -0.022315 68 128 116
0.356940 0.026041 -0.016431 98 147 138
0.355638 0.025576 -0.003833 63 114 106
0.354821 0.027150 0.006177 224 224 214
0.354681 0.022600 0.014387 216 214 208
0.355285 0.036289 -0.014047 48 97 90
0.355291 0.034964 -0.005317 118 133 126
0.355173 0.034874 0.002891 191 192 186
0.356340 0.038852 0.014876 158 166 166
0.355507 0.034366 0.025238 172 180 179
0.355298 0.035584 0.034065 174 181 180
0.355184 0.038729 0.042823 172 178 178
0.355797 0.046807 -0.022272 12 107 93
0.354515 0.044558 -0.014424 80 132 118
0.354921 0.044770 -0.004811 138 154 143
0.354985 0.046540 0.002751 213 209 202
0.353330 0.042935 0.016224 162 166 166
0.354730 0.044258 0.025776 149 154 155
0.354754 0.045045 0.033432 160 166 165
0.354316 0.053575 -0.023379 18 98 85
0.354919 0.055482 -0.014798 53 100 86
0.356440 0.056358 -0.004548 180 181 176
0.354732 0.052666 0.004355 198 193 188
0.355360 0.054799 0.013559 176 174 168
0.351755 0.052899 0.034897 158 160 158
0.355184 0.057454 0.075526 161 163 164
0.355952 0.062878 -0.022152 46 98 91
0.355770 0.063754 -0.014907 56 100 91
0.355184 0.065876 -0.004801 138 148 133
0.355333 0.066027 0.002021 186 180 168
0.354082 0.061150 0.084323 171 174 174
0.354893 0.066315 0.096196 174 172 170
0.355860 0.065010 0.104307 164 168 166
0.354989 0.074743 -0.022659 92 136 129
0.356011 0.074244 -0.015017 93 134 124
0.353993 0.073494 -0.004441 136 147 134
0.355743 0.074866 0.003123 129 146 139
0.357582 0.078837 0.015031 3 69 64
0.356542 0.078706 0.024543 24 74 70
0.357597 0.077808 0.036878 63 100 95
0.355322 0.078430 0.046039 75 97 92
0.354671 0.078756 0.053516 83 87 79
0.356836 0.082418 -0.021796 67 118 108
0.356393 0.085719 -0.013816 107 129 122
0.354650 0.084935 -0.007098 128 143 135
0.356801 0.084696 0.002872 84 117 114
0.352377 0.089010 0.036882 171 114 109
0.353983 0.084031 0.046541 157 120 112
0.352783 0.085339 0.055948 161 117 105
0.352917 0.086632 0.064335 158 127 117
0.354114 0.085986 0.072865 114 118 110
0.353973 0.086864 0.083817 91 114 111
0.350685 0.084269 0.091643 118 126 127
0.355698 0.093365 -0.014686 58 95 88
0.354292 0.094953 -0.006461 122 134 124
0.353136 0.095875 0.005838 125 144 136
0.352652 0.094741 0.016254 118 108 104
0.354783 0.093867 0.026199 162 121 114
0.354851 0.092950 0.036532 175 120 112
0.351779 0.093731 0.044859 199 114 100
0.354062 0.095322 0.055373 216 136 123
0.351996 0.093696 0.063577 208 151 140
0.354377 0.094908 0.075474 198 154 145
0.355618 0.093678 0.083284 118 120 118
0.354991 0.104972 -0.030284 90 119 118
0.355099 0.105121 -0.026195 101 120 116
0.355839 0.104820 -0.014516 127 144 138
0.353991 0.105767 -0.006113 164 162 153
0.354534 0.104094 0.004951 89 118 108
0.357631 0.104082 0.015216 85 96 88
0.354994 0.106805 0.024850 154 117 106
0.353998 0.105913 0.032961 147 99 85
0.355677 0.104613 0.044751 215 141 129
0.353594 0.104425 0.053448 227 157 145
0.357661 0.113349 -0.011691 116 136 130
0.355368 0.114239 -0.004950 170 170 164
0.355813 0.116744 0.006460 211 174 166
0.356471 0.115039 0.015380 198 157 147
0.356284 0.113587 0.023376 197 139 127
0.357309 0.115656 0.048232 122 149 146
0.354964 0.117510 0.054706 120 146 142
0.353035 0.117348 0.065621 171 178 173
0.352788 0.117059 0.075514 194 188 185
0.353253 0.116992 0.085133 179 176 173
0.355884 0.114226 0.095682 158 168 164
0.352745 0.112662 0.104837 174 174 171
0.353746 0.127121 -0.026249 122 146 142
0.354471 0.124224 -0.015596 75 126 116
0.357704 0.125669 -0.003418 218 172 158
0.356644 0.125317 0.003945 210 158 142
0.354831 0.123731 0.014121 228 138 122
0.353112 0.120882 0.055392 98 134 130
0.353400 0.122100 0.063924 120 142 141
0.358508 0.126916 0.076296 111 123 119
0.356390 0.125066 0.085362 114 122 122
0.355580 0.125774 0.096146 144 151 148
0.355726 0.123398 0.104676 178 176 172
0.357478 0.134797 -0.013380 182 154 142
0.357447 0.134559 -0.005329 171 118 104
0.355048 0.132851 0.003330 235 142 124
0.356717 0.137879 0.015992 133 144 125
0.354928 0.138499 0.055505 188 186 183
0.354105 0.136833 0.065301 186 182 180
0.356747 0.131498 0.075078 165 166 164
0.354913 0.133701 0.084779 165 166 164
0.354961 0.135137 0.095237 168 169 166
0.357104 0.135088 0.102906 184 182 178
0.354358 0.146941 -0.014283 90 134 125
0.357002 0.147584 -0.003945 88 121 109
0.355123 0.146666 0.004088 88 128 116
0.357169 0.147679 0.036685 172 172 166
0.354657 0.146767 0.045112 182 181 175
0.352616 0.144538 0.054235 183 179 175
0.355795 0.147989 0.075958 178 175 170
0.356309 0.145193 0.084725 175 172 168
0.356532 0.142148 0.094401 180 179 175
0.352740 0.146217 0.105572 184 184 180
0.355788 0.155704 -0.013006 192 162 144
0.355065 0.153825 -0.005653 134 140 122
0.352890 0.152869 0.006657 18 100 92
0.352288 0.152397 0.015421 64 120 113
0.354723 0.154855 0.026281 129 148 142
0.355507 0.152949 0.033830 149 164 159
0.355268 0.153366 0.044178 130 150 145
0.357037 0.154630 0.054695 118 135 131
0.357137 0.156296 0.064843 169 170 168
0.355455 0.155589 0.075519 118 152 145
0.355514 0.157849 0.086891 104 157 149
0.353756 0.155751 0.095189 141 163 159
0.355903 0.156360 0.105562 166 178 175
0.357525 0.157047 0.113719 176 178 176
0.353174 0.166145 -0.022969 128 150 148
0.353186 0.166124 -0.015488 65 117 112
0.352870 0.166828 -0.005531 83 122 117
0.354014 0.165618 0.005796 109 123 118
0.354846 0.164501 0.014732 109 127 126
0.355945 0.164195 0.024696 154 160 158
0.355475 0.163894 0.035141 112 132 128
0.356950 0.165463 0.045731 140 150 148
0.356223 0.164667 0.054853 152 154 154
0.356776 0.165129 0.066735 126 152 148
0.355119 0.164507 0.075564 128 154 151
0.355315 0.163094 0.084642 153 168 165
0.356015 0.163150 0.094304 154 162 163
0.357235 0.165354 0.105134 162 165 166
0.357011 0.162549 0.114692 164 165 165
0.359732 0.165087 0.123028 190 190 188
0.355754 0.177309 -0.023993 152 157 156
0.356087 0.173527 -0.015539 113 144 139
0.355574 0.173705 -0.005428 62 114 108
0.354086 0.174864 0.002509 36 100 92
0.355435 0.178148 0.055242 177 177 175
0.353916 0.175789 0.064715 188 187 184
0.352205 0.172069 0.072665 190 192 188
0.356243 0.175840 0.096282 148 172 166
0.354560 0.173539 0.104874 160 170 168
0.355221 0.184081 -0.024838 164 164 160
0.354521 0.186395 -0.014565 161 166 158
0.353651 0.186301 -0.007069 155 160 151
0.354627 0.184118 0.034163 166 172 168
0.356747 0.184968 0.047026 176 177 174
0.354986 0.181935 0.053368 179 180 178
0.355490 0.189588 0.078394 174 168 164
0.354975 0.186238 0.085424 178 178 174
0.353764 0.184710 0.095095 151 159 155
0.356594 0.186489 0.107435 161 178 176
0.355486 0.186466 0.114724 203 210 208
0.351512 0.187099 0.121613 213 212 212
0.354310 0.193539 -0.026005 126 150 143
0.352689 0.190706 -0.015416 109 118 108
0.356584 0.193219 0.035785 146 155 150
0.356499 0.193893 0.045806 158 165 162
0.356076 0.197625 0.055997 118 127 122
0.356397 0.196095 0.064092 118 121 117
0.353928 0.196401 0.075171 176 175 173
0.355501 0.190980 0.082374 182 182 178
0.354249 0.196226 0.098103 179 198 194
0.355936 0.196009 0.106321 160 180 177
0.355652 0.194440 0.115102 207 206 205
0.352835 0.194288 0.122154 224 218 219
0.356853 0.206251 -0.013508 90 141 136
0.358292 0.206191 -0.003707 90 142 136
0.354845 0.207772 0.037160 179 176 172
0.355209 0.205132 0.044623 165 158 154
0.355684 0.201441 0.052550 146 140 136
0.355982 0.205009 0.066325 143 148 146
0.354111 0.202999 0.072983 187 187 184
0.352938 0.207230 0.086748 162 200 196
0.354859 0.204160 0.094576 151 184 181
0.355043 0.205886 0.107078 130 168 162
0.354853 0.205596 0.114626 232 226 224
0.356182 0.216384 -0.022675 190 190 188
0.354777 0.215500 -0.015794 166 169 167
0.354987 0.215507 -0.006606 145 162 158
0.355537 0.214180 0.004217 100 144 140
0.354185 0.215503 0.026668 154 153 150
0.354849 0.212141 0.032944 171 168 166
0.356916 0.215838 0.054758 176 178 174
0.356823 0.214179 0.065258 152 162 160
0.357159 0.213866 0.075283 191 194 193
0.355121 0.215477 0.085920 206 206 204
0.352068 0.214886 0.092939 186 200 197
0.355805 0.212806 0.103294 208 210 206
0.355463 0.225471 0.006839 164 166 164
0.355138 0.222844 0.012999 167 169 167
0.354493 0.224065 0.047990 156 162 157
0.353765 0.222886 0.054630 159 173 169
0.355155 0.223859 0.065531 194 198 195
0.355582 0.225368 0.074623 198 197 194
0.356412 0.221784 0.083555 167 199 196
0.353339 0.222250 0.093163 188 212 207
0.354853 0.237802 -0.012760 176 176 174
0.355508 0.236760 -0.005687 134 138 136
0.355963 0.234557 0.004134 114 126 124
0.354825 0.238646 0.013175 13 72 68
0.355499 0.236210 0.036786 148 154 152
0.354801 0.235447 0.045009 168 173 171
0.354374 0.234449 0.054304 168 173 172
0.355881 0.236016 0.067700 181 182 179
0.356161 0.232675 0.074675 170 199 196
0.354723 0.236263 0.085470 222 224 222
0.357173 0.242555 -0.004784 62 88 86
0.356906 0.241493 0.003029 9 74 70
0.359598 0.245092 0.014544 99 128 130
0.356372 0.247229 0.027197 172 174 169
0.354518 0.245653 0.035100 163 167 163
0.356339 0.246359 0.045697 166 183 180
0.355059 0.245208 0.054412 138 192 188
0.353601 0.244735 0.065286 186 196 193
0.354794 0.246593 0.076022 194 205 202
0.354154 0.244685 0.086202 232 228 224
0.353325 0.247836 0.091377 250 244 238
0.355476 0.256037 0.016566 174 175 171
0.353434 0.255000 0.026234 176 178 173
0.355521 0.253959 0.034118 160 163 157
0.354898 0.255400 0.044830 150 192 188
0.355505 0.255614 0.057267 191 217 215
0.354639 0.253722 0.065194 151 199 195
0.355091 0.255138 0.076770 212 216 210
0.354067 0.252467 0.084294 242 235 230
0.354250 0.252054 0.091481 250 243 238
0.354777 0.265568 -0.004470 188 214 212
0.354260 0.265885 0.006370 187 195 190
0.352453 0.264494 0.012855 182 184 180
0.352671 0.262997 0.023815 186 182 176
0.355268 0.261061 0.035188 184 186 185
0.358291 0.264354 0.044323 113 192 187
0.355460 0.265694 0.077383 250 243 236
0.352736 0.261857 0.082949 250 243 237
0.355510 0.275933 -0.015107 9 165 161
0.353988 0.285316 -0.016455 10 167 164
0.353876 0.293766 -0.017210 10 168 164
0.353934 0.305803 -0.017397 7 164 162
0.353847 0.312737 -0.017851 7 164 161
0.355181 0.325792 -0.014782 11 176 170
0.355848 0.336080 -0.021630 7 162 158
0.354666 0.334284 -0.015946 10 175 170
0.355044 0.345010 -0.021374 6 162 157
0.354991 0.344765 -0.016675 10 175 169
0.355356 0.354434 -0.020838 6 162 158
0.353370 0.355796 -0.017708 7 166 161
0.354421 0.365898 -0.017160 7 164 160
0.354840 0.374694 -0.015895 11 170 166
0.353902 0.382881 -0.014994 13 164 160
0.354580 0.398602 -0.032310 92 112 112
0.354006 0.394526 -0.024874 38 103 104
0.352867 0.403367 -0.032470 86 90 89
0.352607 0.404793 -0.027555 44 46 46
0.355296 0.414020 -0.025620 102 101 101
0.365196 -0.543227 -0.050730 2 148 133
0.365326 -0.534480 -0.050962 2 148 133
0.366404 -0.536256 -0.049414 2 148 132
0.364857 -0.525062 -0.051650 2 146 132
0.365293 -0.515158 -0.051938 0 146 132
0.365284 -0.505095 -0.052850 1 146 132
0.364443 -0.494937 -0.052575 2 148 134
0.365125 -0.485095 -0.053104 3 150 137
0.365089 -0.474901 -0.053460 3 151 138
0.364977 -0.464962 -0.053167 4 152 140
0.365030 -0.454979 -0.052541 5 156 144
0.364910 -0.444883 -0.052255 8 156 146
0.364969 -0.435009 -0.052560 4 150 138
0.365013 -0.424941 -0.052253 2 144 136
0.364897 -0.415938 -0.051488 2 146 136
0.364742 -0.403006 -0.048796 6 152 143
0.364094 -0.395030 -0.048268 6 150 144
0.365042 -0.384872 -0.047978 3 146 139
0.365164 -0.375056 -0.046943 0 141 135
0.365032 -0.364957 -0.044070 0 144 138
0.364735 -0.355277 -0.042579 2 140 135
0.363289 -0.347978 -0.040880 1 112 106
0.365789 -0.344070 -0.037918 0 100 96
0.363466 -0.336654 -0.033656 1 89 84
0.364015 -0.334832 -0.025546 1 89 84
0.364108 -0.332764 -0.016040 7 87 83
0.365600 -0.331595 -0.007045 6 91 90
0.363355 -0.326563 -0.003738 24 98 86
0.365719 -0.326294 0.004988 82 131 118
0.366748 -0.326737 0.015124 131 154 152
0.366217 -0.324241 0.025110 160 164 163
0.364816 -0.321882 0.034004 182 184 180
0.361819 -0.320552 0.042083 200 200 198
0.367278 -0.313122 -0.024854 14 90 81
0.368388 -0.313406 -0.014610 63 113 107
0.367468 -0.312690 -0.004654 99 139 132
0.366563 -0.312387 0.003856 136 152 141
0.367334 -0.311659 0.015400 167 172 158
0.367232 -0.312287 0.023518 180 181 167
0.368021 -0.315772 0.036331 190 188 184
0.365237 -0.314765 0.045333 196 196 192
0.361685 -0.313147 0.052469 201 198 195
0.366775 -0.306745 -0.023413 6 101 92
0.367804 -0.306971 -0.014619 14 84 79
0.367486 -0.305955 -0.004023 31 100 93
0.365417 -0.305502 0.004833 92 133 127
0.363886 -0.304744 0.014884 146 162 152
0.364873 -0.306222 0.024041 174 176 159
0.363446 -0.306218 0.034672 193 193 180
0.362289 -0.309123 0.044989 202 200 196
0.360828 -0.309042 0.052394 198 196 193
0.365540 -0.292100 -0.018775 0 131 116
0.369454 -0.299422 0.003943 8 93 91
0.363957 -0.297616 0.033070 168 169 154
0.365997 -0.291036 0.053587 207 212 209
0.363014 -0.283223 -0.021277 2 134 120
0.362560 -0.282516 -0.014171 3 122 113
0.361920 -0.281942 -0.005333 3 102 96
0.361971 -0.281803 0.004462 10 92 78
0.361752 -0.281604 0.013462 28 94 78
0.367502 -0.286716 0.056953 206 220 211
0.366996 -0.286195 0.065678 213 221 214
0.365455 -0.286292 0.076492 212 214 208
0.364031 -0.282762 0.085203 220 213 209
0.362125 -0.273491 -0.020927 2 125 114
0.364866 -0.274862 -0.016752 2 122 112
0.366969 -0.276127 -0.005380 4 114 108
0.367050 -0.276063 0.005028 6 110 100
0.366948 -0.275348 0.014920 6 103 93
0.366846 -0.274356 0.024274 8 96 86
0.367421 -0.272168 0.036770 11 80 72
0.366945 -0.272069 0.046423 42 94 85
0.365442 -0.273124 0.056023 104 132 122
0.364356 -0.273846 0.065706 190 198 190
0.365086 -0.273402 0.076508 226 219 214
0.365934 -0.276415 0.083722 228 218 214
0.363032 -0.265893 -0.021030 2 122 113
0.365744 -0.264839 -0.018067 3 123 114
0.369737 -0.268497 0.036106 13 75 66
0.369310 -0.268599 0.045168 54 82 74
0.368867 -0.268259 0.055202 130 128 117
0.368653 -0.268200 0.065260 214 208 200
0.368951 -0.268665 0.074213 226 216 212
0.363203 -0.255771 -0.020595 2 115 105
0.364330 -0.254897 -0.017516 26 124 114
0.363890 -0.246128 -0.015522 50 122 113
0.364711 -0.235477 -0.014340 131 149 128
0.364793 -0.225036 -0.014717 153 129 94
0.365438 -0.224348 0.015312 198 196 181
0.364598 -0.218107 -0.012960 147 123 97
0.365005 -0.214799 -0.005195 147 130 110
0.363600 -0.214508 0.005489 160 145 127
0.366269 -0.213125 0.014894 173 163 152
0.366859 -0.212629 0.024260 203 195 183
0.361360 -0.208996 0.007534 159 138 120
0.363204 -0.207735 0.015648 173 156 145
0.364933 -0.204912 0.026476 213 202 192
0.367586 -0.202690 0.030966 219 206 198
0.364372 -0.195298 0.027497 225 213 204
0.365283 -0.196180 0.031504 229 215 206
0.365321 -0.182839 0.018957 228 216 204
0.364907 -0.185877 0.024757 230 217 207
0.364910 -0.173403 -0.003652 96 92 74
0.363295 -0.173606 0.005130 160 154 132
0.363976 -0.173502 0.017401 228 215 202
0.365451 -0.176675 0.021948 229 214 206
0.363832 -0.163693 -0.032600 0 96 87
0.362926 -0.162159 -0.012821 43 51 37
0.364497 -0.163753 -0.004197 64 64 50
0.364673 -0.164273 0.005287 166 163 147
0.364941 -0.165643 0.014575 226 214 202
0.367895 -0.168358 0.020928 240 224 216
0.365029 -0.155077 -0.031544 1 134 121
0.364118 -0.151613 -0.027986 3 117 102
0.363874 -0.154276 -0.013456 47 72 54
0.364267 -0.154899 -0.005154 113 124 105
0.365386 -0.155570 0.005113 178 179 166
0.362564 -0.153147 0.015152 219 216 206
0.361078 -0.153647 0.021972 225 218 208
0.365949 -0.146187 -0.030945 1 150 140
0.365482 -0.143808 -0.028495 2 135 124
0.366846 -0.149473 -0.013257 54 116 101
0.367293 -0.149040 -0.003631 71 106 95
0.367009 -0.148304 0.005447 174 191 180
0.365558 -0.146553 0.015778 223 220 209
0.362893 -0.146686 0.022446 229 222 211
0.366904 -0.138848 -0.030378 1 154 144
0.365136 -0.134856 -0.027595 2 146 135
0.363274 -0.131643 -0.015359 45 136 123
0.363492 -0.132887 -0.005570 102 153 132
0.365336 -0.136218 0.005210 196 222 209
0.364985 -0.138822 0.014022 237 241 230
0.367538 -0.121261 -0.030094 7 164 154
0.365503 -0.124121 -0.025184 6 159 151
0.362360 -0.127774 -0.017850 45 154 141
0.361215 -0.128791 -0.009219 186 207 156
0.364695 -0.115184 -0.025719 4 159 150
0.361967 -0.113037 -0.018261 19 170 166
0.366140 -0.105537 -0.025434 6 160 151
0.362728 -0.103605 -0.016231 29 157 148
0.361049 -0.107423 -0.006238 158 210 207
0.365987 -0.094493 -0.025537 5 158 149
0.362141 -0.096262 -0.016682 72 167 148
0.360476 -0.097115 -0.007783 188 188 147
0.363287 -0.086358 -0.030513 6 162 150
0.365747 -0.085550 -0.026401 9 161 154
0.361997 -0.085556 -0.017104 80 176 144
0.360708 -0.081027 0.003836 192 220 218
0.363276 -0.074004 -0.031226 0 146 136
0.365895 -0.074873 -0.025351 5 156 147
0.364499 -0.073846 -0.016551 34 166 158
0.362300 -0.075906 -0.005004 170 222 218
0.361213 -0.077679 0.004207 232 238 233
0.364996 -0.064310 -0.024525 5 152 145
0.363200 -0.066524 -0.016664 61 161 151
0.364421 -0.065486 -0.006217 122 196 186
0.365246 -0.055113 -0.025716 10 159 153
0.360689 -0.054820 -0.015843 79 163 135
0.361573 -0.055756 -0.007166 88 186 180
0.365135 -0.044942 -0.026011 11 164 156
0.360884 -0.042902 -0.017301 33 156 144
0.364361 -0.042442 -0.005254 104 167 162
0.365729 -0.035525 -0.024676 11 159 152
0.364655 -0.034114 -0.016500 41 165 158
0.363142 -0.036966 -0.004648 137 189 184
0.362073 -0.036621 0.003811 148 186 180
0.365128 -0.025324 -0.024393 9 149 142
0.362596 -0.024996 -0.016247 38 155 146
0.363477 -0.026373 -0.007325 127 198 191
0.366030 -0.025569 0.006270 54 156 150
0.367130 -0.022451 0.012083 50 156 149
0.365496 -0.014784 -0.024358 16 150 145
0.360875 -0.018741 -0.016854 29 138 121
0.363515 -0.015707 0.015382 49 151 143
0.365220 -0.004993 -0.024692 11 137 129
0.360552 -0.005213 -0.019358 9 138 130
0.366226 -0.005265 0.014728 112 157 152
0.363676 -0.004328 0.022261 69 148 142
0.365140 0.003777 -0.022911 2 104 96
0.362975 0.005298 -0.018108 3 96 87
0.365616 0.005091 0.006801 174 182 180
0.365173 0.005336 0.013738 173 184 181
0.365376 0.016415 -0.022432 3 108 99
0.366234 0.014894 -0.015527 72 140 134
0.366158 0.016873 -0.004442 102 158 150
0.365764 0.014306 0.006111 168 184 179
0.365146 0.014852 0.013678 175 190 185
0.364716 0.024287 -0.022559 63 134 127
0.365199 0.025784 -0.016316 59 124 116
0.365754 0.025573 -0.004611 115 140 135
0.365341 0.025127 0.005805 205 206 201
0.365660 0.024377 0.014847 212 212 206
0.365538 0.026317 0.024635 183 192 186
0.365821 0.036585 -0.013635 82 129 122
0.365894 0.036213 -0.004827 130 150 144
0.365941 0.035878 0.002714 203 199 192
0.366801 0.034344 0.017357 137 158 154
0.364028 0.034399 0.023101 170 179 176
0.362473 0.045402 -0.022444 8 109 99
0.363598 0.042469 -0.015411 67 145 138
0.363635 0.043001 -0.004775 176 185 179
0.365282 0.045178 0.002492 206 203 196
0.364340 0.042385 0.025394 137 154 152
0.362115 0.045040 0.032490 146 156 155
0.362424 0.044534 0.045930 166 171 167
0.366566 0.056980 -0.024355 1 85 79
0.365438 0.056846 -0.014256 52 92 86
0.364824 0.054026 -0.005440 187 190 184
0.363733 0.053731 0.003412 188 183 175
0.363560 0.052410 0.012769 191 188 180
0.365656 0.054490 0.024299 181 183 174
0.365077 0.064292 -0.022125 42 112 106
0.365217 0.066431 -0.015832 69 126 116
0.364244 0.066066 -0.005121 105 141 131
0.365193 0.067329 0.002853 138 161 151
0.364883 0.075064 -0.014126 70 118 108
0.364814 0.075261 -0.004335 134 155 145
0.364321 0.073499 0.003550 138 154 144
0.363928 0.075328 0.014231 25 82 76
0.364642 0.074727 0.024758 10 60 55
0.364669 0.075092 0.035456 34 85 79
0.364581 0.077558 0.045235 71 119 114
0.366238 0.077922 0.054187 95 130 124
0.366509 0.086958 -0.022447 57 99 92
0.365039 0.085789 -0.015118 98 118 110
0.364428 0.084465 -0.006829 186 180 174
0.365263 0.087456 0.034689 161 162 160
0.364160 0.084349 0.044855 145 158 155
0.363142 0.084018 0.053546 110 147 142
0.366305 0.086711 0.065379 109 130 124
0.365073 0.086962 0.075914 96 116 110
0.362885 0.088247 0.083479 84 101 96
0.363858 0.093742 -0.022497 36 89 81
0.364371 0.092014 -0.015724 63 104 96
0.365777 0.095724 -0.006690 133 148 136
0.364254 0.090758 0.036632 162 160 158
0.363253 0.090907 0.043479 154 152 150
0.365223 0.092508 0.065894 172 166 164
0.364898 0.096013 0.074882 172 168 164
0.361799 0.093287 0.084619 113 125 121
0.363675 0.105062 -0.025810 154 159 154
0.364561 0.106861 -0.014021 161 162 154
0.363768 0.103740 -0.007107 185 174 164
0.364340 0.106171 0.005469 167 163 156
0.362627 0.106585 0.015837 170 141 134
0.364686 0.100865 0.076549 170 172 168
0.364171 0.107542 0.095167 180 178 170
0.365601 0.114009 -0.014773 73 116 108
0.365320 0.116186 -0.005399 182 182 174
0.362906 0.115941 0.004389 202 185 178
0.360920 0.116602 0.014276 187 154 147
0.366520 0.116729 0.036342 134 160 155
0.365409 0.117007 0.043867 131 162 156
0.367126 0.118234 0.076148 108 143 135
0.365452 0.117414 0.084480 96 134 128
0.363505 0.115960 0.106647 182 178 170
0.366390 0.127162 -0.024051 165 172 166
0.364770 0.127242 -0.015824 122 138 129
0.366632 0.125574 -0.004405 210 197 187
0.364870 0.124435 0.003559 206 174 166
0.365127 0.123078 0.015766 179 179 178
0.367895 0.124998 0.036805 130 138 139
0.368001 0.126483 0.046664 136 148 143
0.366770 0.127326 0.055933 98 120 116
0.365437 0.127114 0.064157 115 132 126
0.362209 0.127144 0.074497 142 152 147
0.363885 0.124751 0.086086 120 142 137
0.363767 0.122790 0.094258 126 153 147
0.366185 0.132675 -0.023838 118 143 136
0.366357 0.135781 -0.014344 136 138 128
0.365648 0.135711 -0.007311 139 156 145
0.366053 0.135917 0.004726 162 176 169
0.362469 0.136602 0.023145 126 162 158
0.367730 0.138260 0.036704 179 184 173
0.366310 0.133426 0.046348 152 161 156
0.365826 0.132295 0.055399 154 160 156
0.364482 0.132586 0.065019 156 164 159
0.365144 0.134459 0.075084 158 163 160
0.364426 0.134651 0.085093 130 142 139
0.365291 0.135792 0.092068 104 121 114
0.368012 0.145648 -0.023837 86 136 134
0.366118 0.145122 -0.014715 139 160 152
0.364572 0.145108 -0.007427 134 155 146
0.365338 0.142829 0.003970 132 161 156
0.367213 0.147459 0.016755 152 164 154
0.366000 0.146305 0.025307 166 171 164
0.363767 0.145626 0.034188 146 154 148
0.363674 0.144502 0.044211 182 181 177
0.366774 0.147965 0.056335 181 178 174
0.365091 0.142362 0.065103 175 175 171
0.363153 0.144890 0.074993 173 173 169
0.363482 0.145582 0.085546 194 191 189
0.362050 0.146697 0.093344 184 191 187
0.369100 0.154830 -0.003013 82 122 114
0.366715 0.152900 0.016914 152 156 150
0.364400 0.152492 0.024854 142 155 148
0.365335 0.154074 0.035577 162 163 158
0.363577 0.154373 0.045948 132 156 150
0.362689 0.155176 0.054647 125 143 139
0.362816 0.155133 0.065240 152 158 154
0.362556 0.156762 0.075966 127 158 152
0.361721 0.157139 0.084728 117 154 150
0.361089 0.154763 0.092713 136 162 158
0.362404 0.156370 0.105898 182 184 181
0.363479 0.156344 0.114116 189 188 185
0.365450 0.158156 0.123141 214 208 206
0.366520 0.165692 -0.023673 50 122 114
0.367121 0.167576 -0.014812 106 144 136
0.366504 0.166647 -0.004700 176 174 168
0.365067 0.164759 0.004109 154 160 154
0.363600 0.162902 0.015156 138 143 138
0.366654 0.165586 0.026699 184 182 175
0.367338 0.165016 0.035494 188 186 181
0.364901 0.163408 0.043214 176 175 170
0.365663 0.165543 0.056696 88 135 128
0.366888 0.164761 0.065542 110 150 144
0.363117 0.161823 0.074243 106 144 141
0.362385 0.163788 0.085315 59 109 105
0.362542 0.164305 0.095823 140 156 154
0.363824 0.162808 0.104871 183 185 183
0.365336 0.165983 0.117284 174 171 170
0.366011 0.165837 0.125769 222 215 214
0.364602 0.176054 -0.024754 133 149 144
0.364547 0.173895 -0.015780 156 164 156
0.363595 0.174047 -0.007427 166 170 163
0.366853 0.174997 0.025588 178 176 170
0.366591 0.176456 0.045997 99 137 130
0.366461 0.174356 0.055553 127 157 151
0.363386 0.177387 0.095696 152 163 158
0.363267 0.176256 0.103855 152 160 157
0.366728 0.175510 0.116545 189 189 187
0.367115 0.174494 0.124942 226 219 217
0.364985 0.184402 -0.025537 150 158 154
0.362397 0.189294 -0.016936 100 132 126
0.365422 0.187371 -0.007414 113 143 134
0.367348 0.181891 0.007067 176 180 174
0.366281 0.185716 0.016414 157 168 165
0.366159 0.184511 0.024085 160 165 161
0.364058 0.188614 0.034757 160 165 162
0.364249 0.184799 0.046270 186 186 182
0.362491 0.180698 0.051283 180 180 175
0.364674 0.187711 0.077001 154 156 152
0.365608 0.183746 0.085876 154 158 153
0.364244 0.185021 0.094278 178 180 178
0.363330 0.187032 0.105801 181 188 185
0.363298 0.186199 0.113213 200 199 198
0.366076 0.181307 0.122119 234 230 228
0.365041 0.193640 -0.024279 115 143 138
0.366265 0.190685 -0.017785 97 132 124
0.367655 0.191580 0.016827 108 148 142
0.366679 0.193506 0.026464 140 155 151
0.364160 0.192933 0.033830 154 164 161
0.361595 0.193222 0.042964 118 150 145
0.363372 0.196976 0.057436 164 160 155
0.363983 0.195844 0.066714 156 156 152
0.364220 0.193932 0.074293 164 166 162
0.365003 0.192928 0.085636 149 156 155
0.364917 0.194807 0.096022 163 176 173
0.364407 0.194283 0.104884 194 200 198
0.362838 0.194159 0.112875 215 213 213
0.364438 0.208266 -0.013919 112 152 147
0.363990 0.207251 -0.006661 106 150 146
0.365382 0.203964 0.024631 190 188 184
0.363076 0.206844 0.035809 189 188 184
0.363510 0.206361 0.045211 158 158 153
0.365481 0.205124 0.055748 146 157 153
0.364222 0.204574 0.064889 176 180 177
0.364539 0.207059 0.075996 176 197 192
0.366273 0.206450 0.087097 134 186 180
0.365275 0.203563 0.095325 152 183 179
0.366861 0.201844 0.103016 205 205 203
0.365219 0.217554 -0.023402 181 181 178
0.364831 0.215183 -0.014642 110 139 134
0.364639 0.214935 -0.005322 126 150 144
0.366844 0.214852 0.006172 140 156 153
0.366925 0.216194 0.015782 148 155 147
0.364828 0.216847 0.025246 151 153 148
0.364993 0.214207 0.034341 171 172 167
0.365354 0.215836 0.045778 179 181 178
0.365588 0.216711 0.055919 156 161 156
0.365545 0.216066 0.065228 155 179 174
0.363999 0.215575 0.075695 160 193 189
0.363491 0.214623 0.083657 199 205 203
0.367276 0.214870 0.094968 181 186 180
0.363581 0.212561 0.102336 226 222 217
0.366434 0.220828 -0.023448 162 160 158
0.364596 0.220629 -0.017204 166 164 160
0.366947 0.223810 -0.005128 175 172 167
0.365554 0.224796 0.004600 156 162 158
0.364611 0.224840 0.013527 127 141 137
0.361841 0.221587 0.023635 166 168 166
0.368934 0.226465 0.037408 167 167 161
0.366082 0.224689 0.045530 169 170 165
0.366674 0.223834 0.054988 165 171 166
0.365853 0.226706 0.066600 183 184 180
0.364562 0.225606 0.074559 186 194 190
0.365529 0.224494 0.083075 167 180 176
0.362178 0.239266 -0.010451 159 167 163
0.365762 0.237142 -0.004762 172 172 170
0.366478 0.235310 0.004162 171 174 171
0.365675 0.235387 0.013047 140 164 160
0.367984 0.234966 0.027940 169 169 165
0.367519 0.235745 0.033705 134 150 145
0.363842 0.236100 0.044148 130 146 142
0.367325 0.236163 0.056252 142 165 161
0.365789 0.235477 0.064847 123 167 162
0.365538 0.232578 0.074068 167 198 194
0.364947 0.235154 0.084426 227 226 223
0.363641 0.241734 -0.011212 92 111 109
0.367071 0.243757 -0.005623 126 150 148
0.365825 0.242965 0.004848 52 107 102
0.364476 0.243624 0.012544 89 135 131
0.365209 0.243157 0.024755 121 144 140
0.360724 0.243565 0.034259 173 177 173
0.364627 0.244511 0.046545 192 200 198
0.365593 0.242483 0.054203 171 203 201
0.366898 0.246779 0.067827 152 198 194
0.365226 0.245396 0.076532 185 202 199
0.364865 0.244631 0.085690 238 233 228
0.361739 0.248147 0.090390 250 244 238
0.362990 0.253557 0.013054 170 174 170
0.365276 0.257826 0.026756 200 209 203
0.363184 0.253730 0.035325 155 189 185
0.365351 0.253760 0.066154 123 188 181
0.363851 0.254468 0.074725 224 222 215
0.364767 0.252563 0.085879 248 242 234
0.366153 0.267176 -0.014731 70 178 174
0.367706 0.267211 0.009315 196 191 186
0.365717 0.266683 0.014457 142 162 152
0.364880 0.263609 0.023287 144 172 165
0.360956 0.263892 0.042205 126 206 202
0.364533 0.264037 0.065065 151 204 194
0.364794 0.264248 0.075464 248 243 237
0.365070 0.275068 -0.016042 12 168 164
0.367291 0.274776 0.024494 68 190 184
0.365803 0.283849 -0.017149 10 168 166
0.366245 0.317161 -0.014235 14 178 172
0.364252 0.327286 -0.021819 8 164 160
0.365199 0.325103 -0.015549 14 180 174
0.363874 0.334870 -0.021830 8 164 160
0.365754 0.335012 -0.016305 14 180 174
0.364928 0.345143 -0.021715 8 164 160
0.364881 0.344856 -0.016915 14 180 174
0.364555 0.354023 -0.021482 8 164 160
0.365442 0.355747 -0.016795 14 180 174
0.365560 0.366113 -0.017151 9 168 164
0.365136 0.374781 -0.015573 12 171 166
0.365951 0.382421 -0.014706 14 153 150
0.363510 0.397604 -0.032551 94 114 116
0.364622 0.393301 -0.025083 60 126 127
0.365459 0.394922 -0.014696 54 84 84
0.366691 0.416591 -0.031884 113 110 111
0.363032 0.413646 -0.024286 118 116 118
0.365600 0.422156 -0.034375 75 77 78
0.374725 -0.541361 -0.048801 2 146 132
0.373894 -0.534202 -0.050487 2 147 132
0.375031 -0.535259 -0.048708 2 146 132
0.374539 -0.524843 -0.050999 0 146 130
0.374995 -0.527349 -0.049373 2 146 132
0.375473 -0.513843 -0.051939 0 146 132
0.374766 -0.505311 -0.052300 1 146 133
0.374392 -0.494731 -0.052594 3 150 137
0.374965 -0.484745 -0.052960 4 151 139
0.374919 -0.475047 -0.053457 4 151 138
0.375057 -0.465048 -0.053330 4 152 140
0.375071 -0.454941 -0.052843 6 155 143
0.374997 -0.444922 -0.052476 8 155 144
0.374695 -0.434897 -0.052122 6 154 144
0.375069 -0.425232 -0.052579 2 149 140
0.375642 -0.416486 -0.051450 4 150 141
0.372560 -0.402702 -0.048534 8 153 146
0.375272 -0.394332 -0.048007 5 149 142
0.375064 -0.385076 -0.047549 3 146 139
0.374977 -0.374865 -0.045409 0 142 136
0.374805 -0.365320 -0.042355 1 144 138
0.372719 -0.357497 -0.040985 4 146 140
0.375844 -0.354068 -0.038732 2 143 137
0.375096 -0.345098 -0.036703 0 111 104
0.374426 -0.339090 -0.032450 0 96 94
0.374896 -0.336675 -0.025240 1 96 92
0.375139 -0.334259 -0.015125 1 88 83
0.375402 -0.331923 -0.005626 60 121 118
0.374339 -0.328933 0.006712 161 174 172
0.375191 -0.326666 0.015546 182 184 181
0.375443 -0.322963 0.024665 186 186 182
0.373655 -0.311945 -0.023484 2 88 82
0.374215 -0.312237 -0.015849 9 78 69
0.374272 -0.311403 -0.005472 30 88 79
0.376089 -0.311610 0.005256 68 94 88
0.376619 -0.311132 0.015537 132 148 140
0.376623 -0.314171 0.026490 192 194 188
0.373378 -0.314805 0.032614 187 187 182
0.374507 -0.306755 -0.022601 3 96 89
0.374841 -0.304214 -0.016264 4 95 88
0.373559 -0.303376 -0.006403 5 92 85
0.375197 -0.306094 0.004889 20 72 57
0.376497 -0.306436 0.013762 97 109 95
0.379552 -0.309667 0.021627 192 186 179
0.374066 -0.294596 -0.014294 3 107 96
0.375984 -0.297188 -0.004812 5 97 89
0.375387 -0.295683 0.004851 10 92 83
0.375363 -0.294171 0.014851 37 101 92
0.375925 -0.291993 0.023710 57 109 97
0.374071 -0.290847 0.031632 90 121 106
0.373593 -0.284547 -0.014383 23 121 102
0.375074 -0.283960 -0.006471 92 135 118
0.377467 -0.286900 0.026279 87 119 107
0.376676 -0.287624 0.034774 68 101 91
0.376275 -0.285555 0.045364 115 127 115
0.375547 -0.283663 0.054649 174 175 168
0.374330 -0.282399 0.065084 214 210 203
0.373763 -0.282040 0.075101 220 214 211
0.371330 -0.280615 0.081660 228 218 214
0.372834 -0.273336 -0.013857 27 133 120
0.374715 -0.272990 -0.006923 95 147 131
0.375652 -0.274288 0.004152 102 143 127
0.375097 -0.274318 0.014734 94 140 126
0.377014 -0.276505 0.067813 226 219 210
0.377218 -0.276976 0.075376 230 221 215
0.374469 -0.274345 0.082042 232 221 217
0.373261 -0.264747 -0.014514 7 127 116
0.375365 -0.265562 -0.006545 49 134 120
0.374736 -0.264768 0.004929 72 136 123
0.374743 -0.264224 0.014804 82 135 122
0.375033 -0.266197 0.025626 94 131 118
0.374819 -0.265250 0.035867 105 121 105
0.374432 -0.265390 0.044978 128 125 112
0.374104 -0.264949 0.055439 164 158 145
0.374239 -0.265046 0.064722 221 212 202
0.375169 -0.264536 0.076457 228 216 212
0.376044 -0.268546 0.080639 234 222 218
0.373865 -0.254788 -0.015516 4 128 117
0.376361 -0.255374 -0.005820 18 123 114
0.377328 -0.256289 0.004130 65 136 125
0.377804 -0.256193 0.015060 125 146 132
0.378051 -0.255173 0.025524 134 137 122
0.378084 -0.253882 0.033794 150 147 131
0.377332 -0.254816 0.045293 150 144 132
0.377030 -0.255066 0.055709 167 160 148
0.377109 -0.255885 0.065594 211 201 192
0.378095 -0.257942 0.072780 222 211 206
0.375205 -0.244971 -0.016494 3 125 115
0.375660 -0.248987 -0.005305 5 126 115
0.374834 -0.236066 -0.015176 5 126 116
0.374857 -0.235293 0.006115 10 128 113
0.375119 -0.224928 -0.017497 6 83 78
0.373259 -0.226392 0.017222 176 185 172
0.376158 -0.223062 0.024528 196 192 176
0.375001 -0.218856 -0.013148 34 83 78
0.374916 -0.216504 -0.004674 112 124 120
0.374941 -0.214229 0.004963 116 116 110
0.374177 -0.214800 0.016569 166 161 152
0.375198 -0.212867 0.025619 194 186 175
0.378108 -0.214793 0.031680 214 206 188
0.374654 -0.206514 0.028058 209 200 189
0.374937 -0.204803 0.032001 214 200 193
0.374007 -0.193498 0.027274 230 218 207
0.374478 -0.195671 0.031764 224 209 202
0.375952 -0.182205 0.018217 216 206 192
0.374887 -0.185814 0.024814 226 212 203
0.376383 -0.188919 0.030292 226 208 203
0.373973 -0.172902 0.007644 142 134 117
0.375847 -0.175099 0.015006 208 198 182
0.374577 -0.176202 0.022000 227 213 204
0.371816 -0.164080 -0.003433 124 122 104
0.374621 -0.165416 0.005151 164 157 136
0.376927 -0.164745 0.014629 206 192 179
0.373388 -0.168478 0.020867 240 224 217
0.373828 -0.154061 -0.030813 2 138 124
0.374886 -0.153189 -0.026718 1 109 98
0.372766 -0.152648 -0.013384 57 107 91
0.373278 -0.153528 -0.003522 129 132 115
0.375880 -0.155051 0.005166 170 163 146
0.378689 -0.156286 0.012005 194 182 167
0.373850 -0.145941 -0.030421 2 157 145
0.375257 -0.144514 -0.028319 2 139 126
0.374024 -0.147879 -0.012889 30 102 92
0.375586 -0.148059 -0.002806 106 122 107
0.377427 -0.146444 0.004495 161 161 145
0.375771 -0.146060 0.012223 220 212 200
0.371288 -0.138405 -0.030623 2 161 149
0.375285 -0.134625 -0.028169 4 153 141
0.376188 -0.131564 -0.013764 36 176 170
0.376196 -0.135296 -0.004813 122 189 181
0.376135 -0.138344 0.003508 198 202 193
0.374935 -0.123935 -0.025276 8 165 157
0.375080 -0.126979 -0.018724 12 174 169
0.374992 -0.115033 -0.025667 9 166 158
0.374881 -0.105026 -0.025670 9 167 158
0.375150 -0.094948 -0.025796 9 166 158
0.374736 -0.085250 -0.025904 11 167 160
0.377941 -0.086568 -0.018154 10 171 162
0.373112 -0.073465 -0.030585 2 150 140
0.374287 -0.074801 -0.025847 8 163 155
0.374967 -0.064856 -0.025681 6 161 153
0.375026 -0.055230 -0.026082 10 166 160
0.374486 -0.045489 -0.025955 14 171 166
0.376318 -0.043528 -0.005026 52 171 163
0.373956 -0.035888 -0.024656 12 168 162
0.373322 -0.036985 -0.002928 57 166 158
0.375657 -0.034884 0.005476 52 170 162
0.377318 -0.032470 0.013027 52 172 163
0.374960 -0.024922 -0.024906 11 161 154
0.375447 -0.026414 0.013980 65 167 160
0.376143 -0.013996 -0.023840 48 166 158
0.377050 -0.013914 -0.005998 134 172 168
0.378735 -0.011704 0.015928 92 163 158
0.375809 -0.005576 -0.023763 14 133 126
0.378142 -0.004377 -0.016984 26 127 120
0.377797 -0.002301 -0.003926 119 147 143
0.377113 -0.003033 0.004010 156 178 175
0.372889 -0.005140 0.015249 138 168 165
0.375326 -0.005198 0.024438 111 160 156
0.375424 -0.004370 0.034437 111 162 158
0.375260 -0.002817 0.044654 118 168 164
0.375068 0.004176 -0.021951 44 129 120
0.376813 0.005224 -0.016807 40 119 112
0.376746 0.005334 -0.003873 115 149 144
0.375800 0.006540 0.005891 177 187 181
0.374791 0.005914 0.012797 196 203 197
0.374362 0.002020 0.024638 144 176 172
0.375583 0.003156 0.034390 142 176 170
0.375828 0.005471 0.043652 136 173 168
0.374480 0.015180 -0.022392 4 113 104
0.375445 0.014529 -0.015424 78 150 144
0.374862 0.014192 -0.005051 106 158 153
0.374490 0.013323 0.004858 181 189 184
0.374650 0.015284 0.013058 224 221 214
0.372809 0.021603 -0.022921 4 112 104
0.374954 0.025221 -0.014334 48 116 110
0.375041 0.025942 -0.003502 160 167 162
0.375469 0.024271 0.004582 199 196 190
0.373536 0.023449 0.013029 210 208 201
0.374805 0.027532 0.022164 186 189 182
0.374229 0.034920 -0.012621 78 136 129
0.375157 0.034556 -0.004290 129 154 146
0.375751 0.036104 0.004439 184 184 177
0.374486 0.034502 0.015726 142 156 152
0.376245 0.034933 0.022583 132 148 144
0.374057 0.045113 -0.014310 52 117 112
0.376591 0.046158 -0.002558 196 194 186
0.373422 0.043253 0.001688 203 202 193
0.375983 0.045618 0.012690 169 172 168
0.379568 0.044649 0.026628 166 168 164
0.379634 0.044729 0.032653 164 168 164
0.374418 0.055247 -0.023641 2 88 81
0.375354 0.054854 -0.015473 44 98 90
0.375357 0.055286 -0.004393 164 172 166
0.375928 0.054666 0.004058 202 195 187
0.375018 0.054347 0.014045 191 186 175
0.374608 0.061484 -0.021836 4 95 90
0.374028 0.064419 -0.015085 44 114 109
0.374753 0.064624 -0.005073 119 148 140
0.374140 0.064828 0.004134 174 176 165
0.374569 0.065497 0.025435 30 110 100
0.373637 0.065506 0.033075 12 95 86
0.375489 0.076506 -0.012430 104 119 111
0.374990 0.074297 -0.005199 192 182 172
0.374052 0.073054 0.002407 187 179 169
0.373790 0.072833 0.023951 54 99 92
0.376109 0.076525 0.036032 144 161 158
0.374340 0.077013 0.044669 125 156 150
0.374851 0.076296 0.055248 95 142 136
0.374552 0.075385 0.062659 96 146 140
0.375879 0.085755 -0.025530 100 129 124
0.374618 0.085287 -0.015226 113 129 122
0.376007 0.085790 -0.006590 178 171 162
0.376846 0.085161 0.015900 176 172 169
0.373670 0.085349 0.024007 160 158 155
0.375704 0.082976 0.036571 161 166 164
0.374067 0.082112 0.043901 164 168 164
0.375638 0.087860 0.055304 153 158 154
0.374498 0.083904 0.065327 84 132 124
0.375728 0.092021 -0.022215 138 142 136
0.375324 0.095162 -0.013750 139 146 137
0.374957 0.095389 -0.006640 195 187 175
0.376939 0.093620 0.056512 174 176 171
0.372894 0.094882 0.063896 172 174 171
0.375369 0.104690 -0.014715 111 131 120
0.373368 0.100636 -0.009433 196 187 172
0.373746 0.114365 -0.016212 75 120 112
0.373730 0.116551 -0.006932 186 181 171
0.372801 0.115219 0.027967 134 150 144
0.371913 0.117271 0.035460 124 148 141
0.372524 0.118305 0.042982 124 149 143
0.374142 0.118601 0.065688 114 128 121
0.375941 0.118663 0.073220 154 153 146
0.375335 0.127395 -0.023808 140 154 152
0.374981 0.128833 -0.012961 182 176 168
0.374673 0.125597 -0.006484 189 182 175
0.373820 0.125740 0.003942 165 161 159
0.378737 0.126070 0.015223 116 119 109
0.375400 0.128253 0.027167 100 104 101
0.377239 0.125176 0.035002 175 172 164
0.373466 0.124829 0.045262 170 177 173
0.374134 0.125400 0.054025 125 132 126
0.376484 0.124947 0.062941 160 155 150
0.375834 0.123106 0.077224 169 166 158
0.374394 0.124299 0.086103 150 149 143
0.373640 0.125119 0.095074 140 140 135
0.377245 0.123756 0.126345 154 156 150
0.377325 0.125385 0.135821 180 181 174
0.377601 0.128044 0.143842 204 204 198
0.376003 0.134701 -0.024457 110 147 141
0.373832 0.135320 -0.015567 124 147 136
0.376836 0.137060 0.006171 104 128 116
0.377121 0.137614 0.017003 96 124 112
0.375801 0.136355 0.024517 125 143 132
0.373665 0.134603 0.034730 128 142 134
0.371550 0.132661 0.043241 127 142 134
0.377672 0.134136 0.056914 164 160 155
0.376795 0.135227 0.066363 167 163 157
0.374281 0.134349 0.074018 186 180 174
0.377642 0.134971 0.136923 179 176 168
0.377942 0.134904 0.146914 213 211 206
0.378523 0.136777 0.151151 218 214 210
0.377508 0.146044 -0.030812 12 120 111
0.375899 0.144106 -0.024001 51 125 115
0.374682 0.145074 -0.015764 96 143 132
0.377240 0.145465 -0.005652 50 137 125
0.375871 0.144154 0.004920 121 151 139
0.374820 0.144294 0.014786 161 161 150
0.372179 0.143701 0.022946 182 180 171
0.374436 0.147944 0.046269 176 175 169
0.375456 0.145900 0.055582 186 182 175
0.374905 0.142199 0.063281 187 182 176
0.375002 0.148902 0.112983 170 164 156
0.378696 0.144084 0.138353 195 190 184
0.379244 0.147147 0.146564 219 214 207
0.375114 0.152839 -0.015856 70 134 125
0.373046 0.152768 -0.005663 78 110 100
0.376508 0.156452 0.005924 163 162 155
0.375659 0.154101 0.015836 146 156 147
0.374726 0.153027 0.023318 127 144 136
0.374343 0.154928 0.034743 171 171 165
0.374390 0.152892 0.044600 180 178 172
0.375269 0.156249 0.106518 179 173 170
0.372842 0.157737 0.114558 216 211 208
0.376819 0.156582 0.124863 196 190 185
0.379256 0.154231 0.135878 180 176 169
0.379509 0.154108 0.143444 201 198 190
0.371049 0.166447 -0.023905 92 152 141
0.373648 0.165598 -0.015350 106 134 128
0.375951 0.165022 -0.003904 156 158 152
0.375218 0.164442 0.002879 157 161 156
0.376221 0.167388 0.016368 173 172 166
0.373978 0.165886 0.025103 188 186 182
0.371929 0.161970 0.032602 188 186 181
0.374408 0.166601 0.057534 85 139 131
0.373291 0.165222 0.062668 128 165 159
0.377014 0.162598 0.098733 184 177 172
0.377791 0.164758 0.106933 214 206 204
0.375159 0.166580 0.116763 218 212 210
0.373706 0.166336 0.123977 208 202 198
0.374265 0.174065 -0.024401 167 166 162
0.373968 0.173104 -0.016360 174 174 170
0.375623 0.177248 0.004777 176 176 170
0.373640 0.173838 0.014446 178 178 172
0.371235 0.171516 0.021341 184 182 178
0.377063 0.178019 0.036511 3 106 97
0.376423 0.175819 0.045990 88 139 132
0.373618 0.172781 0.053539 117 153 149
0.376701 0.174865 0.104581 142 150 146
0.376494 0.175760 0.117406 206 200 197
0.374471 0.174263 0.123037 214 208 203
0.376292 0.184701 -0.024978 104 135 128
0.375013 0.186629 -0.014770 120 146 134
0.374263 0.186190 -0.004606 145 159 150
0.374468 0.183738 0.005297 156 164 159
0.373865 0.186693 0.016591 130 161 157
0.375778 0.185573 0.024162 97 136 130
0.375220 0.186049 0.035371 132 161 157
0.374507 0.183255 0.043956 170 170 166
0.376821 0.185474 0.076679 173 170 164
0.374031 0.185386 0.082858 196 195 191
0.374169 0.188420 0.096720 196 194 190
0.376116 0.186736 0.106174 198 196 192
0.377050 0.182899 0.115165 208 203 198
0.375350 0.191500 -0.025908 100 133 122
0.375971 0.193404 -0.015520 117 154 145
0.378169 0.193952 -0.004911 45 112 104
0.377363 0.195537 0.005183 93 135 132
0.376310 0.192515 0.015255 97 134 130
0.376519 0.194502 0.025129 152 157 154
0.374798 0.193205 0.034923 165 167 162
0.379485 0.197075 0.046330 133 130 123
0.377426 0.195780 0.056404 113 118 110
0.376890 0.196098 0.064957 114 134 128
0.375589 0.194365 0.074801 150 159 153
0.376339 0.196558 0.085838 179 182 179
0.375939 0.195636 0.095231 195 194 188
0.374375 0.194829 0.102829 210 206 201
0.372605 0.208719 -0.013146 152 167 162
0.373281 0.207849 -0.006488 164 170 165
0.376749 0.206978 0.007658 172 173 170
0.372712 0.207810 0.014219 174 172 168
0.371762 0.203750 0.021442 186 186 182
0.376140 0.207842 0.037206 98 105 99
0.376775 0.204909 0.045043 145 143 134
0.374690 0.205848 0.055430 176 177 172
0.374055 0.203948 0.063861 160 165 160
0.375621 0.205473 0.074581 186 188 184
0.376458 0.204511 0.084979 177 185 181
0.376689 0.204570 0.094220 205 202 198
0.371559 0.202236 0.101700 225 221 218
0.374222 0.218006 -0.022096 182 181 178
0.377104 0.217418 -0.017647 186 184 182
0.374125 0.214582 -0.003668 158 159 152
0.374299 0.213850 0.004842 170 168 162
0.373633 0.215434 0.013716 122 139 131
0.374520 0.217022 0.023943 135 134 124
0.372995 0.215102 0.033595 155 150 142
0.375834 0.214576 0.048037 179 182 176
0.375294 0.214199 0.053574 173 176 171
0.372656 0.213201 0.061615 178 182 176
0.376801 0.215595 0.078306 134 184 177
0.375593 0.213084 0.084687 186 200 195
0.373719 0.213218 0.093135 186 186 180
0.372646 0.220973 -0.022103 159 159 156
0.376288 0.225552 -0.005354 127 140 134
0.376046 0.223863 0.004068 70 107 99
0.375247 0.223651 0.013559 78 111 100
0.374683 0.222981 0.037224 142 142 136
0.373381 0.222741 0.046293 169 170 165
0.374534 0.223239 0.054102 186 184 179
0.374462 0.225872 0.065082 180 196 191
0.376164 0.226199 0.074581 190 190 185
0.374533 0.224329 0.083851 176 178 170
0.374385 0.238532 -0.003156 138 149 145
0.373017 0.236931 0.004314 133 141 136
0.373421 0.236674 0.013628 106 144 137
0.375033 0.238095 0.025456 156 166 162
0.373939 0.235316 0.034297 164 171 168
0.376400 0.237348 0.045034 183 186 185
0.375077 0.237561 0.056079 169 180 177
0.375324 0.234825 0.064835 177 181 178
0.375865 0.233759 0.074658 197 198 194
0.373400 0.237713 0.081366 226 223 222
0.373218 0.242368 -0.004721 123 145 142
0.373074 0.242024 0.005289 59 114 108
0.374213 0.242053 0.013958 80 126 122
0.373010 0.241447 0.022768 104 128 122
0.377365 0.248228 0.036320 138 185 181
0.373478 0.241338 0.045763 200 202 200
0.372624 0.240807 0.054093 202 204 201
0.376049 0.245730 0.067168 159 197 193
0.374527 0.244121 0.075943 197 204 200
0.373568 0.242536 0.082697 230 226 223
0.375778 0.256610 0.014903 184 184 179
0.376378 0.256708 0.024823 158 181 170
0.373710 0.253343 0.064864 141 183 176
0.375479 0.255416 0.076156 235 230 220
0.374448 0.252642 0.082777 249 243 235
0.375467 0.266817 -0.015156 40 171 168
0.376665 0.267691 -0.003760 212 218 217
0.374865 0.265939 0.007063 181 184 176
0.375257 0.264383 0.013195 174 172 162
0.372513 0.265293 0.022988 64 162 154
0.374373 0.262309 0.073033 248 246 238
0.374275 0.274007 -0.016510 11 169 166
0.373484 0.273495 0.023590 110 202 196
0.376331 0.317418 -0.021829 8 165 162
0.375798 0.316261 -0.014831 14 179 172
0.376188 0.324172 -0.022155 8 166 162
0.374766 0.325361 -0.015924 14 180 174
0.375835 0.335895 -0.021954 9 166 162
0.374871 0.334771 -0.016488 14 180 174
0.374719 0.345085 -0.021675 10 166 162
0.375523 0.344836 -0.016615 15 181 175
0.375388 0.355878 -0.021128 8 164 160
0.374709 0.354647 -0.017010 15 182 175
0.373706 0.362182 -0.020508 8 164 160
0.375027 0.366073 -0.016983 11 170 165
0.375014 0.374682 -0.015176 12 171 166
0.376609 0.388295 -0.020961 12 90 88
0.374432 0.382865 -0.014946 11 149 145
0.375317 0.397174 -0.032444 52 84 82
0.375366 0.393005 -0.025008 12 82 80
0.373593 0.395135 -0.014839 40 78 76
0.381497 -0.540458 -0.048723 2 146 133
0.385664 -0.533890 -0.050678 2 146 133
0.382878 -0.536446 -0.048968 2 146 132
0.382828 -0.513155 -0.051581 1 146 131
0.383566 -0.504780 -0.052334 1 148 134
0.384756 -0.494625 -0.052466 2 150 136
0.385015 -0.484733 -0.052667 4 154 140
0.385031 -0.475033 -0.053572 4 152 140
0.385061 -0.464898 -0.053510 4 153 140
0.385023 -0.454934 -0.053523 6 154 142
0.385007 -0.445108 -0.053628 5 152 141
0.384935 -0.434938 -0.052218 8 156 144
0.384912 -0.424990 -0.051779 2 149 140
0.384776 -0.416678 -0.051238 4 148 140
0.384604 -0.412324 -0.049625 4 149 140
0.385620 -0.404684 -0.048825 6 150 142
0.384855 -0.395237 -0.048689 4 148 140
0.384996 -0.384923 -0.047186 3 146 138
0.384939 -0.375111 -0.044116 0 144 136
0.383290 -0.367132 -0.040707 2 146 140
0.386180 -0.363056 -0.038525 4 148 142
0.384999 -0.354866 -0.036796 4 147 141
0.385059 -0.345156 -0.034384 0 123 118
0.385128 -0.337544 -0.025124 2 106 103
0.385117 -0.334336 -0.014995 38 110 107
0.384603 -0.331881 -0.005456 128 161 160
0.385892 -0.328195 0.006533 186 188 187
0.385147 -0.325124 0.015661 200 199 196
0.383573 -0.321860 0.022658 196 194 191
0.385189 -0.314991 0.025618 199 196 192
0.380177 -0.307343 -0.020215 7 84 86
0.380942 -0.304501 -0.015236 7 87 85
0.381420 -0.304066 -0.005172 8 87 84
0.381293 -0.304920 0.004414 6 77 70
0.381298 -0.304629 0.014821 68 90 80
0.385231 -0.305298 0.025860 210 204 198
0.381415 -0.298116 -0.003771 9 88 86
0.381494 -0.296697 0.005124 10 89 87
0.381905 -0.295919 0.015543 17 80 76
0.384892 -0.296081 0.026773 162 166 162
0.386478 -0.292333 0.031986 174 170 164
0.385817 -0.288223 0.036051 138 141 138
0.385491 -0.284930 0.044642 141 142 140
0.385135 -0.282232 0.054673 150 148 146
0.382339 -0.281012 0.063657 180 178 176
0.389081 -0.279252 0.058953 150 148 146
0.384586 -0.275860 0.067082 206 200 194
0.383867 -0.273079 0.075314 228 221 214
0.381218 -0.272431 0.080669 233 224 220
0.385506 -0.264623 0.077205 230 221 215
0.382738 -0.267505 0.080473 233 223 220
0.381391 -0.252845 -0.003760 58 132 118
0.381691 -0.253053 0.004603 109 137 122
0.381579 -0.252950 0.015063 137 140 124
0.381300 -0.252592 0.025054 160 156 140
0.381382 -0.253070 0.035054 180 170 154
0.383324 -0.252807 0.054783 199 190 176
0.383508 -0.252944 0.066620 220 208 200
0.386284 -0.256016 0.075127 230 220 213
0.381431 -0.244442 -0.012896 6 126 117
0.382829 -0.244901 -0.006007 7 121 110
0.383483 -0.245026 0.004491 60 131 118
0.383604 -0.244828 0.015088 118 134 119
0.383246 -0.245005 0.025303 154 150 134
0.382742 -0.244312 0.035416 179 173 156
0.383522 -0.243594 0.044595 194 185 170
0.385484 -0.244519 0.054714 210 199 188
0.385679 -0.245749 0.064919 216 203 196
0.388156 -0.247756 0.072687 222 210 204
0.381926 -0.236027 -0.012251 5 123 112
0.384234 -0.236178 -0.005271 6 118 108
0.384757 -0.235016 0.004622 20 107 96
0.385193 -0.234864 0.014860 64 115 101
0.385423 -0.234932 0.025516 156 158 145
0.384887 -0.234521 0.036126 189 182 167
0.387137 -0.234728 0.044786 207 196 184
0.388673 -0.237664 0.053449 215 202 193
0.389454 -0.238976 0.060287 216 201 196
0.383119 -0.225137 -0.014783 1 90 84
0.386087 -0.224853 -0.005612 2 91 85
0.384349 -0.226445 0.006378 9 100 87
0.384566 -0.225829 0.015372 87 128 117
0.385069 -0.224789 0.025350 167 171 159
0.386543 -0.224336 0.036232 202 195 182
0.388852 -0.227186 0.042179 209 198 188
0.381260 -0.219301 -0.012364 2 80 74
0.382472 -0.218013 -0.005065 72 104 98
0.382766 -0.216861 0.004951 123 118 114
0.382945 -0.216016 0.015139 144 138 132
0.382260 -0.215177 0.027211 190 183 172
0.385787 -0.214742 0.035414 211 200 190
0.389213 -0.215676 0.040419 215 201 193
0.382198 -0.205570 0.028857 195 186 173
0.385694 -0.205868 0.034142 215 203 191
0.389097 -0.208731 0.040472 216 200 193
0.383199 -0.193335 0.027689 223 211 199
0.385790 -0.195448 0.032779 211 197 188
0.381362 -0.181541 0.019311 200 190 174
0.384628 -0.184543 0.026091 218 205 194
0.386659 -0.187212 0.031124 216 202 195
0.381647 -0.173202 0.018686 211 198 185
0.385980 -0.174996 0.023431 218 206 194
0.382171 -0.164347 0.018322 207 194 181
0.386819 -0.165283 0.022594 220 206 196
0.382763 -0.151939 -0.028151 2 130 119
0.383342 -0.154616 0.017171 213 200 188
0.387779 -0.156460 0.021743 221 208 198
0.381734 -0.148240 -0.030147 3 154 141
0.384075 -0.143611 -0.027223 4 143 131
0.383397 -0.145193 -0.004644 104 134 116
0.381667 -0.143425 0.007806 179 174 158
0.384398 -0.145220 0.015586 213 202 188
0.387719 -0.145551 0.021685 236 220 213
0.384970 -0.134911 -0.027670 6 157 146
0.383063 -0.133195 -0.012351 27 148 137
0.383003 -0.134107 -0.004165 94 159 145
0.383442 -0.135551 0.005874 165 179 166
0.385800 -0.136411 0.015381 212 204 192
0.388481 -0.136080 0.021095 240 226 218
0.384060 -0.124362 -0.026001 10 167 158
0.383424 -0.123707 -0.016158 19 182 176
0.385678 -0.126049 -0.005510 44 176 166
0.386728 -0.127477 0.004625 130 195 182
0.388470 -0.128831 0.013695 227 226 218
0.384139 -0.114633 -0.025260 12 171 162
0.387043 -0.117273 -0.018799 21 186 182
0.384854 -0.104959 -0.025195 13 171 162
0.387180 -0.103162 -0.018953 13 174 164
0.384384 -0.095259 -0.024464 12 171 163
0.386552 -0.095347 -0.017664 12 174 164
0.384933 -0.084985 -0.024798 15 174 168
0.383421 -0.087096 -0.017124 12 173 164
0.385269 -0.075270 -0.025936 12 170 163
0.384843 -0.065115 -0.025398 8 166 157
0.387612 -0.062679 -0.016184 35 170 160
0.384132 -0.055571 -0.024424 12 171 165
0.385692 -0.056704 -0.015156 36 171 163
0.385367 -0.054821 -0.006147 50 170 162
0.385326 -0.054532 0.004247 58 171 164
0.385541 -0.054323 0.013082 60 162 156
0.384927 -0.044937 -0.026151 14 174 169
0.386069 -0.045765 -0.012086 84 169 163
0.385888 -0.044455 -0.005048 79 170 164
0.385472 -0.044539 0.005317 54 170 162
0.388273 -0.044226 0.012829 53 170 162
0.385021 -0.035072 -0.025776 15 176 171
0.385653 -0.036993 -0.004387 107 168 164
0.383363 -0.035279 0.004891 76 174 166
0.385011 -0.025150 -0.024621 10 165 158
0.384899 -0.027145 0.006746 105 164 160
0.385397 -0.024476 0.015032 90 159 154
0.386692 -0.022802 0.023719 69 162 156
0.385007 -0.014620 -0.023130 24 148 141
0.386356 -0.012798 -0.017875 64 163 158
0.385203 -0.015396 0.005759 112 164 160
0.384653 -0.014742 0.014746 100 160 156
0.384991 -0.014740 0.025216 60 160 155
0.388175 -0.015051 0.033663 56 163 158
0.384860 -0.005366 -0.022685 43 143 137
0.385720 -0.004114 -0.016136 49 131 124
0.384620 -0.004112 -0.005726 97 136 130
0.385305 -0.004654 0.004893 161 180 176
0.384888 -0.005213 0.014581 147 176 171
0.383435 -0.004915 0.023854 137 171 167
0.383314 0.002755 -0.021309 67 153 146
0.385468 0.005737 -0.014840 86 150 142
0.386140 0.006688 -0.004803 127 168 160
0.385649 0.006342 0.004653 205 208 200
0.384862 0.008007 0.011538 234 226 220
0.383365 0.013973 -0.021754 4 106 98
0.383523 0.012318 -0.014982 51 128 121
0.385671 0.014915 -0.005017 122 161 156
0.385188 0.015017 0.005623 210 207 198
0.384683 0.015185 0.011845 214 210 203
0.385241 0.025983 -0.013313 4 85 79
0.384870 0.026965 -0.004220 145 164 159
0.385765 0.026500 0.002434 186 187 182
0.384854 0.025575 0.014952 138 154 146
0.384417 0.033229 -0.013111 29 108 100
0.384856 0.033090 -0.003456 126 154 148
0.385685 0.034680 0.003574 152 172 165
0.384550 0.033598 0.015081 76 121 117
0.385478 0.036502 0.024945 104 137 132
0.386982 0.038330 0.033263 168 178 174
0.386290 0.048021 -0.013427 40 98 91
0.384321 0.044960 -0.004318 161 172 163
0.383689 0.043671 0.002064 178 180 174
0.382698 0.042312 0.026975 166 172 167
0.384302 0.042867 0.034341 166 174 170
0.385606 0.043701 0.041922 166 175 170
0.385757 0.045349 0.096265 161 169 168
0.386848 0.046491 0.103442 168 170 169
0.382913 0.056278 -0.022041 5 96 92
0.383859 0.053160 -0.015502 56 116 109
0.383471 0.053047 -0.005936 146 163 156
0.384248 0.053358 0.004901 184 182 173
0.389510 0.055857 0.096180 182 183 174
0.389543 0.052278 0.102791 178 176 170
0.382206 0.061636 -0.021374 23 100 96
0.382582 0.064211 -0.014117 90 137 130
0.384690 0.067769 -0.004011 183 181 172
0.385099 0.065117 0.003038 199 188 178
0.386421 0.069012 0.038426 90 142 140
0.387440 0.065802 0.066393 180 186 178
0.385884 0.063575 0.074965 176 181 176
0.386441 0.063052 0.083261 185 185 179
0.389559 0.061494 0.090443 188 186 178
0.385051 0.075182 -0.012806 114 137 131
0.385589 0.074199 -0.007181 158 161 152
0.386036 0.073475 0.004470 167 170 163
0.386472 0.076041 0.013189 162 164 158
0.384757 0.074430 0.026924 145 162 158
0.384746 0.074759 0.034114 158 168 164
0.383985 0.073974 0.045337 132 158 151
0.381877 0.073975 0.052937 120 156 148
0.383932 0.083532 -0.023604 87 124 119
0.384235 0.084528 -0.012817 157 164 157
0.386132 0.085366 -0.005937 178 171 161
0.385952 0.083336 0.005964 164 162 159
0.383775 0.082229 0.013829 163 160 158
0.386822 0.084067 0.037672 152 156 150
0.384782 0.085390 0.044841 157 158 151
0.383685 0.086231 0.053588 160 158 150
0.385561 0.092786 -0.021648 166 168 164
0.385417 0.095740 -0.012732 151 153 144
0.385326 0.094656 -0.006941 184 177 168
0.386097 0.095557 0.006009 148 160 154
0.385865 0.094530 0.014017 158 158 152
0.389511 0.094957 0.025796 170 166 160
0.381565 0.093635 0.053867 174 176 168
0.387097 0.096453 0.083984 171 166 154
0.384824 0.105215 -0.014541 71 113 102
0.386722 0.104976 -0.005394 145 150 138
0.386400 0.105661 0.003148 178 178 170
0.388261 0.103905 0.024537 187 180 172
0.382382 0.111106 -0.013383 100 140 128
0.384523 0.114812 -0.003623 190 183 172
0.386015 0.114495 0.003390 196 187 178
0.386361 0.114642 0.014825 185 177 167
0.383813 0.114086 0.097887 169 169 162
0.383632 0.113351 0.103597 196 194 186
0.382190 0.128994 -0.025992 168 170 167
0.384342 0.128199 -0.013438 162 156 148
0.383471 0.124827 -0.006131 178 172 166
0.384942 0.126900 0.003958 169 163 156
0.387721 0.125797 0.014633 196 186 176
0.382039 0.125600 0.075832 160 156 150
0.386476 0.123441 0.127840 184 182 177
0.385016 0.126272 0.135831 198 198 192
0.382814 0.128556 0.142232 204 203 198
0.384575 0.135819 -0.025913 174 173 165
0.384472 0.132919 -0.016689 158 151 143
0.385017 0.135072 0.005502 184 180 170
0.385505 0.134285 0.015241 194 184 174
0.382997 0.132472 0.023294 172 164 154
0.383132 0.134765 0.065044 188 179 172
0.386906 0.134591 0.137030 198 193 186
0.384818 0.135553 0.145512 214 211 206
0.384641 0.146160 -0.031980 129 144 134
0.386262 0.143922 -0.026653 151 156 145
0.384323 0.145255 -0.015090 168 174 161
0.383655 0.145328 -0.006348 141 158 144
0.386077 0.146626 0.005499 176 168 158
0.385998 0.145364 0.013750 177 169 160
0.388124 0.148694 0.036344 184 175 167
0.383349 0.146955 0.044609 183 174 167
0.381194 0.144737 0.054483 183 176 168
0.386678 0.143187 0.135115 184 176 170
0.386407 0.144771 0.145857 222 216 211
0.383208 0.145957 0.151298 232 225 219
0.387957 0.152434 -0.014255 172 158 147
0.386937 0.155486 -0.004852 171 161 151
0.386319 0.154916 0.004147 173 163 156
0.385549 0.153428 0.012910 183 177 170
0.387116 0.156051 0.026670 184 175 166
0.386206 0.152652 0.034544 186 178 170
0.385127 0.154986 0.086512 150 143 132
0.383839 0.155361 0.095658 179 172 164
0.381790 0.154304 0.104410 180 174 166
0.384936 0.158873 0.113792 201 194 188
0.385841 0.156762 0.127610 116 166 160
0.383318 0.153428 0.135817 189 188 180
0.384063 0.152933 0.143803 233 226 220
0.382543 0.151393 0.151130 237 230 222
0.382550 0.163229 -0.004200 172 168 163
0.386156 0.167320 0.006846 178 171 163
0.385911 0.165236 0.013962 183 176 168
0.385156 0.163645 0.023503 182 175 166
0.381905 0.163692 0.063259 130 136 128
0.385718 0.162830 0.075798 112 108 98
0.386171 0.164271 0.084443 162 155 150
0.386031 0.165628 0.095461 211 202 200
0.383928 0.167379 0.106582 207 199 195
0.381133 0.165997 0.112445 207 200 195
0.383877 0.164619 0.125177 138 178 170
0.382285 0.164869 0.135832 211 204 197
0.386556 0.177804 -0.025064 153 154 149
0.382426 0.173144 0.005815 174 172 164
0.385706 0.170810 0.015709 180 174 167
0.381742 0.178900 0.036597 35 117 108
0.382867 0.176402 0.044370 151 168 162
0.382894 0.172907 0.052606 150 155 149
0.386174 0.175162 0.065315 160 158 148
0.386507 0.176065 0.096768 202 195 192
0.385354 0.174118 0.105182 213 205 202
0.382117 0.176054 0.115083 203 198 194
0.382964 0.175916 0.125495 202 197 190
0.385029 0.185177 -0.026359 120 139 131
0.385326 0.187176 -0.014880 122 147 138
0.383289 0.184974 -0.006921 113 135 127
0.381011 0.182960 0.004311 180 178 174
0.384600 0.185771 0.026308 116 152 146
0.384555 0.184005 0.034037 151 174 168
0.382720 0.181718 0.042217 174 174 169
0.384191 0.184805 0.058102 164 158 152
0.386660 0.185962 0.067129 196 191 185
0.383776 0.186131 0.074226 197 192 186
0.381613 0.187620 0.083777 200 195 190
0.386310 0.186201 0.097378 211 204 201
0.385113 0.184717 0.106356 214 208 203
0.382881 0.184520 0.112997 218 212 207
0.386104 0.191435 -0.025413 65 104 93
0.384404 0.192995 -0.015597 68 115 105
0.384271 0.194589 -0.006258 5 87 77
0.383165 0.193121 0.004491 9 95 85
0.385153 0.195841 0.015673 113 136 132
0.384588 0.192986 0.025220 135 145 141
0.385966 0.192186 0.033459 151 156 154
0.382632 0.196212 0.046812 113 120 112
0.384853 0.197165 0.056798 136 145 139
0.384153 0.196136 0.065010 160 162 157
0.385023 0.196587 0.075774 193 191 188
0.383120 0.196185 0.084428 201 199 194
0.381486 0.196450 0.094677 201 197 191
0.382971 0.194486 0.105648 208 205 200
0.381063 0.190632 0.112967 209 204 199
0.386371 0.203915 -0.004293 98 128 122
0.387292 0.206115 0.006789 167 166 161
0.385128 0.207169 0.013075 169 167 161
0.383207 0.208571 0.036308 142 144 132
0.385544 0.206939 0.046191 172 170 164
0.383554 0.204299 0.054475 180 178 174
0.386259 0.204503 0.065907 199 198 194
0.385502 0.202214 0.074482 199 196 193
0.383193 0.207104 0.085846 196 190 183
0.383684 0.204758 0.094819 208 205 200
0.380696 0.218420 -0.020588 184 182 180
0.384861 0.217187 -0.017132 186 186 184
0.385884 0.216338 -0.003510 174 173 167
0.383997 0.213832 0.003007 176 175 169
0.386665 0.216064 0.018722 120 130 119
0.386464 0.213822 0.025565 140 140 130
0.386029 0.215212 0.035930 183 181 176
0.384391 0.215457 0.044093 183 183 178
0.384434 0.214357 0.055418 152 184 180
0.385966 0.215282 0.076773 188 198 194
0.383662 0.213053 0.084849 203 202 197
0.385750 0.225937 -0.005601 143 147 140
0.386048 0.226189 0.005295 77 110 99
0.385852 0.223800 0.013617 107 126 116
0.387896 0.227398 0.027025 150 154 151
0.386535 0.223510 0.035964 176 178 174
0.383660 0.224476 0.044932 194 192 188
0.385961 0.226025 0.055491 190 197 195
0.384412 0.226921 0.066091 200 196 192
0.382650 0.225790 0.073093 202 200 195
0.384969 0.236765 -0.003930 164 174 171
0.384690 0.236028 0.003626 154 164 159
0.386541 0.236926 0.016701 142 167 165
0.384550 0.235217 0.024978 133 169 166
0.386989 0.237273 0.036933 140 144 132
0.385069 0.236785 0.045809 148 162 152
0.385199 0.236500 0.054769 170 181 174
0.384423 0.234000 0.064984 198 203 200
0.383379 0.233535 0.073944 216 216 210
0.382160 0.241657 -0.005706 172 198 198
0.387172 0.246437 0.026594 172 170 164
0.387024 0.245356 0.035110 171 166 154
0.385371 0.244381 0.044363 188 188 179
0.386696 0.246774 0.057373 160 207 203
0.384842 0.243700 0.065097 181 206 199
0.385469 0.244173 0.075592 223 223 216
0.384502 0.245275 0.080991 242 235 229
0.387644 0.257451 0.014763 151 172 163
0.385112 0.253915 0.024930 171 167 155
0.388792 0.253910 0.045500 120 206 197
0.386861 0.255403 0.057119 60 174 167
0.384289 0.255032 0.064754 130 186 176
0.385100 0.253382 0.075457 242 236 227
0.382575 0.251251 0.080728 249 243 234
0.385088 0.266177 -0.015827 35 172 169
0.385750 0.265791 -0.003968 179 210 206
0.384386 0.263214 0.005975 149 179 172
0.384275 0.262330 0.013413 142 160 148
0.384755 0.265910 0.023446 120 176 166
0.384263 0.263738 0.057114 164 202 194
0.386737 0.262476 0.063081 222 228 218
0.384605 0.273930 -0.017129 10 170 166
0.385504 0.275403 0.015348 94 198 194
0.386903 0.296467 0.003422 135 212 205
0.387168 0.307462 -0.014001 38 158 154
0.383482 0.315282 -0.022144 8 167 162
0.385310 0.315439 -0.015388 15 180 174
0.385532 0.325846 -0.022025 8 166 161
0.384824 0.324860 -0.016462 15 181 174
0.384596 0.334918 -0.021740 9 166 160
0.385895 0.335231 -0.016787 16 182 174
0.385842 0.345352 -0.021545 10 166 161
0.384596 0.344943 -0.016901 16 182 174
0.383759 0.354481 -0.020990 8 165 160
0.385681 0.356658 -0.017449 11 171 165
0.384671 0.365304 -0.016918 11 172 166
0.384708 0.374590 -0.015407 12 173 167
0.384042 0.388002 -0.021015 13 94 94
0.385034 0.383001 -0.017710 8 140 137
0.385545 0.397659 -0.034229 32 64 67
0.385138 0.392600 -0.024786 12 84 84
0.397043 -0.542782 -0.053831 4 146 133
0.395978 -0.534809 -0.052106 4 146 134
0.395589 -0.526887 -0.051611 3 147 134
0.393337 -0.493101 -0.052586 2 150 136
0.394896 -0.484131 -0.053369 4 154 140
0.394917 -0.475023 -0.053781 4 154 140
0.395012 -0.465058 -0.054004 5 153 141
0.395067 -0.454795 -0.053624 4 152 140
0.394981 -0.445050 -0.053675 4 151 139
0.395057 -0.434975 -0.052252 4 152 140
0.394879 -0.424976 -0.051348 2 150 138
0.394413 -0.416824 -0.050767 3 149 139
0.394834 -0.412774 -0.049225 4 150 140
0.393554 -0.405522 -0.048602 4 149 140
0.395792 -0.394108 -0.047868 2 145 138
0.394955 -0.385009 -0.045274 3 146 138
0.394882 -0.375909 -0.042314 0 144 137
0.396792 -0.370981 -0.039533 2 148 140
0.395063 -0.364671 -0.037214 4 149 142
0.394946 -0.355017 -0.035031 4 148 141
0.395120 -0.345146 -0.032795 1 135 130
0.395444 -0.336568 -0.025761 2 115 112
0.394776 -0.332693 -0.015815 43 114 112
0.392101 -0.330757 -0.006706 148 174 172
0.398501 -0.329465 -0.011973 106 149 146
0.396628 -0.327542 -0.004093 195 212 210
0.394856 -0.325043 0.005091 204 206 203
0.393079 -0.322138 0.014060 204 200 199
0.396739 -0.316595 0.017066 200 200 198
0.393223 -0.313286 0.022234 198 196 193
0.394650 -0.304596 0.025110 204 202 200
0.395744 -0.296060 0.027763 194 192 188
0.392543 -0.292101 0.031253 180 174 170
0.398602 -0.289097 0.028694 130 126 122
0.395055 -0.286476 0.035112 146 142 140
0.394145 -0.282375 0.043769 158 156 152
0.391806 -0.280519 0.051815 139 138 136
0.397945 -0.279164 0.046879 157 154 152
0.395788 -0.277464 0.055540 166 163 160
0.394767 -0.274891 0.065149 193 189 186
0.392818 -0.272256 0.074110 213 206 204
0.399387 -0.265748 0.067751 224 217 211
0.393917 -0.263881 0.075815 228 220 214
0.396203 -0.254778 0.068095 238 228 222
0.395025 -0.255116 0.075668 235 227 221
0.393333 -0.242747 0.066131 223 211 204
0.395592 -0.246861 0.073163 235 226 220
0.393177 -0.232553 0.047640 216 208 193
0.394307 -0.233566 0.054442 215 204 193
0.396295 -0.236994 0.063310 221 210 202
0.398815 -0.239120 0.071189 228 217 214
0.391303 -0.222438 0.039496 208 198 186
0.393839 -0.224551 0.045291 212 201 190
0.396287 -0.226714 0.053209 213 200 191
0.398825 -0.229051 0.061377 212 199 192
0.392975 -0.214461 0.038585 212 202 190
0.396186 -0.216756 0.042240 211 200 189
0.398781 -0.218869 0.051022 211 197 192
0.394802 -0.204686 0.036152 212 200 189
0.396260 -0.207904 0.041322 210 196 188
0.394978 -0.193265 0.028567 213 202 188
0.396190 -0.196093 0.033226 212 200 188
0.394063 -0.184464 0.027080 221 209 196
0.396486 -0.186758 0.031260 212 199 189
0.394589 -0.174686 0.026630 220 208 196
0.397372 -0.177621 0.030468 219 204 196
0.394421 -0.164944 0.025766 224 211 200
0.391082 -0.152105 0.019619 210 199 186
0.395051 -0.155026 0.024754 224 211 201
0.394576 -0.145168 -0.030103 6 158 146
0.394084 -0.143677 -0.028880 4 158 146
0.392637 -0.143531 0.018155 206 196 184
0.395763 -0.145242 0.023559 222 209 198
0.394858 -0.134444 -0.026631 7 160 148
0.397150 -0.136826 0.007633 155 171 155
0.393212 -0.134057 0.018122 216 205 194
0.396529 -0.136588 0.022353 222 209 198
0.394939 -0.124979 -0.026422 8 163 152
0.392070 -0.121478 -0.003975 57 162 150
0.394299 -0.122772 0.005710 140 206 195
0.394676 -0.125937 0.015995 223 232 224
0.397021 -0.128276 0.022231 238 224 216
0.394462 -0.114684 -0.025198 11 170 160
0.395731 -0.114063 -0.016723 18 180 171
0.396690 -0.118490 -0.005718 40 164 156
0.398780 -0.119507 0.003002 103 187 177
0.394745 -0.105423 -0.024433 14 173 165
0.394347 -0.105314 -0.017235 14 175 165
0.394992 -0.094865 -0.024753 15 174 168
0.393082 -0.097100 -0.015922 13 174 164
0.394893 -0.084766 -0.024556 16 176 170
0.394976 -0.075361 -0.025161 14 175 168
0.397496 -0.070890 -0.014219 50 167 157
0.394267 -0.065806 -0.024379 7 166 158
0.394689 -0.064543 -0.015475 32 166 158
0.396175 -0.065103 -0.005417 47 164 154
0.396158 -0.063876 0.004593 44 162 152
0.395402 -0.055756 -0.022885 38 170 164
0.393726 -0.056304 -0.015652 49 174 168
0.395384 -0.054627 -0.005041 79 166 158
0.395712 -0.053988 0.005350 53 168 160
0.394927 -0.044945 -0.024918 15 175 171
0.393921 -0.048411 -0.011691 98 160 155
0.394419 -0.045512 -0.006023 76 162 156
0.393849 -0.046638 0.005769 66 167 159
0.391223 -0.046275 0.012779 53 170 161
0.395016 -0.035107 -0.024740 18 177 174
0.393444 -0.038359 -0.002019 64 160 155
0.393353 -0.036333 0.003841 56 160 156
0.396425 -0.032224 0.014801 49 164 158
0.395397 -0.024107 -0.023806 39 171 166
0.396133 -0.020836 -0.018884 66 172 167
0.395968 -0.024833 0.015704 84 165 162
0.396054 -0.024637 0.025794 50 166 159
0.394147 -0.015820 -0.022765 22 146 138
0.395597 -0.013469 -0.016912 60 146 141
0.397337 -0.012417 -0.006613 86 138 132
0.396194 -0.012222 0.004989 146 174 170
0.396669 -0.012160 0.014903 152 176 172
0.394011 -0.017365 0.026029 90 164 161
0.392629 -0.016614 0.034145 61 166 160
0.393826 -0.006778 -0.021483 45 151 144
0.394054 -0.006718 -0.015552 43 132 126
0.395561 -0.006363 -0.004861 71 120 114
0.396678 -0.004482 0.004630 175 187 180
0.393644 -0.008429 0.016456 156 182 179
0.394689 -0.008375 0.023127 162 188 184
0.396523 0.004787 -0.020803 11 126 120
0.393975 0.004119 -0.015352 46 133 127
0.394020 0.004646 -0.003774 120 167 160
0.395325 0.004396 0.004540 196 200 192
0.394652 0.004676 0.010958 232 222 216
0.394176 0.015081 -0.014076 6 105 99
0.395098 0.015745 -0.003948 142 164 157
0.395255 0.014322 0.004429 206 201 192
0.393534 0.015251 0.012878 198 198 189
0.394945 0.026839 -0.012120 78 133 128
0.395032 0.025894 -0.005219 114 148 142
0.395847 0.026494 0.004729 165 178 172
0.395371 0.025858 0.014578 58 122 113
0.396987 0.024341 0.024620 82 146 138
0.394097 0.034162 -0.013503 30 110 101
0.394716 0.034820 -0.003852 140 167 160
0.394275 0.033707 0.003551 152 174 167
0.395326 0.033356 0.014772 91 142 138
0.395509 0.034124 0.025207 90 136 132
0.394656 0.037014 0.033744 146 170 168
0.395893 0.045793 -0.014005 16 100 92
0.394621 0.044638 -0.004987 142 165 157
0.395889 0.046086 0.002995 181 188 182
0.396441 0.042551 0.028592 143 162 162
0.395590 0.043686 0.035836 140 158 156
0.396912 0.045059 0.044272 145 162 160
0.397706 0.046297 0.054676 136 159 156
0.397987 0.046360 0.065311 106 142 138
0.398147 0.046542 0.073773 105 143 140
0.399360 0.048527 0.085712 156 173 170
0.395916 0.046895 0.096858 160 174 170
0.394900 0.047969 0.103325 170 175 172
0.395005 0.045906 0.114557 171 175 169
0.395260 0.054415 -0.016064 57 129 123
0.395818 0.054226 -0.006504 99 143 134
0.394147 0.053390 0.006136 152 177 169
0.396712 0.052254 0.046820 156 169 166
0.396970 0.054869 0.056557 151 161 158
0.397086 0.054246 0.064488 151 162 158
0.398103 0.055761 0.074188 112 152 145
0.396250 0.055369 0.085478 160 168 161
0.395674 0.054839 0.094551 168 176 172
0.394080 0.052661 0.103957 171 173 169
0.398973 0.055002 0.125987 169 174 170
0.399041 0.057498 0.134472 188 191 186
0.393593 0.064942 -0.015266 152 162 155
0.394429 0.066738 -0.004884 174 173 164
0.393484 0.063848 0.003296 199 188 177
0.395559 0.068746 0.016579 160 162 157
0.395545 0.067192 0.024516 163 164 160
0.396684 0.066256 0.036002 184 185 181
0.395434 0.063478 0.045608 182 186 182
0.393483 0.062223 0.053524 180 186 183
0.395514 0.064215 0.064001 112 187 175
0.393436 0.065310 0.077146 177 183 176
0.395208 0.064883 0.085396 169 172 167
0.393480 0.063322 0.093172 174 175 168
0.399119 0.061809 0.136996 212 214 207
0.395266 0.076279 -0.012786 45 103 95
0.393905 0.074886 -0.005416 157 165 153
0.395496 0.076413 0.003418 174 172 162
0.394631 0.075532 0.014003 172 172 166
0.395017 0.074323 0.024071 170 170 165
0.393358 0.074002 0.033227 141 148 143
0.393105 0.076389 0.045230 165 171 162
0.392679 0.075953 0.055468 196 193 184
0.392901 0.077138 0.066446 193 186 178
0.393946 0.077216 0.075926 184 178 170
0.394931 0.074451 0.084494 182 176 170
0.394357 0.076160 0.098516 168 170 162
0.393821 0.076349 0.105817 170 170 162
0.392746 0.075419 0.113574 178 176 168
0.396553 0.086025 -0.022208 158 166 164
0.394626 0.085408 -0.014201 155 162 156
0.395106 0.085426 -0.004679 177 171 160
0.395744 0.083492 0.003201 168 168 160
0.394958 0.084367 0.015226 86 121 115
0.394332 0.084541 0.025331 71 112 106
0.392915 0.084761 0.034937 114 128 124
0.394774 0.084896 0.045029 166 167 162
0.394333 0.085719 0.055009 176 173 167
0.394904 0.085778 0.065187 169 167 161
0.394963 0.084455 0.074781 167 164 159
0.394828 0.083451 0.084069 172 167 161
0.394012 0.083701 0.094586 169 162 155
0.394020 0.082500 0.105688 170 166 158
0.394959 0.083972 0.115968 162 163 156
0.395038 0.085833 0.126134 182 182 174
0.395427 0.088015 0.133768 208 207 200
0.396774 0.093506 -0.022021 86 130 127
0.393854 0.095742 -0.012677 77 115 108
0.394170 0.093803 -0.005493 144 153 144
0.394734 0.094753 0.004801 102 136 127
0.395515 0.095161 0.015587 116 140 130
0.394219 0.095654 0.024811 175 169 161
0.393101 0.094242 0.033944 181 174 165
0.395287 0.095643 0.044471 196 190 182
0.395325 0.094772 0.053959 185 178 170
0.396510 0.091077 0.064921 169 167 162
0.397319 0.091938 0.076612 160 160 156
0.395490 0.093022 0.085531 165 164 158
0.392402 0.092721 0.093025 159 156 150
0.396310 0.095172 0.114492 170 166 160
0.395797 0.095436 0.127539 165 164 158
0.396061 0.095294 0.136612 205 204 198
0.396467 0.096678 0.142023 222 219 214
0.394589 0.103463 -0.013435 27 102 94
0.393510 0.103963 -0.005886 89 128 117
0.396101 0.108266 0.003289 166 165 155
0.395334 0.106050 0.016310 184 179 171
0.394153 0.103918 0.024484 188 182 175
0.393662 0.104268 0.033503 188 181 173
0.397116 0.103606 0.043595 186 178 171
0.396809 0.104341 0.127736 193 184 176
0.396728 0.105636 0.136793 208 202 194
0.397257 0.104748 0.144183 232 224 217
0.393569 0.114254 -0.014143 96 134 128
0.396017 0.112350 -0.002508 168 164 152
0.394708 0.113451 0.004714 173 167 157
0.394752 0.114947 0.013948 175 168 158
0.394496 0.115365 0.024340 190 182 172
0.397911 0.113380 0.032585 186 178 170
0.398588 0.117576 0.065908 191 182 172
0.399254 0.115444 0.073847 194 186 176
0.397371 0.116476 0.083544 184 176 166
0.397650 0.117206 0.118076 167 160 152
0.395626 0.115735 0.125526 164 170 161
0.396392 0.112706 0.134866 210 201 192
0.396983 0.112561 0.144245 242 236 226
0.392372 0.126738 -0.011142 176 168 158
0.394858 0.124578 -0.007114 186 177 166
0.390802 0.122329 0.005651 190 182 172
0.394338 0.123952 0.017186 198 190 179
0.395113 0.123801 0.022958 193 184 176
0.396238 0.126445 0.035785 194 184 176
0.394763 0.126318 0.045399 188 179 170
0.395451 0.124632 0.054267 194 186 178
0.396281 0.121190 0.061685 197 189 180
0.396509 0.123983 0.117620 185 180 170
0.395224 0.125219 0.125351 188 183 175
0.395561 0.123594 0.133487 212 208 199
0.393550 0.137891 -0.025042 197 190 183
0.396994 0.135727 -0.017093 200 191 184
0.394124 0.134971 -0.005931 190 178 164
0.394970 0.138362 0.006751 204 191 181
0.393529 0.134943 0.014743 198 188 178
0.394363 0.135031 0.024901 193 184 174
0.394319 0.134514 0.035098 190 182 174
0.396223 0.134393 0.044481 194 186 178
0.395187 0.131534 0.051447 204 197 188
0.396475 0.134880 0.106456 194 190 180
0.396059 0.132311 0.116724 181 179 172
0.397269 0.133493 0.127150 202 201 196
0.394132 0.136604 0.135460 208 205 199
0.391139 0.136531 0.141628 214 212 208
0.394555 0.144367 -0.024678 173 160 149
0.396766 0.145838 -0.016848 180 166 154
0.396586 0.142483 -0.002856 192 180 170
0.394005 0.143626 0.005706 185 176 166
0.394205 0.144518 0.012417 179 169 159
0.395182 0.146947 0.026264 190 181 172
0.395216 0.145133 0.033854 185 176 168
0.397066 0.142756 0.126491 182 176 169
0.395578 0.144687 0.136038 217 212 206
0.392146 0.145346 0.143185 223 218 212
0.396133 0.152762 -0.021895 158 142 128
0.395679 0.155980 -0.014576 162 149 139
0.394103 0.157465 -0.005830 163 150 140
0.393476 0.156092 0.017151 192 182 174
0.393758 0.153337 0.024641 190 180 172
0.395896 0.157196 0.086709 182 179 170
0.393968 0.155458 0.093675 194 190 182
0.397261 0.155986 0.127626 190 182 170
0.395961 0.152957 0.134990 223 216 209
0.393259 0.152513 0.142818 231 225 217
0.397651 0.161613 -0.012358 167 155 144
0.398157 0.163111 -0.004443 175 163 152
0.397333 0.165786 0.003517 176 164 152
0.394932 0.164065 0.014764 196 188 180
0.397365 0.168223 0.076314 175 170 163
0.397116 0.165366 0.084892 190 185 180
0.393487 0.166889 0.094947 214 206 204
0.390740 0.167711 0.101078 218 210 206
0.396476 0.163503 0.125989 196 188 176
0.394918 0.162681 0.134302 232 226 218
0.395529 0.172917 0.005151 184 175 167
0.395925 0.171700 0.074806 167 170 164
0.396736 0.175395 0.087475 207 198 195
0.394469 0.174800 0.095329 216 207 204
0.391483 0.173828 0.102451 223 214 211
0.393840 0.186632 -0.024903 173 168 161
0.396227 0.186029 -0.015751 196 187 178
0.397335 0.183640 -0.007331 190 179 170
0.396133 0.186620 0.056434 148 160 153
0.395472 0.186091 0.064956 178 176 172
0.397250 0.182479 0.075968 208 198 196
0.397495 0.180888 0.082776 208 198 195
0.393415 0.184024 0.105208 236 227 222
0.393382 0.191450 -0.024355 133 130 122
0.395162 0.194359 -0.014555 126 123 113
0.396689 0.194753 -0.006668 133 126 116
0.394089 0.191998 0.004344 131 121 112
0.396622 0.195898 0.016413 156 152 145
0.395687 0.193474 0.022961 166 163 157
0.396954 0.196791 0.035829 159 154 149
0.397043 0.197823 0.044698 168 166 161
0.395653 0.196914 0.055677 171 166 162
0.393053 0.194918 0.063340 202 198 195
0.391310 0.197102 0.072382 214 208 206
0.398305 0.195155 0.087892 239 228 224
0.396090 0.206923 -0.003830 173 168 161
0.395381 0.205985 0.004555 169 165 159
0.391813 0.205076 0.011262 169 166 161
0.397774 0.204481 0.047507 186 183 179
0.395669 0.202001 0.053982 193 190 186
0.393541 0.202018 0.064406 205 201 198
0.395674 0.205192 0.076303 228 220 214
0.394555 0.217281 -0.014398 189 186 184
0.396311 0.216314 -0.004547 179 176 169
0.395795 0.212873 0.003609 164 165 158
0.396518 0.216470 0.015187 95 130 121
0.394187 0.214723 0.024167 121 140 133
0.394306 0.215174 0.033615 168 164 160
0.396715 0.214281 0.044957 121 159 154
0.397379 0.213589 0.053302 136 166 162
0.393463 0.214413 0.074207 209 206 202
0.394626 0.224071 -0.003737 148 154 146
0.395128 0.224435 0.004019 67 118 107
0.394189 0.224990 0.013317 102 140 132
0.394956 0.227978 0.025331 146 159 157
0.395348 0.222581 0.033982 121 148 144
0.396452 0.224547 0.045948 67 148 142
0.396183 0.227020 0.056416 208 207 201
0.393285 0.225533 0.064091 215 213 209
0.396884 0.235795 -0.015192 37 104 100
0.393879 0.233494 -0.005852 96 133 129
0.394070 0.236181 0.005624 172 191 188
0.394494 0.235681 0.015574 168 181 179
0.393263 0.233270 0.022539 110 136 134
0.395284 0.237627 0.036931 97 171 163
0.393996 0.236155 0.045382 133 176 169
0.394261 0.235498 0.054579 176 193 192
0.394330 0.234842 0.065120 219 218 215
0.394536 0.236791 0.072524 222 220 216
0.397416 0.244569 0.007053 74 138 134
0.397035 0.246853 0.014582 179 188 184
0.395612 0.246371 0.025569 125 187 181
0.391924 0.242487 0.033711 151 175 165
0.394897 0.245839 0.055353 184 200 195
0.395578 0.244944 0.066223 199 202 197
0.394126 0.245302 0.075590 237 232 224
0.398576 0.259705 -0.001225 158 213 208
0.396960 0.256804 0.004811 157 203 200
0.394690 0.255181 0.013595 110 185 180
0.392739 0.251085 0.022388 134 173 164
0.397601 0.256536 0.035287 118 205 199
0.396749 0.254544 0.053882 100 160 150
0.395711 0.254308 0.066170 220 215 204
0.394331 0.251875 0.073555 248 240 230
0.394220 0.264619 -0.016680 30 172 168
0.395761 0.264251 -0.005992 141 196 193
0.397432 0.267582 0.017578 96 200 194
0.395927 0.264254 0.024779 112 204 199
0.395694 0.274330 -0.017793 10 171 168
0.396696 0.276216 0.006941 40 172 168
0.394010 0.273075 0.012992 82 193 188
0.393680 0.293630 0.003817 134 212 205
0.395190 0.306858 -0.014465 20 175 170
0.395275 0.315453 -0.021931 10 168 163
0.395026 0.315167 -0.015904 14 180 174
0.395085 0.325582 -0.022005 8 166 162
0.395042 0.324891 -0.016564 14 181 175
0.395459 0.334417 -0.021953 9 166 160
0.394864 0.335347 -0.017026 15 181 174
0.394458 0.345057 -0.021563 8 166 161
0.395429 0.344887 -0.016816 15 181 174
0.394741 0.355653 -0.021021 8 168 163
0.394988 0.354872 -0.016566 16 182 174
0.396213 0.362699 -0.020731 10 170 164
0.394223 0.365934 -0.016873 12 174 168
0.394965 0.375335 -0.015633 10 171 165
0.395649 0.382132 -0.015208 12 152 147
0.394851 0.397804 -0.033217 86 114 114
0.394933 0.392940 -0.024533 27 96 97
0.396185 0.394657 -0.014860 41 84 82
0.403822 -0.542924 -0.054850 2 142 130
0.405044 -0.535110 -0.054164 2 142 130
0.406122 -0.525585 -0.052647 3 144 132
0.407108 -0.515319 -0.052066 2 144 130
0.405514 -0.506242 -0.052226 1 142 130
0.404598 -0.483724 -0.052585 6 153 142
0.405032 -0.475008 -0.053570 7 153 142
0.404986 -0.464859 -0.053845 4 150 138
0.404851 -0.454940 -0.053660 2 148 136
0.405099 -0.445010 -0.053176 2 148 136
0.405009 -0.435078 -0.052703 2 148 136
0.404441 -0.425099 -0.051933 2 148 138
0.403419 -0.416799 -0.051078 2 148 138
0.406313 -0.413017 -0.049114 2 148 139
0.405996 -0.405410 -0.048742 1 148 138
0.405009 -0.394809 -0.046492 1 146 138
0.405046 -0.384816 -0.043439 3 146 138
0.404775 -0.376745 -0.041466 0 146 138
0.404836 -0.372136 -0.039216 2 148 140
0.405017 -0.365061 -0.037288 4 149 142
0.405055 -0.354953 -0.033780 4 149 142
0.404905 -0.345508 -0.031929 1 144 136
0.405311 -0.334254 -0.026518 1 128 123
0.407714 -0.328417 -0.022311 4 120 116
0.405756 -0.325728 -0.015300 27 112 107
0.403424 -0.323226 -0.005640 163 194 190
0.401071 -0.321326 0.003271 208 212 207
0.408047 -0.317537 -0.003765 174 202 198
0.405531 -0.315342 0.005298 206 207 204
0.402720 -0.313233 0.013877 204 204 201
0.408722 -0.306822 0.007591 213 212 208
0.405619 -0.305366 0.015963 207 208 204
0.402078 -0.303643 0.022190 205 206 202
0.409423 -0.293311 0.008269 144 150 146
0.407122 -0.295273 0.015404 176 177 173
0.402700 -0.295107 0.023955 188 186 183
0.408022 -0.286395 0.015866 192 192 188
0.404298 -0.285810 0.025393 173 172 169
0.404367 -0.282023 0.034169 147 183 176
0.408568 -0.277265 0.026896 206 208 203
0.407080 -0.276080 0.036293 169 191 189
0.404939 -0.275807 0.043247 167 189 186
0.402859 -0.272611 0.053138 198 208 201
0.408807 -0.266037 0.035799 194 192 188
0.406350 -0.264439 0.045252 204 200 196
0.404629 -0.265312 0.055337 221 219 212
0.401828 -0.263369 0.063972 228 222 215
0.400640 -0.261039 0.070839 226 220 212
0.408980 -0.258167 0.046703 204 202 198
0.408180 -0.257494 0.057202 226 222 215
0.405583 -0.255209 0.066363 230 223 217
0.402452 -0.253064 0.073261 232 225 219
0.407731 -0.247532 0.067535 229 222 216
0.404878 -0.245726 0.073675 231 224 217
0.405219 -0.233021 0.047585 202 194 180
0.406069 -0.233538 0.051938 202 194 180
0.405397 -0.233668 0.066299 202 191 182
0.407379 -0.235385 0.074081 207 198 189
0.409611 -0.230869 0.080882 207 200 192
0.404798 -0.224838 0.046003 206 197 183
0.406488 -0.225340 0.053990 197 188 178
0.407805 -0.227852 0.064225 191 179 171
0.409456 -0.227145 0.075209 201 192 184
0.409800 -0.227287 0.081306 211 204 195
0.403401 -0.212569 0.038665 204 194 178
0.405487 -0.215171 0.045239 204 192 182
0.404506 -0.217840 0.051368 202 190 184
0.403828 -0.203262 0.037136 203 192 180
0.406349 -0.206911 0.042655 201 188 178
0.405438 -0.195085 0.034705 202 191 178
0.403037 -0.182858 0.028358 211 200 187
0.406318 -0.185911 0.032232 203 193 180
0.404413 -0.174643 0.027647 211 199 187
0.407083 -0.175667 0.031199 210 199 188
0.403794 -0.163758 0.027770 213 202 191
0.404191 -0.154898 0.027517 214 202 190
0.404013 -0.145116 0.027192 214 202 192
0.408213 -0.143952 0.030560 220 209 199
0.404413 -0.133324 -0.025401 7 160 150
0.403901 -0.134879 0.016210 189 189 174
0.404578 -0.135595 0.025843 214 202 192
0.408081 -0.135946 0.030892 226 212 204
0.404321 -0.125325 -0.025127 9 164 153
0.405244 -0.124507 0.016552 204 213 201
0.405359 -0.126349 0.025695 230 218 209
0.403481 -0.115045 -0.023354 12 172 161
0.403590 -0.113708 -0.014971 21 179 170
0.404885 -0.114527 -0.005998 30 162 151
0.405090 -0.117773 0.004700 126 200 188
0.407810 -0.118905 0.012754 206 243 230
0.403936 -0.103864 -0.024265 15 176 168
0.406581 -0.107162 -0.019038 22 188 182
0.404763 -0.095079 -0.024348 15 176 168
0.404841 -0.085250 -0.024471 17 177 170
0.407630 -0.082618 -0.019012 18 182 174
0.404394 -0.075859 -0.023779 17 179 172
0.404812 -0.076433 -0.017353 19 183 176
0.405216 -0.064567 -0.024014 34 168 161
0.403485 -0.064771 -0.003839 64 164 157
0.404822 -0.063439 0.004683 63 168 161
0.404621 -0.062019 0.013508 66 170 164
0.404453 -0.056332 -0.023075 32 168 162
0.405101 -0.054503 -0.017519 32 168 162
0.403442 -0.056607 -0.004629 82 168 162
0.404127 -0.056117 0.005872 82 166 160
0.406280 -0.055703 0.013998 86 162 158
0.405815 -0.053565 0.023530 100 164 160
0.405932 -0.044143 -0.023561 38 172 168
0.405420 -0.046536 -0.015521 46 169 163
0.403405 -0.046581 -0.003804 50 166 158
0.404087 -0.044195 0.003635 46 164 158
0.406270 -0.046686 0.025548 98 160 155
0.405697 -0.044864 0.034898 101 162 158
0.404881 -0.042711 0.044237 103 162 158
0.406433 -0.044149 0.054028 96 151 148
0.404965 -0.034983 -0.024296 17 177 173
0.402324 -0.035737 0.006477 53 166 158
0.402583 -0.034935 0.016068 48 166 158
0.405459 -0.033164 0.023325 54 166 160
0.406676 -0.036804 0.036700 109 160 156
0.405507 -0.035859 0.045514 110 162 158
0.404872 -0.033739 0.054973 110 164 159
0.404080 -0.033375 0.063780 103 163 159
0.405775 -0.026192 -0.022763 33 167 161
0.405932 -0.023406 -0.017600 62 170 164
0.404219 -0.026706 0.004740 116 164 161
0.403386 -0.026219 0.026195 54 166 160
0.403795 -0.024890 0.033760 54 168 160
0.406346 -0.027116 0.057107 106 164 158
0.406447 -0.024920 0.063865 99 165 160
0.403234 -0.014722 -0.022432 6 151 144
0.404262 -0.015224 -0.015505 41 148 142
0.405008 -0.012998 -0.005206 70 130 125
0.403602 -0.012257 0.004216 146 169 164
0.402711 -0.014001 0.012577 144 171 166
0.406259 -0.011446 0.024567 152 179 175
0.408692 -0.015004 0.055764 72 168 162
0.408695 -0.017286 0.074496 121 162 158
0.407515 -0.002504 -0.021693 8 128 120
0.405838 -0.003700 -0.013366 46 143 138
0.404953 -0.004840 -0.003627 99 152 146
0.405025 -0.003011 0.005855 183 194 188
0.405121 -0.004876 0.013338 173 184 179
0.406376 -0.006007 0.035123 138 174 170
0.406693 -0.003417 0.044221 125 172 166
0.407136 -0.004466 0.057289 48 173 164
0.406435 -0.003276 0.065115 17 172 160
0.408151 -0.005195 0.084615 70 165 154
0.409046 -0.002060 0.107029 146 175 169
0.403777 0.003910 -0.021386 6 125 118
0.405091 0.003192 -0.016378 9 131 125
0.404290 0.004667 -0.004131 73 147 142
0.404982 0.004999 0.006308 161 178 171
0.406616 0.003920 0.011499 171 181 175
0.405158 0.001925 0.046731 130 169 165
0.406205 0.003629 0.054945 132 169 164
0.406696 0.005051 0.065510 119 168 164
0.406948 0.005351 0.075136 70 171 162
0.406914 0.006833 0.083716 38 171 160
0.407454 0.004578 0.105329 104 171 163
0.408621 0.004180 0.115138 166 182 178
0.408903 0.008144 0.123299 196 202 197
0.406294 0.016296 -0.012665 25 119 113
0.404413 0.015480 -0.005239 81 139 133
0.404344 0.013734 0.005454 167 179 172
0.406159 0.016258 0.012536 166 176 166
0.404414 0.018175 0.022238 112 162 154
0.405887 0.012299 0.075572 136 166 160
0.405851 0.013359 0.085154 112 168 162
0.405964 0.015414 0.094627 90 172 165
0.406545 0.014954 0.116118 146 174 165
0.406792 0.016379 0.124686 182 188 182
0.408492 0.014558 0.132145 220 218 210
0.403187 0.023070 -0.012773 6 116 110
0.404079 0.023879 -0.003303 89 139 136
0.403863 0.025472 0.005795 171 176 172
0.404975 0.023988 0.013736 123 155 149
0.401700 0.026187 0.024576 36 116 112
0.401482 0.026931 0.033216 47 128 122
0.405115 0.025892 0.113012 171 176 171
0.406361 0.023184 0.126759 188 192 183
0.406817 0.025744 0.135730 210 211 203
0.405625 0.037277 -0.013298 8 110 104
0.404916 0.036433 -0.003876 129 166 158
0.405196 0.033689 0.005556 169 177 174
0.404826 0.035272 0.013985 145 164 164
0.402228 0.035174 0.024197 138 161 160
0.402366 0.034166 0.035080 120 154 150
0.401969 0.035402 0.044498 99 145 141
0.403546 0.037467 0.055165 91 141 138
0.404489 0.036791 0.065896 98 144 140
0.405211 0.036757 0.074270 72 138 133
0.405517 0.036164 0.086246 24 122 116
0.404771 0.035031 0.095365 70 142 134
0.405021 0.036556 0.103773 102 153 146
0.406825 0.035479 0.114978 168 178 172
0.406977 0.035380 0.124922 188 190 184
0.408100 0.032765 0.136244 205 205 198
0.408277 0.036032 0.143830 217 213 209
0.405444 0.045035 -0.015005 7 107 100
0.405275 0.045300 -0.005295 78 136 128
0.405863 0.044844 0.006058 169 178 173
0.407087 0.046394 0.012696 190 187 181
0.402431 0.041783 0.026178 142 160 160
0.403308 0.042476 0.035182 130 156 153
0.402882 0.042943 0.045118 126 154 151
0.402280 0.043249 0.056369 119 150 147
0.401657 0.043499 0.064276 88 137 135
0.403504 0.045905 0.075459 172 186 184
0.402153 0.045025 0.084910 172 187 185
0.401303 0.043334 0.095299 155 174 170
0.403150 0.041344 0.104307 149 168 163
0.405495 0.044824 0.115908 171 181 175
0.406660 0.046007 0.125616 185 186 180
0.407184 0.044859 0.134531 196 195 188
0.408993 0.042307 0.142579 224 218 213
0.405641 0.053412 -0.015638 50 133 126
0.406239 0.053311 -0.004285 105 147 135
0.405958 0.055788 0.004746 192 186 172
0.407761 0.055138 0.012472 197 192 183
0.407518 0.057139 0.025413 46 117 114
0.406649 0.054810 0.034403 83 136 131
0.406113 0.055963 0.045997 148 162 153
0.404380 0.058356 0.056537 155 168 160
0.402389 0.054583 0.065429 134 159 152
0.403164 0.055959 0.072630 140 164 158
0.404948 0.052362 0.107772 188 192 187
0.405826 0.054539 0.116523 192 194 185
0.406284 0.053572 0.125484 193 192 185
0.406816 0.054039 0.134074 198 198 193
0.404041 0.056387 0.140531 211 211 205
0.405371 0.066843 -0.003776 110 152 142
0.406479 0.064088 0.004807 154 172 163
0.406483 0.063746 0.014259 154 169 162
0.406974 0.065789 0.024567 178 182 172
0.405514 0.065825 0.035754 190 190 176
0.406100 0.064237 0.045280 134 168 158
0.404017 0.063261 0.054268 93 154 148
0.404713 0.064450 0.064905 148 166 160
0.402021 0.063724 0.073713 166 168 165
0.401535 0.067847 0.084053 85 140 133
0.406113 0.068280 0.096964 104 160 152
0.405756 0.066475 0.105800 117 162 156
0.406465 0.065342 0.115886 177 187 182
0.407106 0.064100 0.125636 193 194 188
0.405743 0.063998 0.135878 217 214 209
0.404243 0.064724 0.140787 220 216 210
0.403544 0.075204 -0.013133 57 126 117
0.404269 0.076889 -0.005221 128 157 148
0.404475 0.075657 0.003997 181 181 170
0.404055 0.074538 0.014082 190 189 180
0.404469 0.073481 0.024553 194 192 178
0.405313 0.075617 0.035376 42 122 109
0.405049 0.074918 0.044365 59 139 130
0.406121 0.075454 0.055818 111 149 143
0.404601 0.076220 0.065450 134 159 155
0.402935 0.075339 0.073895 139 164 160
0.406053 0.076041 0.085381 155 172 168
0.406535 0.074750 0.095022 178 183 178
0.406834 0.073068 0.103837 182 181 178
0.405844 0.075838 0.115595 170 167 160
0.405758 0.075328 0.126203 188 185 178
0.407175 0.073175 0.134608 212 206 202
0.406792 0.072298 0.141670 225 218 214
0.403822 0.086927 -0.021750 104 143 141
0.405407 0.086602 -0.014855 114 139 134
0.403325 0.086257 -0.003499 166 166 157
0.404735 0.085463 0.003338 167 171 159
0.406420 0.084626 0.014155 80 136 126
0.406121 0.083818 0.035085 92 142 134
0.406488 0.083293 0.045529 112 150 145
0.408295 0.083604 0.056121 175 177 175
0.405982 0.083230 0.063678 178 177 174
0.405298 0.083495 0.073509 181 180 177
0.405729 0.083304 0.082845 172 172 168
0.403088 0.087303 0.094331 151 145 140
0.406461 0.085634 0.106484 111 146 137
0.405265 0.086035 0.116260 166 167 159
0.405038 0.085504 0.125233 199 196 190
0.405661 0.084227 0.133471 218 211 206
0.404868 0.094503 -0.021951 52 120 116
0.403244 0.095918 -0.014894 69 120 113
0.403755 0.094001 -0.003726 143 159 149
0.405443 0.093063 0.003359 127 152 142
0.403425 0.095334 0.013027 94 150 144
0.406531 0.097574 0.047248 190 187 184
0.403661 0.094165 0.053816 188 185 180
0.405568 0.097714 0.076872 198 192 186
0.403540 0.094833 0.084218 194 187 182
0.403623 0.095592 0.106378 176 166 156
0.405336 0.094049 0.117020 169 178 168
0.406164 0.093330 0.125281 202 199 193
0.405506 0.094625 0.134452 214 210 205
0.401804 0.097561 0.141109 221 216 212
0.403783 0.104219 -0.014273 67 130 121
0.404074 0.107089 -0.005483 134 159 149
0.405550 0.105254 0.002694 142 170 160
0.404905 0.107808 0.038023 188 184 179
0.404644 0.104356 0.045437 192 186 182
0.406281 0.106971 0.066742 194 188 182
0.405170 0.103784 0.074231 199 193 186
0.404513 0.105128 0.095036 184 176 166
0.404857 0.103569 0.105663 114 158 152
0.406373 0.101830 0.113704 128 158 151
0.405434 0.104909 0.126522 176 172 164
0.406144 0.104497 0.137183 214 208 200
0.404067 0.104687 0.143156 229 222 214
0.406368 0.114021 -0.012772 150 147 140
0.406238 0.113854 -0.005096 169 165 156
0.404614 0.115278 0.003110 166 158 146
0.403838 0.117678 0.011769 177 167 157
0.404271 0.112921 0.034525 189 184 178
0.405196 0.115263 0.044556 186 179 172
0.406112 0.116869 0.056076 194 188 181
0.405364 0.113678 0.064079 196 189 182
0.400320 0.116139 0.071283 193 186 176
0.407240 0.114346 0.105278 180 168 158
0.406880 0.116286 0.116926 161 148 132
0.404577 0.112846 0.124364 159 148 133
0.404389 0.112777 0.134665 215 204 192
0.404571 0.112720 0.144271 248 236 226
0.408032 0.126672 0.007696 169 161 148
0.404926 0.124817 0.013851 176 169 158
0.403712 0.127067 0.025438 192 182 172
0.403881 0.126997 0.035694 195 185 175
0.405007 0.126120 0.045073 188 179 171
0.403342 0.123470 0.055086 188 180 172
0.403529 0.124908 0.063693 182 176 168
0.402791 0.126082 0.074276 183 176 168
0.407614 0.123499 0.115066 184 178 166
0.403322 0.126265 0.124979 232 229 220
0.403413 0.122777 0.134858 254 242 232
0.405373 0.136907 -0.003233 182 170 159
0.404029 0.136645 0.005498 191 180 171
0.404608 0.135346 0.014809 192 183 175
0.405752 0.135643 0.025862 196 188 180
0.406462 0.135915 0.035911 192 187 179
0.404505 0.133380 0.043001 194 188 180
0.403156 0.131730 0.053594 182 176 168
0.407104 0.133801 0.107700 182 184 179
0.404808 0.133586 0.117072 196 194 187
0.403854 0.135293 0.125870 224 219 212
0.402977 0.144495 -0.023446 174 164 152
0.404075 0.144366 -0.015631 180 168 157
0.401297 0.140932 -0.005179 186 174 164
0.402410 0.142760 0.004871 184 175 167
0.406832 0.143517 0.024779 186 182 177
0.405823 0.142176 0.032419 187 181 175
0.404149 0.145497 0.066207 201 194 186
0.406482 0.146760 0.107964 184 177 168
0.407462 0.143956 0.117237 196 193 186
0.406057 0.144056 0.125931 210 206 202
0.401910 0.143327 0.131954 213 209 206
0.404613 0.154941 -0.022409 162 144 130
0.405790 0.154137 -0.016954 156 138 126
0.407303 0.158336 -0.006548 168 160 152
0.405524 0.157151 0.016229 190 182 174
0.405207 0.152423 0.021963 196 188 180
0.405034 0.157835 0.048132 205 198 192
0.405274 0.155614 0.055976 203 197 190
0.405458 0.156697 0.064786 202 194 186
0.406913 0.156890 0.117443 217 209 202
0.405744 0.155100 0.126199 220 214 208
0.402197 0.153163 0.132305 224 217 211
0.404464 0.165109 -0.022083 161 147 138
0.405991 0.163454 -0.014301 158 145 134
0.406143 0.164229 -0.005578 164 152 143
0.405773 0.166474 0.004820 168 155 145
0.406519 0.166927 0.037066 202 195 187
0.406600 0.165072 0.044120 199 193 185
0.407547 0.167107 0.055108 173 164 155
0.406661 0.165305 0.063723 187 178 170
0.403350 0.167316 0.075188 204 196 192
0.400894 0.168059 0.082843 208 200 196
0.408954 0.166363 0.107275 172 166 154
0.406789 0.165333 0.115935 196 188 178
0.404710 0.162715 0.123645 212 206 199
0.406680 0.177015 -0.013498 176 161 148
0.407291 0.177219 -0.007914 178 165 154
0.406223 0.174279 0.005423 176 164 152
0.404958 0.174613 0.013354 180 170 159
0.405784 0.177590 0.025850 191 183 174
0.405635 0.173562 0.033697 189 180 172
0.409296 0.172844 0.058100 196 185 178
0.404718 0.174621 0.066416 193 187 181
0.403047 0.173704 0.074609 196 190 185
0.401268 0.172932 0.083149 208 200 196
0.407164 0.174073 0.106211 216 206 197
0.404898 0.172263 0.114125 224 216 208
0.401491 0.188358 -0.021677 192 183 180
0.404297 0.186440 -0.016272 200 190 183
0.403702 0.184781 -0.006042 194 183 174
0.406438 0.184800 0.017328 180 171 163
0.406771 0.183696 0.024458 175 166 156
0.408736 0.184720 0.036622 188 177 172
0.406111 0.185048 0.047110 198 188 183
0.404625 0.186792 0.056063 183 176 172
0.405047 0.184543 0.065189 178 171 165
0.404486 0.182639 0.072869 194 185 180
0.405052 0.185756 0.086655 192 182 173
0.404956 0.182515 0.094652 212 202 195
0.402955 0.191832 -0.014620 152 143 138
0.402826 0.192304 -0.005122 148 138 131
0.405722 0.197491 0.006418 158 152 144
0.403905 0.194754 0.015185 160 152 146
0.407346 0.196479 0.025997 177 171 166
0.406757 0.195501 0.034100 195 186 181
0.403576 0.196762 0.045586 171 165 160
0.404625 0.193850 0.053296 190 184 180
0.407915 0.193160 0.063567 196 188 183
0.406122 0.195781 0.074998 186 176 166
0.403342 0.193654 0.084014 201 192 183
0.405571 0.207476 -0.002438 170 163 154
0.405649 0.203495 0.005293 158 151 142
0.406175 0.204683 0.014988 141 134 122
0.405771 0.203826 0.025052 170 162 151
0.403806 0.203967 0.034899 168 161 151
0.403910 0.204934 0.045442 192 188 182
0.404322 0.203759 0.053938 196 191 185
0.405284 0.203628 0.066377 186 176 164
0.404382 0.203755 0.075913 193 182 170
0.404452 0.212208 -0.012821 148 145 138
0.404812 0.214607 -0.005024 164 159 151
0.405216 0.215741 0.004964 157 151 140
0.404304 0.215579 0.014032 150 146 133
0.404809 0.214623 0.023328 153 146 137
0.405386 0.215388 0.035732 189 185 181
0.404007 0.214302 0.044730 159 156 150
0.404360 0.215691 0.054127 174 170 162
0.404591 0.214387 0.064094 188 178 166
0.401431 0.222432 -0.002310 159 162 151
0.401790 0.221283 0.002564 142 145 134
0.404093 0.226326 0.026719 194 192 188
0.406683 0.223842 0.034286 158 152 144
0.405233 0.224219 0.045156 145 144 134
0.403872 0.224262 0.054197 183 189 180
0.403901 0.226008 0.061837 220 214 210
0.405047 0.235824 -0.015739 52 124 116
0.406731 0.236806 -0.006077 106 157 152
0.407370 0.237017 0.005620 102 158 156
0.407211 0.236761 0.015844 148 179 175
0.406982 0.235841 0.024601 154 169 164
0.406590 0.235466 0.035061 155 176 171
0.405047 0.235552 0.044263 152 189 184
0.403887 0.235787 0.054799 179 186 183
0.405419 0.236339 0.066619 214 214 212
0.403820 0.237089 0.070765 222 222 220
0.404300 0.242422 -0.014644 3 134 129
0.404757 0.243872 0.004861 106 172 169
0.402630 0.243582 0.013861 90 175 173
0.403774 0.245034 0.024497 138 209 205
0.403658 0.243404 0.033134 114 204 198
0.405874 0.246161 0.044697 175 204 197
0.405752 0.246340 0.055794 188 185 178
0.405335 0.244030 0.065817 197 192 188
0.403697 0.243052 0.072058 230 226 222
0.406170 0.257840 -0.004433 171 210 208
0.405746 0.255124 0.002467 211 220 218
0.406618 0.257211 0.017210 52 185 181
0.406213 0.256673 0.026111 104 204 201
0.402632 0.253456 0.035058 120 206 206
0.405141 0.254937 0.045126 82 167 154
0.405816 0.255120 0.054060 152 167 156
0.405662 0.252281 0.065938 214 209 198
0.403751 0.251493 0.070911 248 240 232
0.403962 0.263342 -0.016998 24 170 168
0.404792 0.263284 -0.008371 116 198 197
0.407639 0.268914 0.007334 34 176 172
0.405455 0.265322 0.015217 69 184 182
0.404190 0.263476 0.024308 60 191 188
0.407170 0.267234 0.037365 22 179 168
0.405926 0.263375 0.044287 52 171 156
0.404417 0.263621 0.053263 179 204 194
0.404235 0.274127 0.004659 24 178 176
0.406489 0.276161 0.026246 120 204 196
0.405011 0.272398 0.033117 64 180 170
0.406386 0.285928 0.006304 132 208 199
0.405078 0.306033 -0.015302 17 179 174
0.405543 0.315097 -0.021996 8 168 163
0.405038 0.314969 -0.015899 14 180 174
0.402664 0.323595 -0.021809 9 167 163
0.405065 0.325102 -0.016284 15 182 174
0.404956 0.335034 -0.016846 14 182 174
0.406437 0.346717 -0.021535 8 168 161
0.404836 0.344678 -0.016855 14 180 174
0.405534 0.354935 -0.021409 9 169 162
0.404604 0.355381 -0.016546 16 181 174
0.405321 0.366215 -0.016933 11 172 166
0.404751 0.375010 -0.015824 9 170 165
0.403950 0.382108 -0.015242 11 161 156
0.405343 0.397791 -0.033278 50 93 92
0.404497 0.393193 -0.024891 10 88 87
0.405095 0.394763 -0.014659 50 94 92
0.416305 -0.542814 -0.057885 0 141 128
0.414791 -0.535140 -0.056169 1 142 129
0.414930 -0.524814 -0.054626 2 142 130
0.415255 -0.515175 -0.054063 1 142 130
0.415459 -0.505453 -0.053526 0 141 128
0.416085 -0.496174 -0.052922 2 145 132
0.415043 -0.484102 -0.052565 8 152 141
0.414975 -0.475023 -0.053045 8 152 142
0.415050 -0.465181 -0.054104 3 147 137
0.415014 -0.455135 -0.053651 2 146 136
0.414775 -0.445132 -0.052564 4 148 137
0.414574 -0.435639 -0.052127 3 148 137
0.415748 -0.425645 -0.051007 2 148 138
0.416227 -0.413643 -0.048325 2 149 140
0.415313 -0.404978 -0.047591 2 148 140
0.415143 -0.395047 -0.045553 2 149 140
0.415061 -0.385004 -0.042620 2 149 139
0.414953 -0.377116 -0.041160 0 147 137
0.414863 -0.372393 -0.038904 2 148 140
0.414786 -0.364857 -0.037197 2 148 140
0.415077 -0.355027 -0.033329 2 149 140
0.414193 -0.346335 -0.031216 2 148 140
0.417087 -0.341929 -0.028964 2 148 140
0.415214 -0.334775 -0.026540 2 146 138
0.415659 -0.325973 -0.023659 0 138 132
0.412725 -0.321599 -0.018221 2 122 116
0.418997 -0.317360 -0.020740 0 144 138
0.415713 -0.315285 -0.016439 3 132 125
0.411807 -0.313455 -0.006429 108 173 168
0.417648 -0.305120 -0.015402 4 134 128
0.413353 -0.304926 -0.005467 104 174 168
0.410873 -0.304623 0.002910 202 216 212
0.418035 -0.294973 -0.012907 9 132 126
0.413977 -0.294404 -0.005547 54 136 130
0.413599 -0.294357 0.004524 101 162 153
0.413086 -0.293808 0.011004 66 132 124
0.418693 -0.287029 -0.011724 4 148 142
0.416415 -0.284744 -0.005760 14 132 126
0.414795 -0.286147 0.006208 99 167 158
0.413374 -0.283584 0.013302 139 185 178
0.418858 -0.277187 -0.002703 10 125 121
0.416820 -0.275166 0.005540 129 178 176
0.413537 -0.275307 0.015327 205 216 214
0.413960 -0.275170 0.023329 139 191 181
0.418975 -0.266362 0.006515 158 190 186
0.416462 -0.265169 0.015500 193 195 190
0.413082 -0.264903 0.025500 191 190 186
0.410997 -0.263006 0.032980 186 182 178
0.418607 -0.257497 0.016081 145 163 158
0.416604 -0.256167 0.025398 156 163 160
0.414116 -0.255795 0.034996 164 166 164
0.414466 -0.255277 0.046168 197 198 192
0.413110 -0.252635 0.054622 219 216 209
0.411417 -0.252063 0.062842 220 216 208
0.417850 -0.247422 0.047561 198 214 212
0.417269 -0.246498 0.056517 216 217 213
0.414148 -0.245254 0.065913 215 210 204
0.412217 -0.242303 0.073292 207 203 196
0.415434 -0.235147 0.056763 194 184 174
0.417854 -0.235483 0.065873 200 198 192
0.413313 -0.235825 0.076050 203 200 193
0.412028 -0.231539 0.081129 211 205 198
0.412142 -0.223238 0.047705 194 186 172
0.412326 -0.222443 0.055139 189 180 170
0.414580 -0.223568 0.065307 203 196 189
0.414213 -0.224070 0.076187 215 209 201
0.412375 -0.225135 0.082547 225 219 211
0.413184 -0.214021 0.046677 194 184 172
0.415367 -0.215677 0.053823 190 181 171
0.414837 -0.215845 0.064719 194 184 176
0.415765 -0.216224 0.075765 210 201 192
0.415572 -0.216048 0.082862 228 218 212
0.413489 -0.204271 0.038088 194 186 170
0.415528 -0.205313 0.044212 193 182 171
0.418164 -0.206198 0.053364 191 180 171
0.418186 -0.206873 0.064625 196 185 180
0.418778 -0.208482 0.074427 201 192 186
0.414429 -0.194102 0.037488 194 182 171
0.417877 -0.197933 0.041887 190 180 169
0.419312 -0.198582 0.053346 192 180 174
0.414965 -0.185021 0.035272 195 184 173
0.411166 -0.174002 0.029253 196 186 172
0.415494 -0.175228 0.033761 197 187 174
0.411588 -0.164173 0.029131 202 192 179
0.415871 -0.165277 0.033285 198 188 176
0.411796 -0.155886 0.029047 203 192 180
0.416215 -0.154912 0.033025 198 188 177
0.414117 -0.143637 0.027181 188 184 171
0.415621 -0.144741 0.033430 202 190 180
0.415087 -0.133426 -0.025382 6 158 150
0.412805 -0.135003 0.016397 188 186 174
0.412091 -0.134515 0.027701 203 195 184
0.415376 -0.136420 0.033140 202 193 183
0.415045 -0.125162 -0.025538 8 162 153
0.412695 -0.125194 0.017829 200 197 185
0.412908 -0.125431 0.025273 210 199 188
0.416029 -0.126889 0.032915 220 208 199
0.415152 -0.115093 -0.025712 8 164 154
0.414498 -0.112558 -0.004297 72 176 166
0.414744 -0.115162 0.005277 166 229 217
0.414967 -0.117926 0.015032 207 228 217
0.417505 -0.119298 0.021532 217 216 206
0.414761 -0.104522 -0.024585 14 173 165
0.415626 -0.106092 -0.017620 23 188 182
0.414663 -0.094821 -0.023857 16 176 169
0.414451 -0.084656 -0.023699 16 177 170
0.415506 -0.083844 -0.017717 16 180 174
0.415698 -0.074070 -0.023773 39 173 167
0.414698 -0.076154 -0.016521 49 174 167
0.418841 -0.073686 0.014502 64 164 158
0.414723 -0.065363 -0.024193 30 169 162
0.416637 -0.063818 -0.018000 46 169 163
0.412092 -0.064211 0.005065 64 169 161
0.414610 -0.065491 0.026882 64 164 158
0.414640 -0.056066 -0.023358 7 167 161
0.414948 -0.055648 -0.016504 14 172 164
0.417525 -0.055540 -0.004347 50 166 158
0.415122 -0.056935 0.005902 100 160 154
0.411647 -0.055653 0.015670 71 166 158
0.418091 -0.055909 0.036907 118 182 178
0.419331 -0.052926 0.044334 96 187 182
0.414492 -0.044068 -0.023340 38 172 168
0.415879 -0.045293 -0.018171 66 171 167
0.418515 -0.045419 0.055439 110 166 160
0.417874 -0.041329 0.062475 84 160 152
0.414175 -0.033862 -0.023186 36 172 167
0.415182 -0.033188 -0.017015 85 174 168
0.411589 -0.032748 0.052646 98 164 158
0.416964 -0.038207 0.067675 73 162 152
0.416607 -0.034162 0.074613 74 167 156
0.416054 -0.031950 0.083024 128 172 166
0.413678 -0.026942 -0.022343 31 167 161
0.413930 -0.025760 -0.017016 58 170 164
0.415627 -0.022847 0.017846 108 176 168
0.411094 -0.024157 0.065149 84 167 160
0.412058 -0.024388 0.076045 26 172 160
0.415892 -0.026454 0.085816 102 170 162
0.416081 -0.025473 0.092608 152 179 172
0.415448 -0.016871 -0.022235 10 167 160
0.413958 -0.013572 -0.017335 10 148 141
0.411197 -0.014482 -0.004893 115 164 161
0.415443 -0.012971 0.045418 15 166 153
0.411218 -0.017788 0.074492 126 170 164
0.411552 -0.016610 0.085558 80 173 163
0.412974 -0.013748 0.094846 70 172 162
0.414078 -0.012100 0.102515 84 172 162
0.415855 -0.004789 -0.022293 4 142 137
0.413803 -0.003201 -0.016704 11 140 136
0.413757 -0.003669 -0.004487 64 147 141
0.414781 -0.003680 0.005751 96 158 151
0.414807 -0.002982 0.014860 108 160 154
0.416606 -0.003770 0.023261 107 160 155
0.415388 -0.006625 0.055407 74 164 156
0.414883 -0.003344 0.063965 64 161 147
0.410546 -0.008649 0.088562 146 172 166
0.412365 -0.005990 0.105392 104 167 156
0.413450 -0.003038 0.114292 167 186 178
0.413135 -0.001089 0.120839 196 204 195
0.414485 0.001209 -0.021422 6 140 134
0.414448 0.003383 -0.015576 8 137 131
0.413499 0.003517 -0.004232 72 150 144
0.412997 0.005313 0.004868 167 186 181
0.414231 0.002940 0.012910 139 168 161
0.419669 0.003614 0.024653 136 155 151
0.415866 0.002751 0.076209 92 167 154
0.415865 0.007493 0.084598 61 154 143
0.417753 0.009314 0.094430 83 144 135
0.415895 0.008767 0.107376 94 150 142
0.414950 0.005474 0.115329 159 179 172
0.414328 0.005122 0.124225 206 209 202
0.416076 0.015706 -0.013738 2 131 127
0.413861 0.015051 -0.005866 29 126 121
0.414567 0.014201 0.006917 107 157 149
0.415796 0.015021 0.013258 141 170 163
0.415492 0.015885 0.023034 154 174 165
0.413743 0.012240 0.085185 54 160 152
0.417113 0.012658 0.096957 136 157 151
0.416849 0.014052 0.105484 158 166 160
0.415735 0.016325 0.114525 182 184 174
0.416193 0.014833 0.125180 204 204 197
0.413382 0.016210 0.132157 220 220 212
0.416138 0.025900 -0.013048 75 150 145
0.416389 0.025662 -0.006639 82 150 142
0.413811 0.025834 0.006574 162 170 165
0.415499 0.023378 0.012978 187 188 183
0.418074 0.022283 0.026131 140 154 144
0.418167 0.024230 0.034733 147 160 150
0.418202 0.025759 0.042909 152 162 155
0.417622 0.024617 0.095060 90 155 150
0.416717 0.024002 0.105937 162 178 174
0.417679 0.024800 0.116913 183 189 180
0.417113 0.025073 0.125870 205 205 197
0.415469 0.025091 0.133227 214 214 207
0.414546 0.037476 -0.013256 61 136 129
0.414463 0.036931 -0.005306 92 150 142
0.413555 0.034318 0.003659 151 172 168
0.413037 0.035629 0.011871 146 166 164
0.413880 0.038269 0.076598 122 157 152
0.413806 0.036578 0.085494 98 151 144
0.414584 0.036784 0.095874 94 155 147
0.414365 0.034139 0.105643 88 148 140
0.416061 0.033934 0.115703 147 179 172
0.417082 0.032869 0.125519 195 204 196
0.414929 0.034172 0.134843 214 215 208
0.411790 0.037507 0.141674 214 212 204
0.413683 0.044092 -0.013364 17 122 114
0.415392 0.044963 -0.005741 55 137 129
0.414310 0.043971 0.005226 124 152 144
0.415664 0.045430 0.013057 176 173 164
0.415628 0.047989 0.026659 128 150 145
0.415760 0.048418 0.033912 134 168 162
0.416083 0.046493 0.055163 133 164 159
0.415396 0.046042 0.065035 145 165 160
0.415085 0.044150 0.074747 162 172 167
0.414044 0.045104 0.085754 165 170 165
0.414537 0.043310 0.094702 159 167 161
0.413223 0.043195 0.104914 170 174 169
0.414642 0.044945 0.115016 174 177 170
0.414512 0.045874 0.125566 183 190 182
0.415952 0.042784 0.136419 204 202 194
0.413752 0.042319 0.142185 223 217 211
0.411789 0.051780 -0.012934 34 122 116
0.412038 0.051633 -0.004132 102 145 134
0.414185 0.056555 0.007001 150 162 151
0.415448 0.055295 0.013228 160 165 156
0.415873 0.055645 0.025989 68 136 127
0.416818 0.054863 0.035366 147 162 156
0.416413 0.054640 0.044290 162 169 162
0.416020 0.054233 0.053761 174 179 174
0.415116 0.053902 0.063764 176 181 176
0.414340 0.054505 0.094407 158 170 164
0.414838 0.055092 0.116946 182 192 188
0.413276 0.055322 0.125048 206 205 201
0.412849 0.055601 0.133325 222 220 215
0.414578 0.062736 0.006968 137 164 156
0.415170 0.063716 0.013760 131 165 158
0.414296 0.063741 0.022987 160 168 160
0.414086 0.064790 0.035834 180 182 172
0.416100 0.063382 0.043977 174 178 172
0.413687 0.065404 0.075142 167 172 167
0.415293 0.063202 0.082681 174 174 169
0.415388 0.064612 0.107239 148 179 170
0.413979 0.064922 0.115974 187 193 186
0.414838 0.064866 0.125586 206 204 198
0.412242 0.066163 0.134564 219 214 209
0.414089 0.078115 -0.003385 109 157 152
0.414290 0.075658 0.005358 165 172 163
0.415495 0.073698 0.012476 156 163 154
0.414835 0.074439 0.025484 182 182 172
0.412467 0.077213 0.056634 164 168 164
0.414872 0.073933 0.063765 172 174 170
0.413539 0.077012 0.106254 176 172 163
0.416764 0.073482 0.117226 197 196 184
0.416815 0.074042 0.125423 210 205 197
0.413974 0.073398 0.133976 225 218 215
0.414586 0.083784 -0.013368 65 138 132
0.414525 0.083417 -0.006544 107 159 151
0.411879 0.085024 0.003619 165 180 171
0.413198 0.085453 0.015827 131 162 153
0.413560 0.086665 0.025358 138 164 161
0.412258 0.085528 0.034820 158 172 170
0.414187 0.086922 0.046764 172 175 171
0.412956 0.084298 0.054140 179 181 176
0.414395 0.086719 0.088031 202 196 186
0.414150 0.083270 0.095029 194 189 179
0.416655 0.086349 0.106872 155 161 147
0.415072 0.084419 0.116131 190 187 179
0.415186 0.086629 0.125296 220 214 210
0.413677 0.084963 0.132710 226 221 218
0.414495 0.095248 -0.022202 8 119 112
0.415139 0.095754 -0.015483 38 125 117
0.415744 0.096370 -0.005135 128 164 155
0.412798 0.092645 0.004695 146 159 155
0.415209 0.096055 0.036874 169 172 168
0.414066 0.092394 0.043315 172 174 169
0.419568 0.095452 0.107691 208 205 194
0.417049 0.095474 0.117187 202 200 195
0.415429 0.094329 0.125071 216 211 206
0.412100 0.097179 0.132128 210 206 202
0.417152 0.107480 -0.014456 32 108 99
0.414584 0.106711 -0.003754 154 161 152
0.416692 0.106564 0.003321 174 173 160
0.417898 0.108159 0.028032 172 172 168
0.414561 0.104905 0.034801 176 176 171
0.411289 0.104067 0.041782 186 184 179
0.417064 0.104075 0.117200 173 185 178
0.417145 0.105040 0.127110 203 199 192
0.414406 0.104789 0.134504 216 209 203
0.411326 0.107336 0.141097 232 220 213
0.414255 0.113561 -0.013822 127 143 135
0.414224 0.114866 -0.004603 160 161 149
0.416588 0.114555 0.002097 179 173 159
0.417184 0.118811 0.014946 145 160 154
0.414089 0.113958 0.027208 178 176 172
0.413561 0.113619 0.033104 188 184 178
0.415750 0.116180 0.045976 192 186 178
0.412411 0.116362 0.056043 182 176 170
0.414912 0.114169 0.104006 172 164 154
0.415322 0.113999 0.116488 163 153 141
0.414733 0.113059 0.125865 202 192 183
0.416020 0.112458 0.134278 232 222 214
0.411891 0.111715 0.141540 239 226 218
0.414755 0.124305 -0.003043 184 177 162
0.415645 0.125125 0.003275 186 178 162
0.414622 0.123963 0.014095 144 162 150
0.415593 0.121530 0.023007 142 159 150
0.414505 0.127855 0.037297 185 178 172
0.413994 0.125576 0.044918 182 174 168
0.411843 0.121692 0.052015 181 174 167
0.413223 0.126740 0.107368 186 182 170
0.413309 0.125754 0.113825 202 195 184
0.415722 0.125255 0.126120 244 232 222
0.412990 0.122068 0.131784 248 235 226
0.413031 0.131204 0.006040 172 164 151
0.414032 0.133795 0.013128 177 169 160
0.415225 0.138284 0.026593 185 177 171
0.414620 0.134383 0.034267 186 178 172
0.413901 0.131433 0.040754 186 178 172
0.417364 0.137482 0.097880 190 190 184
0.415541 0.137126 0.105806 198 198 194
0.412180 0.137444 0.114766 208 208 204
0.410372 0.135849 0.124418 227 219 213
0.412741 0.148237 -0.013365 177 168 159
0.414764 0.147977 -0.008627 210 204 200
0.416733 0.146721 0.017255 186 179 172
0.414994 0.144290 0.024341 185 180 172
0.418973 0.142903 0.097616 198 198 191
0.416901 0.145461 0.106626 191 189 183
0.413813 0.144450 0.114594 206 205 199
0.411508 0.144972 0.122354 214 210 206
0.413661 0.153648 -0.015135 162 148 136
0.416068 0.157930 -0.005696 160 151 143
0.415522 0.156536 0.005215 185 179 172
0.414800 0.154247 0.013667 189 183 177
0.417840 0.154257 0.026660 170 157 142
0.418116 0.156040 0.034768 176 162 145
0.413988 0.157278 0.045334 188 182 174
0.411393 0.155963 0.052241 186 181 173
0.418625 0.151128 0.095987 192 185 180
0.418914 0.151562 0.104602 192 188 184
0.414104 0.155679 0.115394 224 220 214
0.411159 0.155883 0.122469 224 220 214
0.414610 0.164818 -0.013323 152 137 125
0.415791 0.164429 -0.005370 162 148 137
0.415632 0.165446 0.005755 165 154 142
0.415284 0.165763 0.014769 158 146 133
0.415875 0.166817 0.023886 158 144 132
0.414270 0.165928 0.033238 170 159 149
0.412629 0.165420 0.043259 169 161 155
0.417331 0.164113 0.105171 197 190 182
0.414112 0.163793 0.114025 213 207 200
0.414566 0.173884 -0.004379 165 150 135
0.415774 0.175035 0.004383 172 156 141
0.415951 0.174078 0.014858 168 154 141
0.417082 0.174899 0.025265 170 161 154
0.414737 0.173844 0.033150 186 178 170
0.412108 0.174156 0.044035 195 186 181
0.415046 0.174692 0.096684 186 176 164
0.414970 0.172658 0.103497 198 188 178
0.410980 0.184952 -0.011868 197 183 174
0.415465 0.185421 -0.004644 167 156 148
0.416472 0.186094 0.005291 172 163 157
0.414591 0.186856 0.016345 178 170 166
0.413464 0.183526 0.024004 183 176 171
0.413897 0.183202 0.032857 190 180 173
0.414071 0.185332 0.045883 210 199 196
0.411814 0.184821 0.053097 192 180 176
0.412529 0.188257 0.065177 217 206 198
0.413704 0.181871 0.092389 208 200 190
0.414713 0.194671 -0.011205 177 166 158
0.417127 0.196542 -0.005306 143 132 124
0.414564 0.196387 0.005995 166 159 152
0.414850 0.194361 0.015253 168 158 148
0.413406 0.194333 0.024226 178 168 160
0.414273 0.196037 0.035180 182 172 163
0.416157 0.194676 0.044896 192 180 170
0.415712 0.194438 0.054493 183 172 160
0.412723 0.194259 0.063389 198 186 176
0.417303 0.205944 -0.011642 135 124 116
0.414084 0.205755 -0.003725 162 152 142
0.413967 0.204259 0.003952 160 150 139
0.413360 0.204896 0.013567 160 147 133
0.417458 0.206721 0.026540 194 182 172
0.416323 0.204020 0.034581 194 182 172
0.413660 0.203557 0.043806 182 172 160
0.415797 0.213646 -0.011775 140 130 120
0.413696 0.212585 -0.004338 160 150 139
0.412523 0.213043 0.004301 155 143 130
0.415814 0.216146 0.015563 173 163 150
0.415374 0.215573 0.023883 174 166 155
0.410803 0.217326 0.036134 192 183 172
0.413636 0.216443 0.047417 186 175 164
0.412581 0.214078 0.053355 193 182 170
0.419340 0.228568 0.005348 162 152 142
0.416048 0.222759 0.016529 173 164 155
0.415174 0.222671 0.025006 162 155 146
0.414034 0.223793 0.035143 167 158 150
0.413788 0.223668 0.043772 173 168 157
0.413346 0.223783 0.053673 180 178 172
0.412458 0.235651 -0.013287 73 131 124
0.414561 0.235496 -0.005495 118 129 123
0.416649 0.235991 0.005947 145 143 136
0.415574 0.235546 0.013996 165 164 158
0.415027 0.235837 0.024892 170 170 162
0.414400 0.236360 0.034021 161 165 158
0.413654 0.235200 0.043361 171 183 178
0.414832 0.236370 0.055546 162 168 166
0.414473 0.235399 0.066562 198 198 196
0.415900 0.234895 0.071277 216 217 215
0.413580 0.246454 0.036868 125 165 158
0.415141 0.247238 0.045814 158 177 170
0.414732 0.245479 0.054989 180 178 171
0.415145 0.245434 0.066369 196 191 182
0.417407 0.247324 0.071026 228 222 211
0.417645 0.255838 -0.015258 106 194 194
0.414046 0.256875 -0.004916 126 194 191
0.416431 0.254794 0.004238 141 170 164
0.416518 0.255599 0.014035 116 170 161
0.415544 0.254613 0.024008 60 162 152
0.415671 0.255804 0.037307 63 163 148
0.415480 0.255535 0.045584 99 155 138
0.415369 0.254996 0.055310 189 184 171
0.412809 0.252994 0.062387 214 203 195
0.412633 0.263367 -0.017554 22 170 168
0.414726 0.262735 -0.007876 113 202 200
0.415503 0.265859 0.006271 28 178 172
0.415038 0.262193 0.013359 32 178 170
0.415450 0.265471 0.036939 43 170 158
0.417765 0.262367 0.054449 140 196 183
0.414447 0.274230 0.023888 80 194 186
0.413470 0.283910 0.004748 132 208 204
0.415560 0.285530 0.025506 120 193 186
0.414918 0.305616 -0.015226 16 182 175
0.412853 0.313718 -0.021799 8 168 162
0.414933 0.315042 -0.015755 14 182 174
0.415037 0.325162 -0.016566 15 182 174
0.412611 0.332824 -0.021933 10 170 164
0.415081 0.335057 -0.016739 15 182 175
0.414081 0.345954 -0.021660 9 169 164
0.415503 0.344482 -0.016947 15 182 174
0.414702 0.353909 -0.021714 9 169 164
0.414986 0.355026 -0.016490 14 182 175
0.413848 0.363063 -0.020732 8 168 163
0.415452 0.366256 -0.017045 11 173 167
0.415104 0.374913 -0.015945 12 173 168
0.415127 0.384052 -0.014919 9 166 161
0.414915 0.386533 -0.009572 31 158 154
0.414738 0.393913 -0.024630 26 109 108
0.415972 0.394339 -0.012536 60 138 134
0.417249 0.391459 -0.009626 44 144 140
0.426056 -0.542887 -0.061196 0 140 128
0.421510 -0.544092 -0.059387 1 140 128
0.426391 -0.536934 -0.060437 0 141 128
0.422977 -0.534029 -0.058402 1 142 128
0.424115 -0.524258 -0.057218 1 142 129
0.424927 -0.514971 -0.056071 1 142 128
0.425145 -0.505017 -0.054213 1 143 130
0.425005 -0.494961 -0.053742 2 144 132
0.424937 -0.484852 -0.053226 7 152 139
0.425018 -0.475012 -0.053214 6 152 139
0.424863 -0.465066 -0.052892 2 147 135
0.424848 -0.455317 -0.052446 4 148 136
0.425528 -0.445451 -0.052178 5 149 138
0.424603 -0.435816 -0.051461 5 149 140
0.424150 -0.414691 -0.048215 3 150 140
0.424987 -0.404871 -0.047277 3 150 142
0.425008 -0.394971 -0.046042 2 150 142
0.424998 -0.384975 -0.043223 2 150 142
0.423866 -0.377143 -0.040916 0 148 139
0.424839 -0.372764 -0.038885 0 150 141
0.425099 -0.365090 -0.036635 1 150 142
0.425011 -0.355255 -0.032510 2 151 142
0.423260 -0.348082 -0.030621 2 150 142
0.425586 -0.343558 -0.028175 2 152 143
0.425131 -0.334974 -0.025467 2 151 141
0.425034 -0.325003 -0.023641 1 148 138
0.424151 -0.316491 -0.021681 1 149 142
0.425479 -0.302600 -0.016577 3 150 139
0.426092 -0.296162 -0.014317 12 155 143
0.425202 -0.285115 -0.015130 8 156 150
0.423085 -0.283045 -0.007129 5 150 141
0.426544 -0.275409 -0.013922 8 156 150
0.421819 -0.274239 -0.007362 5 142 136
0.424628 -0.274737 0.004227 38 150 139
0.427839 -0.265421 -0.013141 4 148 144
0.423435 -0.265073 -0.005658 6 132 126
0.420931 -0.262453 0.003575 80 142 138
0.428961 -0.258176 -0.011243 0 141 138
0.426901 -0.255890 -0.005383 2 136 132
0.424414 -0.254415 0.004519 24 133 128
0.424584 -0.254755 0.015935 58 135 130
0.424837 -0.254747 0.023571 53 128 122
0.428527 -0.248965 0.007179 18 136 134
0.427686 -0.247156 0.015467 18 114 112
0.426657 -0.245209 0.024590 40 126 124
0.425203 -0.243855 0.033944 107 166 166
0.422645 -0.244133 0.047010 178 203 199
0.421489 -0.242094 0.052763 186 203 199
0.424261 -0.237152 0.044652 194 190 186
0.421106 -0.237343 0.056704 196 200 193
0.420756 -0.234810 0.062350 198 204 193
0.429200 -0.226736 0.026270 160 191 188
0.427855 -0.222993 0.034349 179 210 206
0.423913 -0.225031 0.054462 188 198 190
0.422063 -0.223785 0.064109 213 213 207
0.420955 -0.221029 0.071609 214 210 202
0.429615 -0.218864 0.033669 126 180 178
0.424302 -0.214498 0.047131 179 191 181
0.424235 -0.214262 0.055552 196 196 184
0.424002 -0.215460 0.065064 202 197 188
0.422656 -0.213737 0.073470 206 201 192
0.421738 -0.203929 0.046197 189 181 164
0.425174 -0.205459 0.056633 194 188 177
0.424412 -0.203980 0.064970 189 182 171
0.424897 -0.204616 0.074958 191 184 174
0.425045 -0.203629 0.083026 190 184 172
0.420882 -0.192001 0.038506 183 174 160
0.422264 -0.193634 0.045137 188 178 166
0.424436 -0.194640 0.055248 188 178 167
0.426303 -0.195075 0.064314 185 177 166
0.426871 -0.195476 0.075105 183 176 165
0.426747 -0.194421 0.084882 184 178 168
0.426665 -0.192682 0.094668 197 192 182
0.427322 -0.192168 0.103751 206 202 194
0.422381 -0.184276 0.036729 188 177 166
0.424999 -0.185144 0.044809 186 176 166
0.427058 -0.186021 0.054731 186 176 166
0.428257 -0.185729 0.064415 182 175 165
0.427775 -0.184968 0.075032 181 175 164
0.426730 -0.185035 0.085212 185 178 167
0.426201 -0.184862 0.095745 200 194 183
0.427123 -0.184979 0.103922 224 219 210
0.423596 -0.174995 0.035840 187 177 166
0.427328 -0.175676 0.044286 185 175 165
0.427861 -0.175621 0.054481 188 180 170
0.428591 -0.175829 0.065422 183 175 164
0.428240 -0.174928 0.074898 183 175 164
0.427611 -0.174766 0.085308 189 182 171
0.427350 -0.174967 0.095412 206 200 188
0.427925 -0.175638 0.104508 225 217 209
0.424074 -0.165257 0.036359 189 178 167
0.427355 -0.164711 0.042829 185 176 164
0.427843 -0.166983 0.053396 186 178 167
0.429152 -0.168095 0.066479 184 176 166
0.429267 -0.167430 0.076066 185 177 167
0.429209 -0.167486 0.085506 194 186 176
0.429220 -0.167549 0.093984 208 203 192
0.429261 -0.168410 0.103084 226 218 210
0.424724 -0.155154 0.036881 191 180 170
0.425040 -0.154878 0.043375 182 173 160
0.427549 -0.153586 0.054577 177 170 156
0.428952 -0.153262 0.063587 185 179 166
0.423893 -0.145035 0.037282 194 184 175
0.426509 -0.143901 0.043296 191 182 172
0.427761 -0.146140 0.053580 182 178 166
0.425284 -0.133694 -0.024859 8 160 148
0.422787 -0.135494 0.037600 194 183 174
0.426960 -0.135527 0.043810 192 182 174
0.429459 -0.135531 0.050541 186 184 174
0.425065 -0.125038 -0.025321 8 162 152
0.423093 -0.121124 0.027169 218 210 201
0.423185 -0.125735 0.036449 216 204 196
0.426755 -0.128077 0.043008 212 204 195
0.425070 -0.114990 -0.025226 9 163 154
0.424753 -0.111598 -0.003612 132 213 202
0.424809 -0.113961 0.004841 191 229 219
0.424522 -0.117141 0.015718 204 220 210
0.424273 -0.119406 0.023586 219 210 202
0.424818 -0.103872 -0.023684 14 174 166
0.425079 -0.104597 -0.017283 25 186 179
0.424991 -0.094985 -0.024463 15 174 167
0.424932 -0.085193 -0.022719 16 177 170
0.425227 -0.084479 -0.017286 18 181 174
0.424690 -0.074556 -0.023162 42 175 169
0.426872 -0.076293 -0.015539 49 173 166
0.420763 -0.074128 0.014302 67 168 161
0.425009 -0.065717 -0.023639 16 170 161
0.425461 -0.062825 -0.016744 43 167 160
0.423714 -0.065310 -0.006842 102 155 150
0.421838 -0.065497 0.026385 74 170 164
0.424921 -0.055122 -0.023992 8 166 160
0.424575 -0.056559 -0.015782 8 168 160
0.424935 -0.056297 -0.006021 66 168 160
0.421252 -0.054402 0.044167 89 182 176
0.424915 -0.044228 -0.023367 15 175 171
0.423293 -0.044053 -0.016931 68 174 169
0.424907 -0.035308 -0.023496 17 177 172
0.423424 -0.034969 -0.016209 68 172 168
0.428613 -0.034838 0.033998 70 164 154
0.425085 -0.026336 -0.022747 13 173 167
0.425324 -0.025495 0.026010 113 186 176
0.426816 -0.024151 0.054138 122 181 171
0.425454 -0.021997 0.093148 182 198 190
0.424899 -0.015161 -0.023262 9 162 157
0.427173 -0.012187 -0.016607 8 152 144
0.427287 -0.011229 -0.005971 48 139 129
0.425829 -0.015728 0.036665 87 157 148
0.425678 -0.013159 0.044633 72 155 146
0.425084 -0.012817 0.053018 88 170 158
0.426481 -0.014844 0.064653 89 175 165
0.427308 -0.012773 0.075473 46 156 149
0.426912 -0.011884 0.085438 98 159 152
0.426496 -0.015715 0.095811 182 190 182
0.423735 -0.014730 0.102248 176 180 172
0.423175 -0.006600 -0.022811 6 150 146
0.425795 -0.004936 -0.015448 47 160 154
0.424652 -0.004246 -0.006443 79 159 150
0.425597 -0.003172 0.006536 81 152 144
0.423675 -0.003328 0.014812 108 162 154
0.422435 -0.004005 0.023780 100 156 149
0.429085 -0.007119 0.046939 124 150 140
0.427819 -0.006395 0.053595 126 156 147
0.427675 -0.007529 0.076644 100 164 159
0.427262 -0.007229 0.084912 112 164 158
0.426411 -0.003295 0.092917 108 162 157
0.425050 -0.006175 0.103987 170 176 170
0.425646 0.004134 -0.015460 12 143 138
0.424202 0.003362 -0.003809 17 128 118
0.423953 0.004403 0.006226 78 144 136
0.424442 0.005466 0.014951 148 164 155
0.426804 0.006953 0.022733 134 152 141
0.428654 0.007292 0.036027 145 170 164
0.429029 0.008781 0.046783 150 166 161
0.428733 0.005392 0.056755 103 169 160
0.428155 0.005213 0.063698 196 204 199
0.428503 0.004913 0.075823 184 191 178
0.426909 0.007222 0.084770 105 154 146
0.428132 0.008234 0.095290 162 166 161
0.426230 0.007084 0.105503 173 188 184
0.423070 0.006365 0.114618 191 192 188
0.424840 0.014406 -0.015067 1 142 138
0.425738 0.014962 -0.002543 8 129 123
0.425109 0.014543 0.005391 73 144 134
0.425199 0.014220 0.015894 152 164 152
0.426974 0.014638 0.023349 149 157 145
0.427825 0.014065 0.033671 126 166 158
0.429015 0.012384 0.044948 84 156 148
0.428839 0.015316 0.055874 84 152 146
0.428991 0.013304 0.065698 164 175 168
0.428588 0.016557 0.075479 152 155 147
0.427922 0.014156 0.086296 164 172 163
0.427760 0.014283 0.095479 183 186 178
0.426781 0.015735 0.106726 181 191 186
0.423572 0.016104 0.116192 206 206 201
0.421108 0.016841 0.122711 216 216 209
0.423494 0.024738 -0.012612 82 156 150
0.422759 0.024400 -0.008154 86 156 149
0.424925 0.027955 0.007216 184 196 186
0.424619 0.024823 0.015357 180 182 175
0.426515 0.024184 0.025273 152 157 148
0.426462 0.026597 0.033483 148 161 155
0.425244 0.022275 0.055452 155 164 164
0.425759 0.023880 0.064057 105 161 155
0.428661 0.022721 0.072759 128 168 162
0.425536 0.024231 0.095098 122 172 163
0.425524 0.025493 0.107549 198 208 198
0.424319 0.026621 0.116368 187 196 189
0.422288 0.026217 0.124241 205 207 201
0.421264 0.024101 0.131452 210 212 205
0.423807 0.034921 -0.012090 47 144 137
0.424159 0.035387 -0.004584 44 127 118
0.424707 0.035611 0.004677 134 161 155
0.427227 0.037370 0.016668 159 163 155
0.428118 0.037484 0.022236 168 170 160
0.425982 0.032907 0.037457 121 162 156
0.429298 0.037742 0.045585 30 136 126
0.424643 0.034781 0.083897 14 143 133
0.423835 0.032550 0.094117 24 146 138
0.427157 0.034542 0.107452 159 186 177
0.426973 0.034084 0.116241 195 202 196
0.423874 0.034227 0.124513 214 213 207
0.421567 0.035256 0.131892 216 215 212
0.423494 0.044150 -0.012060 72 167 161
0.423973 0.044690 -0.004948 72 159 149
0.423400 0.043937 0.004970 126 162 151
0.423832 0.044572 0.015899 181 176 162
0.427273 0.045904 0.022295 175 177 167
0.424018 0.048389 0.033554 90 168 159
0.425379 0.046019 0.045671 84 169 158
0.429634 0.044518 0.055654 102 150 136
0.428309 0.044611 0.107026 226 228 223
0.426824 0.044531 0.117130 201 208 202
0.426268 0.044993 0.125246 200 204 197
0.423209 0.044801 0.133784 217 214 208
0.424189 0.056237 0.007311 146 163 154
0.425579 0.055853 0.015644 160 168 159
0.426502 0.055095 0.023308 143 171 162
0.422259 0.054204 0.033889 117 162 155
0.421704 0.054460 0.041484 166 178 169
0.424893 0.053008 0.095450 175 182 178
0.426384 0.055346 0.106193 191 194 189
0.425276 0.055417 0.116077 191 204 197
0.427869 0.053564 0.124795 226 221 215
0.424167 0.051669 0.132460 224 220 214
0.426068 0.064748 -0.002635 22 132 122
0.424995 0.063402 0.006081 82 138 128
0.424821 0.064083 0.013185 114 157 148
0.425044 0.064887 0.025374 120 166 160
0.424849 0.066155 0.036118 162 172 166
0.423068 0.065389 0.044097 161 169 163
0.423144 0.063072 0.052601 164 171 166
0.428631 0.063887 0.097954 204 208 198
0.427762 0.066981 0.106387 207 210 202
0.424972 0.065766 0.115875 216 214 209
0.422390 0.066541 0.122410 214 214 208
0.422303 0.073103 0.005766 104 170 162
0.426707 0.072921 0.014292 170 176 162
0.426180 0.075848 0.024434 138 155 145
0.424999 0.073405 0.034168 136 162 156
0.424224 0.073714 0.040541 85 156 149
0.429364 0.077239 0.095851 176 178 170
0.428182 0.073218 0.106383 203 204 198
0.423802 0.075497 0.116673 198 197 190
0.422471 0.075028 0.124200 213 211 205
0.420970 0.077056 0.131191 220 215 211
0.421437 0.083941 -0.015145 76 160 151
0.426489 0.082317 0.024226 142 165 152
0.424849 0.083196 0.032072 122 158 144
0.421999 0.086152 0.052185 166 169 162
0.429324 0.085067 0.099240 187 186 178
0.426221 0.085893 0.106747 169 177 168
0.425754 0.084310 0.115660 195 196 189
0.425283 0.083041 0.124855 220 216 211
0.421587 0.082110 0.131089 225 220 217
0.424099 0.093146 -0.015021 28 130 123
0.423577 0.093642 -0.005490 118 157 149
0.422894 0.094672 0.004400 191 192 184
0.423855 0.097299 0.036291 166 171 164
0.423472 0.093608 0.042689 158 170 162
0.429275 0.093520 0.098359 177 186 180
0.427574 0.095059 0.106209 171 191 184
0.425531 0.095589 0.115895 216 213 208
0.422886 0.094306 0.122302 220 215 211
0.423652 0.104436 -0.021002 2 124 116
0.425613 0.106019 -0.013563 63 132 125
0.424145 0.106418 -0.005287 130 162 154
0.423562 0.105654 0.005416 165 164 154
0.425912 0.106058 0.014310 167 166 158
0.425596 0.106569 0.023272 184 187 182
0.422835 0.102540 0.032079 170 175 168
0.429563 0.105178 0.097571 161 191 185
0.427490 0.103189 0.106078 195 200 194
0.425038 0.105369 0.116892 198 196 190
0.423732 0.106349 0.125109 209 204 199
0.420932 0.107993 0.131275 220 211 205
0.426043 0.115905 -0.014931 49 135 128
0.426003 0.117038 -0.004815 73 140 129
0.426350 0.116822 0.005566 152 160 147
0.427122 0.113477 0.014624 174 170 160
0.424278 0.113718 0.023140 175 175 168
0.427167 0.114692 0.034968 200 194 182
0.425719 0.116965 0.107192 158 150 140
0.426237 0.113466 0.116094 193 187 179
0.426066 0.112265 0.124887 215 209 204
0.421831 0.112458 0.131881 224 214 208
0.425251 0.120627 -0.011242 64 138 130
0.425052 0.122240 -0.004630 58 140 131
0.425632 0.123346 0.005846 141 164 152
0.426975 0.124226 0.014080 163 160 147
0.424846 0.124863 0.022131 167 163 154
0.426414 0.126466 0.046704 182 180 171
0.425911 0.126963 0.052882 202 188 180
0.424943 0.125370 0.094290 203 198 188
0.426167 0.124768 0.107439 202 193 184
0.427139 0.125886 0.116915 226 218 210
0.423978 0.122195 0.122937 227 218 210
0.425206 0.135840 0.027691 165 159 152
0.426770 0.134487 0.034359 176 170 162
0.426917 0.132095 0.042678 206 194 184
0.429211 0.135381 0.067933 174 169 157
0.423450 0.138296 0.087465 184 183 180
0.425725 0.135498 0.097258 212 208 204
0.427800 0.135738 0.106114 227 218 211
0.426824 0.145084 0.004974 198 194 186
0.424063 0.147119 0.017592 176 169 160
0.426231 0.145424 0.024184 179 172 164
0.427146 0.145272 0.032166 186 177 167
0.428374 0.143777 0.075356 187 191 184
0.425693 0.143575 0.085252 190 192 186
0.424598 0.145143 0.096383 205 203 196
0.423818 0.144745 0.104113 212 207 200
0.423959 0.156808 -0.003788 180 168 160
0.425896 0.157263 0.006336 184 173 162
0.425803 0.154065 0.015261 187 177 167
0.427108 0.155024 0.023713 161 149 138
0.423741 0.155017 0.032182 196 182 170
0.428897 0.155735 0.065759 220 214 206
0.427415 0.155151 0.075115 200 194 186
0.425705 0.153629 0.085982 180 176 170
0.423147 0.152845 0.095147 186 183 178
0.421159 0.151912 0.102538 200 198 193
0.425551 0.166353 -0.002396 161 145 134
0.425856 0.165904 0.004750 164 147 133
0.426384 0.164851 0.014046 169 154 139
0.423607 0.162176 0.022969 165 150 135
0.425055 0.166370 0.034177 201 189 180
0.428095 0.166994 0.047439 182 170 159
0.428315 0.165583 0.052719 204 192 182
0.426614 0.166308 0.085216 203 195 187
0.423417 0.166390 0.095942 189 181 172
0.421006 0.167658 0.103048 199 192 182
0.426198 0.174227 -0.002814 160 144 132
0.423913 0.173389 0.004016 166 149 137
0.424150 0.174036 0.014162 174 159 149
0.423619 0.174176 0.023797 184 171 161
0.427416 0.174654 0.034939 212 199 187
0.426797 0.173490 0.042914 214 204 190
0.426670 0.175051 0.085661 171 162 148
0.423982 0.173367 0.093871 193 185 174
0.424412 0.183767 -0.004710 150 136 125
0.424962 0.183763 0.003653 153 140 131
0.422903 0.184364 0.014037 169 158 149
0.424823 0.183857 0.023235 205 192 182
0.427270 0.181044 0.032764 210 198 183
0.428530 0.184194 0.076063 191 183 171
0.425512 0.181503 0.084316 196 188 176
0.420812 0.199129 -0.010360 138 126 118
0.425559 0.194728 -0.005343 140 126 117
0.425098 0.196136 0.005280 158 147 136
0.427209 0.195472 0.014250 155 145 135
0.424516 0.193313 0.022572 209 198 186
0.423518 0.197120 0.036125 190 180 168
0.424842 0.195549 0.042410 174 166 157
0.425116 0.196676 0.053986 177 167 155
0.426969 0.198531 0.064821 182 173 162
0.428930 0.196804 0.072809 186 178 168
0.421252 0.203934 -0.010692 144 130 120
0.425579 0.204984 -0.006400 144 134 124
0.425391 0.203181 0.004352 155 144 131
0.427386 0.205335 0.015631 158 147 134
0.426068 0.204990 0.023697 176 166 154
0.425245 0.202115 0.034326 170 161 150
0.427090 0.207794 0.047324 192 183 173
0.426747 0.206702 0.055131 176 168 158
0.424726 0.205579 0.063487 174 165 156
0.428568 0.205640 0.075184 203 198 190
0.423500 0.213172 -0.005716 141 132 122
0.425857 0.216022 0.005594 146 137 126
0.425868 0.214693 0.015277 147 140 132
0.426403 0.216263 0.023983 150 152 142
0.427750 0.217791 0.035395 176 176 166
0.426277 0.215003 0.044523 185 176 165
0.426351 0.212281 0.054469 154 151 140
0.428232 0.212236 0.066773 181 179 170
0.428128 0.212573 0.075013 200 196 187
0.424874 0.225852 0.004476 159 154 144
0.424687 0.224884 0.014663 163 156 145
0.426281 0.224769 0.026720 162 157 145
0.426181 0.223846 0.034046 179 174 162
0.423914 0.221535 0.043090 109 110 100
0.428012 0.222847 0.057132 167 170 165
0.427967 0.226956 0.065697 156 176 169
0.428255 0.226842 0.073989 210 207 201
0.426457 0.234707 -0.004539 74 160 154
0.424193 0.234070 0.005265 148 174 166
0.425875 0.234302 0.012903 160 168 159
0.424460 0.235107 0.025563 129 159 147
0.423706 0.235584 0.032187 95 161 148
0.423797 0.234618 0.046661 108 175 172
0.424840 0.233880 0.055835 116 169 164
0.424453 0.233820 0.066013 166 180 178
0.426110 0.234769 0.074470 212 210 205
0.424082 0.242309 0.024006 177 179 164
0.423724 0.246699 0.045784 152 165 154
0.424974 0.244160 0.054696 174 174 165
0.423760 0.244307 0.065213 176 170 160
0.425656 0.244985 0.073596 228 222 210
0.423754 0.255140 -0.015887 78 186 184
0.427248 0.257363 -0.003433 128 189 184
0.425781 0.254444 0.005511 154 184 179
0.423455 0.254519 0.014143 131 175 168
0.423851 0.254903 0.024113 78 170 160
0.424847 0.254216 0.044446 104 151 136
0.424665 0.254967 0.056377 174 172 156
0.425336 0.252890 0.062882 194 191 176
0.425413 0.265632 0.006056 30 182 174
0.424960 0.262492 0.013484 34 184 174
0.424450 0.266798 0.037260 48 170 155
0.425673 0.262983 0.043345 74 161 146
0.425094 0.263410 0.053170 118 182 170
0.426979 0.277203 0.012835 126 202 198
0.425379 0.275075 0.024909 20 180 172
0.425468 0.276668 0.036693 42 180 168
0.426639 0.285160 0.004298 131 205 197
0.426164 0.285442 0.025566 15 177 166
0.425450 0.297128 -0.014390 23 175 168
0.425736 0.294333 0.014500 16 176 166
0.425053 0.305045 -0.015643 15 182 176
0.425018 0.315031 -0.016071 15 181 174
0.424943 0.325059 -0.016474 15 182 174
0.424849 0.335064 -0.016675 15 182 174
0.425001 0.344883 -0.016464 15 181 176
0.424906 0.355039 -0.016132 15 182 176
0.424025 0.365217 -0.016935 9 171 166
0.424491 0.375595 -0.016104 12 173 169
0.425058 0.382701 -0.015472 8 169 164
0.422714 0.387667 -0.009077 40 147 142
0.423323 0.395568 -0.024185 56 131 128
0.425597 0.395267 -0.012737 58 142 138
0.425376 0.393570 -0.008263 58 139 136
0.425501 0.405079 -0.022820 122 127 128
0.426819 0.402719 -0.015942 118 135 132
0.434994 -0.543024 -0.061556 0 141 128
0.435286 -0.536001 -0.061459 1 141 129
0.437360 -0.525017 -0.060907 1 140 128
0.433298 -0.513775 -0.057741 0 141 128
0.434502 -0.504625 -0.055362 2 144 131
0.434962 -0.494976 -0.054311 2 145 133
0.434797 -0.484976 -0.054198 5 150 138
0.435042 -0.474940 -0.053661 5 150 139
0.435025 -0.465106 -0.053238 4 149 136
0.435152 -0.455148 -0.053162 4 149 137
0.434984 -0.444965 -0.053319 5 150 138
0.435026 -0.436334 -0.052159 5 150 139
0.437190 -0.422620 -0.051464 2 150 140
0.437282 -0.417309 -0.050995 2 150 140
0.432777 -0.412971 -0.049125 3 150 140
0.434625 -0.404774 -0.048400 2 150 140
0.434832 -0.394822 -0.047430 2 150 140
0.434970 -0.384944 -0.043417 2 150 142
0.435281 -0.377763 -0.040664 0 148 141
0.435766 -0.372925 -0.038530 0 149 142
0.434915 -0.364920 -0.035757 2 151 143
0.434476 -0.355998 -0.031811 4 153 146
0.435630 -0.344202 -0.027575 2 153 144
0.434873 -0.334988 -0.024602 4 154 146
0.434793 -0.324975 -0.023314 3 154 146
0.435406 -0.316473 -0.021454 3 156 148
0.436707 -0.301925 -0.018744 4 157 145
0.435313 -0.294946 -0.017335 5 158 146
0.435976 -0.285301 -0.015965 7 160 149
0.436223 -0.275777 -0.015139 9 159 149
0.434947 -0.264944 -0.015358 3 150 144
0.435684 -0.256012 -0.012835 2 144 140
0.434938 -0.254139 -0.005320 4 143 135
0.436675 -0.245669 -0.005704 6 128 122
0.435065 -0.246598 0.005879 10 133 124
0.433456 -0.244336 0.014159 34 149 141
0.438369 -0.235055 -0.004492 20 146 142
0.435153 -0.234459 0.004174 92 168 164
0.431999 -0.235199 0.014702 151 194 192
0.438771 -0.225848 -0.002956 8 138 134
0.436141 -0.224380 0.004185 41 144 140
0.432784 -0.224805 0.014808 94 159 155
0.431115 -0.222730 0.023367 102 158 154
0.438466 -0.216847 0.006206 6 144 140
0.437061 -0.214810 0.014492 10 131 126
0.434034 -0.215976 0.023735 34 128 122
0.431848 -0.215075 0.033794 100 168 163
0.431581 -0.211086 0.043502 181 218 211
0.432147 -0.214888 0.055493 147 200 192
0.438329 -0.207334 0.023949 48 128 122
0.435859 -0.208071 0.033096 104 155 149
0.432987 -0.208180 0.044269 185 211 204
0.431937 -0.205473 0.056089 198 208 202
0.431343 -0.202523 0.065924 195 195 190
0.430498 -0.203939 0.074462 182 184 177
0.433282 -0.195429 0.066388 176 180 174
0.433705 -0.194687 0.076122 185 193 187
0.433368 -0.194184 0.085128 197 198 190
0.431593 -0.192335 0.093668 210 210 202
0.430524 -0.191316 0.101099 213 210 204
0.430322 -0.183984 0.056544 174 168 156
0.430387 -0.184664 0.063627 174 166 156
0.437003 -0.185613 0.075087 202 204 196
0.436052 -0.184243 0.086202 216 217 210
0.432985 -0.185177 0.095202 223 220 213
0.431098 -0.183874 0.103119 232 230 222
0.430652 -0.172377 0.046866 183 174 163
0.430529 -0.172449 0.054850 182 172 162
0.430315 -0.173432 0.063877 174 164 152
0.434578 -0.173780 0.074733 190 188 178
0.437879 -0.174057 0.086151 220 220 213
0.434118 -0.174322 0.095396 227 224 216
0.431671 -0.174918 0.104177 235 229 223
0.432427 -0.163296 0.038142 178 171 162
0.433089 -0.164154 0.045032 182 174 166
0.433292 -0.164568 0.055049 183 174 166
0.433067 -0.164236 0.065409 182 176 168
0.432184 -0.163648 0.075505 186 180 171
0.432998 -0.163572 0.085591 202 196 188
0.433315 -0.165076 0.094316 219 215 207
0.432324 -0.165659 0.102818 236 228 224
0.432070 -0.155210 0.037617 186 178 172
0.432788 -0.155591 0.045107 179 172 164
0.433131 -0.154932 0.055197 181 173 165
0.432807 -0.154585 0.065175 187 179 171
0.433166 -0.155352 0.074985 196 189 180
0.433913 -0.156589 0.084198 210 204 196
0.434816 -0.158038 0.092822 220 213 207
0.436906 -0.142970 -0.023427 16 148 136
0.432362 -0.145638 0.037775 189 181 173
0.432498 -0.145773 0.045494 190 183 175
0.432501 -0.145625 0.055638 188 182 174
0.433289 -0.146301 0.064234 195 192 182
0.435514 -0.147726 0.073393 202 197 189
0.436666 -0.149182 0.082007 221 216 209
0.435298 -0.134900 -0.024939 8 158 148
0.435467 -0.134526 0.036746 194 193 184
0.431730 -0.136541 0.046104 193 185 177
0.432581 -0.137252 0.052753 192 187 178
0.435336 -0.138716 0.061716 210 206 197
0.435078 -0.124965 -0.024921 8 163 152
0.435479 -0.122331 0.026570 216 214 204
0.434206 -0.125525 0.035531 214 211 202
0.432566 -0.128121 0.043662 212 208 198
0.434968 -0.115025 -0.024369 10 164 155
0.435310 -0.112044 -0.004073 157 212 203
0.434474 -0.115206 0.005230 204 222 214
0.432531 -0.117652 0.015527 208 218 210
0.434222 -0.103731 -0.023171 16 175 167
0.435297 -0.104300 -0.016672 32 188 180
0.434851 -0.094830 -0.023508 14 174 166
0.436403 -0.096690 -0.018629 22 190 184
0.435420 -0.085744 -0.023145 15 173 166
0.434732 -0.083606 -0.017221 17 180 173
0.433869 -0.073961 -0.022411 42 176 169
0.435456 -0.076235 -0.016656 61 178 170
0.434230 -0.066245 -0.022927 14 171 162
0.433759 -0.063675 -0.016191 59 165 158
0.433384 -0.060827 -0.007741 127 160 153
0.435071 -0.054957 -0.024022 8 166 160
0.433924 -0.056511 -0.014970 6 165 157
0.432429 -0.056636 -0.004588 86 166 157
0.432334 -0.053374 0.002874 112 172 162
0.435196 -0.043888 -0.022442 15 175 170
0.435050 -0.035061 -0.023119 16 177 171
0.435664 -0.026460 -0.022505 13 172 166
0.434537 -0.016222 -0.022900 8 163 157
0.434832 -0.014798 -0.015846 24 159 151
0.433290 -0.013579 -0.007504 67 158 148
0.432617 -0.015164 0.035067 34 150 140
0.430891 -0.016031 0.086762 188 214 207
0.433394 -0.003122 -0.016589 71 179 174
0.430352 -0.004446 0.005757 56 144 134
0.433190 -0.005129 0.045151 112 156 146
0.435188 -0.004033 0.054379 151 165 155
0.436054 -0.002455 0.065543 156 165 155
0.434066 -0.003075 0.075983 156 176 170
0.431382 -0.005376 0.084586 172 192 184
0.433383 0.003590 -0.015370 59 167 160
0.436457 0.008138 0.006799 112 175 164
0.434915 0.008730 0.013624 146 173 162
0.433349 0.007106 0.026057 147 166 160
0.433099 0.005615 0.034261 127 152 144
0.434416 0.006969 0.045799 122 154 145
0.434255 0.005227 0.055943 169 172 165
0.435198 0.003892 0.065343 172 175 166
0.434358 0.003617 0.074634 169 175 166
0.431693 0.006115 0.083530 161 168 161
0.430750 0.009096 0.094376 167 169 166
0.434794 0.014040 -0.014478 1 146 142
0.433751 0.016837 -0.003041 4 138 132
0.436520 0.015541 0.005927 58 144 135
0.434498 0.014885 0.015929 147 169 158
0.434301 0.015114 0.025505 129 157 145
0.434304 0.015436 0.034127 136 168 158
0.435517 0.013970 0.045127 133 164 157
0.435781 0.015315 0.055515 101 165 156
0.434181 0.015035 0.063749 122 166 157
0.435317 0.017673 0.074573 134 147 138
0.433599 0.016075 0.085572 153 160 154
0.431902 0.012725 0.094142 177 179 176
0.431066 0.015516 0.103044 156 180 176
0.437663 0.020985 -0.003611 5 140 136
0.436300 0.024551 0.005559 60 147 138
0.435832 0.023685 0.015941 86 160 150
0.433625 0.024696 0.024909 112 159 152
0.434588 0.027355 0.033637 132 169 160
0.433684 0.026743 0.044159 154 175 170
0.435546 0.026882 0.054928 163 168 162
0.436239 0.022814 0.065275 136 158 150
0.435493 0.022382 0.072387 143 159 151
0.436390 0.023039 0.085035 158 162 149
0.433691 0.025973 0.096046 178 184 177
0.432240 0.026795 0.104731 188 199 195
0.431056 0.028034 0.111044 196 208 203
0.433861 0.037120 -0.004440 10 142 134
0.434184 0.034775 0.004642 42 160 152
0.434781 0.034782 0.016822 84 156 148
0.434835 0.035913 0.024677 122 161 154
0.436116 0.035942 0.034920 128 160 150
0.436163 0.034557 0.043897 140 161 152
0.435249 0.035510 0.055144 152 164 154
0.435377 0.034566 0.066357 121 145 135
0.433917 0.034374 0.074649 114 148 139
0.436199 0.037586 0.085052 159 177 170
0.437206 0.035169 0.096803 187 202 197
0.433316 0.036726 0.106340 191 194 188
0.431098 0.036162 0.112784 199 200 194
0.433316 0.044904 -0.012310 7 144 135
0.434007 0.044096 -0.005750 17 147 138
0.433675 0.043381 0.004089 60 160 147
0.434351 0.046640 0.015891 141 165 155
0.433317 0.045368 0.023874 167 173 164
0.435986 0.042024 0.034267 144 164 154
0.435942 0.044640 0.044918 145 157 144
0.434315 0.043952 0.053936 152 155 140
0.436933 0.042782 0.087616 183 186 180
0.436630 0.044487 0.096641 194 194 188
0.434722 0.042936 0.105409 192 193 188
0.432633 0.042734 0.113694 208 207 203
0.431886 0.047718 0.124572 203 201 198
0.435690 0.055813 -0.012365 19 126 117
0.436786 0.057672 -0.003940 93 156 148
0.435269 0.057138 0.005606 119 164 155
0.432683 0.055154 0.015423 143 170 160
0.431758 0.055038 0.024055 135 181 172
0.432070 0.054291 0.032124 82 164 157
0.437756 0.055437 0.085353 165 169 163
0.438693 0.053966 0.094990 174 174 168
0.436862 0.055718 0.107015 181 185 179
0.436402 0.053856 0.115952 200 198 193
0.432760 0.052495 0.122833 218 213 208
0.435637 0.061742 -0.002726 50 146 140
0.435030 0.062677 0.004900 58 145 136
0.436009 0.066753 0.016478 144 161 150
0.437723 0.066718 0.024532 184 182 172
0.435521 0.067073 0.033996 179 182 175
0.436277 0.067940 0.044620 154 178 167
0.437440 0.067827 0.054116 100 170 160
0.436121 0.065493 0.074230 104 158 146
0.432540 0.067453 0.095507 194 201 197
0.434508 0.065834 0.103210 170 195 190
0.435668 0.062745 0.114713 222 220 215
0.438296 0.075166 0.006959 82 154 142
0.436191 0.072392 0.017074 147 160 146
0.435130 0.074568 0.024596 115 158 146
0.437853 0.074746 0.033988 147 165 153
0.438178 0.074277 0.043252 144 174 161
0.438330 0.074523 0.053043 142 166 157
0.436053 0.078052 0.063261 226 225 221
0.437493 0.074871 0.076375 154 176 171
0.437115 0.075335 0.084510 172 177 172
0.433552 0.075618 0.094578 179 193 190
0.433185 0.074758 0.106311 204 205 202
0.434749 0.085205 0.004968 110 171 168
0.434530 0.082760 0.017262 84 155 146
0.434189 0.083335 0.022500 74 148 136
0.437965 0.082577 0.086099 173 175 172
0.435259 0.085589 0.095658 190 190 185
0.432944 0.087694 0.105411 186 188 184
0.432077 0.085630 0.113998 203 201 197
0.438858 0.095747 0.025102 162 162 152
0.437238 0.098035 0.034314 170 180 172
0.434307 0.095869 0.043217 158 180 172
0.437942 0.096823 0.088147 116 154 145
0.435961 0.095110 0.096741 171 177 173
0.433987 0.094484 0.103818 190 192 188
0.432835 0.092508 0.113630 211 210 206
0.433044 0.102872 -0.003939 62 140 132
0.433232 0.104327 0.004952 135 165 157
0.434185 0.107609 0.016143 195 190 184
0.435587 0.105467 0.023884 177 172 168
0.435962 0.103443 0.035820 172 180 170
0.437728 0.105336 0.044504 179 180 170
0.437412 0.106410 0.078496 174 174 164
0.438381 0.105475 0.086696 145 178 171
0.435846 0.105699 0.096518 182 192 187
0.433071 0.104046 0.104168 203 202 199
0.431060 0.104749 0.112156 204 202 199
0.432671 0.114103 -0.013984 73 155 148
0.434147 0.113993 -0.005106 84 149 139
0.434279 0.114709 0.005415 136 157 146
0.433974 0.114696 0.014720 148 155 144
0.435132 0.116263 0.023677 163 161 148
0.436436 0.113114 0.035712 142 168 156
0.438260 0.113816 0.042788 176 178 166
0.436897 0.114434 0.094609 192 191 186
0.434716 0.116196 0.105904 180 178 173
0.432387 0.114343 0.114935 197 195 191
0.433641 0.122631 -0.002517 92 158 153
0.435237 0.124909 0.004934 78 141 131
0.433362 0.123284 0.014085 134 147 136
0.435360 0.127034 0.023826 140 138 126
0.436556 0.127124 0.043282 109 150 140
0.436069 0.125576 0.054886 206 200 192
0.433549 0.125351 0.062426 211 204 198
0.436703 0.126378 0.087633 157 152 142
0.438259 0.123009 0.093613 167 167 160
0.436071 0.122885 0.104671 181 181 174
0.432692 0.122492 0.114142 212 210 203
0.436174 0.133973 0.016135 114 144 136
0.435587 0.135558 0.024972 152 157 148
0.434398 0.136327 0.035323 176 174 166
0.433975 0.135923 0.044326 185 181 173
0.434137 0.137900 0.054785 172 169 157
0.433481 0.135874 0.064800 181 178 168
0.433002 0.133001 0.071776 185 182 172
0.435162 0.148305 0.016287 204 196 185
0.433966 0.145199 0.025001 190 182 174
0.434459 0.144242 0.033292 171 160 147
0.434440 0.140397 0.052986 174 170 159
0.431257 0.144028 0.065329 180 184 178
0.432068 0.158028 0.006919 172 155 140
0.435869 0.156155 0.016151 178 168 158
0.433366 0.153401 0.023131 172 163 154
0.432931 0.151849 0.032855 185 177 168
0.435064 0.155157 0.045693 204 203 200
0.435512 0.155589 0.056436 206 200 194
0.433307 0.153858 0.062251 208 202 194
0.431083 0.155813 0.073660 204 194 185
0.432240 0.167663 -0.001091 151 134 121
0.434101 0.165184 0.004734 152 137 122
0.436373 0.163161 0.014445 162 149 135
0.433167 0.163202 0.022629 150 138 126
0.435090 0.168076 0.037012 192 182 173
0.436650 0.166465 0.045935 197 187 177
0.433765 0.164709 0.053038 190 180 170
0.432837 0.162551 0.062960 210 200 191
0.433492 0.165359 0.075165 208 199 192
0.431245 0.162448 0.081338 215 206 198
0.433262 0.174941 -0.002206 156 142 132
0.437956 0.175513 0.002573 152 140 128
0.433525 0.173596 0.035855 183 171 159
0.437714 0.175421 0.044900 193 182 174
0.434581 0.175689 0.065819 189 178 170
0.432413 0.177168 0.073723 170 159 146
0.435333 0.184431 0.004708 150 137 126
0.436577 0.188517 0.026783 187 180 170
0.437685 0.186723 0.034418 180 171 161
0.438500 0.186187 0.044991 162 152 138
0.435966 0.187047 0.056366 187 178 166
0.435884 0.185106 0.064809 174 164 152
0.434142 0.184410 0.073621 180 171 161
0.434649 0.184990 0.083539 177 170 158
0.430997 0.195116 -0.001563 144 131 120
0.433015 0.193989 0.005504 140 128 118
0.434123 0.196564 0.016131 158 148 138
0.435224 0.195310 0.023424 162 152 142
0.435959 0.196211 0.034658 152 141 130
0.435397 0.196465 0.046297 178 168 158
0.435547 0.195903 0.055204 176 166 157
0.434871 0.194789 0.064838 181 172 164
0.434788 0.195369 0.074922 174 166 157
0.435370 0.196480 0.085454 167 160 152
0.437051 0.196282 0.096668 211 207 202
0.438957 0.194421 0.100304 230 226 224
0.430347 0.204121 -0.001770 140 128 116
0.431600 0.203292 0.004516 134 126 116
0.433653 0.204033 0.016034 149 140 130
0.434287 0.204508 0.023728 144 134 123
0.432726 0.205098 0.034913 160 151 140
0.435034 0.206701 0.045100 173 164 154
0.434638 0.206112 0.054431 178 170 162
0.436063 0.206405 0.063796 181 171 162
0.432192 0.205343 0.074899 189 183 175
0.435964 0.206587 0.085304 180 172 164
0.437323 0.204135 0.094896 210 202 196
0.439040 0.207975 0.101306 244 234 226
0.431912 0.214763 0.006523 151 138 126
0.433872 0.213001 0.014769 140 138 130
0.435469 0.214798 0.024108 138 133 126
0.434831 0.215036 0.035966 161 152 143
0.434508 0.214045 0.043624 160 151 139
0.437020 0.216342 0.055838 164 154 145
0.437042 0.216455 0.065621 176 168 157
0.436145 0.216255 0.074425 177 169 159
0.436953 0.215748 0.084894 184 178 169
0.437976 0.216056 0.093124 213 207 200
0.436351 0.229033 -0.006374 80 162 156
0.433188 0.225408 0.005300 136 152 140
0.433849 0.224074 0.013858 128 136 124
0.431749 0.224264 0.025943 135 136 125
0.434465 0.224736 0.036017 137 158 148
0.434289 0.224287 0.045974 124 151 144
0.434413 0.224735 0.055863 146 156 147
0.434530 0.224470 0.065618 166 165 157
0.435303 0.225730 0.074792 193 187 179
0.437652 0.223408 0.084463 182 178 168
0.438580 0.223747 0.092328 214 207 196
0.434683 0.232084 -0.006002 98 174 170
0.433559 0.231872 0.005643 120 165 158
0.435029 0.232786 0.014843 106 168 161
0.436622 0.232431 0.023638 90 174 170
0.434444 0.232997 0.035227 94 172 166
0.433148 0.234016 0.045485 136 176 169
0.433234 0.234078 0.055332 138 166 159
0.433902 0.234726 0.065486 176 176 166
0.434503 0.233390 0.075100 193 187 176
0.435782 0.234358 0.082761 212 205 195
0.439425 0.233099 0.090420 216 206 194
0.433639 0.245406 0.025398 31 178 168
0.433853 0.245917 0.035738 88 184 174
0.433323 0.245342 0.044784 76 167 156
0.433234 0.243531 0.054942 131 166 155
0.432925 0.244164 0.064755 150 146 130
0.433739 0.243215 0.074381 201 192 176
0.434723 0.241656 0.081239 242 234 219
0.435764 0.254728 -0.016394 40 174 170
0.435155 0.255654 -0.004984 102 186 180
0.435040 0.252906 0.002714 115 188 182
0.435311 0.256076 0.016344 20 179 171
0.434112 0.256135 0.025955 78 190 182
0.433838 0.253861 0.035283 48 179 171
0.432489 0.253670 0.043808 60 164 151
0.431740 0.253340 0.054746 112 146 126
0.431904 0.253954 0.064230 160 170 152
0.434613 0.265760 0.005707 22 182 174
0.434491 0.264827 0.015562 76 194 187
0.433921 0.265556 0.025034 64 187 178
0.433377 0.264153 0.034935 36 176 163
0.431425 0.262183 0.043114 70 160 144
0.433772 0.275303 0.014739 68 190 182
0.433562 0.273609 0.023238 22 180 170
0.431804 0.275633 0.036681 44 181 172
0.432787 0.284204 0.004306 101 199 191
0.433772 0.285666 0.025307 34 174 166
0.435327 0.296436 -0.014620 20 178 172
0.433363 0.294430 0.014098 23 177 169
0.435046 0.304803 -0.015512 15 182 176
0.435009 0.314996 -0.016029 16 182 176
0.434956 0.325022 -0.016258 15 182 176
0.435035 0.334922 -0.016144 16 182 176
0.435012 0.345038 -0.015902 14 181 175
0.434973 0.354995 -0.015451 16 182 176
0.434875 0.364883 -0.015042 14 179 173
0.435026 0.375666 -0.016330 12 173 169
0.434105 0.382357 -0.015837 8 169 164
0.436558 0.398512 -0.031938 58 122 122
0.434929 0.394284 -0.024731 24 143 140
0.434687 0.395282 -0.014561 36 151 146
0.434106 0.395688 -0.006968 58 140 138
0.436014 0.404788 -0.023656 122 126 126
0.435371 0.402330 -0.014391 110 128 127
0.437650 0.411437 -0.024392 124 123 124
0.444792 -0.543264 -0.062860 1 142 128
0.445287 -0.535377 -0.061800 0 142 130
0.444762 -0.524382 -0.061790 1 142 130
0.443216 -0.503337 -0.057141 2 144 130
0.444787 -0.494689 -0.055795 2 144 132
0.444786 -0.484975 -0.055059 4 148 136
0.445039 -0.474864 -0.054658 5 150 138
0.445024 -0.464959 -0.054350 4 150 138
0.445123 -0.455019 -0.054592 3 149 138
0.445013 -0.444913 -0.054147 4 150 138
0.445210 -0.435007 -0.052783 3 149 138
0.445911 -0.425463 -0.051602 2 150 138
0.443019 -0.416978 -0.050772 2 150 140
0.444698 -0.403952 -0.048450 2 150 142
0.445035 -0.395073 -0.046965 4 152 143
0.444487 -0.385676 -0.043267 2 150 142
0.442795 -0.378817 -0.040697 2 152 143
0.445190 -0.374438 -0.037870 2 152 144
0.444935 -0.365067 -0.034579 2 153 144
0.444862 -0.356758 -0.031418 5 156 148
0.444797 -0.344625 -0.027777 4 154 146
0.444827 -0.334923 -0.025005 5 157 148
0.445000 -0.325028 -0.023302 6 158 149
0.445938 -0.315465 -0.022129 6 158 150
0.444372 -0.302997 -0.018722 6 162 152
0.446028 -0.294184 -0.020708 7 164 150
0.443169 -0.295292 -0.018517 5 161 148
0.447591 -0.284974 -0.020478 9 163 150
0.443998 -0.284964 -0.018509 8 162 150
0.444846 -0.274255 -0.017531 7 159 147
0.445555 -0.265380 -0.015315 3 152 141
0.444964 -0.254963 -0.014875 2 146 140
0.445415 -0.245297 -0.012832 3 150 144
0.443509 -0.244362 -0.006646 3 148 139
0.446787 -0.244456 0.014963 4 148 134
0.446830 -0.235713 -0.011638 3 152 147
0.442346 -0.233799 -0.008671 5 150 146
0.447027 -0.235460 0.022916 3 148 132
0.448300 -0.226646 -0.010676 4 150 142
0.443835 -0.224590 -0.007581 4 146 140
0.449057 -0.226279 0.027048 6 152 138
0.446093 -0.215388 -0.005706 4 152 148
0.441808 -0.213144 0.002693 4 146 144
0.449595 -0.217509 0.032795 4 139 128
0.447921 -0.207160 -0.003718 4 152 148
0.445359 -0.205224 0.004853 4 148 145
0.442732 -0.204534 0.014748 11 136 131
0.441500 -0.202324 0.024041 18 126 118
0.449019 -0.195245 -0.003154 33 146 140
0.449280 -0.195780 0.005230 44 157 153
0.447950 -0.195049 0.014568 51 153 149
0.446208 -0.194717 0.027154 75 156 151
0.445953 -0.194735 0.031089 85 152 146
0.447802 -0.187028 0.016088 82 148 144
0.447822 -0.186420 0.024031 87 152 148
0.447923 -0.185439 0.035261 100 159 155
0.445493 -0.185025 0.052742 188 200 196
0.440827 -0.182156 0.071567 207 212 204
0.446341 -0.173560 0.046063 198 196 191
0.445930 -0.172766 0.056301 198 197 190
0.444208 -0.173089 0.065978 207 206 197
0.441090 -0.173674 0.075750 217 219 213
0.445252 -0.163873 0.057011 200 202 196
0.444115 -0.166092 0.064804 207 210 205
0.441985 -0.165376 0.074361 213 214 208
0.441073 -0.163425 0.083700 222 217 213
0.444725 -0.156535 0.065365 207 208 200
0.443353 -0.155692 0.075868 214 210 205
0.441267 -0.156988 0.083266 217 212 207
0.445634 -0.143839 -0.022824 6 157 146
0.442479 -0.144838 0.065126 218 214 208
0.441379 -0.148088 0.074974 221 214 210
0.444967 -0.135067 -0.023987 6 160 150
0.441771 -0.130918 0.035901 218 215 204
0.442150 -0.134942 0.044972 214 214 206
0.441031 -0.138499 0.055735 218 220 214
0.445057 -0.125008 -0.024048 8 164 154
0.444904 -0.123630 0.014119 212 214 206
0.441408 -0.125934 0.024597 214 214 206
0.444978 -0.115063 -0.023742 10 165 156
0.448006 -0.111920 -0.013130 126 200 190
0.445221 -0.114948 -0.005438 179 220 211
0.442869 -0.117302 0.002757 203 224 216
0.444636 -0.104618 -0.022733 15 175 166
0.445417 -0.104634 -0.017387 38 192 184
0.444400 -0.094905 -0.022651 14 174 167
0.445513 -0.094960 -0.018417 22 190 182
0.444850 -0.084916 -0.022122 15 175 168
0.444849 -0.084175 -0.018682 20 186 178
0.446125 -0.075873 -0.021757 18 177 170
0.445146 -0.074990 -0.017343 19 183 176
0.443569 -0.065701 -0.021863 15 177 170
0.446676 -0.065471 -0.016450 18 181 174
0.445032 -0.054960 -0.022738 7 166 159
0.447131 -0.056976 -0.014952 7 169 162
0.443587 -0.043633 -0.021779 13 175 169
0.444721 -0.034940 -0.022360 16 177 171
0.443443 -0.035842 0.014892 72 171 159
0.444840 -0.024988 -0.021654 13 172 167
0.447392 -0.022562 -0.019183 16 180 175
0.444042 -0.017189 -0.021221 9 166 161
0.445808 -0.015373 -0.017452 9 167 162
0.444981 -0.004969 -0.017273 7 166 160
0.444912 0.004945 -0.015826 2 153 146
0.444439 0.007452 0.003961 52 142 130
0.444163 0.005277 0.037762 60 148 140
0.443827 0.007309 0.046352 92 158 148
0.441750 0.006746 0.052919 108 171 162
0.445254 0.014638 -0.013490 2 151 146
0.444113 0.017088 -0.005610 32 146 139
0.442869 0.015679 0.004957 72 153 145
0.442352 0.015382 0.014780 82 156 146
0.442305 0.014591 0.025336 84 154 146
0.442020 0.016377 0.033877 126 139 133
0.446044 0.013009 0.047449 112 150 140
0.443326 0.015810 0.053628 118 149 136
0.445572 0.022851 -0.004875 4 150 144
0.444670 0.025130 0.004626 36 152 145
0.442850 0.024337 0.015426 51 152 146
0.443203 0.024316 0.024541 86 158 148
0.442670 0.024336 0.032869 108 160 152
0.443519 0.026886 0.044685 151 155 148
0.442228 0.024710 0.055962 161 165 158
0.441852 0.024114 0.065687 133 142 132
0.441559 0.023099 0.074207 146 158 148
0.448954 0.034897 0.004843 56 156 149
0.446273 0.033794 0.016319 77 157 149
0.443484 0.035474 0.025161 118 150 140
0.443337 0.036462 0.034661 158 163 157
0.442892 0.032669 0.044400 155 158 150
0.444619 0.034150 0.053563 114 157 151
0.441623 0.033467 0.065924 136 143 132
0.444679 0.036650 0.073638 157 167 156
0.443718 0.037608 0.085441 184 201 193
0.442024 0.036534 0.094422 187 206 199
0.447177 0.042998 0.006147 57 148 137
0.447067 0.044605 0.015278 86 154 146
0.445021 0.042307 0.023783 138 158 150
0.441776 0.041422 0.033277 161 165 158
0.448117 0.047438 0.065201 148 176 171
0.443561 0.043670 0.083774 191 200 196
0.442299 0.045943 0.097272 156 187 184
0.441055 0.046415 0.103669 196 202 200
0.442471 0.056167 -0.004091 95 177 169
0.443239 0.053682 0.005019 74 158 148
0.442336 0.053986 0.014403 84 154 145
0.444191 0.056018 0.024462 47 154 144
0.442275 0.056559 0.076605 167 172 167
0.443983 0.055070 0.085435 180 181 177
0.444602 0.057505 0.096380 188 188 184
0.442926 0.056886 0.106228 188 188 183
0.441049 0.056296 0.112297 203 202 198
0.444915 0.063919 -0.004970 38 149 142
0.444697 0.065726 0.005924 109 175 168
0.443278 0.066816 0.015402 131 172 164
0.442802 0.065168 0.022587 145 175 166
0.444548 0.065838 0.043991 144 144 134
0.443916 0.068156 0.055019 126 149 141
0.445052 0.066305 0.064706 162 164 157
0.445002 0.065398 0.074682 167 170 163
0.448057 0.064713 0.085631 169 169 163
0.446128 0.064211 0.095636 158 168 162
0.444129 0.062954 0.104672 193 195 190
0.446753 0.076229 -0.003016 75 149 142
0.446659 0.076249 0.006201 75 145 136
0.446261 0.076081 0.015159 84 153 142
0.444455 0.075012 0.025700 143 156 145
0.444782 0.075422 0.033405 160 160 148
0.443505 0.075117 0.044392 168 173 164
0.444445 0.073411 0.053891 167 172 166
0.446042 0.073170 0.065060 182 186 181
0.443964 0.075199 0.075678 172 183 177
0.444298 0.075078 0.083118 170 172 166
0.447312 0.072445 0.094429 210 208 204
0.448279 0.080449 -0.002252 86 154 148
0.445452 0.080420 0.003976 58 148 141
0.446072 0.081902 0.016869 28 147 137
0.445739 0.082746 0.026608 109 150 139
0.446843 0.084806 0.034502 134 146 133
0.446766 0.085861 0.045015 169 176 166
0.444853 0.086093 0.054651 170 182 172
0.443985 0.082795 0.063827 145 182 178
0.443019 0.083993 0.077009 167 171 168
0.441300 0.084061 0.082921 165 167 165
0.442198 0.097942 0.026632 142 164 154
0.446153 0.093070 0.036113 138 146 137
0.446851 0.092792 0.045787 154 165 158
0.445409 0.093522 0.052867 148 163 157
0.443224 0.097853 0.077562 175 177 169
0.441820 0.097197 0.085368 163 177 172
0.441089 0.095722 0.093026 180 184 180
0.442357 0.104834 0.026304 139 163 154
0.443595 0.105871 0.034790 164 170 163
0.444046 0.106994 0.044434 174 170 162
0.445114 0.107013 0.054809 160 159 148
0.446539 0.106131 0.066242 168 170 163
0.444217 0.105494 0.074064 169 179 171
0.441771 0.104698 0.083590 171 186 179
0.441471 0.102650 0.092342 196 200 195
0.445894 0.116605 -0.002865 127 186 176
0.444433 0.116819 0.004363 140 184 178
0.446811 0.116643 0.015417 100 156 145
0.445870 0.115308 0.025774 159 161 150
0.445839 0.114942 0.034689 164 165 156
0.445045 0.115013 0.044923 142 164 156
0.446250 0.113315 0.053966 156 166 159
0.445633 0.112589 0.064584 158 172 166
0.444488 0.112274 0.074419 180 188 183
0.441628 0.112896 0.082366 193 195 192
0.448574 0.125286 -0.002452 153 177 170
0.447352 0.125748 0.004780 96 155 149
0.445360 0.123436 0.013483 80 147 138
0.446689 0.124310 0.035052 174 173 168
0.444882 0.122892 0.043424 130 167 158
0.442095 0.127967 0.086192 153 154 145
0.441098 0.126529 0.092772 172 172 165
0.448805 0.135622 -0.013277 35 156 150
0.446446 0.135470 -0.005449 84 159 150
0.444110 0.134711 0.004987 124 159 150
0.442520 0.133861 0.014806 145 152 144
0.442968 0.134256 0.023833 167 169 162
0.443790 0.136050 0.034880 161 182 174
0.447253 0.138871 0.056979 192 188 182
0.446205 0.135916 0.065629 176 175 168
0.444820 0.134415 0.073996 158 158 150
0.443175 0.132355 0.083543 173 173 165
0.446793 0.143317 -0.004258 77 166 160
0.444109 0.145814 0.005089 146 173 166
0.444715 0.147309 0.014933 181 192 186
0.444729 0.144189 0.023863 173 198 192
0.443501 0.143742 0.033178 206 197 188
0.448607 0.155925 -0.002526 80 138 134
0.447217 0.154100 0.007240 167 176 168
0.443509 0.155854 0.015740 177 176 167
0.443784 0.158671 0.021577 178 174 164
0.443456 0.166232 0.008102 149 150 140
0.444449 0.163906 0.016344 171 166 155
0.444774 0.165684 0.024230 175 170 158
0.446363 0.167368 0.035271 188 182 175
0.442688 0.166045 0.043668 196 190 182
0.441294 0.175046 0.006841 148 136 126
0.443625 0.175110 0.014495 146 136 125
0.444936 0.173109 0.025335 159 149 137
0.447121 0.174856 0.035451 180 172 163
0.446343 0.176791 0.042332 170 162 152
0.448474 0.177312 0.055851 172 166 159
0.447282 0.176996 0.062869 184 179 172
0.443630 0.183667 0.014763 144 135 125
0.444737 0.185267 0.025810 159 150 141
0.445693 0.184354 0.035418 164 153 144
0.446230 0.184522 0.044015 174 164 155
0.445777 0.185723 0.054039 176 167 157
0.443769 0.183805 0.064050 181 171 163
0.443221 0.195704 0.015693 164 150 144
0.444663 0.194458 0.024719 158 144 136
0.445602 0.194414 0.035450 161 149 140
0.446262 0.196014 0.046395 175 163 153
0.447343 0.196030 0.053779 178 167 156
0.444926 0.194341 0.063864 179 168 157
0.448401 0.196929 0.074926 196 189 184
0.446785 0.195026 0.085581 200 197 194
0.442849 0.195949 0.096366 220 217 215
0.445079 0.205260 0.037216 174 160 148
0.445330 0.204501 0.044524 182 168 157
0.445694 0.204835 0.055119 187 174 163
0.446043 0.206581 0.064593 187 174 162
0.447578 0.207129 0.074787 192 183 174
0.446073 0.206180 0.084093 194 184 177
0.443077 0.204428 0.095485 224 218 213
0.442190 0.206626 0.102203 247 239 232
0.441228 0.212579 0.026136 144 136 128
0.443434 0.215049 0.037116 159 151 143
0.443556 0.214851 0.044407 160 153 145
0.442278 0.213951 0.054365 167 161 151
0.442297 0.214502 0.065727 166 165 155
0.443940 0.215170 0.075380 163 162 153
0.445459 0.216402 0.085147 189 184 175
0.444538 0.215848 0.094189 226 223 217
0.442611 0.211351 0.101155 244 236 227
0.443693 0.229285 0.004861 157 170 166
0.444862 0.228445 0.016133 156 176 172
0.443201 0.225170 0.025185 147 164 159
0.441211 0.223873 0.035672 114 156 149
0.447647 0.222384 0.047165 148 161 158
0.445732 0.221729 0.055327 130 156 152
0.442792 0.225123 0.064802 158 172 168
0.443474 0.223799 0.075960 156 159 149
0.444593 0.224326 0.084799 172 166 158
0.444801 0.223921 0.093520 205 199 192
0.441473 0.231111 -0.004409 109 162 155
0.441401 0.230859 0.003257 124 168 164
0.441705 0.230736 0.012176 109 170 168
0.445842 0.233125 0.038801 161 172 167
0.441499 0.232670 0.066254 145 171 162
0.440929 0.231364 0.074403 167 171 159
0.444318 0.234093 0.086807 204 196 186
0.444854 0.232307 0.091377 208 202 192
0.442378 0.245813 0.076137 230 225 214
0.444138 0.254561 -0.016474 31 172 168
0.441239 0.254897 0.005132 104 184 180
0.444914 0.296662 -0.014334 15 180 174
0.445156 0.305207 -0.015199 15 182 176
0.444896 0.314906 -0.015344 16 182 176
0.444989 0.325009 -0.015768 16 183 176
0.445006 0.335120 -0.015999 16 183 176
0.445027 0.344931 -0.015528 16 182 176
0.445104 0.354908 -0.015437 16 182 176
0.444841 0.365021 -0.015656 14 180 174
0.444951 0.374933 -0.014804 15 180 174
0.444140 0.387487 -0.021369 4 161 158
0.445821 0.383927 -0.014216 12 176 170
0.445063 0.393821 -0.024073 19 148 146
0.445484 0.394811 -0.015087 35 158 153
0.443756 0.404664 -0.024668 124 126 126
0.444867 0.403856 -0.013855 122 128 129
0.445026 0.417367 -0.033134 130 129 128
0.455095 -0.543342 -0.065175 2 143 130
0.455156 -0.534849 -0.064043 2 142 130
0.455431 -0.525406 -0.063265 2 144 131
0.456475 -0.516260 -0.061901 1 142 130
0.454826 -0.494492 -0.057318 3 146 134
0.454686 -0.484964 -0.056597 2 146 134
0.455020 -0.474936 -0.055752 4 148 136
0.454806 -0.464948 -0.055157 4 148 138
0.454906 -0.454876 -0.053938 3 148 137
0.454827 -0.444942 -0.053352 4 148 140
0.455196 -0.435311 -0.052337 3 148 138
0.453344 -0.425526 -0.051035 4 150 139
0.455369 -0.414503 -0.047914 4 151 142
0.455022 -0.405024 -0.047544 3 152 142
0.454995 -0.395019 -0.046036 4 152 144
0.455347 -0.386159 -0.042321 2 150 140
0.455225 -0.374623 -0.037440 4 154 146
0.455069 -0.364927 -0.034216 4 156 146
0.455663 -0.356684 -0.031970 4 158 148
0.454774 -0.343742 -0.027735 6 160 150
0.455021 -0.335031 -0.026688 6 158 150
0.455042 -0.324987 -0.025125 5 158 149
0.454958 -0.315124 -0.023707 5 158 150
0.455600 -0.306745 -0.021295 6 160 152
0.456308 -0.293342 -0.021175 9 163 151
0.456297 -0.293538 -0.019084 8 160 146
0.453869 -0.284545 -0.021257 8 162 151
0.453103 -0.283916 -0.019160 7 158 143
0.455047 -0.277355 -0.021032 6 160 146
0.455358 -0.273510 -0.018243 4 156 145
0.455143 -0.265077 -0.016363 3 155 143
0.455326 -0.255473 -0.014281 3 154 144
0.456021 -0.253802 -0.005581 4 150 136
0.454999 -0.245008 -0.013844 2 154 149
0.457782 -0.245899 -0.002711 5 151 138
0.454511 -0.243453 0.004059 4 150 136
0.455028 -0.234991 -0.012808 4 156 150
0.459348 -0.237590 -0.000898 6 152 140
0.456924 -0.235309 0.004935 4 151 139
0.453058 -0.234041 0.013980 4 150 138
0.451148 -0.230666 0.020906 4 148 136
0.454990 -0.225185 -0.011332 4 154 148
0.454340 -0.221468 -0.009724 5 158 152
0.458553 -0.225795 0.006143 5 151 139
0.455322 -0.225148 0.014418 5 150 138
0.451800 -0.224701 0.023119 4 146 134
0.456809 -0.215064 -0.010497 7 159 151
0.456796 -0.213878 -0.007713 7 159 151
0.458427 -0.217456 0.007018 8 156 143
0.456626 -0.215017 0.014653 7 153 141
0.452699 -0.215193 0.025211 4 145 134
0.457845 -0.205250 -0.011466 5 159 150
0.454388 -0.205139 -0.007316 6 153 146
0.452988 -0.203447 0.002974 18 154 148
0.456513 -0.205801 0.014708 20 143 134
0.454445 -0.205109 0.022302 30 146 138
0.457325 -0.195612 -0.013463 4 150 141
0.454745 -0.196074 -0.006065 15 153 146
0.451949 -0.194237 0.004296 34 155 149
0.454236 -0.195442 0.015603 36 154 146
0.452215 -0.194246 0.024400 51 151 144
0.451542 -0.194472 0.034396 108 163 156
0.458839 -0.188028 -0.002805 7 158 154
0.456607 -0.185720 0.004743 6 156 152
0.454202 -0.185106 0.013688 6 148 146
0.454579 -0.183804 0.024255 30 140 134
0.459673 -0.175190 -0.001309 86 174 166
0.458940 -0.174261 0.004913 102 168 162
0.457426 -0.174440 0.014644 102 172 167
0.454429 -0.174889 0.024528 130 182 178
0.457465 -0.166066 0.006692 148 184 178
0.456898 -0.165771 0.015562 150 187 180
0.455977 -0.165523 0.024715 172 194 187
0.456225 -0.152923 -0.022017 3 152 140
0.454583 -0.157166 0.013878 184 186 178
0.455201 -0.144709 -0.021766 7 160 151
0.455077 -0.135019 -0.022462 6 162 152
0.454877 -0.124958 -0.022496 8 164 154
0.458377 -0.121276 -0.011933 131 195 192
0.456067 -0.124008 -0.005561 186 216 210
0.452684 -0.125571 0.003014 207 222 215
0.454965 -0.115116 -0.023203 10 166 156
0.455818 -0.114043 -0.015122 68 194 186
0.454929 -0.105037 -0.023237 10 167 156
0.455108 -0.104970 -0.017237 24 189 180
0.455579 -0.094129 -0.022015 15 175 167
0.454850 -0.095122 -0.017878 22 190 182
0.455078 -0.084677 -0.021628 16 177 169
0.455628 -0.084546 -0.018553 16 179 171
0.455023 -0.074973 -0.021744 18 178 172
0.453662 -0.076245 -0.018871 18 180 172
0.455543 -0.065106 -0.021786 16 176 169
0.453188 -0.064708 -0.017848 16 179 171
0.455846 -0.055950 -0.021546 8 169 161
0.456016 -0.054066 -0.017875 11 174 168
0.453482 -0.045126 -0.021353 12 174 168
0.456217 -0.045294 -0.017170 17 180 174
0.456462 -0.035069 -0.021548 16 178 171
0.456781 -0.036353 -0.018139 17 181 176
0.456296 -0.025390 -0.021146 14 174 168
0.457220 -0.023575 -0.018199 14 175 169
0.455649 -0.015094 -0.016749 10 170 164
0.452968 -0.013521 -0.006438 5 157 150
0.456797 -0.006268 -0.014951 6 163 156
0.456652 -0.005108 -0.005837 4 156 150
0.453596 -0.004198 0.003392 4 156 150
0.453850 -0.002571 0.014242 10 148 142
0.455101 0.005018 -0.015658 5 163 155
0.459182 0.001678 -0.003533 7 154 148
0.456093 0.003206 0.005256 10 150 144
0.456955 0.005539 0.014916 42 148 142
0.455483 0.004032 0.021304 64 148 136
0.455006 0.014956 -0.012878 2 159 152
0.457297 0.013176 0.016623 96 166 160
0.455340 0.016341 0.025273 94 159 151
0.454588 0.015513 0.032358 104 166 162
0.454828 0.021553 -0.010623 1 156 148
0.456663 0.026524 -0.005625 28 162 156
0.455980 0.026252 0.004442 108 174 164
0.452596 0.026296 0.014864 145 174 165
0.452692 0.023461 0.024423 113 160 150
0.455231 0.034427 -0.006355 10 161 157
0.456483 0.034379 0.004732 26 160 155
0.455549 0.035084 0.014250 51 160 153
0.453667 0.037418 0.025882 82 156 148
0.452757 0.038040 0.033529 122 169 160
0.454437 0.043278 -0.004248 12 158 154
0.454956 0.044769 0.005230 52 163 158
0.455031 0.045116 0.014842 80 166 161
0.453094 0.043783 0.023437 105 167 161
0.455667 0.046474 0.044722 154 162 151
0.453473 0.046361 0.055946 156 163 152
0.452227 0.045971 0.064376 179 182 174
0.451241 0.044337 0.071824 182 187 178
0.457059 0.054824 -0.004397 44 169 164
0.456232 0.053443 0.004540 110 171 165
0.456962 0.052485 0.017117 103 166 160
0.453736 0.053888 0.045838 160 160 152
0.452739 0.052830 0.054453 154 154 143
0.453419 0.065022 -0.005914 8 154 146
0.455341 0.066141 0.005153 63 160 156
0.454669 0.064602 0.012930 89 164 160
0.453339 0.067362 0.024132 118 177 166
0.452993 0.065647 0.035684 167 175 167
0.454048 0.065632 0.044555 188 184 175
0.452847 0.065415 0.074734 170 172 168
0.451335 0.065751 0.084797 176 178 174
0.450319 0.066330 0.092490 187 187 184
0.455984 0.075019 -0.005135 98 174 169
0.454697 0.073993 0.005818 48 159 152
0.453350 0.074550 0.014541 56 158 149
0.452793 0.076459 0.024570 126 167 158
0.452756 0.076862 0.035570 171 169 160
0.454540 0.075516 0.043134 159 158 151
0.452260 0.075605 0.053793 164 167 161
0.454222 0.075474 0.066195 162 165 157
0.453186 0.073909 0.074025 170 174 166
0.452308 0.071661 0.082884 176 178 172
0.457875 0.087058 -0.002900 142 186 181
0.457932 0.086373 0.006851 109 170 163
0.457515 0.085110 0.016284 136 175 168
0.456137 0.084372 0.024977 151 166 158
0.454240 0.083747 0.034260 152 160 152
0.455218 0.083258 0.043251 165 170 164
0.458354 0.093172 0.006782 104 166 160
0.456582 0.091658 0.013714 111 163 157
0.456555 0.093954 0.023817 133 156 151
0.458705 0.104679 -0.003001 19 148 144
0.457600 0.105049 0.004454 76 166 164
0.455880 0.104037 0.013970 122 179 178
0.451413 0.107799 0.035883 194 201 196
0.450955 0.106603 0.043623 194 200 194
0.459214 0.117917 -0.012119 42 164 162
0.455243 0.117249 -0.003539 129 195 190
0.455155 0.115542 0.004260 141 191 185
0.453818 0.115799 0.015779 161 181 173
0.452318 0.114990 0.024853 170 172 165
0.452054 0.114213 0.033842 186 185 177
0.452828 0.115882 0.045462 182 180 172
0.451718 0.114156 0.054586 161 160 151
0.456939 0.125997 -0.016069 34 162 156
0.454148 0.124121 -0.004339 97 171 163
0.454303 0.123257 0.004951 70 156 148
0.454230 0.121970 0.013990 93 153 143
0.453397 0.120650 0.024575 105 147 138
0.456047 0.124189 0.036168 176 186 177
0.457226 0.133920 -0.020961 9 162 157
0.453654 0.134078 -0.018036 20 160 154
0.451125 0.135183 0.034717 138 186 180
0.454020 0.143562 -0.015184 10 160 156
0.454732 0.147633 0.016388 166 191 187
0.452602 0.144947 0.023816 141 181 175
0.452487 0.146546 0.046357 184 182 176
0.450904 0.143529 0.053662 160 160 152
0.450589 0.142882 0.061468 166 161 154
0.454073 0.157626 -0.004880 109 156 152
0.453540 0.154631 0.005790 149 184 181
0.454282 0.154155 0.013379 152 182 175
0.455773 0.154261 0.024302 142 168 157
0.455968 0.156722 0.033917 163 167 159
0.458439 0.162681 -0.011221 22 154 147
0.455681 0.162942 -0.004683 16 134 130
0.454090 0.164270 0.005363 78 162 158
0.452738 0.165613 0.015311 136 179 172
0.454738 0.166025 0.025085 176 180 173
0.454690 0.165138 0.033987 169 169 162
0.453955 0.167982 0.042546 172 172 164
0.453440 0.168467 0.056351 190 193 189
0.453223 0.168462 0.060246 203 202 200
0.457099 0.176345 0.017134 176 194 188
0.454680 0.175587 0.025874 190 192 186
0.452425 0.175060 0.035887 185 179 172
0.453261 0.175791 0.044691 183 178 171
0.454506 0.175693 0.054083 181 178 172
0.455133 0.176282 0.063803 208 206 204
0.457603 0.183888 0.036419 204 202 194
0.455404 0.183510 0.045872 196 190 182
0.455587 0.185832 0.054537 180 174 164
0.456891 0.186950 0.064751 197 193 188
0.455596 0.187127 0.073257 210 210 203
0.450709 0.194664 0.046703 190 178 168
0.453795 0.195133 0.056149 186 178 168
0.455233 0.194373 0.065779 200 194 187
0.453531 0.196277 0.073069 212 206 200
0.450543 0.195752 0.081231 202 199 197
0.453566 0.202465 0.056797 187 179 172
0.454853 0.203470 0.066858 197 192 186
0.453113 0.204450 0.074329 204 198 193
0.451624 0.206561 0.081677 196 191 186
0.457316 0.218976 0.028952 98 111 106
0.455801 0.218539 0.035204 124 132 128
0.455483 0.217696 0.044991 144 148 144
0.455253 0.217184 0.053926 164 168 164
0.457760 0.215904 0.067165 173 174 170
0.455711 0.216493 0.075608 179 176 171
0.453377 0.216408 0.084305 201 197 190
0.451241 0.216435 0.091376 226 224 218
0.456826 0.220654 0.027050 110 126 121
0.454691 0.221115 0.034786 119 128 124
0.453471 0.221092 0.044136 129 140 138
0.456245 0.220674 0.055376 128 142 140
0.457298 0.222471 0.066414 145 145 138
0.456258 0.223991 0.075332 161 157 151
0.454932 0.223141 0.085385 176 172 165
0.453144 0.223095 0.091835 218 215 208
0.457782 0.230888 0.074374 141 134 124
0.456078 0.232932 0.086509 170 172 164
0.454963 0.232477 0.091874 210 210 202
0.455677 0.253922 -0.016506 19 170 166
0.456593 0.274614 -0.018476 12 173 168
0.454728 0.296251 -0.014233 18 180 175
0.455059 0.304964 -0.015484 15 182 176
0.455161 0.315008 -0.015838 15 182 175
0.455029 0.324887 -0.015743 16 182 176
0.455005 0.334918 -0.015801 15 182 176
0.455081 0.345006 -0.015505 16 182 176
0.455030 0.355173 -0.015698 16 182 176
0.455175 0.366462 -0.021639 10 170 165
0.454816 0.364914 -0.015978 14 178 172
0.456283 0.373373 -0.021198 12 171 166
0.456495 0.375875 -0.016995 14 173 168
0.454967 0.384195 -0.014443 12 176 170
0.455103 0.394187 -0.024230 18 150 148
0.454397 0.393938 -0.015413 18 163 158
0.455717 0.404537 -0.023071 122 127 126
0.452731 0.405809 -0.014825 106 130 130
0.452335 0.412754 -0.025055 132 128 130
0.465136 -0.543535 -0.067195 3 136 126
0.465051 -0.534834 -0.066098 2 136 126
0.464861 -0.524909 -0.064506 2 142 130
0.465436 -0.515336 -0.063240 2 142 130
0.466555 -0.505647 -0.062616 2 144 132
0.466824 -0.496641 -0.061645 3 145 134
0.463117 -0.482964 -0.058150 3 145 134
0.463810 -0.474705 -0.057077 4 146 136
0.464437 -0.464693 -0.056951 3 146 136
0.464940 -0.454965 -0.055736 2 146 136
0.464868 -0.445060 -0.054218 2 146 136
0.464987 -0.435667 -0.052080 3 148 138
0.464251 -0.426672 -0.050775 4 150 140
0.464127 -0.422531 -0.049245 6 152 142
0.464871 -0.414568 -0.048155 5 152 143
0.464917 -0.404824 -0.047038 5 152 144
0.464938 -0.395012 -0.045755 4 152 144
0.465029 -0.386284 -0.042238 4 151 143
0.464893 -0.374070 -0.038052 6 156 148
0.465064 -0.365012 -0.035028 6 156 148
0.465402 -0.355636 -0.032557 7 158 149
0.467195 -0.346908 -0.031271 6 156 149
0.462997 -0.344079 -0.028720 8 160 151
0.463332 -0.334548 -0.027946 6 158 150
0.464681 -0.324937 -0.026658 5 156 147
0.464830 -0.314973 -0.024776 4 156 148
0.465497 -0.305368 -0.022612 7 160 150
0.464600 -0.292942 -0.021820 9 161 149
0.465163 -0.286557 -0.021277 9 162 150
0.463668 -0.283205 -0.018848 6 156 142
0.466325 -0.276852 -0.021260 7 157 145
0.464758 -0.273346 -0.017534 6 156 146
0.469567 -0.267390 -0.020345 6 150 136
0.464964 -0.265097 -0.016287 6 156 146
0.465435 -0.255120 -0.014828 6 155 144
0.466126 -0.245183 -0.013517 6 154 145
0.462800 -0.244817 -0.007040 6 152 140
0.466372 -0.235176 -0.013345 6 156 146
0.463276 -0.235246 -0.005406 5 152 139
0.460622 -0.231161 0.000694 4 150 137
0.466331 -0.225279 -0.012326 8 156 147
0.464894 -0.224135 -0.006331 10 157 147
0.461116 -0.224539 0.001755 8 154 141
0.466244 -0.214903 -0.012055 11 160 152
0.463188 -0.215439 -0.007748 11 162 152
0.465760 -0.205518 -0.012685 9 157 149
0.463895 -0.206087 -0.008386 9 160 153
0.464470 -0.195860 -0.013663 10 161 155
0.464404 -0.195748 -0.007709 9 157 149
0.467985 -0.183939 -0.012070 27 151 145
0.464555 -0.184985 -0.006700 35 159 154
0.463037 -0.183592 0.002698 48 162 158
0.467278 -0.173562 -0.022812 8 150 141
0.467656 -0.175255 -0.013064 20 159 153
0.464245 -0.174853 -0.005860 60 174 167
0.461546 -0.174496 0.003477 71 171 166
0.460921 -0.174489 0.010664 100 178 174
0.466960 -0.164814 -0.022908 12 157 148
0.467716 -0.165278 -0.013330 16 163 156
0.464771 -0.166553 -0.007026 60 175 170
0.462243 -0.165223 0.004065 40 160 156
0.465697 -0.154406 -0.023087 7 156 146
0.467412 -0.156655 -0.013350 17 168 160
0.467581 -0.155135 -0.005228 22 172 168
0.463675 -0.155050 0.004542 82 170 165
0.461208 -0.154301 0.014307 124 178 172
0.464908 -0.145028 -0.022689 9 162 152
0.468394 -0.145416 -0.004814 70 178 172
0.465229 -0.145558 0.003824 108 187 183
0.462020 -0.145849 0.013061 128 188 182
0.464825 -0.134976 -0.022740 9 161 152
0.467191 -0.134034 -0.014621 91 179 171
0.465563 -0.134616 -0.005947 176 210 206
0.463505 -0.137892 0.002844 206 214 208
0.464584 -0.124887 -0.022469 10 164 154
0.465584 -0.123919 -0.015915 43 176 170
0.462160 -0.128255 -0.008442 153 188 182
0.464921 -0.114946 -0.022893 11 166 156
0.464972 -0.114894 -0.015695 28 186 180
0.464864 -0.105095 -0.023569 12 167 158
0.464882 -0.105033 -0.016755 24 188 181
0.464020 -0.094042 -0.022206 15 175 166
0.466362 -0.094279 -0.016632 17 172 167
0.465018 -0.084934 -0.021795 16 174 167
0.464922 -0.084512 -0.017244 16 169 163
0.465209 -0.074478 -0.021769 18 176 169
0.465060 -0.076652 -0.016885 14 169 163
0.464720 -0.065327 -0.021764 17 177 170
0.466111 -0.064299 -0.016795 16 170 164
0.464491 -0.055578 -0.021651 13 172 165
0.463401 -0.053642 -0.018084 16 179 173
0.466976 -0.046362 -0.021249 14 173 167
0.463717 -0.045145 -0.017690 16 179 174
0.464890 -0.034642 -0.021852 16 177 171
0.463514 -0.036912 -0.018774 17 181 175
0.465618 -0.025251 -0.021619 16 175 169
0.462929 -0.024400 -0.018774 15 175 171
0.466888 -0.016118 -0.021372 15 173 167
0.463455 -0.014350 -0.018095 12 172 166
0.468602 -0.005701 -0.021271 10 161 156
0.464454 -0.005018 -0.016672 10 166 160
0.463231 -0.004065 -0.004648 8 148 144
0.469530 0.001175 -0.020884 8 158 154
0.465850 0.004562 -0.015127 7 162 158
0.462503 0.005042 -0.006835 6 155 150
0.466698 0.014114 -0.012909 6 160 156
0.465859 0.015373 -0.006683 26 156 152
0.466505 0.022916 -0.011356 9 166 160
0.465433 0.024852 -0.006888 15 163 159
0.468880 0.026403 0.006271 18 130 126
0.466187 0.035321 -0.011289 13 169 164
0.465807 0.035464 -0.006111 11 162 157
0.465687 0.035979 0.004995 55 165 162
0.468076 0.045973 -0.010783 25 168 163
0.466726 0.045072 -0.006272 33 168 165
0.465069 0.045920 0.002784 51 167 163
0.462623 0.045793 0.014015 118 188 188
0.468237 0.053886 -0.011946 15 163 159
0.466639 0.054192 -0.005524 40 165 160
0.462397 0.053947 0.002542 110 178 172
0.461568 0.052429 0.014711 146 184 179
0.467151 0.065962 -0.012235 16 169 166
0.463844 0.064850 -0.007184 25 167 163
0.463488 0.065907 0.002153 67 157 154
0.467773 0.074661 -0.012337 16 170 166
0.465534 0.075336 -0.005368 38 162 160
0.463626 0.076010 0.003750 28 159 157
0.465058 0.077213 0.016074 144 182 177
0.460644 0.075886 0.042246 167 168 164
0.468160 0.086047 -0.013030 10 159 157
0.466202 0.086038 -0.004997 58 162 157
0.463491 0.086173 0.004001 67 161 155
0.462785 0.087127 0.013141 85 151 142
0.462883 0.083687 0.023936 122 159 150
0.461406 0.085930 0.035899 116 152 144
0.469176 0.095857 -0.021126 3 148 147
0.467669 0.095046 -0.013316 18 159 155
0.465340 0.094373 -0.005479 26 157 152
0.464167 0.093997 0.003915 40 149 142
0.463688 0.094755 0.013215 46 147 139
0.468776 0.104671 -0.021048 6 156 152
0.464923 0.104833 -0.016662 8 162 157
0.465205 0.103172 -0.005760 16 158 154
0.467153 0.103747 0.004780 69 158 154
0.467249 0.104564 0.014386 131 178 176
0.468034 0.115791 -0.021363 6 158 154
0.463495 0.114789 -0.016785 10 164 158
0.466376 0.115700 -0.003282 139 186 182
0.465601 0.116193 0.004273 206 208 205
0.465661 0.113113 0.012748 205 204 200
0.466708 0.125463 -0.021815 8 162 156
0.464171 0.125296 -0.016141 50 168 163
0.465173 0.125981 -0.004922 92 181 174
0.462619 0.125601 0.003308 83 174 166
0.460791 0.127798 0.026302 196 200 194
0.465195 0.134354 -0.021574 8 162 158
0.464784 0.133684 -0.016879 11 164 159
0.468231 0.132987 -0.004168 28 167 160
0.466419 0.134228 0.004726 74 169 164
0.464234 0.135676 0.014882 157 181 174
0.467770 0.146075 -0.003037 87 177 172
0.466510 0.145882 0.004562 129 182 178
0.463999 0.145081 0.012891 180 184 182
0.465298 0.158369 -0.015361 100 176 174
0.466399 0.156413 -0.004033 186 198 196
0.465065 0.153233 0.005434 126 180 175
0.463259 0.155470 0.014611 90 162 155
0.461678 0.155780 0.022278 121 165 160
0.465387 0.163746 -0.014670 32 161 156
0.466684 0.163982 -0.004641 18 162 158
0.466204 0.165031 0.005048 85 169 164
0.463349 0.165660 0.014467 125 168 163
0.461257 0.166282 0.022941 145 165 161
0.463620 0.165617 0.034405 94 170 167
0.465613 0.175554 -0.003355 34 151 147
0.466287 0.174981 0.005538 88 170 165
0.463889 0.174668 0.014399 102 157 153
0.461855 0.173311 0.023706 138 165 160
0.461899 0.175496 0.035395 150 192 188
0.464514 0.176637 0.045340 197 208 205
0.463206 0.175796 0.055707 210 211 209
0.460673 0.177449 0.060887 212 211 210
0.468217 0.183964 -0.002670 110 179 176
0.466147 0.184336 0.004613 90 168 163
0.464465 0.185039 0.013683 95 148 142
0.463014 0.187121 0.026246 151 183 176
0.464596 0.186349 0.036389 189 201 194
0.464877 0.185829 0.045560 192 196 190
0.463239 0.185956 0.055480 184 184 178
0.461601 0.186603 0.062413 203 203 199
0.467239 0.195198 0.005211 90 157 149
0.465432 0.195629 0.015314 106 160 154
0.466917 0.194848 0.026741 125 171 167
0.467224 0.195404 0.036292 158 185 180
0.466257 0.194064 0.045339 167 178 172
0.465026 0.193699 0.055704 188 191 186
0.462778 0.193443 0.063300 214 215 212
0.469246 0.202421 0.004405 81 162 158
0.468864 0.204860 0.025391 108 168 166
0.468262 0.202616 0.032663 121 173 170
0.464852 0.204421 0.047597 185 188 185
0.465409 0.203912 0.055377 205 205 202
0.463870 0.204773 0.064579 171 196 193
0.463900 0.207405 0.071932 116 168 165
0.466565 0.214908 0.023789 118 138 136
0.465322 0.215949 0.035346 141 168 166
0.467776 0.217127 0.047530 183 191 188
0.466259 0.216628 0.055778 182 188 184
0.463724 0.216924 0.064744 178 180 174
0.462814 0.217945 0.073110 169 173 168
0.462085 0.218303 0.083469 178 183 180
0.467265 0.222661 0.047521 180 186 182
0.466593 0.223011 0.056826 178 180 176
0.465418 0.222893 0.065596 163 163 159
0.464841 0.223731 0.074825 161 159 153
0.464489 0.224604 0.083422 177 178 173
0.464924 0.234325 0.077058 174 175 168
0.464999 0.232550 0.084852 204 201 196
0.464697 0.245168 -0.016343 28 175 172
0.463726 0.243300 0.077260 158 172 164
0.467585 0.257023 -0.021559 10 169 166
0.463117 0.253446 -0.017678 12 173 170
0.467035 0.265061 -0.021854 8 166 164
0.466947 0.276108 -0.021872 7 166 161
0.467194 0.285085 -0.021901 8 167 164
0.467192 0.296116 -0.022289 8 167 164
0.464816 0.295839 -0.015006 16 180 174
0.467134 0.304862 -0.021588 8 166 164
0.464670 0.305068 -0.016209 16 182 176
0.466981 0.314810 -0.021849 9 168 164
0.464566 0.315066 -0.016373 16 182 176
0.464869 0.324856 -0.015994 16 181 176
0.467272 0.334957 -0.022011 8 166 162
0.464879 0.335118 -0.016499 17 182 176
0.464904 0.344863 -0.015698 18 182 176
0.465010 0.355058 -0.015474 18 182 176
0.467282 0.366529 -0.022057 14 174 169
0.464866 0.365105 -0.016054 16 180 174
0.466915 0.374391 -0.021196 16 173 168
0.463347 0.376161 -0.016965 16 174 170
0.466472 0.386726 -0.021651 18 164 160
0.464145 0.382803 -0.016159 12 171 166
0.464225 0.393616 -0.024874 8 159 154
0.463836 0.393921 -0.015571 20 165 160
0.464209 0.404738 -0.024564 105 138 138
0.476880 -0.544043 -0.071455 12 124 116
0.473629 -0.543799 -0.067577 4 127 118
0.479073 -0.536989 -0.070929 12 128 120
0.473686 -0.534944 -0.065776 3 128 120
0.473802 -0.525044 -0.065115 5 134 125
0.473376 -0.515102 -0.064935 5 138 129
0.473872 -0.505152 -0.064425 4 140 130
0.474839 -0.494542 -0.063956 4 142 131
0.475734 -0.485587 -0.063392 4 143 132
0.476672 -0.474938 -0.062619 3 142 132
0.476841 -0.466524 -0.062057 2 142 132
0.473745 -0.454384 -0.056621 4 144 134
0.474384 -0.445019 -0.055880 4 145 136
0.474751 -0.434936 -0.053101 6 148 138
0.476369 -0.425274 -0.051579 10 152 144
0.478002 -0.417295 -0.051017 12 154 144
0.473770 -0.414513 -0.048795 8 154 144
0.474269 -0.404894 -0.047764 6 153 145
0.474655 -0.394985 -0.045466 8 154 146
0.475053 -0.385637 -0.042889 8 154 147
0.477006 -0.375497 -0.042034 10 157 150
0.472788 -0.373177 -0.038810 7 155 147
0.478265 -0.366093 -0.042050 4 150 142
0.473296 -0.364846 -0.037138 8 156 148
0.473980 -0.354840 -0.035436 8 153 146
0.474340 -0.344966 -0.034273 5 150 144
0.475913 -0.335307 -0.033934 3 147 140
0.477196 -0.326279 -0.031977 2 146 140
0.472835 -0.323418 -0.028352 4 151 143
0.473371 -0.314687 -0.027816 3 151 144
0.473807 -0.305045 -0.025707 4 152 145
0.478019 -0.293759 -0.034262 2 136 128
0.473927 -0.293972 -0.025529 8 155 144
0.477664 -0.284889 -0.033834 0 135 125
0.473761 -0.284142 -0.025137 6 148 138
0.477834 -0.275314 -0.032827 0 133 125
0.474114 -0.275219 -0.024543 6 148 139
0.470993 -0.272344 -0.019124 8 160 149
0.478618 -0.265696 -0.032373 1 132 125
0.475098 -0.265014 -0.023806 3 145 136
0.471474 -0.264641 -0.018816 9 160 149
0.475835 -0.255120 -0.023955 3 139 132
0.471619 -0.255060 -0.018099 7 152 142
0.476431 -0.245127 -0.024522 3 139 133
0.471674 -0.244100 -0.017316 6 153 144
0.476299 -0.235068 -0.024283 4 141 134
0.471850 -0.235403 -0.017354 6 153 143
0.476638 -0.225223 -0.024449 4 142 135
0.472731 -0.224837 -0.015563 8 157 146
0.476411 -0.214764 -0.024440 3 142 134
0.472639 -0.215045 -0.016001 11 158 150
0.476165 -0.205081 -0.024397 4 140 132
0.472688 -0.205015 -0.016548 8 153 145
0.476316 -0.194881 -0.024466 4 138 132
0.472924 -0.194887 -0.015991 9 153 145
0.477919 -0.185766 -0.031952 1 128 120
0.475879 -0.184717 -0.024996 2 137 130
0.472477 -0.185318 -0.016267 9 147 140
0.477744 -0.174522 -0.031378 1 131 122
0.475658 -0.174676 -0.024873 2 141 134
0.472082 -0.176056 -0.017096 5 146 139
0.475662 -0.165572 -0.024247 6 148 141
0.473685 -0.164810 -0.016381 8 159 154
0.475847 -0.154557 -0.024206 6 149 143
0.473861 -0.155143 -0.015753 12 162 158
0.470181 -0.150932 -0.008546 12 166 162
0.476064 -0.145174 -0.024375 6 152 146
0.474435 -0.145061 -0.015651 16 162 158
0.470628 -0.145984 -0.008724 18 166 160
0.477938 -0.134353 -0.031102 4 144 136
0.475496 -0.134833 -0.024851 8 154 147
0.473497 -0.135539 -0.016981 39 164 159
0.478839 -0.127235 -0.030601 3 142 134
0.475580 -0.125062 -0.024983 6 152 146
0.472291 -0.124652 -0.017933 26 174 168
0.475987 -0.115447 -0.024243 6 154 148
0.472950 -0.115022 -0.018204 16 174 168
0.476579 -0.104481 -0.025014 6 151 146
0.472860 -0.104746 -0.018659 18 176 170
0.475598 -0.094765 -0.024746 7 151 146
0.471686 -0.095276 -0.018667 16 166 161
0.475516 -0.085029 -0.024711 6 151 146
0.472270 -0.084558 -0.018193 8 153 150
0.475778 -0.074879 -0.024260 5 151 146
0.472909 -0.074978 -0.017659 8 153 150
0.476157 -0.065085 -0.023566 6 154 150
0.473719 -0.064935 -0.016829 8 154 152
0.476701 -0.055839 -0.023015 8 156 151
0.473660 -0.055775 -0.017605 15 167 162
0.475972 -0.045214 -0.023775 8 164 157
0.474377 -0.044810 -0.016656 11 164 160
0.475698 -0.035002 -0.024089 11 165 160
0.477132 -0.037126 -0.014743 8 154 152
0.475909 -0.024909 -0.024283 8 163 158
0.475762 -0.014823 -0.023963 6 160 154
0.472404 -0.014224 -0.018796 16 178 173
0.476271 -0.005255 -0.023630 6 158 153
0.472919 -0.004688 -0.018437 12 171 166
0.476959 0.004621 -0.022966 6 157 152
0.472322 0.006228 -0.018019 8 162 156
0.478018 0.015243 -0.022331 5 155 151
0.474081 0.015823 -0.016139 8 156 153
0.474405 0.016094 -0.006489 8 148 146
0.478444 0.024949 -0.022347 6 155 152
0.474234 0.024975 -0.015885 9 159 156
0.472188 0.025561 -0.007276 9 149 144
0.478331 0.034968 -0.022337 6 154 150
0.474658 0.035323 -0.015869 9 159 155
0.471693 0.034531 -0.007155 10 152 150
0.478194 0.044809 -0.022039 6 154 150
0.474360 0.045026 -0.015812 10 157 153
0.471059 0.044993 -0.007813 13 149 147
0.477479 0.054700 -0.022727 4 147 144
0.474418 0.054309 -0.015964 7 155 151
0.471662 0.055725 -0.008144 8 153 151
0.476561 0.065626 -0.024935 2 146 144
0.476306 0.064040 -0.015122 6 155 151
0.473320 0.063607 -0.007152 8 153 150
0.477735 0.075960 -0.023742 3 152 147
0.474913 0.075142 -0.015718 5 156 153
0.475034 0.075304 -0.005405 65 159 158
0.475771 0.085124 -0.025435 2 148 146
0.475180 0.085481 -0.014787 48 160 156
0.471642 0.085253 -0.007954 50 163 158
0.476484 0.095549 -0.023175 2 152 148
0.474195 0.093869 -0.015532 16 159 155
0.472359 0.093054 -0.007915 87 170 159
0.474974 0.105081 -0.023987 4 154 150
0.477448 0.103033 -0.013387 8 165 159
0.474095 0.105215 -0.006259 19 166 162
0.474328 0.106928 0.004356 70 176 172
0.472113 0.105693 0.013812 112 172 168
0.475052 0.114986 -0.024098 4 154 150
0.477807 0.113706 -0.012971 8 164 160
0.475235 0.114968 -0.005646 91 178 175
0.474832 0.114042 0.003598 114 182 178
0.474939 0.125006 -0.024076 4 158 152
0.476192 0.126356 -0.013757 44 173 167
0.474442 0.122452 -0.006087 99 182 179
0.475056 0.134741 -0.023187 7 158 154
0.475414 0.136254 -0.015765 11 168 163
0.474023 0.136461 -0.005623 73 176 173
0.476492 0.144037 -0.014011 12 168 164
0.473703 0.145534 -0.005978 74 177 173
0.471055 0.146664 0.001523 106 187 186
0.477060 0.155339 -0.014084 22 174 168
0.473360 0.153993 -0.007606 92 180 177
0.470697 0.152773 0.003483 58 163 158
0.475752 0.165508 -0.015169 17 167 163
0.473627 0.166493 -0.007164 22 164 160
0.477151 0.173622 -0.013719 8 161 156
0.475262 0.173800 -0.006123 23 160 157
0.472323 0.172739 0.002129 99 176 174
0.475066 0.175978 0.025867 96 154 158
0.471825 0.176664 0.035772 176 202 204
0.476610 0.184877 -0.013256 3 156 149
0.473510 0.185905 -0.006632 15 151 147
0.475133 0.187125 0.004354 22 134 132
0.475330 0.186615 0.014470 100 161 161
0.473299 0.186994 0.023479 157 191 188
0.471204 0.186460 0.035916 150 186 182
0.470544 0.186177 0.042206 210 214 213
0.477728 0.193653 -0.012508 4 155 150
0.475208 0.194980 -0.006626 8 150 145
0.476044 0.193280 0.005027 58 147 142
0.474085 0.194663 0.014495 105 177 172
0.472939 0.195454 0.025740 150 186 183
0.472120 0.194867 0.033454 174 193 189
0.471350 0.197296 0.045333 168 181 175
0.470484 0.196583 0.052348 215 217 211
0.477135 0.205809 -0.005127 19 143 138
0.473926 0.205886 0.004138 81 165 161
0.473064 0.205965 0.015373 74 170 166
0.474250 0.205129 0.025309 117 181 178
0.474649 0.204941 0.034803 133 185 180
0.472733 0.204525 0.045032 196 203 200
0.471002 0.203444 0.052166 226 226 224
0.477451 0.213551 -0.003149 21 142 139
0.476600 0.214537 0.004615 34 146 144
0.476234 0.214951 0.014585 46 152 151
0.476605 0.215275 0.025255 104 175 175
0.474960 0.215586 0.035397 146 181 180
0.472550 0.215626 0.044527 176 192 188
0.472045 0.215335 0.054260 186 196 192
0.472060 0.218222 0.063965 166 174 172
0.478086 0.226016 0.025754 141 191 186
0.475871 0.225009 0.035744 169 202 198
0.474414 0.224942 0.044916 171 196 191
0.472130 0.226117 0.055767 155 166 158
0.471900 0.226602 0.064884 163 163 158
0.471268 0.226073 0.073364 176 175 172
0.470588 0.228728 0.081023 190 184 182
0.478428 0.235937 0.027396 98 167 165
0.476840 0.233162 0.035753 126 175 172
0.475014 0.234100 0.045651 122 153 148
0.475321 0.233465 0.055221 139 145 140
0.476617 0.233000 0.064805 152 151 150
0.473755 0.232993 0.075592 192 189 188
0.471041 0.232547 0.081360 210 205 203
0.477191 0.246722 -0.022066 9 164 162
0.479001 0.244516 0.027288 58 170 166
0.478140 0.244400 0.034965 66 158 153
0.477803 0.242183 0.044409 93 150 142
0.477764 0.243589 0.064075 182 182 180
0.475162 0.255085 -0.022825 10 166 164
0.474978 0.264971 -0.023481 11 166 164
0.475112 0.275100 -0.023159 10 165 162
0.475106 0.284837 -0.023329 10 166 162
0.475312 0.288687 -0.014791 86 194 190
0.475051 0.294996 -0.023507 10 164 162
0.472870 0.293901 -0.016374 15 170 166
0.475034 0.305054 -0.023746 10 164 162
0.474989 0.315034 -0.023295 10 164 161
0.474858 0.324606 -0.022440 10 163 159
0.475089 0.325344 -0.018176 13 172 166
0.475126 0.334716 -0.022611 9 162 159
0.474788 0.335966 -0.017809 12 170 166
0.475253 0.345811 -0.022866 8 162 158
0.474864 0.344233 -0.017478 12 170 165
0.475362 0.354292 -0.022655 10 162 158
0.474525 0.356199 -0.017189 12 170 164
0.474990 0.365926 -0.022399 13 165 160
0.475326 0.364723 -0.017395 15 172 166
0.474838 0.374756 -0.022052 14 164 159
0.474927 0.375554 -0.016615 16 172 167
0.475567 0.384342 -0.023553 22 153 150
0.473980 0.383471 -0.015912 16 170 163
0.473047 0.394246 -0.034373 59 137 136
0.475344 0.395111 -0.025192 110 142 142
0.475083 0.405475 -0.034344 116 154 153
0.481144 -0.542353 -0.075575 30 111 106
0.485954 -0.532342 -0.084228 8 92 90
0.481530 -0.534507 -0.075049 19 116 112
0.486814 -0.524710 -0.085416 3 112 109
0.482398 -0.524686 -0.076319 2 116 112
0.486330 -0.515338 -0.084702 0 119 114
0.482232 -0.515127 -0.076660 0 122 116
0.486757 -0.505251 -0.084557 1 127 120
0.482839 -0.505008 -0.076360 0 127 119
0.487180 -0.495278 -0.084214 0 130 121
0.483177 -0.495145 -0.075589 2 132 123
0.487381 -0.485366 -0.083584 0 129 121
0.483703 -0.484996 -0.075214 3 135 126
0.487966 -0.475722 -0.083225 2 128 120
0.484277 -0.474955 -0.074875 3 134 126
0.488682 -0.466817 -0.081954 0 128 120
0.485206 -0.465023 -0.074183 2 132 124
0.481478 -0.464552 -0.066734 3 138 128
0.487304 -0.455073 -0.073708 0 128 122
0.483142 -0.454420 -0.065792 2 134 126
0.488641 -0.446541 -0.072531 0 128 122
0.484327 -0.444716 -0.064629 2 134 128
0.486624 -0.435049 -0.064351 0 130 125
0.481902 -0.434104 -0.057236 6 140 133
0.487568 -0.425430 -0.063350 4 136 128
0.482707 -0.424524 -0.056709 6 144 134
0.488319 -0.415062 -0.061730 8 142 134
0.483602 -0.414884 -0.055896 7 146 137
0.489187 -0.406794 -0.060984 4 136 129
0.484600 -0.405077 -0.055238 6 144 136
0.485685 -0.395258 -0.054331 6 143 136
0.481203 -0.393165 -0.048579 9 154 146
0.486507 -0.384960 -0.054052 3 137 132
0.481719 -0.384294 -0.047813 6 149 142
0.486965 -0.374981 -0.053177 3 137 132
0.481847 -0.375139 -0.047238 6 148 140
0.487990 -0.366901 -0.051597 2 136 130
0.483249 -0.364656 -0.046660 4 142 136
0.484586 -0.354977 -0.045461 3 141 134
0.485871 -0.345424 -0.044138 2 139 132
0.487173 -0.335582 -0.043167 2 137 130
0.482231 -0.334105 -0.038274 2 141 134
0.488100 -0.325534 -0.042505 0 134 130
0.483032 -0.324635 -0.036563 1 140 134
0.487673 -0.315042 -0.042986 0 130 126
0.483251 -0.315784 -0.036080 1 137 132
0.489293 -0.302592 -0.062614 6 115 109
0.487685 -0.303144 -0.055150 0 118 112
0.485677 -0.305468 -0.044539 0 124 120
0.482062 -0.306174 -0.035658 1 130 126
0.488880 -0.295238 -0.062644 12 104 97
0.486680 -0.295510 -0.054308 3 109 104
0.483113 -0.294599 -0.045567 2 122 115
0.480862 -0.293120 -0.037561 1 132 126
0.488458 -0.286336 -0.062668 0 112 104
0.486920 -0.286147 -0.054513 8 112 105
0.483941 -0.284824 -0.045110 9 120 113
0.481766 -0.284434 -0.036867 4 131 123
0.487099 -0.274916 -0.053181 9 118 111
0.485191 -0.275409 -0.044545 11 118 112
0.482846 -0.274504 -0.035925 1 129 124
0.488295 -0.265862 -0.052254 17 126 121
0.486276 -0.265356 -0.043325 6 121 116
0.482956 -0.264127 -0.036249 1 125 119
0.488301 -0.258470 -0.051053 0 118 111
0.486322 -0.254782 -0.043459 1 123 118
0.483589 -0.254457 -0.035421 0 124 119
0.481155 -0.253230 -0.028612 2 129 126
0.487385 -0.244490 -0.042280 0 122 116
0.484255 -0.244837 -0.034796 1 125 122
0.481351 -0.245377 -0.028751 3 132 128
0.488239 -0.234779 -0.042918 0 120 114
0.484698 -0.234962 -0.034763 2 126 121
0.481345 -0.234835 -0.028693 4 135 130
0.488511 -0.225684 -0.041882 1 123 119
0.485035 -0.224784 -0.034905 3 130 125
0.481506 -0.225258 -0.028433 4 136 131
0.488766 -0.215291 -0.041570 3 127 122
0.485351 -0.214777 -0.034893 3 130 126
0.481664 -0.214807 -0.028245 3 135 129
0.487455 -0.204894 -0.042843 2 122 116
0.484943 -0.205031 -0.035018 3 131 125
0.481485 -0.204959 -0.028035 3 135 129
0.488137 -0.196030 -0.042114 1 127 121
0.484944 -0.194822 -0.035150 0 130 124
0.481569 -0.194801 -0.027856 2 135 128
0.487948 -0.186073 -0.042297 1 124 116
0.485173 -0.184944 -0.034677 1 132 126
0.481824 -0.183890 -0.028236 1 135 129
0.488091 -0.177032 -0.041730 1 122 116
0.485449 -0.175421 -0.034082 1 132 126
0.482032 -0.174803 -0.028117 1 134 128
0.486369 -0.165836 -0.033784 2 133 127
0.482720 -0.164907 -0.027151 3 138 132
0.485603 -0.155034 -0.034605 3 134 127
0.483047 -0.154998 -0.026941 4 140 133
0.486754 -0.144486 -0.033026 2 138 131
0.482956 -0.144688 -0.027197 3 143 136
0.485992 -0.135206 -0.033423 4 142 135
0.484316 -0.134877 -0.025865 8 158 154
0.486404 -0.125061 -0.032744 6 145 138
0.483299 -0.124818 -0.027530 7 151 145
0.486826 -0.115318 -0.032712 5 145 138
0.483729 -0.114930 -0.026660 7 150 145
0.486247 -0.104010 -0.033203 5 144 138
0.483598 -0.104941 -0.026616 7 151 145
0.486009 -0.094769 -0.032513 6 145 139
0.483177 -0.094825 -0.027398 6 148 143
0.486140 -0.085294 -0.032456 8 146 141
0.483269 -0.085317 -0.027858 6 149 144
0.486313 -0.075646 -0.032107 6 145 140
0.483565 -0.074475 -0.027372 4 146 141
0.486986 -0.065196 -0.032157 4 147 141
0.483224 -0.064108 -0.027370 5 147 142
0.486976 -0.054982 -0.032065 4 148 142
0.483143 -0.055787 -0.026369 5 149 145
0.481018 -0.055053 -0.019240 6 147 147
0.487400 -0.046125 -0.031777 4 150 144
0.484437 -0.045803 -0.025216 6 151 147
0.481359 -0.042668 -0.018094 7 148 148
0.487152 -0.034038 -0.031187 5 154 149
0.484212 -0.035191 -0.026070 7 160 155
0.481381 -0.037161 -0.015678 7 148 148
0.487440 -0.026768 -0.031439 5 155 148
0.483604 -0.023949 -0.026963 7 158 152
0.486461 -0.015083 -0.032051 4 148 144
0.484330 -0.014903 -0.025980 5 157 152
0.486729 -0.004861 -0.032301 4 149 144
0.485632 -0.004069 -0.024840 5 151 148
0.484533 -0.003746 -0.018539 4 145 143
0.487247 0.005598 -0.031805 5 147 143
0.484402 0.005888 -0.026390 6 153 149
0.482714 0.005813 -0.017678 6 150 148
0.487281 0.015617 -0.032002 4 147 144
0.483715 0.014944 -0.026351 5 153 150
0.480749 0.015307 -0.017322 6 150 149
0.487173 0.024641 -0.032046 5 148 145
0.483456 0.025236 -0.026095 5 155 151
0.487866 0.034050 -0.031392 4 147 144
0.484446 0.035230 -0.025591 6 154 150
0.481667 0.037381 -0.019506 9 164 160
0.488187 0.046272 -0.030774 4 147 144
0.484979 0.044694 -0.025101 6 154 151
0.482208 0.045095 -0.019474 8 164 160
0.488118 0.055809 -0.030957 2 145 142
0.484727 0.054814 -0.025044 4 152 149
0.481457 0.056349 -0.019300 5 159 154
0.486514 0.065009 -0.031691 2 144 142
0.484603 0.064600 -0.025334 4 153 149
0.481725 0.065739 -0.018463 5 158 153
0.486603 0.074737 -0.031812 2 146 144
0.484640 0.075396 -0.024915 4 154 150
0.482226 0.073533 -0.018042 11 159 155
0.486691 0.085032 -0.031538 4 150 146
0.484873 0.084477 -0.024959 13 157 153
0.482782 0.085863 -0.018009 58 171 167
0.488261 0.094387 -0.030998 4 150 146
0.485965 0.095375 -0.024299 7 158 153
0.482754 0.095074 -0.018366 31 165 161
0.488753 0.104657 -0.030619 2 148 146
0.485711 0.103800 -0.024882 5 158 153
0.483908 0.105850 -0.017197 9 166 161
0.485446 0.114828 -0.025929 4 153 149
0.484644 0.115299 -0.016021 9 166 161
0.481118 0.116408 -0.008286 39 170 165
0.485423 0.125036 -0.025107 5 155 152
0.484534 0.124832 -0.015985 14 166 161
0.485411 0.134852 -0.024191 6 158 155
0.484768 0.135391 -0.015826 9 170 164
0.486666 0.143212 -0.022647 7 158 155
0.485433 0.144697 -0.015131 14 166 162
0.483384 0.146089 -0.007645 72 166 164
0.486425 0.155001 -0.023240 8 162 158
0.484555 0.155076 -0.014735 14 171 167
0.484682 0.154839 -0.006484 46 159 159
0.486297 0.163541 -0.021915 10 162 160
0.484172 0.166423 -0.015827 12 168 164
0.485219 0.165094 -0.005576 12 149 149
0.487891 0.175872 -0.021150 10 158 156
0.485834 0.175686 -0.014029 9 159 155
0.485445 0.175843 -0.006718 11 152 150
0.482740 0.176781 0.003324 22 142 144
0.486578 0.184821 -0.014112 8 155 152
0.484015 0.185162 -0.006937 11 148 146
0.481376 0.184609 0.003507 34 129 130
0.485682 0.195027 -0.013710 8 155 153
0.484591 0.195072 -0.005813 8 146 144
0.482421 0.195692 0.002654 27 147 145
0.485895 0.202461 -0.012205 10 156 155
0.484460 0.204714 -0.006688 14 152 150
0.486054 0.215743 -0.015733 24 148 146
0.485742 0.214710 -0.003990 34 155 153
0.483912 0.216398 0.003515 37 149 148
0.481554 0.216638 0.014651 62 161 161
0.480581 0.216101 0.024427 127 187 185
0.485914 0.221839 -0.014771 10 152 150
0.489095 0.221988 -0.001790 14 152 150
0.486496 0.223534 0.004428 27 153 151
0.484320 0.224859 0.013411 62 166 164
0.482106 0.224531 0.023225 90 172 170
0.488770 0.235959 -0.004653 107 178 176
0.487111 0.234186 0.006075 74 173 172
0.484061 0.234779 0.014561 80 168 166
0.481646 0.235559 0.023035 75 170 167
0.480231 0.237451 0.061674 159 155 158
0.484911 0.246720 -0.022436 11 159 158
0.488214 0.244752 0.006388 32 161 160
0.485722 0.244669 0.014048 36 156 154
0.481726 0.246356 0.023740 60 162 160
0.485083 0.255548 -0.023749 13 160 160
0.488801 0.255345 0.007648 38 162 161
0.486488 0.255399 0.014242 36 158 156
0.485196 0.255038 0.024734 60 154 151
0.484475 0.252668 0.032834 86 152 147
0.484986 0.265023 -0.024989 12 159 158
0.489440 0.262661 0.007835 28 164 160
0.488587 0.262734 0.014089 42 161 160
0.484895 0.275096 -0.025088 14 160 157
0.485243 0.284911 -0.025180 18 160 158
0.485034 0.294919 -0.025476 29 159 158
0.485166 0.305137 -0.025711 40 159 157
0.484957 0.315050 -0.024410 44 159 157
0.484967 0.324764 -0.022884 50 156 156
0.483461 0.326711 -0.017994 36 168 164
0.485912 0.334302 -0.022436 53 153 153
0.484614 0.335193 -0.017770 46 164 162
0.484679 0.345388 -0.022105 50 150 150
0.484680 0.343880 -0.017191 46 162 159
0.484466 0.355112 -0.023067 40 148 146
0.484597 0.353389 -0.017336 44 158 156
0.486073 0.364975 -0.022342 39 152 149
0.482284 0.365015 -0.017542 26 164 162
0.488718 0.375352 -0.032198 64 151 149
0.485464 0.374036 -0.023089 46 154 153
0.486477 0.385231 -0.033480 51 148 146
0.484705 0.384003 -0.024496 40 154 151
0.483039 0.394208 -0.044517 94 110 114
0.483976 0.392993 -0.025855 86 146 145
0.494057 -0.524063 -0.095273 4 108 106
0.498201 -0.514374 -0.101241 2 115 112
0.493750 -0.515156 -0.096369 2 116 113
0.497603 -0.504616 -0.103483 2 132 124
0.493100 -0.505780 -0.096441 3 130 122
0.497061 -0.495260 -0.104346 2 132 124
0.492515 -0.494927 -0.096153 2 131 124
0.497615 -0.485116 -0.103371 1 129 120
0.493402 -0.484894 -0.096229 0 128 120
0.498604 -0.477331 -0.103158 0 125 118
0.494539 -0.474936 -0.095686 0 124 117
0.496360 -0.465575 -0.094276 0 122 116
0.492833 -0.463651 -0.087606 0 122 118
0.498309 -0.457688 -0.091956 0 121 115
0.494785 -0.454766 -0.085225 0 122 118
0.491019 -0.452051 -0.078595 0 126 121
0.497111 -0.446793 -0.082920 0 123 118
0.493177 -0.443680 -0.076764 0 125 120
0.495065 -0.434866 -0.074587 0 126 120
0.497070 -0.425753 -0.072672 0 126 122
0.492461 -0.423576 -0.067378 2 133 126
0.493582 -0.414705 -0.065377 4 136 130
0.494274 -0.405135 -0.064584 2 132 126
0.495064 -0.395058 -0.064221 2 132 126
0.495900 -0.385209 -0.063903 2 130 124
0.496714 -0.375278 -0.063394 2 130 125
0.492212 -0.374491 -0.058136 2 132 128
0.497814 -0.366349 -0.063120 0 129 124
0.493070 -0.364852 -0.056712 1 130 126
0.494298 -0.354983 -0.055704 1 130 126
0.495320 -0.345177 -0.054180 0 130 125
0.495840 -0.335098 -0.053617 0 130 124
0.491549 -0.333308 -0.047691 0 132 126
0.495697 -0.325112 -0.053918 0 128 124
0.491793 -0.324394 -0.047297 0 130 126
0.497928 -0.312721 -0.072966 2 119 114
0.495382 -0.313451 -0.064962 1 121 116
0.493909 -0.315842 -0.055211 0 126 124
0.498392 -0.303464 -0.082779 14 110 106
0.495996 -0.304848 -0.074843 6 114 108
0.492739 -0.305285 -0.066085 1 117 111
0.497676 -0.295283 -0.083082 20 96 89
0.494323 -0.296029 -0.074896 25 103 96
0.491693 -0.295657 -0.064761 15 100 94
0.494421 -0.287379 -0.074198 21 92 86
0.493041 -0.287155 -0.066019 23 92 86
0.491606 -0.273599 -0.065719 13 106 100
0.490838 -0.265630 -0.054282 32 126 122
0.493150 -0.254176 -0.052543 12 118 116
0.491675 -0.254346 -0.045585 3 124 122
0.494311 -0.245646 -0.062572 16 108 106
0.493745 -0.244293 -0.053943 7 117 116
0.491797 -0.244451 -0.046255 1 121 118
0.496568 -0.233603 -0.064426 12 111 108
0.494760 -0.233832 -0.053346 4 117 115
0.492719 -0.234798 -0.046167 0 119 116
0.496919 -0.224180 -0.061682 8 112 108
0.495816 -0.225355 -0.053456 2 121 118
0.492494 -0.224858 -0.046448 0 122 119
0.498264 -0.214857 -0.062617 3 115 109
0.496598 -0.215299 -0.052929 1 124 120
0.493080 -0.214592 -0.045929 2 125 122
0.496504 -0.205025 -0.053697 3 125 121
0.493412 -0.205628 -0.045848 3 128 124
0.491231 -0.204745 -0.038255 4 136 134
0.496674 -0.195421 -0.053417 1 124 119
0.493423 -0.194481 -0.046126 0 125 120
0.497273 -0.185617 -0.053009 1 122 118
0.494190 -0.184845 -0.045523 1 126 121
0.491720 -0.184690 -0.037722 2 136 132
0.497006 -0.175230 -0.053495 0 117 112
0.495138 -0.175156 -0.044878 1 127 122
0.491908 -0.174215 -0.037399 3 130 126
0.497260 -0.165496 -0.052885 2 119 114
0.495507 -0.165318 -0.044148 2 127 123
0.492443 -0.165692 -0.037441 1 130 125
0.498057 -0.155994 -0.052536 0 117 111
0.495882 -0.155882 -0.044009 2 127 122
0.492665 -0.154957 -0.037002 2 130 125
0.495874 -0.145216 -0.043962 1 126 121
0.493415 -0.144530 -0.036103 4 132 127
0.496200 -0.135026 -0.043436 1 126 122
0.493888 -0.135145 -0.035366 2 133 127
0.496516 -0.125288 -0.043004 3 130 123
0.493353 -0.124174 -0.036067 2 136 130
0.496747 -0.115385 -0.043307 2 131 125
0.493580 -0.115061 -0.035899 3 138 132
0.497054 -0.105410 -0.042684 6 132 127
0.493777 -0.104694 -0.035577 4 141 137
0.497931 -0.094738 -0.042423 7 137 132
0.494169 -0.095035 -0.035032 4 143 139
0.491570 -0.094923 -0.029103 8 156 152
0.498261 -0.083655 -0.041965 5 139 133
0.494443 -0.085188 -0.034786 6 148 144
0.491702 -0.085824 -0.029437 10 158 155
0.497782 -0.075360 -0.041728 5 144 138
0.494258 -0.075109 -0.035296 7 148 144
0.498472 -0.065852 -0.041753 6 145 139
0.494573 -0.064992 -0.035197 6 147 143
0.498264 -0.055917 -0.042173 4 136 130
0.495136 -0.054647 -0.034746 6 146 142
0.498531 -0.043009 -0.041698 2 134 128
0.495275 -0.044734 -0.034368 4 145 140
0.492249 -0.043735 -0.028492 6 154 150
0.495433 -0.035043 -0.033827 4 146 141
0.495720 -0.025770 -0.033588 5 148 144
0.492691 -0.023768 -0.027973 8 158 156
0.495799 -0.015467 -0.033498 6 151 148
0.493007 -0.014350 -0.027724 7 160 156
0.495103 -0.004062 -0.033859 8 146 142
0.493873 -0.005059 -0.027878 6 159 156
0.498246 0.005510 -0.042021 12 140 139
0.495705 0.005925 -0.033422 8 151 149
0.492954 0.003950 -0.027541 7 153 151
0.498375 0.015135 -0.041716 12 135 135
0.495038 0.015068 -0.034349 6 149 146
0.492841 0.015217 -0.027923 6 157 152
0.498460 0.024639 -0.040807 24 142 144
0.495171 0.025065 -0.034056 7 150 147
0.494156 0.025159 -0.026960 8 160 158
0.498921 0.034049 -0.040404 23 132 132
0.495543 0.034710 -0.033479 7 149 146
0.494398 0.035266 -0.026142 10 161 158
0.499402 0.044695 -0.041460 9 127 127
0.494267 0.045135 -0.033424 5 142 140
0.493478 0.044017 -0.026591 8 157 154
0.499278 0.054595 -0.041029 9 128 129
0.495816 0.054616 -0.032753 4 145 143
0.493873 0.054583 -0.026223 5 155 151
0.499455 0.062858 -0.040988 16 129 128
0.495091 0.065242 -0.033580 4 141 138
0.494183 0.064811 -0.026243 5 155 151
0.495365 0.074841 -0.033304 3 140 138
0.494404 0.075168 -0.026021 6 156 153
0.495939 0.085029 -0.033010 4 140 139
0.494743 0.084860 -0.024826 8 157 153
0.496287 0.095486 -0.033074 3 140 137
0.494894 0.094939 -0.023976 8 158 155
0.494670 0.104835 -0.033141 3 141 142
0.493920 0.106336 -0.025631 5 154 150
0.492745 0.106013 -0.019095 10 166 162
0.495419 0.114356 -0.032628 4 138 140
0.494764 0.114118 -0.025088 5 152 150
0.493712 0.115493 -0.018478 8 164 161
0.496232 0.124408 -0.031728 4 135 136
0.494398 0.125461 -0.025785 5 149 147
0.494143 0.124819 -0.017605 10 164 160
0.498392 0.134442 -0.031579 3 134 136
0.494987 0.135103 -0.024746 5 150 147
0.494133 0.135117 -0.016910 10 166 162
0.499302 0.141791 -0.030996 13 132 135
0.495439 0.143527 -0.023583 6 149 148
0.493887 0.145632 -0.015914 9 157 154
0.494790 0.155242 -0.025066 8 151 148
0.494036 0.153951 -0.013204 11 155 154
0.495117 0.164560 -0.024281 10 152 150
0.494623 0.165996 -0.015393 12 165 162
0.497252 0.176861 -0.022176 9 143 142
0.494673 0.174917 -0.014646 10 156 154
0.492016 0.174045 -0.008793 8 150 148
0.496756 0.184090 -0.022309 8 144 143
0.493539 0.185870 -0.015795 9 153 151
0.493024 0.187209 -0.009241 10 150 149
0.497422 0.193646 -0.022050 8 145 143
0.494607 0.193475 -0.014172 12 154 152
0.493610 0.193392 -0.007342 8 146 146
0.497263 0.207140 -0.021881 28 134 134
0.494790 0.206204 -0.015568 38 152 149
0.493280 0.207682 -0.007727 49 159 159
0.496494 0.215120 -0.021900 12 134 134
0.495166 0.214264 -0.015027 22 144 144
0.493326 0.214038 -0.005527 38 148 148
0.496954 0.223155 -0.021883 17 145 146
0.497078 0.224428 -0.013541 18 148 148
0.494256 0.225009 -0.004393 16 154 154
0.492292 0.225897 0.001713 18 157 157
0.497305 0.237137 -0.022207 12 148 150
0.496548 0.235867 -0.013530 42 158 159
0.494860 0.233658 -0.004622 33 164 163
0.492578 0.233893 0.002127 54 166 165
0.495409 0.245809 -0.023954 16 152 153
0.494913 0.243794 -0.016016 31 154 154
0.494992 0.245757 -0.003696 29 162 162
0.492671 0.246339 0.003100 41 158 158
0.492587 0.246449 0.011929 76 139 140
0.494087 0.254811 -0.025572 16 154 154
0.496398 0.252712 -0.003288 37 158 158
0.493379 0.253952 0.003162 47 154 154
0.490633 0.257441 0.023577 133 134 132
0.493818 0.264734 -0.026731 18 152 152
0.492690 0.264299 0.006148 54 158 158
0.491797 0.263988 0.014100 97 147 146
0.491152 0.261718 0.021674 132 136 134
0.498322 0.274521 -0.031523 18 148 146
0.493416 0.274920 -0.027550 18 152 152
0.498081 0.284482 -0.031850 26 148 148
0.493157 0.285001 -0.026776 22 152 151
0.497600 0.295465 -0.032719 55 151 152
0.494595 0.295473 -0.025242 53 154 153
0.497261 0.304830 -0.033397 68 153 154
0.494157 0.304894 -0.025695 57 153 152
0.497026 0.314839 -0.034069 76 150 152
0.493734 0.314878 -0.025143 62 154 153
0.497502 0.325575 -0.032355 78 155 154
0.493501 0.325034 -0.025045 65 154 154
0.496958 0.335598 -0.032366 96 157 155
0.493313 0.334622 -0.025319 69 155 154
0.496359 0.344445 -0.032799 95 145 147
0.492941 0.344556 -0.025655 73 154 152
0.495354 0.354718 -0.033462 98 147 147
0.492120 0.354506 -0.026317 72 155 153
0.494169 0.364676 -0.033729 92 143 142
0.491606 0.364846 -0.026067 65 158 156
0.495710 0.374194 -0.041291 110 128 129
0.493348 0.373684 -0.035681 93 139 139
0.495636 0.383633 -0.043552 104 140 137
0.492060 0.384601 -0.037271 93 146 146
0.494261 0.394022 -0.042156 119 140 142
0.502265 -0.522784 -0.105801 3 104 102
0.508087 -0.516637 -0.111349 4 109 106
0.503337 -0.514204 -0.105176 3 112 110
0.507535 -0.502119 -0.111302 1 130 122
0.503805 -0.505814 -0.107160 1 126 120
0.507363 -0.497039 -0.112559 2 133 124
0.503586 -0.474046 -0.105967 0 126 118
0.505748 -0.465545 -0.104103 0 123 116
0.504449 -0.454809 -0.094899 0 122 116
0.507128 -0.447159 -0.092394 0 124 117
0.503018 -0.443325 -0.086556 0 124 118
0.505330 -0.435188 -0.084590 1 124 118
0.506981 -0.426003 -0.082980 0 122 117
0.502781 -0.423278 -0.077182 0 124 118
0.508057 -0.415531 -0.082751 1 122 118
0.503470 -0.414798 -0.076256 1 124 120
0.508548 -0.404204 -0.082191 2 123 120
0.504347 -0.404818 -0.075999 1 124 120
0.504693 -0.394896 -0.074656 3 128 124
0.505196 -0.385395 -0.073859 2 128 124
0.505917 -0.375309 -0.073224 4 130 126
0.501783 -0.373887 -0.068083 4 132 126
0.506543 -0.365410 -0.072707 2 128 122
0.502229 -0.363604 -0.067255 2 128 124
0.507274 -0.355624 -0.072601 1 126 122
0.503110 -0.355544 -0.066857 1 127 122
0.507634 -0.345186 -0.072522 2 126 122
0.503874 -0.345084 -0.065983 1 127 122
0.507666 -0.333667 -0.073144 0 124 120
0.504125 -0.335090 -0.066010 0 126 122
0.508401 -0.321357 -0.093122 9 114 108
0.505653 -0.322962 -0.085217 2 117 112
0.506349 -0.324886 -0.073862 0 125 122
0.502855 -0.325543 -0.066643 0 126 122
0.508404 -0.312939 -0.103404 22 96 90
0.506240 -0.313529 -0.094515 19 106 101
0.504602 -0.313736 -0.086121 7 112 107
0.503633 -0.316028 -0.075900 2 124 120
0.505814 -0.307947 -0.102654 26 93 85
0.505231 -0.306871 -0.094437 37 94 90
0.502793 -0.306098 -0.086488 25 106 103
0.502464 -0.298430 -0.093558 38 80 75
0.501291 -0.297391 -0.086671 32 89 84
0.500630 -0.216792 -0.067471 12 108 103
0.505203 -0.203268 -0.075917 19 102 96
0.501603 -0.203576 -0.065711 10 116 110
0.501799 -0.203947 -0.056717 8 122 117
0.504665 -0.195944 -0.072840 19 108 104
0.501934 -0.194024 -0.066001 4 116 110
0.502087 -0.194686 -0.056141 8 124 119
0.505405 -0.185168 -0.072679 14 112 108
0.503629 -0.183898 -0.064316 12 118 115
0.502647 -0.184703 -0.055694 5 121 118
0.506325 -0.177139 -0.074017 14 104 100
0.505260 -0.175387 -0.062885 20 112 108
0.503277 -0.174950 -0.055258 6 117 114
0.501354 -0.172684 -0.047944 1 131 127
0.505548 -0.165026 -0.062601 16 104 104
0.503951 -0.165280 -0.054064 7 118 114
0.501694 -0.164536 -0.046705 2 131 128
0.502550 -0.155485 -0.062203 3 111 106
0.503219 -0.154473 -0.055416 9 116 112
0.501679 -0.155156 -0.046405 3 132 129
0.504523 -0.145442 -0.063360 25 101 98
0.503686 -0.145161 -0.054758 15 111 108
0.501632 -0.144248 -0.046836 4 121 117
0.504217 -0.134825 -0.063385 15 108 104
0.503631 -0.134856 -0.054553 12 112 109
0.502028 -0.135512 -0.047017 3 121 116
0.503775 -0.126307 -0.054281 23 118 112
0.502044 -0.125321 -0.046395 8 122 118
0.503933 -0.116584 -0.062621 16 93 89
0.503411 -0.115684 -0.053407 36 115 112
0.502232 -0.114987 -0.046787 17 120 116
0.503457 -0.107276 -0.052828 44 121 118
0.501886 -0.105579 -0.045458 31 122 117
0.502366 -0.093611 -0.053121 57 112 110
0.501765 -0.094769 -0.044612 26 127 123
0.502377 -0.084282 -0.053934 12 102 98
0.502285 -0.085128 -0.044317 21 126 124
0.503431 -0.075007 -0.052827 18 122 119
0.502031 -0.073620 -0.045621 16 137 130
0.503382 -0.062751 -0.051877 34 124 122
0.502422 -0.064110 -0.045617 20 138 134
0.505847 -0.053244 -0.052176 47 104 105
0.503015 -0.055121 -0.045620 30 133 130
0.501166 -0.054725 -0.037203 11 152 148
0.504070 -0.044288 -0.052207 40 108 106
0.503108 -0.044689 -0.044727 26 134 130
0.501147 -0.044563 -0.037760 7 141 135
0.506700 -0.033808 -0.052180 38 100 99
0.503522 -0.034701 -0.044514 22 123 120
0.501126 -0.033929 -0.037403 5 140 136
0.505426 -0.025481 -0.051977 36 121 118
0.503560 -0.025195 -0.044507 20 131 128
0.501312 -0.024255 -0.037371 7 144 139
0.505605 -0.012852 -0.051272 40 112 111
0.504048 -0.015059 -0.044649 28 137 134
0.501694 -0.014550 -0.036921 9 147 142
0.506352 -0.006993 -0.052158 47 107 107
0.504402 -0.005210 -0.044603 28 137 134
0.501928 -0.004483 -0.036536 6 145 140
0.505508 0.003330 -0.052309 34 100 99
0.503652 0.005080 -0.044709 23 127 125
0.501891 0.004906 -0.036030 8 148 143
0.505939 0.014343 -0.050315 40 93 92
0.504879 0.014971 -0.044164 35 136 133
0.502332 0.014774 -0.036254 12 151 147
0.506942 0.025628 -0.051412 46 84 82
0.504966 0.024860 -0.043305 29 126 124
0.501820 0.026300 -0.036820 12 140 138
0.505092 0.035083 -0.043389 38 126 124
0.501968 0.034182 -0.036419 21 147 145
0.503587 0.045181 -0.051227 36 75 80
0.504666 0.044993 -0.044408 41 120 121
0.502234 0.044649 -0.036256 20 144 142
0.500750 0.046685 -0.028647 8 156 154
0.506351 0.056258 -0.052750 46 90 88
0.504713 0.055763 -0.044374 40 118 118
0.502996 0.055080 -0.035104 17 142 138
0.505609 0.068128 -0.054649 45 76 82
0.504825 0.064278 -0.043915 34 119 118
0.502494 0.065376 -0.035777 13 138 137
0.500968 0.065557 -0.028489 6 152 151
0.504988 0.074603 -0.043446 31 120 120
0.502667 0.075273 -0.035867 10 140 138
0.500945 0.075957 -0.028515 6 155 153
0.505350 0.085424 -0.043090 25 126 125
0.503127 0.085229 -0.035745 8 138 136
0.501402 0.085346 -0.027458 4 152 149
0.506208 0.095281 -0.051352 43 84 90
0.505926 0.094815 -0.042860 38 122 123
0.503807 0.095254 -0.035292 13 134 134
0.501837 0.095031 -0.026066 4 151 148
0.506925 0.104819 -0.052285 50 92 95
0.505452 0.105128 -0.042995 30 128 128
0.503465 0.104893 -0.035861 17 136 136
0.501516 0.106033 -0.026822 6 147 145
0.506272 0.114893 -0.042966 38 119 120
0.504026 0.115042 -0.035452 16 134 135
0.501880 0.115136 -0.026381 6 150 147
0.507431 0.123468 -0.051691 56 89 94
0.506697 0.124542 -0.043387 26 112 114
0.504311 0.124807 -0.035112 18 132 132
0.502492 0.125290 -0.025814 7 146 144
0.507532 0.134496 -0.041976 37 124 124
0.504730 0.135136 -0.034546 24 134 134
0.502950 0.135137 -0.025692 12 145 143
0.508163 0.143146 -0.041784 44 126 125
0.504940 0.144061 -0.033586 28 130 132
0.503470 0.144861 -0.025012 12 144 142
0.501190 0.146631 -0.018416 4 155 152
0.507741 0.152894 -0.041754 56 128 126
0.506484 0.155057 -0.033197 23 130 128
0.504258 0.155132 -0.024874 15 144 142
0.501485 0.155009 -0.017491 6 156 152
0.508538 0.165176 -0.041624 86 142 140
0.506235 0.164844 -0.033551 15 129 128
0.503882 0.165473 -0.025552 18 141 138
0.501921 0.165300 -0.016355 10 158 155
0.507017 0.175379 -0.032948 11 134 132
0.503794 0.176091 -0.024122 20 139 138
0.502713 0.175270 -0.015203 8 155 152
0.507922 0.183786 -0.032347 15 136 135
0.504561 0.184325 -0.023923 19 140 138
0.503544 0.185342 -0.014556 9 154 152
0.507526 0.193964 -0.032442 16 142 140
0.504593 0.195295 -0.025300 14 145 142
0.502739 0.195349 -0.016303 12 149 148
0.508972 0.206446 -0.033252 38 125 127
0.504641 0.206163 -0.023989 31 141 139
0.502916 0.206178 -0.015899 48 146 146
0.508321 0.215107 -0.032628 56 134 136
0.505382 0.214817 -0.024489 27 142 140
0.505181 0.213778 -0.014157 55 142 143
0.502607 0.216182 -0.006935 37 154 152
0.507368 0.224889 -0.032397 29 140 142
0.505891 0.224299 -0.023688 32 145 146
0.503529 0.225586 -0.016199 24 149 149
0.503427 0.223449 -0.004921 42 150 150
0.509123 0.235824 -0.041633 47 123 128
0.506222 0.234831 -0.034337 30 139 144
0.503992 0.234934 -0.024915 21 147 149
0.502911 0.233993 -0.016185 30 152 152
0.501773 0.233086 -0.004388 36 163 158
0.508076 0.245407 -0.042817 58 114 119
0.505819 0.246375 -0.032859 29 139 138
0.504205 0.244650 -0.025196 38 146 146
0.503280 0.244523 -0.016001 44 154 153
0.506400 0.255039 -0.042147 66 130 138
0.504677 0.254754 -0.033601 31 141 142
0.504676 0.254786 -0.025252 52 146 146
0.502594 0.254810 -0.015820 54 154 154
0.503972 0.264459 -0.034743 51 140 142
0.506698 0.263510 -0.024793 100 131 130
0.503658 0.276304 -0.042031 87 140 146
0.501346 0.274614 -0.036594 56 148 150
0.500908 0.283993 -0.036835 66 148 150
0.501770 0.294916 -0.035272 105 154 157
0.501745 0.304247 -0.034578 80 163 162
0.506535 0.315070 -0.051090 118 136 140
0.504224 0.314365 -0.044098 112 142 146
0.503524 0.326934 -0.044034 112 128 128
0.501528 0.344241 -0.043383 120 126 131
0.512034 -0.512319 -0.114771 6 105 104
0.513751 -0.503651 -0.114957 2 126 120
0.513846 -0.495724 -0.116018 3 132 124
0.515239 -0.484940 -0.115071 4 133 124
0.517063 -0.475048 -0.113475 3 132 124
0.517066 -0.467439 -0.112464 2 128 120
0.513423 -0.462564 -0.107736 0 124 116
0.515500 -0.454967 -0.104917 0 122 116
0.513701 -0.443709 -0.096596 2 123 117
0.514940 -0.435097 -0.094947 2 122 116
0.515784 -0.425034 -0.093932 1 120 114
0.516336 -0.414925 -0.093302 0 120 116
0.516261 -0.404783 -0.093312 2 121 118
0.512167 -0.404890 -0.086778 3 124 120
0.517101 -0.395020 -0.092826 0 119 114
0.513038 -0.394746 -0.086521 0 120 116
0.517102 -0.386397 -0.093022 0 118 114
0.513698 -0.385341 -0.086082 0 121 116
0.514461 -0.374349 -0.085837 0 122 116
0.514976 -0.365142 -0.085215 0 121 118
0.515051 -0.354968 -0.084432 2 121 118
0.515153 -0.344945 -0.084787 0 120 117
0.517135 -0.331790 -0.104217 14 108 106
0.514720 -0.334858 -0.085246 0 121 118
0.514965 -0.325442 -0.103753 22 106 102
0.514526 -0.324889 -0.095223 8 111 107
0.513230 -0.326128 -0.086332 1 120 118
0.511690 -0.317037 -0.103697 35 97 91
0.513830 -0.316404 -0.095953 48 108 106
0.511805 0.061188 -0.053945 79 93 94
0.511563 0.078186 -0.051937 65 109 109
0.511383 0.114849 -0.045095 70 119 120
0.513445 0.122774 -0.051477 63 102 104
0.511405 0.124042 -0.046088 53 115 114
0.514757 0.136248 -0.051813 82 116 118
0.511313 0.135347 -0.044987 54 122 121
0.512024 0.145433 -0.044575 63 113 113
0.510492 0.145403 -0.037726 74 122 124
0.511993 0.154392 -0.044042 62 119 119
0.510700 0.157413 -0.037576 64 123 125
0.516396 0.163920 -0.052934 82 116 120
0.512439 0.166019 -0.042901 69 123 123
0.511261 0.166408 -0.035863 68 132 132
0.513730 0.172858 -0.052602 118 139 140
0.512424 0.176627 -0.042838 82 132 133
0.511327 0.176126 -0.033865 60 132 131
0.513376 0.186055 -0.042298 93 131 133
0.511729 0.187066 -0.036454 67 140 137
0.514978 0.195661 -0.042514 103 136 137
0.512684 0.194749 -0.035820 81 147 146
0.511909 0.195800 -0.026467 94 154 150
0.515034 0.205732 -0.042423 91 120 124
0.512656 0.205241 -0.036078 82 133 132
0.512322 0.203652 -0.025985 102 144 144
0.514346 0.214922 -0.042476 82 120 123
0.511645 0.215034 -0.035886 76 140 140
0.511807 0.215585 -0.026555 84 145 143
0.515101 0.225225 -0.043657 79 124 125
0.512624 0.223526 -0.035909 76 136 136
0.511214 0.225033 -0.026738 76 147 144
0.515494 0.234487 -0.044462 91 118 120
0.514979 0.234949 -0.034544 104 132 132
0.511875 0.234371 -0.026564 84 142 142
0.516280 0.244998 -0.042177 95 124 124
0.513950 0.243784 -0.034537 89 134 136
0.516698 0.252179 -0.044490 97 120 122
0.511847 0.251528 -0.034174 96 130 132
0.513741 0.267978 -0.043183 102 121 120
0.511234 0.263885 -0.035739 98 130 130
0.524312 -0.485610 -0.120921 3 122 112
0.522805 -0.474078 -0.116310 2 129 120
0.523590 -0.465586 -0.114077 2 128 120
0.524734 -0.456362 -0.111756 6 120 113
0.522079 -0.452786 -0.107560 3 122 118
0.523357 -0.445119 -0.105871 9 120 114
0.523731 -0.435277 -0.105663 9 116 112
0.524010 -0.427036 -0.104983 0 116 112
0.523805 -0.414733 -0.103955 10 112 110
0.524214 -0.404078 -0.104582 0 116 112
0.524524 -0.394266 -0.105185 2 113 110
0.524715 -0.384844 -0.105632 3 116 112
0.524909 -0.374519 -0.101934 0 114 110
0.522186 -0.372799 -0.097523 0 115 111
0.525768 -0.364946 -0.102976 2 112 109
0.526003 -0.355607 -0.102656 1 112 110
0.525951 -0.345939 -0.102467 4 114 112
0.525381 -0.334503 -0.102787 24 109 108
0.523690 -0.327538 -0.102204 49 100 96
